osmid,y,x,highway,street_count,elevation
30642904,50.8902809,5.6739039,crossing,4,51.0
30642908,50.8968149,5.6741211,,3,54.0
30642917,50.9057658,5.6796969,,4,46.0
30975745,50.88083,5.6781282,,3,45.0
30976105,50.8814917,5.6766498,,3,48.0
30976106,50.8818552,5.6753646,,3,48.0
30976287,50.8834771,5.6779975,,3,49.0
30976750,50.8828215,5.6756689,,3,48.0
30976752,50.8846494,5.6739185,,3,56.0
30976753,50.8850288,5.6740365,,3,56.0
30976754,50.8850081,5.674871,,4,56.0
30976755,50.8849261,5.6754897,,3,52.0
30976756,50.8863428,5.6750316,,4,55.0
30976757,50.8873091,5.6755258,,3,55.0
30976865,50.885045,5.6734082,,3,56.0
30976866,50.8846631,5.6733907,,3,56.0
30985235,50.8821516,5.6741584,,3,54.0
30985236,50.882433,5.6732793,,4,54.0
30985238,50.8846953,5.6765599,,3,52.0
30985240,50.8873751,5.6784562,,3,53.0
30985241,50.8880671,5.6759281,,3,55.0
30985242,50.888325,5.6760717,,3,55.0
30985245,50.8891569,5.671693,,3,55.0
30985248,50.8894136,5.6703892,,1,57.0
30985249,50.8883293,5.671165,,3,55.0
30985251,50.8888217,5.6696073,,3,57.0
30985254,50.8880911,5.6687694,,3,57.0
30985255,50.8871754,5.6680747,,3,59.0
30985256,50.8868196,5.6691539,,3,58.0
30985260,50.887497,5.6716098,,3,58.0
30985266,50.8866259,5.6720054,,3,58.0
30985282,50.8855995,5.6695933,,3,58.0
30985287,50.8859706,5.6693689,,3,58.0
30985289,50.8859554,5.669213,,3,58.0
30985291,50.8855685,5.6692694,,3,58.0
30985292,50.8850897,5.6685815,,3,59.0
30985295,50.883996,5.6679271,,3,59.0
30985300,50.8823254,5.6736784,,3,54.0
30985301,50.8822061,5.6739995,,3,54.0
30985302,50.8823411,5.6741296,,3,54.0
30985303,50.8885386,5.6736519,,3,56.0
30985304,50.8887445,5.6736645,,3,56.0
31028072,50.8845296,5.6666384,,3,61.0
31028082,50.8961633,5.6703366,,4,50.0
31028083,50.8963458,5.6703688,,3,50.0
31075598,50.8890591,5.6822366,,3,42.0
31075600,50.8897118,5.6831739,,1,49.0
31075602,50.8897104,5.6820211,,3,49.0
31075624,50.8815914,5.676371,,3,48.0
31087057,50.8833777,5.6733458,,3,56.0
31087059,50.8834232,5.6721378,,3,55.0
31129506,50.8813234,5.6763055,,3,48.0
31129508,50.8815335,5.6765352,,3,48.0
31129518,50.8819034,5.6751651,,3,48.0
31129520,50.8814859,5.675288,,3,48.0
31129532,50.8828377,5.6759328,,3,48.0
31129552,50.8822848,5.6755642,,3,48.0
31150456,50.9013925,5.6912619,,3,44.0
31150489,50.9096561,5.6965501,,3,48.0
31150498,50.9090853,5.6957356,,1,43.0
31152616,50.9018541,5.6836311,,3,49.0
31152625,50.9082692,5.6907941,,3,46.0
31152627,50.9088142,5.6913105,,3,45.0
31152635,50.9089371,5.6904163,,3,45.0
31152646,50.9103238,5.692888,,3,44.0
31152648,50.9104721,5.692653,,3,41.0
31152649,50.9104916,5.6920738,,4,41.0
31161239,50.8836032,5.6778703,,1,49.0
31161242,50.9026075,5.6834356,,4,46.0
31194309,50.8968127,5.6738797,,3,54.0
31194310,50.8969176,5.6737463,,3,54.0
31194312,50.8971125,5.6740823,,3,54.0
31260432,50.8829129,5.6696025,,3,54.0
31262512,50.8828579,5.6686677,,4,54.0
31262513,50.8836764,5.6684081,,3,59.0
31262514,50.8828668,5.6670785,,1,54.0
31345735,50.8800696,5.6478198,,3,67.0
31345758,50.8887227,5.6606832,,3,55.0
31345766,50.8938359,5.6749509,,3,52.0
31345771,50.8911372,5.666894,,3,53.0
31345775,50.8899788,5.6683689,,3,53.0
31345776,50.8912056,5.6707789,,3,52.0
31345778,50.8906629,5.6717281,,3,53.0
31345780,50.8903509,5.6731377,,3,51.0
31345781,50.8908089,5.6718603,,3,53.0
31345782,50.8903067,5.6736576,,3,51.0
31345784,50.8907562,5.6738004,,3,51.0
31345785,50.8906846,5.6740321,,3,51.0
31345787,50.886323,5.6762119,,3,55.0
31345788,50.8872979,5.6769915,,1,55.0
31345789,50.8860125,5.6773775,,3,53.0
31345791,50.8890163,5.6666175,,1,56.0
31386823,50.8919115,5.6744861,,3,51.0
31512984,50.885111,5.6768025,,3,52.0
31723358,50.8653282,5.6405394,,3,57.0
31723361,50.8663401,5.6402797,,3,57.0
31723366,50.8739473,5.6430395,,3,54.0
31723383,50.8839674,5.6540275,,3,64.0
31723385,50.8838971,5.6541211,,3,64.0
31723391,50.8845951,5.6546336,,1,59.0
31723392,50.8937988,5.6751852,,3,52.0
31723403,50.8975933,5.6774623,,3,49.0
31723462,50.8892357,5.6630876,,3,55.0
31723463,50.8886535,5.6620387,,3,55.0
31723465,50.8871559,5.6593817,,3,62.0
31723468,50.8849066,5.6659424,,4,61.0
31723483,50.8978918,5.6767676,,3,52.0
31723589,50.885656,5.6550769,,4,62.0
31723600,50.8872361,5.6575092,,3,60.0
31723657,50.9010774,5.682998,,3,51.0
31725688,50.885486,5.6748995,,3,56.0
31725693,50.8854893,5.6761745,,3,55.0
31725697,50.8861056,5.6767148,,3,55.0
31725709,50.8869098,5.6760921,,1,55.0
31725714,50.8863309,5.675712,,3,55.0
31772291,50.8967142,5.6743497,,5,54.0
34568779,50.863097,5.6379178,,3,51.0
34568784,50.8608431,5.6371044,,3,77.0
34568789,50.8596431,5.6372363,,3,78.0
34568790,50.8596552,5.6374175,,3,78.0
34568791,50.8593878,5.6399782,,5,74.0
34574681,50.8811342,5.6317706,,3,56.0
34574702,50.8830988,5.6369135,,3,72.0
34574721,50.8819986,5.6479835,,3,62.0
34575178,50.8789939,5.6419438,,3,52.0
34813465,50.87442,5.6438588,,3,61.0
34813466,50.8530972,5.6386988,,3,53.0
34813477,50.854026,5.6394207,,3,53.0
35344796,50.837548,5.6339982,,3,90.0
35344797,50.8392654,5.631668,,3,90.0
35344798,50.841078,5.6297692,,3,85.0
35344803,50.8458053,5.6354323,,3,55.0
35344806,50.8515708,5.6361228,,3,57.0
35344810,50.8595065,5.6371688,,1,78.0
35969326,50.8365686,5.6276999,,3,91.0
35969328,50.8376968,5.6273401,,3,89.0
35969330,50.8373981,5.6298938,,3,89.0
35969331,50.8374703,5.6302368,,1,89.0
35969332,50.8382517,5.6292731,,3,90.0
35969333,50.8387032,5.6304626,,3,90.0
35969335,50.8382842,5.6306182,,1,90.0
35969336,50.8378702,5.6277851,,3,89.0
35969337,50.8370705,5.6255062,,3,93.0
35969340,50.8396336,5.6262301,,3,89.0
35969341,50.8416301,5.6288881,,3,85.0
35969347,50.8478675,5.6252984,,3,75.0
35969348,50.8474963,5.6253087,,3,75.0
35969361,50.8572787,5.6251261,,3,78.0
35969362,50.8567791,5.6238028,,3,77.0
35969365,50.8551396,5.6210461,,3,81.0
35969367,50.853306,5.6252013,,4,84.0
35969369,50.8534162,5.6294554,,3,85.0
35969375,50.8602069,5.6299706,,3,77.0
35969377,50.8607388,5.6295151,,4,74.0
35969379,50.8601665,5.6288168,,3,76.0
35969380,50.8588857,5.6278355,,3,76.0
35969384,50.8597437,5.625088,,3,75.0
35969385,50.8430983,5.63569,,3,55.0
35969386,50.8417113,5.6358466,,3,55.0
35969387,50.8415198,5.6343815,,3,89.0
35969394,50.8409749,5.6298971,,3,85.0
35969699,50.847704,5.6315753,,4,74.0
35969705,50.8601419,5.6251459,,3,75.0
35969706,50.8602918,5.6252736,,3,75.0
35969709,50.8602302,5.6248885,,3,73.0
35969916,50.860192,5.631938,,3,79.0
35969917,50.8599588,5.6341695,,3,78.0
35969919,50.8598784,5.6349522,,4,78.0
35969948,50.8596974,5.6366074,,3,78.0
35974346,50.8394272,5.6254648,,3,92.0
35974353,50.8444176,5.6318541,,3,78.0
36948552,50.9335383,5.7117712,,3,39.0
36948562,50.9241954,5.7074594,,3,43.0
36948568,50.9236098,5.7068098,,4,43.0
36948579,50.9091036,5.6897976,,3,45.0
36948585,50.9092446,5.6891237,,3,44.0
36948586,50.90901,5.6877692,,3,44.0
36948590,50.90792,5.6871824,,3,48.0
36948592,50.9050188,5.68685,,3,45.0
36948596,50.9047533,5.6864701,,3,45.0
36948612,50.9084212,5.6855394,,3,45.0
36948614,50.9085051,5.6848602,,4,45.0
36948620,50.9043416,5.6837619,,3,47.0
36948625,50.9048787,5.681393,,3,48.0
36948626,50.9042032,5.6806548,,3,46.0
36948629,50.9043822,5.680237,,3,46.0
36948630,50.9026789,5.679597,,3,50.0
36948632,50.9029096,5.6786146,,4,50.0
36948697,50.8961914,5.6612907,,4,52.0
36948701,50.8923288,5.6565218,,3,55.0
36948704,50.8925515,5.6560071,,3,56.0
36948706,50.8922035,5.6563903,,3,55.0
36948709,50.8916289,5.6562372,,4,61.0
36948719,50.8900372,5.6508891,,3,63.0
36948728,50.8892778,5.6515643,,3,66.0
36948730,50.8874259,5.6478995,,3,68.0
36948739,50.8859359,5.6421157,traffic_signals,4,67.0
36948749,50.8914872,5.6339679,,3,66.0
36948752,50.8914039,5.6336495,,3,66.0
36948753,50.8894341,5.6270103,,3,72.0
36948755,50.8868467,5.6281546,,3,71.0
36948761,50.8862168,5.6288717,,4,71.0
36948764,50.8858365,5.6291711,,1,71.0
36948766,50.886988,5.6234095,,3,69.0
36948770,50.8878625,5.6236557,,3,72.0
36948772,50.888433,5.6230181,,4,72.0
36948778,50.8840464,5.6166896,,3,72.0
36948782,50.8832696,5.6173369,,3,71.0
36948807,50.8750669,5.6356605,,3,70.0
36948817,50.8677849,5.630588,,4,77.0
76472212,50.8605498,5.6126985,,3,75.0
76472215,50.8602943,5.6229864,,4,73.0
94101812,50.8965387,5.6730292,,3,54.0
94101817,50.8964004,5.6726758,,3,53.0
94101818,50.8963004,5.6727169,,3,53.0
94101820,50.8962306,5.6728779,,3,53.0
94101824,50.8964293,5.6731805,,3,54.0
94101852,50.8850624,5.6414865,,4,68.0
94101859,50.8824629,5.6343845,,3,71.0
94101878,50.8693949,5.6248998,,3,81.0
94101885,50.8628208,5.6250266,,3,70.0
94101886,50.8607392,5.6250621,,4,71.0
94101891,50.886147,5.6489684,,3,67.0
94128064,50.884814,5.640184,,3,68.0
94128082,50.881568,5.6306472,,3,71.0
94156093,50.8842917,5.6384319,,3,69.0
94156095,50.8833587,5.6365742,,3,65.0
112183153,50.9264777,5.6873655,,3,44.0
189178108,50.8901548,5.6615941,,4,52.0
189178146,50.8962535,5.647705,,3,65.0
189178153,50.8970236,5.6462658,,3,65.0
189178198,50.9048648,5.6288417,,3,79.0
189178207,50.9126262,5.6168628,,3,107.0
189178221,50.9191579,5.609424,,3,95.0
190197476,50.8818092,5.631158,,3,71.0
191072762,50.8910531,5.654685,,3,61.0
191072765,50.8906643,5.6538004,crossing,4,61.0
191072771,50.8896983,5.6521457,,4,61.0
191072779,50.8901631,5.6513205,,3,63.0
191072795,50.9057169,5.6802534,,3,46.0
191072799,50.9058217,5.6805166,,3,46.0
191072828,50.9086921,5.6827804,,3,44.0
191072834,50.9094444,5.6850829,,3,45.0
191072854,50.9145835,5.6855181,,3,44.0
191072868,50.918697,5.6850437,,4,43.0
191072871,50.9188555,5.6871067,,3,44.0
191072897,50.9234688,5.6885618,,4,43.0
191072901,50.9088574,5.68084,,4,47.0
191072903,50.9188592,5.6845131,,3,45.0
193292114,50.8901181,5.6617862,,4,52.0
193292119,50.8895394,5.6607589,,4,55.0
193292122,50.8896312,5.6606721,,4,52.0
193292155,50.87002,5.6249579,,4,81.0
207652841,50.8961568,5.6751297,,4,52.0
207662711,50.9232524,5.6900523,,3,41.0
207662714,50.9226096,5.6945333,,3,43.0
207662721,50.9213846,5.704023,,3,44.0
240889544,50.9275945,5.6876917,,3,41.0
240889550,50.9279989,5.6845855,,3,44.0
240889587,50.9254052,5.6628454,,5,48.0
240889590,50.9249218,5.6610722,,3,56.0
240889618,50.9270839,5.6370152,,3,64.0
240889636,50.926148,5.6209905,crossing,3,101.0
240889640,50.9248762,5.6189758,,4,105.0
240893510,50.9044871,5.6289719,,3,79.0
240893519,50.9008529,5.6337884,,3,65.0
240893535,50.8978523,5.638881,,3,66.0
240893552,50.8931879,5.6469995,,3,62.0
240893564,50.8912464,5.6490879,,3,60.0
240893589,50.8882298,5.6397869,,3,67.0
240898196,50.8856453,5.6418335,,3,67.0
247742183,50.8385594,5.6366588,,3,86.0
258891525,50.8764204,5.6532095,,3,60.0
258891655,50.8805054,5.6633459,,3,58.0
258891656,50.8812685,5.6617033,,1,60.0
258891696,50.8803406,5.6637189,,3,58.0
258891708,50.8818367,5.6662056,,3,58.0
258891709,50.8814086,5.6668235,,3,54.0
258891710,50.8816649,5.6672673,,1,54.0
258891715,50.8811994,5.6664833,,1,56.0
258891805,50.8841026,5.6617847,,3,63.0
258891814,50.8853442,5.6564124,,3,63.0
258892947,50.8720209,5.6427074,,3,63.0
258893404,50.8774471,5.6516937,,3,61.0
258893419,50.8773581,5.6515913,,1,61.0
258895343,50.8891216,5.6513368,,3,66.0
258895459,50.8889048,5.6535179,,3,61.0
258895461,50.8880537,5.6565021,,3,58.0
258895462,50.8877906,5.6568166,,4,58.0
258895674,50.8817827,5.6204173,,3,72.0
258895723,50.8866127,5.6233062,,1,69.0
258895885,50.8897706,5.6359014,,4,67.0
258896077,50.8900302,5.6295221,,3,72.0
258896184,50.8905973,5.6290168,,3,72.0
258896186,50.8916687,5.6309939,,3,68.0
258896187,50.8926648,5.632839,,3,67.0
258896234,50.8925961,5.627248,,4,71.0
258896236,50.8913811,5.6242804,,3,73.0
258896238,50.8893485,5.6266441,,3,72.0
258896279,50.8919739,5.6335958,,3,66.0
258896281,50.8943356,5.6310086,,4,67.0
258896400,50.8956938,5.6350699,,3,67.0
258896401,50.8961843,5.6365233,,4,64.0
258896404,50.8938596,5.6392433,,3,66.0
258896406,50.8929184,5.6364401,,3,68.0
258896407,50.8925452,5.6353038,,3,66.0
258896498,50.894655,5.6415815,,3,68.0
258896501,50.8953933,5.6435017,,3,66.0
258896531,50.8909204,5.6378717,,3,65.0
258896532,50.8912463,5.6386397,,3,65.0
258896533,50.8919405,5.640253,,3,64.0
258896534,50.8928686,5.6394304,,3,64.0
258896535,50.8932778,5.6406169,,3,64.0
258896536,50.8940771,5.6398878,,3,68.0
258896557,50.8936748,5.6217176,,4,75.0
258896575,50.8916499,5.6425,,3,66.0
258896577,50.8909492,5.6432856,,3,66.0
258896578,50.8898424,5.6440291,,4,64.0
258896615,50.8899757,5.6414679,,3,66.0
258896616,50.8895387,5.6406379,,3,67.0
258896619,50.8896959,5.6394317,,3,65.0
258896620,50.8902463,5.6398649,,3,66.0
258896622,50.8905702,5.6396754,,3,66.0
258896624,50.8903793,5.6401079,,3,66.0
258896658,50.890591,5.6372324,,3,67.0
258896880,50.890326,5.6437217,,3,66.0
258896883,50.8908702,5.6451607,,3,64.0
258896884,50.8914299,5.6466184,,3,61.0
258896885,50.8924717,5.645879,,3,62.0
258896887,50.8934364,5.6445466,,3,63.0
258896889,50.8938043,5.6423723,,4,66.0
258896896,50.893499,5.6426947,,3,64.0
258896898,50.8925508,5.6440581,,3,63.0
258896899,50.8930995,5.6450069,,3,63.0
258896903,50.8921203,5.6437869,,3,63.0
258896906,50.8916234,5.6443435,,3,64.0
258897081,50.8943182,5.6471813,,3,64.0
258897086,50.8975686,5.650622,,3,60.0
258897087,50.8986014,5.6528559,,3,55.0
258897089,50.8996408,5.6551843,,3,53.0
258897090,50.9004585,5.6565964,,3,53.0
258897091,50.8945516,5.6643541,,3,53.0
258897183,50.8972018,5.6603747,,3,51.0
258897188,50.9011567,5.6551448,,3,54.0
258897189,50.9010623,5.6546825,,4,54.0
258897195,50.8989826,5.6478443,,3,61.0
258897336,50.8953131,5.6436252,,3,66.0
258897567,50.9015199,5.654648,,4,54.0
258897571,50.9027198,5.6564417,,4,51.0
258897584,50.8986154,5.6591929,,3,52.0
258897650,50.8981326,5.6582325,,3,52.0
258897655,50.8974932,5.6554385,,3,53.0
258897708,50.8963657,5.656788,,3,52.0
258897710,50.8968106,5.6581677,,3,52.0
258897712,50.8955742,5.6601634,,3,54.0
258897719,50.8977858,5.6575343,,3,52.0
258897802,50.8961251,5.6554353,,3,53.0
258897804,50.895666,5.6546562,,3,55.0
258897806,50.8951443,5.655312,,3,55.0
258897807,50.894599,5.6563692,,3,54.0
258897808,50.895481,5.6578846,,3,54.0
258897809,50.8952695,5.6581754,,3,54.0
258897810,50.8948289,5.6587688,,3,54.0
258897824,50.8960452,5.6580315,,3,52.0
258897883,50.8956944,5.6582882,,3,54.0
258898130,50.8976893,5.6537573,,3,56.0
258898132,50.8972328,5.6528552,,3,56.0
258898145,50.8949561,5.6533988,,3,55.0
258898197,50.8960308,5.652168,,3,56.0
258898222,50.8984207,5.6500823,,3,57.0
258898223,50.8994065,5.6494685,,3,61.0
258898332,50.8987743,5.6510414,,1,57.0
258898547,50.8961445,5.6563549,,3,52.0
258898552,50.8959044,5.6558821,,3,53.0
258898769,50.8943812,5.6678109,,3,51.0
258898770,50.8951483,5.6660421,,3,51.0
258898922,50.8925225,5.6632172,,4,52.0
258898925,50.8929746,5.6633446,,3,52.0
258898928,50.8945006,5.6642242,,3,53.0
258898996,50.897011,5.6544329,,3,53.0
258899023,50.8919459,5.6579287,,1,55.0
258899024,50.8919028,5.6592407,,3,54.0
258899025,50.8917856,5.6601587,,3,54.0
258899029,50.8922151,5.6629374,,3,52.0
258899131,50.8920214,5.6634039,,4,52.0
259067748,50.8543162,5.6394633,,3,53.0
259068369,50.8572989,5.6409895,,1,71.0
259068453,50.8477111,5.6388217,,3,56.0
259241761,50.8878111,5.6641384,,5,55.0
259241812,50.8881972,5.6636157,,4,55.0
259242139,50.8872972,5.662915,,1,59.0
259242143,50.8869212,5.6640932,,3,59.0
259242144,50.887071,5.6647322,,3,60.0
259242241,50.8856887,5.6632568,,3,59.0
261885431,50.8608099,5.6059234,,3,78.0
261886018,50.8585911,5.6107994,,3,72.0
261886037,50.860432,5.6157496,,3,73.0
261886190,50.8603277,5.6160341,,3,72.0
261886552,50.8596271,5.6172329,,3,71.0
261886558,50.8599514,5.6208042,,3,73.0
261886565,50.859506,5.6250853,,4,75.0
261887118,50.859203,5.623343,,3,73.0
282184721,50.8793961,5.6086883,,4,72.0
282184724,50.8824627,5.6065647,,4,82.0
282184730,50.8721477,5.6162211,,3,83.0
297166329,50.8909858,5.6499313,,3,60.0
297166347,50.8904901,5.6504902,,3,63.0
297166412,50.8901664,5.6474788,,3,61.0
297166452,50.8895588,5.6480959,,3,67.0
297166456,50.8890801,5.6481351,crossing,3,67.0
297166457,50.8888157,5.6484373,,3,67.0
297166819,50.8880077,5.6470764,,3,65.0
297166832,50.8899787,5.6492125,,3,60.0
297166835,50.8898053,5.648675,crossing,3,60.0
297167124,50.8888787,5.6486027,,3,67.0
297167125,50.8894296,5.6497972,,3,67.0
297167126,50.8900163,5.6491307,,3,60.0
297167150,50.8880923,5.6495168,,3,67.0
297167870,50.8792604,5.629073,,3,53.0
297168256,50.8853854,5.642456,,1,69.0
297168315,50.8849941,5.6415784,,4,68.0
297168317,50.8852694,5.6415121,,4,68.0
297168751,50.886345,5.6491447,,3,67.0
309028715,50.8919066,5.6525595,,3,57.0
315879928,50.9299341,5.7012762,,3,39.0
315879932,50.9286595,5.7008455,,3,41.0
315879937,50.9258057,5.6995694,,3,42.0
315879939,50.9245068,5.698708,,3,44.0
315879941,50.9244164,5.6985145,,3,44.0
315879991,50.9267344,5.6965252,,3,40.0
315880000,50.929079,5.6908668,,3,42.0
315880008,50.9272085,5.6891743,,4,41.0
315880032,50.9329741,5.6961369,,3,39.0
315880042,50.9311438,5.6922679,,3,39.0
315880821,50.9257687,5.6944545,,3,41.0
315880823,50.9250577,5.6965439,,3,40.0
315880839,50.9236372,5.6983033,,3,44.0
315880846,50.9222791,5.6975918,,4,44.0
315880853,50.920005,5.6968584,,3,42.0
315880855,50.9187055,5.6961265,,3,42.0
315880858,50.9180584,5.6957543,,3,44.0
315880859,50.917776,5.6955759,,3,44.0
315880860,50.9173016,5.6953047,,3,44.0
315880865,50.9168263,5.694584,,3,44.0
315880871,50.9151993,5.6907667,,3,43.0
315880872,50.914896,5.6902115,turning_circle,1,43.0
315880890,50.9168268,5.6894262,,3,43.0
315880891,50.9174297,5.688104,,3,43.0
315880954,50.9180074,5.6882774,,3,43.0
315880959,50.9189426,5.6881141,,3,43.0
315881033,50.9171597,5.6905683,,3,43.0
315881112,50.9185992,5.6914166,,3,43.0
315881234,50.9182636,5.6901973,,1,43.0
315881238,50.9189652,5.6924106,,3,42.0
315881243,50.9193275,5.6923983,,3,42.0
315881246,50.9199763,5.6916383,,3,42.0
315881334,50.9178417,5.6940962,,3,44.0
315881511,50.9202501,5.6946826,,3,41.0
315881515,50.9203778,5.6924256,,3,42.0
315881563,50.9218566,5.6947552,,3,43.0
315881928,50.9224975,5.6955787,,3,43.0
315881932,50.9207542,5.6930089,,3,42.0
315882114,50.9209217,5.6903218,,3,43.0
315882128,50.9206574,5.6877009,,4,43.0
315882130,50.9204398,5.6854652,,3,44.0
315882133,50.9205828,5.6851405,,3,45.0
315882153,50.9203682,5.6850629,,4,45.0
315882336,50.9195993,5.6842927,,3,45.0
315882343,50.9238734,5.6833283,,3,52.0
315882346,50.9282054,5.6828042,,4,46.0
315882350,50.9307976,5.6827538,,3,42.0
315882698,50.9234051,5.6949593,,3,42.0
315882701,50.9235104,5.6959375,,3,43.0
315882702,50.9235387,5.6966148,,1,43.0
315882798,50.9238849,5.6933687,,3,42.0
315882801,50.9228855,5.6926842,,3,43.0
315882867,50.9245868,5.690716,,3,41.0
315882869,50.9244461,5.690642,,3,41.0
315882871,50.9249203,5.6894711,,3,43.0
315882874,50.9249761,5.6884871,,3,43.0
315882880,50.9256187,5.6897808,,3,42.0
315882884,50.9261122,5.6885572,,4,42.0
315883079,50.9265423,5.691761,,3,41.0
315883146,50.9273428,5.687677,,3,41.0
315883165,50.9276135,5.6870116,,3,42.0
315883413,50.92757,5.6878209,,3,41.0
315883418,50.9274575,5.687502,,3,41.0
315883420,50.9273667,5.6875823,,3,41.0
315884700,50.9236928,5.7001343,,3,44.0
315884706,50.9237232,5.7006913,,3,44.0
315884708,50.9237069,5.7019268,,3,44.0
315884710,50.9237063,5.7028098,,3,46.0
315884711,50.9237204,5.704605,,4,44.0
315884715,50.9237072,5.7064701,,3,43.0
315885014,50.9229436,5.7000477,,3,44.0
315885019,50.9225093,5.7001902,,3,44.0
315885021,50.9219391,5.7003846,,3,44.0
315885110,50.9250968,5.7020286,,3,41.0
315885124,50.9247973,5.7008913,,3,44.0
315885141,50.9247475,5.7020056,,3,44.0
315885163,50.9250339,5.7086507,,3,42.0
315885215,50.9265066,5.7081937,,3,40.0
315885218,50.9298613,5.7068652,,3,39.0
315885220,50.9299347,5.7065828,,3,39.0
315885223,50.929669,5.7044431,,3,39.0
315885224,50.9296477,5.7040977,,3,40.0
315885246,50.9262051,5.705735,,3,43.0
315885248,50.9260851,5.7047508,,4,43.0
315885344,50.9263067,5.7046869,,1,43.0
315885403,50.9254867,5.7033855,,3,41.0
315885408,50.9248322,5.7061063,,1,44.0
315885564,50.9183865,5.6836421,,3,43.0
315885566,50.9184633,5.6825668,,3,43.0
315885571,50.9188931,5.6801554,,3,47.0
315885574,50.9189755,5.6792453,,3,47.0
315885581,50.9203129,5.6746216,,3,47.0
315885583,50.9203991,5.673261,,3,47.0
315885725,50.9229475,5.6733017,,3,51.0
315885732,50.9263298,5.6710322,,3,47.0
315885761,50.9270507,5.6710453,,3,47.0
315885815,50.9232436,5.6709335,,3,46.0
315885898,50.9259048,5.6710175,,3,47.0
315885905,50.9230778,5.6686467,,3,55.0
315885906,50.9231029,5.6720084,,3,46.0
315885911,50.9204143,5.6710305,,3,47.0
324597910,50.9328919,5.6819906,,3,48.0
325698112,50.8996586,5.6505557,,3,57.0
325698243,50.9013475,5.6531082,,3,55.0
325698266,50.9005959,5.6536389,,3,55.0
325698298,50.8997395,5.6505458,,3,57.0
325698303,50.9005043,5.6490673,,1,55.0
325698549,50.9016625,5.635103,,3,65.0
325698581,50.900691,5.6339832,,3,65.0
325698582,50.9006276,5.6338508,,3,65.0
325698613,50.8999564,5.6322422,,3,66.0
325698614,50.8991883,5.6303477,,3,69.0
325698616,50.89863,5.628926,,3,73.0
325698617,50.8978787,5.627186,,3,71.0
325698623,50.8992333,5.63305,,3,66.0
325698624,50.8985388,5.6338055,,4,67.0
325698677,50.8974739,5.6402771,,3,68.0
325698689,50.8985763,5.6399358,,4,66.0
325698745,50.8986723,5.6317355,turning_circle,1,66.0
325698756,50.8949582,5.6249069,,4,71.0
325698758,50.8964873,5.6287106,,4,71.0
325698761,50.8993138,5.6357315,,3,64.0
325703074,50.8966857,5.625786,,1,72.0
325703076,50.896478,5.6253016,,3,72.0
325703080,50.8973797,5.6242542,,3,75.0
325703082,50.8978775,5.6236861,,3,75.0
325705938,50.9014726,5.6444883,,3,61.0
325708067,50.8957635,5.6679183,,3,51.0
325708189,50.8926062,5.6649433,,3,51.0
325735141,50.8852819,5.6149192,,3,75.0
325735147,50.8854835,5.6144853,,3,84.0
325735173,50.8873398,5.612353,,3,94.0
325735265,50.8883077,5.6071205,,3,96.0
325735276,50.8884894,5.6068184,,3,96.0
325735282,50.8898296,5.6064405,,3,99.0
325735286,50.8910859,5.6061961,,3,98.0
325735302,50.8913881,5.606086,,3,98.0
325735333,50.8911953,5.6014464,,3,97.0
325735336,50.8912147,5.6005622,,3,97.0
325735393,50.8909769,5.6005964,,3,97.0
325736418,50.8878397,5.6023981,,3,97.0
325736430,50.8875899,5.6021263,,3,97.0
325736446,50.8872864,5.6020056,,3,97.0
325736492,50.8865774,5.6011193,,3,97.0
325736758,50.8867449,5.6041962,,3,99.0
325736760,50.8867461,5.6047909,,3,99.0
325736781,50.8854928,5.6054739,,3,99.0
325736791,50.8842069,5.6044535,,3,96.0
325736809,50.8873643,5.6046467,,3,99.0
325736945,50.8872782,5.6038513,,1,96.0
325736954,50.8872274,5.605643,,1,99.0
325737468,50.8867745,5.6070375,,3,100.0
325737471,50.8860002,5.6069628,,3,100.0
325737474,50.8855039,5.6069113,,3,100.0
325737479,50.8843878,5.6071365,,3,95.0
325737485,50.883469,5.6074337,,3,95.0
325737885,50.885621,5.6121064,,3,94.0
325738025,50.8847745,5.6090227,,3,93.0
325738100,50.8858991,5.610198,,3,97.0
325738174,50.8867071,5.609516,,3,97.0
325738940,50.8847636,5.6130232,,3,81.0
325739191,50.8878203,5.6153819,,3,78.0
325739257,50.8878321,5.6162337,,1,78.0
325739888,50.8829594,5.6050286,,3,84.0
325740082,50.8833494,5.6050709,,3,96.0
325740846,50.8828214,5.6049595,,3,84.0
325740891,50.8848527,5.6033453,,3,96.0
325740917,50.8844496,5.6027851,,3,96.0
325740921,50.8843168,5.6025791,,1,96.0
325740982,50.8841824,5.6032964,,1,96.0
325741106,50.8862735,5.6040784,,3,96.0
325741327,50.8862844,5.6031074,,3,96.0
325741338,50.8859091,5.6031232,,1,96.0
325743928,50.8833531,5.60094,,4,94.0
325743953,50.883618,5.5961458,,3,96.0
325743969,50.8850815,5.5933058,,3,94.0
329289517,50.8949253,5.6002504,,3,106.0
329289551,50.8901698,5.6006979,,3,97.0
329289560,50.8878459,5.600597,,3,99.0
329289827,50.8880797,5.5987591,,3,96.0
329298788,50.8894363,5.6138969,,3,82.0
329400618,50.9261555,5.6054415,,3,94.0
329416447,50.920115,5.6084449,,3,95.0
329416907,50.9180535,5.6095178,,3,97.0
329416959,50.9183004,5.6103014,,3,97.0
335678601,50.8616045,5.625053,,3,71.0
335678605,50.8617014,5.6303963,mini_roundabout,4,74.0
335678609,50.8620138,5.6277387,,3,73.0
335678611,50.8618035,5.6261275,,3,71.0
335678640,50.8619268,5.6285625,,3,73.0
357334866,50.8641804,5.6340337,,3,71.0
357335657,50.8660966,5.6318087,,3,72.0
360823616,50.8865738,5.6499558,,3,67.0
360823883,50.8874678,5.6516889,,3,66.0
360824112,50.8884316,5.6525452,,3,61.0
360824114,50.8879396,5.6537031,,3,61.0
360824115,50.88725,5.6551567,turning_circle,1,62.0
360824622,50.888727,5.6521836,,3,61.0
360825390,50.8861568,5.6507636,,3,66.0
360825995,50.8870577,5.6508657,,3,66.0
360826163,50.8874651,5.6503829,,3,66.0
360826164,50.8875606,5.650571,,3,66.0
360826165,50.8871567,5.651065,,3,66.0
360826257,50.8872496,5.6512558,,4,66.0
361146658,50.8631997,5.6319472,,3,72.0
361146671,50.8642737,5.6309195,,3,70.0
361146810,50.8639131,5.6297908,,3,70.0
361146814,50.8644574,5.632398,turning_circle,1,72.0
361146832,50.8653163,5.6330908,,3,72.0
361146881,50.8652024,5.6318305,,3,72.0
361146882,50.8651286,5.6308621,crossing,3,73.0
361146892,50.8641597,5.626412,,3,70.0
361146893,50.8640638,5.6261042,,3,70.0
361146894,50.8633434,5.6250641,,3,70.0
361146956,50.8665421,5.628536,crossing,3,72.0
361146976,50.8694039,5.6266203,,3,81.0
361147009,50.8692963,5.6269069,,3,81.0
361147014,50.8701051,5.6277103,,3,81.0
361147072,50.8697908,5.6284899,,3,81.0
361147269,50.8602751,5.6227986,,4,75.0
361147276,50.8621093,5.6217454,,3,70.0
361147451,50.8622201,5.6220382,,3,70.0
361147494,50.8638802,5.6209133,,3,72.0
361147525,50.8654826,5.6249651,,4,78.0
361398684,50.9054189,5.6756555,,3,52.0
361398685,50.9048565,5.6762017,,3,52.0
361399913,50.8970205,5.6742365,,3,54.0
361400126,50.9044411,5.6824399,,3,48.0
363383783,50.8764048,5.6106112,,4,78.0
363383818,50.8742598,5.6051834,,3,83.0
364351933,50.8878182,5.6253305,,3,72.0
364351934,50.8878099,5.6258973,,3,72.0
364351935,50.8877651,5.6277347,,3,72.0
364351938,50.8890012,5.6251965,,3,72.0
364351989,50.8878489,5.6241626,,3,72.0
364828190,50.9240372,5.6858419,,3,44.0
365275565,50.909703,5.6939967,,4,43.0
365275712,50.910823,5.6877407,,3,48.0
365275801,50.910811,5.6815356,,4,45.0
365275817,50.9107747,5.6851674,,4,44.0
365275907,50.9116008,5.7013817,,3,40.0
365275934,50.9098461,5.697059,,3,48.0
365276111,50.9121367,5.7188578,,3,43.0
365276112,50.9114863,5.7180129,,3,43.0
370248442,50.9236958,5.7035184,,3,46.0
370250015,50.9204977,5.6680637,,3,51.0
406158656,50.8782451,5.6130433,,3,71.0
416057361,50.9170378,5.6100495,,3,97.0
416057363,50.9161656,5.6098175,,3,104.0
416057366,50.9132932,5.6106764,,3,102.0
416057382,50.9058789,5.6116654,,3,107.0
416057385,50.8978633,5.6137239,,3,105.0
416057388,50.8988326,5.6133036,,3,109.0
416154753,50.9350628,5.6640599,,3,50.0
416166071,50.8791358,5.6079878,,3,51.0
416166077,50.8787166,5.5965368,,3,64.0
417991854,50.8730424,5.5943743,,3,81.0
417991873,50.8650013,5.5924729,,4,88.0
417991885,50.8641902,5.6045486,,4,82.0
417991899,50.8609042,5.6033568,,3,79.0
417991901,50.8686783,5.6051277,,4,87.0
417991903,50.8726501,5.6056433,,3,84.0
417991970,50.8690733,5.6169943,,3,82.0
417992019,50.8608819,5.6148282,,3,73.0
418853703,50.8782163,5.6051201,,3,56.0
418947563,50.9146766,5.6674076,,4,49.0
418947566,50.9139792,5.6691442,,3,52.0
418947568,50.9096711,5.6723119,,4,53.0
423911890,50.8591534,5.6377854,,3,53.0
423911892,50.8599188,5.6379748,,3,53.0
437531027,50.8920152,5.6573542,,3,55.0
437531208,50.8919022,5.6570466,,3,55.0
437531547,50.8919501,5.6573481,,3,55.0
437531682,50.8920813,5.6570556,,3,55.0
437532763,50.8918888,5.6572694,,3,55.0
437532767,50.8920303,5.6569972,,3,55.0
454390163,50.8398715,5.6399148,,3,88.0
619414119,50.8955576,5.6726762,,3,52.0
619414150,50.8968854,5.6742289,,3,54.0
619434994,50.8876988,5.6569928,,5,58.0
619435061,50.8976528,5.66718,,3,52.0
619435128,50.8959847,5.6692908,,3,50.0
619475842,50.8964111,5.6619984,,3,52.0
619475855,50.8965704,5.6625838,,3,49.0
619475859,50.8966548,5.6622238,,3,52.0
619475864,50.8965603,5.6619188,,3,52.0
619475871,50.8972387,5.6621241,,3,52.0
619475872,50.8978793,5.6612828,,3,52.0
619475873,50.8971741,5.6618756,,3,52.0
619475897,50.8991801,5.6620561,,4,58.0
619475913,50.8972284,5.6657293,,3,52.0
619475921,50.8973352,5.6653916,,3,52.0
619475941,50.8976294,5.6670031,,3,52.0
619475945,50.8979307,5.6670217,,3,53.0
619475947,50.8978573,5.6668107,,3,52.0
619475964,50.9032125,5.6563408,,3,51.0
619475966,50.9034781,5.6559155,,3,53.0
619475970,50.9033556,5.6560992,,3,53.0
619475979,50.904129,5.6578944,,3,51.0
619475987,50.9010782,5.6589651,,3,53.0
619476031,50.9013565,5.6595604,,3,53.0
619476079,50.9020305,5.6603612,,3,53.0
619476175,50.9006076,5.6628679,,4,50.0
619476268,50.9023095,5.6623485,,1,53.0
619476270,50.9023642,5.6622081,,1,53.0
619476318,50.9040525,5.6581903,,3,51.0
619476325,50.9040143,5.6587973,,3,54.0
619476341,50.9027199,5.6617947,,1,53.0
619499885,50.897869,5.6664094,,3,52.0
619499895,50.9021965,5.6572512,,3,51.0
619499903,50.9024177,5.6570067,,3,51.0
619499906,50.9023318,5.6571408,,3,51.0
619499907,50.9020589,5.6575744,,3,53.0
619499908,50.9019692,5.6575476,,3,53.0
619499912,50.9020296,5.657451,,3,53.0
619499940,50.9022319,5.6574002,,3,51.0
619499950,50.902371,5.6573524,,3,51.0
619499952,50.9023805,5.6572456,,3,51.0
619499954,50.9022792,5.657453,,3,51.0
619499973,50.9021744,5.6578252,,3,51.0
619499983,50.9023045,5.657628,,3,51.0
619499992,50.9024501,5.6568767,,4,51.0
619499995,50.9025794,5.6571051,,1,51.0
619499997,50.9024465,5.6573663,,3,51.0
619499999,50.9024524,5.6572531,,3,51.0
619500054,50.904652,5.6572827,,3,48.0
619500076,50.9023632,5.6587114,,4,54.0
619500146,50.9025299,5.6579406,,1,51.0
619500147,50.9025849,5.6592396,,4,54.0
619500148,50.9029359,5.6579624,,4,51.0
619500194,50.9028711,5.6598852,,3,54.0
619568904,50.8884901,5.6552885,,3,59.0
619568917,50.8884866,5.6572116,,1,58.0
619568918,50.8885346,5.6571405,,1,58.0
619568932,50.8887786,5.654246,,3,59.0
619568938,50.89075,5.6539828,,3,61.0
619568940,50.8888514,5.6557892,,4,59.0
619568954,50.8894925,5.6563388,,3,58.0
619568978,50.8887791,5.6576879,,3,58.0
619568982,50.8888178,5.6574995,,3,58.0
619568986,50.8890823,5.6576351,,3,58.0
619569001,50.8893174,5.658343,,3,55.0
619569002,50.8887272,5.6579701,,3,58.0
619569003,50.8892604,5.6586088,,3,55.0
619569004,50.8888679,5.6584085,,3,55.0
619569008,50.889374,5.6580607,,3,58.0
619569036,50.8905584,5.6601248,,4,53.0
619569052,50.8908252,5.6596338,,5,53.0
620000625,50.9067343,5.6655243,,3,51.0
620000629,50.9054603,5.6673758,,3,55.0
620000667,50.9024729,5.6750541,,3,51.0
620000668,50.9025819,5.6753848,,3,51.0
620000674,50.9028986,5.6764187,,3,51.0
620000684,50.9044218,5.6747281,,3,51.0
620000692,50.90686,5.6709105,,3,50.0
620000694,50.9058603,5.6731587,,4,51.0
620000695,50.9068064,5.672194,,3,50.0
620000701,50.9095514,5.6743484,,3,50.0
620000714,50.9065171,5.6747432,,4,50.0
620000725,50.9068524,5.676114,,3,49.0
620000736,50.9063956,5.677351,,3,47.0
620000744,50.905932,5.6781934,,3,51.0
620000752,50.9061484,5.6777971,,3,51.0
620000756,50.9058257,5.6789118,,3,51.0
620000760,50.9065805,5.6777951,,3,47.0
620000768,50.9080529,5.6759457,,3,49.0
620000789,50.9095099,5.6749693,,3,50.0
620000797,50.9093228,5.6758233,,3,48.0
620000808,50.9079502,5.6776348,,3,47.0
620000811,50.9091166,5.6780344,,3,49.0
620000815,50.9033639,5.6812497,,3,50.0
620000819,50.9029084,5.6822217,,3,48.0
620000822,50.9041112,5.6808726,,1,50.0
620000846,50.9056216,5.6811628,,3,46.0
620000848,50.9054294,5.6817877,,3,48.0
620000850,50.9053478,5.6820596,,1,48.0
620000857,50.9095393,5.6831643,turning_circle,1,44.0
620000861,50.9071255,5.6870554,,3,48.0
620000869,50.9082527,5.6872183,,3,48.0
620000895,50.9124338,5.6703019,,3,53.0
620000900,50.9108589,5.6747707,,3,49.0
620000904,50.9124534,5.6751253,,3,46.0
620000905,50.9133303,5.6754889,,1,49.0
620000906,50.9122491,5.6758489,,3,46.0
620000907,50.912186,5.6761243,,3,46.0
620000915,50.9111026,5.6794709,,3,45.0
620000916,50.9124188,5.6798382,,3,45.0
620000929,50.9138846,5.6826644,,3,48.0
621010793,50.8992056,5.666121,,3,55.0
621010820,50.9061523,5.6642231,,3,53.0
621010822,50.9025801,5.6694031,,3,53.0
621021779,50.8974234,5.6554451,,3,53.0
621021786,50.894765,5.6641608,,3,53.0
621516616,50.9260933,5.6599432,,1,46.0
621516640,50.926217,5.6605318,,1,46.0
621516648,50.9261312,5.6603269,,1,46.0
621516650,50.9261675,5.660232,,1,46.0
621516653,50.9265308,5.659692,,1,46.0
621516668,50.9269617,5.6599198,,1,46.0
621516670,50.9268767,5.6599805,,1,46.0
621516681,50.9266354,5.6600184,,1,46.0
621516703,50.9256882,5.6612183,,1,46.0
621516707,50.9262587,5.6608197,,1,46.0
621516715,50.9262421,5.6610622,,1,46.0
621516717,50.9261947,5.6608599,,4,46.0
621516719,50.9261647,5.6607585,,3,46.0
621516736,50.9263798,5.6620072,,1,46.0
621516737,50.9262594,5.6616021,,1,46.0
621516752,50.9266205,5.6613144,,1,46.0
621516758,50.9270006,5.6607616,,1,46.0
621516762,50.9267426,5.6617782,,1,46.0
621516779,50.9268392,5.6682124,,3,52.0
621516788,50.9273021,5.6605676,,1,53.0
621516847,50.929398,5.6630852,,3,45.0
621516852,50.9293883,5.6629423,,1,45.0
621516867,50.9300498,5.6630046,,3,45.0
621516871,50.9310282,5.6634203,,3,45.0
621516874,50.9308725,5.6634299,,1,45.0
621516881,50.9282864,5.6642186,,3,47.0
621516885,50.9283026,5.6646273,,3,49.0
621516887,50.9278176,5.6647,,1,49.0
621516892,50.9278763,5.6656583,,1,49.0
621516906,50.9282747,5.6655906,,1,49.0
621516923,50.9288611,5.6641965,,3,47.0
621516930,50.928874,5.6645908,,3,49.0
621516931,50.9294141,5.6638555,,4,45.0
621516932,50.9294551,5.6646034,,3,45.0
621516934,50.9294516,5.6645312,,3,45.0
621516946,50.929569,5.6638248,,1,45.0
621516957,50.9291377,5.6651845,,1,49.0
621517001,50.9295017,5.6653735,,3,45.0
621517024,50.927932,5.6668048,,1,49.0
621517026,50.9279394,5.6671605,,3,49.0
621517061,50.9287418,5.6661245,,1,49.0
621517063,50.9287584,5.6667046,,1,49.0
621517206,50.929639,5.6682606,,3,47.0
621517208,50.9292743,5.6682002,,3,47.0
621517210,50.9300733,5.6634875,,3,45.0
621517212,50.9300817,5.6637705,,3,45.0
621517214,50.9301041,5.6645363,,3,45.0
621517215,50.9299456,5.663787,,1,45.0
621517220,50.9304324,5.6634581,,1,45.0
621517226,50.9310871,5.6643934,,4,45.0
621517255,50.9311449,5.6655337,,3,45.0
621517266,50.9321958,5.6654116,,4,47.0
621517267,50.9321449,5.6642713,,3,46.0
621517331,50.93003,5.6683572,,3,47.0
621517333,50.9305446,5.668462,,3,47.0
621517335,50.9305246,5.667754,,3,47.0
621517342,50.9312382,5.6676556,,3,47.0
621517350,50.930687,5.6677404,,1,47.0
621517354,50.9310591,5.6676789,,1,47.0
621517389,50.9312604,5.668614,,3,46.0
621517391,50.9315264,5.6686609,,3,46.0
621517408,50.9321433,5.6687622,,3,45.0
621517409,50.9292241,5.6688743,,1,51.0
621517459,50.9320686,5.6696217,,3,45.0
623987174,50.8822467,5.6191724,,3,72.0
623987181,50.8818362,5.6301455,,3,71.0
642164676,50.8415521,5.6254217,,3,89.0
642164679,50.8425829,5.6253997,,3,84.0
642886220,50.8603126,5.6249032,,3,73.0
642886226,50.860377,5.6250208,,3,75.0
642886227,50.8601441,5.625001,,3,75.0
670119765,50.8602466,5.6207029,,3,73.0
923014775,50.913182,5.625117,,4,102.0
923014780,50.913874,5.6225401,,4,107.0
923014789,50.9150651,5.6193204,,4,102.0
923014815,50.91723,5.6137363,,3,106.0
923014827,50.918648,5.6182997,,4,96.0
923014835,50.9194206,5.6191431,,3,96.0
923014854,50.9205157,5.6159498,,3,102.0
923014855,50.921441,5.6184584,,4,104.0
923014857,50.922418,5.6211321,,4,96.0
923014884,50.9230471,5.6286137,,3,91.0
923014885,50.9234044,5.6290342,,3,91.0
923014887,50.9236905,5.6293836,,3,72.0
923014888,50.9240758,5.6292411,,3,72.0
923018140,50.9260277,5.6425496,,3,60.0
923018165,50.9304657,5.6336893,,3,74.0
923018172,50.9313961,5.6340562,,3,69.0
923018179,50.9334377,5.6326059,,3,60.0
923018196,50.9333993,5.630532,,3,61.0
923018200,50.9337048,5.6296904,,3,61.0
923018204,50.9351021,5.6287976,,3,69.0
923018208,50.9362299,5.6308518,,3,83.0
923018213,50.9361979,5.6342456,,3,74.0
923018215,50.9354995,5.6376062,,3,54.0
923018228,50.9314128,5.6443335,,3,58.0
923018236,50.9306033,5.6448272,,3,52.0
923018244,50.9294159,5.6415319,,3,63.0
923018254,50.9277894,5.6404919,,3,55.0
923038566,50.9236003,5.6464402,,3,59.0
923038574,50.9231446,5.6435371,,3,57.0
923038593,50.920527,5.6428386,,3,60.0
923038594,50.9193805,5.6445123,,4,59.0
923038600,50.9177855,5.64694,,4,57.0
923038615,50.9147752,5.643722,,3,64.0
923038617,50.9132085,5.6420476,,3,66.0
923038622,50.9124811,5.6412759,,5,78.0
923038625,50.9122255,5.6392735,,3,90.0
923038661,50.9140601,5.6362754,,3,96.0
923038670,50.9127964,5.6348884,,3,101.0
923038678,50.9120102,5.6376148,,3,90.0
923038686,50.9115751,5.6356847,,3,105.0
923038705,50.9102993,5.6356168,,3,86.0
923038708,50.9105553,5.6345749,,3,102.0
923038712,50.9091532,5.6332276,,3,99.0
923038725,50.911872,5.623037,,4,105.0
923099133,50.9249482,5.6473376,,1,59.0
923099244,50.9099726,5.621019,,4,104.0
923099255,50.9085663,5.6225383,,3,104.0
923099291,50.9088052,5.6228506,,4,104.0
923099348,50.9274333,5.6319195,,4,75.0
923099355,50.9272205,5.6277414,,4,92.0
937818967,50.8557937,5.6424135,,3,75.0
937826875,50.856385,5.6418106,,3,65.0
938900857,50.9273696,5.6318939,,1,75.0
951622483,50.8973642,5.6458403,,3,65.0
951622488,50.8972545,5.6458963,,3,65.0
951622502,50.8971754,5.645621,,3,67.0
951622508,50.8973832,5.6456296,,3,67.0
1364185452,50.862194,5.6346582,,3,75.0
1364185465,50.8619979,5.627309,,3,73.0
1364185488,50.8601713,5.6290984,,3,76.0
1364185495,50.8598991,5.6347391,,3,78.0
1369483733,50.8864286,5.6031048,,1,96.0
1374582394,50.9236778,5.706714,,3,43.0
1374588795,50.9233811,5.7049124,,3,44.0
1374588796,50.9226586,5.7041229,,1,44.0
1376471013,50.881741,5.6273124,,3,67.0
1376471020,50.8793631,5.6128385,,3,69.0
1376471029,50.8812345,5.6249858,,3,49.0
1376471042,50.8790158,5.6089406,,3,53.0
1377979834,50.9230423,5.7030751,,1,46.0
1391342335,50.8463051,5.6389281,,3,56.0
1391364043,50.8425592,5.6393017,,3,74.0
1391387449,50.8541224,5.6397178,,3,71.0
1391387466,50.8539594,5.6398572,,1,71.0
1391387626,50.85264,5.6412851,,1,71.0
1391456601,50.8588893,5.6406909,,1,74.0
1391456627,50.8593451,5.6407609,,4,74.0
1391456634,50.8598357,5.6408867,,1,74.0
1394407833,50.9179716,5.6427226,,4,61.0
1394407843,50.9158999,5.6429423,,3,64.0
1435412572,50.8606806,5.6148405,,3,73.0
1435412580,50.8608436,5.6135466,,3,75.0
1435412582,50.8608543,5.6142251,,3,75.0
1435412601,50.8616261,5.6253005,,3,71.0
1435412639,50.863371,5.6302753,turning_circle,1,70.0
1435412640,50.8633633,5.6281207,,5,70.0
1435412649,50.8635393,5.628707,,3,70.0
1435412676,50.866027,5.6354489,,3,74.0
1435412703,50.8676894,5.6308027,,3,77.0
1435412707,50.8686306,5.6312824,,3,78.0
1435412712,50.8690501,5.6297293,,1,81.0
1435412718,50.8691409,5.630649,,3,81.0
1435412728,50.8694125,5.6306743,,1,81.0
1435412729,50.8696983,5.6320124,,3,80.0
1435412735,50.8703068,5.6272286,,3,81.0
1435412737,50.8703226,5.6304086,,3,81.0
1435412739,50.8707536,5.6308311,,3,81.0
1435412745,50.8710659,5.6311493,,1,81.0
1435412753,50.8711354,5.6298487,,3,81.0
1435412754,50.8711848,5.6281267,,3,82.0
1435412755,50.8713362,5.629346,,3,81.0
1435412760,50.8715979,5.6270873,,3,82.0
1435412772,50.8719857,5.6274513,,3,82.0
1435412778,50.8728265,5.6256266,,4,82.0
1435417184,50.8698402,5.6370248,,3,78.0
1435417188,50.8703126,5.6343771,,3,79.0
1435417196,50.870955,5.6327218,,3,82.0
1435417211,50.8750722,5.6310205,,3,73.0
1435417213,50.8751189,5.63036,,3,73.0
1435417215,50.8751901,5.6269151,,4,78.0
1435417233,50.8764124,5.6371714,,3,70.0
1435417238,50.8768085,5.6278079,,3,77.0
1435417241,50.8768409,5.6278293,,3,77.0
1435417350,50.8768841,5.6230054,,3,80.0
1435417363,50.8783206,5.6212136,,3,78.0
1435417384,50.8796855,5.6260224,,3,49.0
1435418032,50.87349,5.6147315,,3,83.0
1435420664,50.8514592,5.634646,,3,93.0
1435420667,50.8515526,5.6354562,,3,57.0
1435420684,50.8529373,5.6270311,,3,84.0
1435420694,50.856237,5.6363352,,3,71.0
1435420701,50.8587077,5.6276515,,3,76.0
1435420702,50.859306,5.6268899,,3,75.0
1435420703,50.8742621,5.6350946,,4,78.0
1435420707,50.8771855,5.6267976,,1,73.0
1435428589,50.8690994,5.6376261,,1,68.0
1477629785,50.9016673,5.659656,,3,53.0
1477629790,50.901881,5.6576901,,3,53.0
1477629804,50.9021732,5.6582955,,3,51.0
1477629811,50.9021495,5.6582835,,3,51.0
1477629818,50.9025031,5.6569928,,3,51.0
1477629828,50.9028798,5.6578197,,3,51.0
1477629833,50.9036568,5.6572771,crossing,4,51.0
1477629838,50.9038109,5.6571153,,4,51.0
1477629840,50.9039394,5.6569731,,4,51.0
1477629845,50.9062205,5.6511991,,4,58.0
1477629849,50.9067591,5.6401091,,4,72.0
1477629854,50.9079472,5.6493637,,3,62.0
1477629855,50.9083526,5.6497775,,3,61.0
1477629859,50.9086477,5.6416894,,4,69.0
1477629868,50.9102657,5.6459299,,3,61.0
1477629873,50.9110132,5.6476148,,4,60.0
1477629886,50.9127407,5.6244149,,4,104.0
1477629891,50.9137553,5.6257889,,3,102.0
1477629892,50.9139087,5.63459,,3,101.0
1477629899,50.9148406,5.6325492,,3,100.0
1477629903,50.9156072,5.6163205,,3,101.0
1477629906,50.9158798,5.6303621,,3,104.0
1477629931,50.9170598,5.6325292,,3,95.0
1477629932,50.9178908,5.6195504,,1,89.0
1477629934,50.9203194,5.6160143,,3,102.0
1477629973,50.923347,5.6266514,,3,97.0
1477629975,50.923955,5.626997,,3,97.0
1477629976,50.9238417,5.626396,,3,97.0
1477629989,50.9263857,5.6279752,,3,88.0
1477629990,50.9268394,5.6173139,,3,105.0
1477629991,50.9269024,5.6170938,,4,105.0
1477629992,50.9273812,5.6308716,,1,86.0
1477629994,50.9274652,5.6174025,,3,99.0
1477629996,50.9274498,5.6308628,,4,86.0
1477630003,50.9279976,5.6182307,,3,99.0
1477630010,50.9286076,5.6313189,,3,75.0
1477630012,50.9287318,5.6170908,,3,99.0
1477630022,50.9290761,5.6144739,,3,103.0
1477630023,50.9294195,5.629177,,3,98.0
1477630028,50.9297213,5.640538,,3,63.0
1477630048,50.9307753,5.6197334,,3,90.0
1477630078,50.9331132,5.6329632,,3,86.0
1477630101,50.9342469,5.6436623,,3,54.0
1477630108,50.9341333,5.6200965,,3,92.0
1477630119,50.9345009,5.623445,,3,83.0
1477630122,50.9360391,5.6317143,,3,83.0
1477630150,50.9384054,5.6362117,,3,77.0
1477630153,50.9387088,5.6324394,,3,102.0
1477744622,50.8820641,5.639783,,1,73.0
1477744689,50.8831041,5.6050091,,3,84.0
1477744690,50.8831262,5.6056429,,3,84.0
1477744693,50.8832748,5.6056395,,3,84.0
1477744777,50.8849018,5.6403186,,4,68.0
1477744778,50.8849079,5.639842,,1,68.0
1477744792,50.8852829,5.6550777,,1,59.0
1477744797,50.8853014,5.6408601,,3,68.0
1477744799,50.8852996,5.6412422,,3,68.0
1477744902,50.9194948,5.6087226,,3,95.0
1477744911,50.9196418,5.608992,,3,95.0
1495551257,50.897969,5.6436945,,3,66.0
1495551267,50.8920729,5.6573035,,3,55.0
1495551289,50.8971764,5.6458081,,3,67.0
1495551312,50.9318366,5.689311,,3,40.0
1496540414,50.8825242,5.6346347,,3,71.0
1496610519,50.889358,5.6698629,turning_circle,1,57.0
1497173817,50.8395333,5.625873,,3,92.0
1521284486,50.913276,5.6316088,,3,105.0
1521284500,50.9139466,5.6291275,,4,105.0
1521284509,50.9138642,5.6172536,,4,107.0
1521284522,50.9160861,5.6300842,,3,104.0
1521284525,50.9164318,5.6289552,,3,105.0
1521284531,50.9186396,5.6349566,,1,79.0
1521284532,50.9198171,5.6368978,,3,65.0
1521284533,50.9131668,5.6191381,,4,108.0
1521284551,50.9219617,5.6408561,,4,61.0
1521284555,50.919809,5.6319058,,3,81.0
1521284565,50.9124407,5.6210575,,4,106.0
1521284608,50.9194446,5.6292165,,3,81.0
1521284613,50.9106576,5.6217638,,4,106.0
1521288539,50.9101704,5.6248464,,3,106.0
1521313546,50.9102072,5.6278002,,3,97.0
1521313582,50.9102094,5.6280596,,3,97.0
1521313586,50.9102801,5.6281039,,3,97.0
1523017458,50.920191,5.6195363,,3,96.0
1523017466,50.9233288,5.650724,,3,55.0
1523017472,50.9207034,5.6572194,,3,56.0
1523017475,50.9200394,5.6593414,,3,59.0
1523017498,50.9150587,5.6242121,,3,97.0
1557709747,50.9196064,5.6088985,,4,95.0
1587267894,50.9171433,5.6113618,,1,100.0
1621369134,50.8895503,5.651961,,3,66.0
1621374024,50.890969,5.651893,,3,63.0
1621374026,50.8914566,5.6515155,,3,63.0
1621401439,50.8871532,5.6456554,,3,68.0
1640542795,50.8635287,5.6250591,,4,70.0
1640542838,50.8642307,5.6339929,,3,71.0
1690266669,50.8836097,5.6747839,,3,56.0
1690266673,50.8836319,5.674992,,3,56.0
1690266676,50.8838983,5.6747987,,3,56.0
1690266682,50.8841258,5.6745753,,3,56.0
1690266685,50.8841613,5.6747802,,3,56.0
1707791272,50.8913744,5.6512901,,3,63.0
1707796549,50.8919578,5.6507456,,3,60.0
1707796555,50.8948159,5.6495526,,3,63.0
1707796562,50.8919834,5.6507968,,3,60.0
1707796563,50.8917618,5.6481421,,3,62.0
1707796564,50.8924812,5.6502856,,3,60.0
1707796575,50.8944226,5.6487871,,3,63.0
1723979392,50.941998,5.6281079,,4,103.0
1723979396,50.9395111,5.6295458,,3,101.0
1723979400,50.9406044,5.6296261,,4,77.0
1723979401,50.9380806,5.629531,,3,101.0
1749601150,50.9102776,5.6277529,,3,97.0
1766486988,50.8902338,5.6736303,,3,51.0
1778262255,50.8395539,5.6254619,,3,92.0
1778273225,50.8701695,5.6248636,,4,81.0
1778273229,50.8701694,5.6249603,,3,81.0
1778273233,50.870733,5.6249618,,3,81.0
1778273237,50.8703375,5.6241884,,3,81.0
1778273238,50.8700186,5.6248538,,3,81.0
1778273244,50.8702655,5.6248711,,4,81.0
1778273245,50.8698538,5.62485,crossing,4,81.0
1778273247,50.8702645,5.624962,,3,81.0
1911630494,50.8710461,5.6379595,,3,76.0
1944495564,50.927434,5.6878949,,3,41.0
1944495568,50.9275288,5.6875257,,3,41.0
1966476226,50.9105488,5.6267911,,3,107.0
1966476228,50.9106993,5.6267817,,3,107.0
1966476231,50.9108606,5.626849,,3,107.0
1966476235,50.9115796,5.6288418,,1,108.0
1966476238,50.911833,5.627838,,1,108.0
1966476240,50.9123469,5.6281513,,4,108.0
1966476243,50.9134033,5.6220143,,4,107.0
1966476260,50.9183929,5.6319312,,3,95.0
1966476261,50.9183376,5.6307851,,3,98.0
1966476272,50.9188476,5.631846,,3,81.0
2020227841,50.924269,5.6468012,,3,59.0
2033020066,50.8758341,5.6245503,,3,80.0
2033078622,50.8762123,5.6101373,,3,80.0
2048989896,50.8607386,5.6077318,,3,77.0
2048989900,50.8611111,5.6079138,,1,77.0
2078977778,50.8881749,5.6267179,turning_circle,1,72.0
2078977782,50.8891528,5.6422356,,3,64.0
2078977787,50.8921342,5.6305159,,1,68.0
2078977791,50.8895459,5.6398874,,3,67.0
2078977793,50.8912644,5.6376181,,3,65.0
2078977798,50.8877937,5.6265513,,3,72.0
2078977801,50.8912459,5.6341101,,3,66.0
2079037650,50.9141425,5.6261232,,3,102.0
2079037652,50.9158692,5.6304728,,3,104.0
2079037659,50.9022045,5.6589339,,3,54.0
2079037660,50.9110831,5.6259519,,4,107.0
2079037663,50.9153265,5.6443193,,3,61.0
2079037665,50.8891913,5.6574977,,3,58.0
2079037672,50.8890992,5.6578787,,3,58.0
2079037681,50.9105796,5.6278686,,3,108.0
2079037682,50.9166825,5.6457415,,3,57.0
2086398743,50.9032449,5.6360857,,4,69.0
2188660582,50.8886075,5.6553898,,3,59.0
2188660589,50.8895489,5.656127,,3,59.0
2189700481,50.8878074,5.6514276,,3,66.0
2189700489,50.8893502,5.6514567,,3,66.0
2189700531,50.8897277,5.6520381,,3,63.0
2190877733,50.8572261,5.6251253,,3,78.0
2190878261,50.8889274,5.6558263,,3,59.0
2190878269,50.8890251,5.6559241,,3,59.0
2190878271,50.8891035,5.6559959,,3,59.0
2190878278,50.8891957,5.6560764,,3,59.0
2190878280,50.8892044,5.6558302,,3,59.0
2190878283,50.8892817,5.6558976,,3,59.0
2190878285,50.889371,5.6559846,,3,59.0
2190878287,50.8894627,5.656064,,3,59.0
2193455897,50.8947964,5.5792238,,3,73.0
2193455902,50.8961852,5.582409,,3,73.0
2193455904,50.8963144,5.5848125,,3,82.0
2193455908,50.8968438,5.5871421,,3,92.0
2193472033,50.8902726,5.5966686,,4,100.0
2193472035,50.8902775,5.5985259,,3,99.0
2193472041,50.8908882,5.5936723,,5,102.0
2193472048,50.8912039,5.5845537,,3,87.0
2193472063,50.89198,5.5881231,,4,97.0
2193472064,50.8919629,5.5920198,,3,98.0
2193472066,50.8921818,5.5875486,,3,97.0
2193472071,50.8923174,5.5904708,,3,93.0
2193472074,50.8923499,5.5880447,,4,97.0
2193472078,50.8925315,5.6003938,,3,102.0
2193472085,50.8931477,5.5928975,,3,98.0
2193472088,50.8938087,5.5985495,,3,105.0
2193472091,50.8937699,5.5955696,,3,90.0
2193472095,50.893983,5.5978155,,3,101.0
2193472102,50.8943302,5.595813,,4,90.0
2193472106,50.8952946,5.5964604,,4,101.0
2193472114,50.8972429,5.5945008,,3,95.0
2204882021,50.891376,5.6555533,crossing,3,61.0
2204882029,50.8964904,5.6727318,,3,53.0
2204882043,50.9006927,5.6776786,,3,50.0
2204882044,50.9014781,5.6779413,,3,50.0
2204882046,50.9016305,5.6779945,,3,50.0
2204882048,50.902747,5.6791312,,3,50.0
2204882050,50.9027896,5.6785707,,4,50.0
2204882053,50.9028815,5.6784618,,4,50.0
2204882060,50.9070287,5.6800104,crossing,4,49.0
2204882061,50.907032,5.6801381,crossing,4,49.0
2204882063,50.9088803,5.6807062,,4,47.0
2204882065,50.9108282,5.6813809,,5,45.0
2204882066,50.9139031,5.6825666,,4,48.0
2204882081,50.9185675,5.6844363,,4,43.0
2204882085,50.9185868,5.6843134,,3,43.0
2204882095,50.9203807,5.6849779,,3,45.0
2204882099,50.9236347,5.686277,crossing,4,44.0
2204882100,50.9236472,5.6861924,crossing,4,44.0
2204882102,50.9237701,5.6864361,crossing,4,44.0
2204882104,50.9239528,5.6861891,crossing,4,44.0
2204882105,50.9240757,5.6864417,crossing,4,44.0
2204882106,50.9240892,5.6863565,crossing,4,44.0
2204882112,50.9262377,5.6872753,,3,44.0
2204882115,50.9263201,5.6876016,,3,42.0
2204882116,50.926326,5.6873075,crossing,4,44.0
2204882117,50.9263393,5.6872168,crossing,4,44.0
2204882125,50.9277398,5.6864079,,3,42.0
2216214982,50.8809808,5.6491816,,3,61.0
2216215530,50.8851158,5.6734143,,3,56.0
2216215552,50.8854767,5.6734626,,3,56.0
2216215553,50.8854876,5.6730376,,3,56.0
2216215592,50.8858686,5.6667279,,3,59.0
2216215626,50.8864603,5.6710024,,4,58.0
2216259000,50.8836098,5.6784012,,3,49.0
2216259074,50.88477,5.6788985,,3,49.0
2216327978,50.877525,5.6552079,,3,63.0
2216509436,50.8826009,5.6269292,,3,69.0
2216509659,50.8844897,5.6247331,,1,67.0
2216510362,50.8869518,5.6483837,,3,67.0
2218204057,50.9108074,5.6819856,,3,45.0
2218204061,50.9108051,5.6817417,crossing,4,45.0
2218204066,50.9108867,5.6817681,crossing,4,45.0
2218204067,50.9109082,5.6815731,,4,45.0
2218316852,50.8956405,5.667423,,3,51.0
2218316885,50.8981193,5.6749615,,3,51.0
2218316978,50.9016406,5.6776802,,3,50.0
2218317321,50.9056426,5.6796485,,4,46.0
2218317341,50.9056371,5.6798615,crossing,4,46.0
2218317352,50.9056738,5.6794826,,4,46.0
2218317367,50.9057269,5.679891,crossing,4,46.0
2218317371,50.905729,5.679283,crossing,4,46.0
2218317404,50.9057971,5.6795257,,4,46.0
2218317407,50.905817,5.6793189,crossing,4,46.0
2218604155,50.9201344,5.6898336,,1,42.0
2218604211,50.9203499,5.6901458,,3,42.0
2218604213,50.9203567,5.6913261,,1,42.0
2218604376,50.9209098,5.6900442,,3,43.0
2218604697,50.925946,5.669533,,3,47.0
2218605018,50.9297466,5.6773458,,1,47.0
2218640602,50.9231598,5.6908105,,3,41.0
2218890174,50.9245137,5.7038796,,3,46.0
2218891418,50.9306693,5.6915528,,3,39.0
2222060043,50.9281064,5.7006894,,3,41.0
2222060064,50.9286364,5.7116961,,3,42.0
2223525864,50.886656,5.5979279,,3,97.0
2223525870,50.8871374,5.5906621,,3,92.0
2223525875,50.8872279,5.5917591,,4,92.0
2223525876,50.8872248,5.5898541,,3,92.0
2223525881,50.8872788,5.5899619,,3,92.0
2223525885,50.8874019,5.5934187,,3,92.0
2223525900,50.8907648,5.5966613,,1,100.0
2247295923,50.8873046,5.5892636,,3,91.0
2247295928,50.8874628,5.5892679,,4,91.0
2247645010,50.8551084,5.6363794,,3,71.0
2247645013,50.8482063,5.6278188,,3,83.0
2247645015,50.8478869,5.626922,,3,75.0
2254574061,50.8375017,5.63403,,3,90.0
2256111720,50.8923592,5.5977682,,3,96.0
2256111722,50.8924184,5.5986955,,3,99.0
2256111723,50.8924928,5.597854,,3,96.0
2268506816,50.8881369,5.6623949,,1,55.0
2278522657,50.8501034,5.6360076,,3,57.0
2278522660,50.8497711,5.6356861,,1,55.0
2292340714,50.909511,5.6899711,,3,45.0
2292340720,50.9102456,5.6918393,,3,44.0
2292340745,50.9370858,5.66362,,1,50.0
2300320241,50.9381356,5.6361131,,3,77.0
2302432054,50.9239867,5.6573972,,3,54.0
2302432090,50.9263511,5.642588,,3,60.0
2302432093,50.926432,5.6211881,,3,101.0
2302432101,50.9266771,5.6392194,,3,58.0
2302432104,50.9267166,5.6212516,,3,101.0
2302432143,50.9268759,5.6210701,,3,101.0
2302432157,50.9269638,5.6394996,,3,58.0
2302432289,50.9276054,5.6373943,,3,64.0
2312887561,50.9238865,5.6544015,,3,53.0
2312887565,50.9247254,5.6491426,crossing,4,59.0
2312887570,50.9253791,5.6510841,,3,53.0
2312887589,50.9265832,5.6516912,,3,53.0
2312887636,50.9275044,5.6471598,,3,54.0
2312887710,50.9286188,5.6463341,,4,54.0
2312887755,50.9305761,5.6616631,,3,51.0
2312887762,50.9312296,5.6584585,,3,49.0
2312887779,50.9336795,5.6464579,,3,49.0
2312887802,50.9404206,5.6387987,,3,76.0
2312887804,50.9407971,5.6392216,,3,76.0
2312961997,50.9294791,5.6132989,,3,98.0
2312962006,50.9308341,5.6158364,,4,97.0
2312962019,50.9318328,5.6078596,,4,103.0
2312962026,50.9321304,5.6135633,,3,96.0
2312962051,50.933821,5.6189425,,3,92.0
2312962053,50.9338463,5.6049333,,4,98.0
2312962061,50.9340411,5.6223384,,4,85.0
2312962075,50.9344948,5.6224273,,3,85.0
2312962112,50.9362481,5.6126155,,4,89.0
2312974824,50.9259999,5.6211309,,1,101.0
2312974841,50.9306721,5.6213529,,4,93.0
2312974843,50.9308964,5.6211478,,3,93.0
2312974845,50.9312919,5.6208796,,4,87.0
2312974847,50.9316116,5.6201978,,3,98.0
2312997194,50.9263669,5.6212197,,3,101.0
2313395656,50.9282743,5.6113235,,3,104.0
2313395665,50.9287968,5.6138462,,3,103.0
2313395674,50.9291124,5.6127457,,3,103.0
2313395693,50.9331306,5.6042757,,3,102.0
2313395716,50.9342731,5.606137,,3,98.0
2313628126,50.9001997,5.6542612,,1,54.0
2313628143,50.9053318,5.6518469,,1,58.0
2313628150,50.9073774,5.6382956,,3,71.0
2313628153,50.9089816,5.6375761,,1,79.0
2313628157,50.9091011,5.6399558,,3,78.0
2313628160,50.9095565,5.6381616,,3,79.0
2313628165,50.9101414,5.6295347,,3,101.0
2313628167,50.9135952,5.6153574,,3,106.0
2313628171,50.9170365,5.6126558,,3,106.0
2313628175,50.9171757,5.6114446,,4,100.0
2313628177,50.9172637,5.611782,,3,100.0
2317441031,50.9217892,5.6151596,,3,101.0
2317475615,50.9230662,5.6186944,,3,105.0
2317475619,50.9235833,5.6201252,,4,105.0
2317475623,50.9241992,5.6234984,,4,102.0
2317475625,50.9243326,5.6194486,,4,105.0
2317475627,50.9243415,5.6221901,,4,104.0
2317475628,50.9246575,5.6226938,,3,104.0
2317475630,50.9258141,5.6202727,,3,104.0
2317491966,50.9196512,5.6184479,,3,99.0
2317491971,50.9209388,5.6170593,,3,104.0
2317747942,50.9092979,5.6289132,,3,97.0
2317747965,50.9096515,5.6284113,,1,97.0
2317747966,50.9096666,5.6241241,,3,106.0
2317747968,50.9096693,5.6286466,,3,97.0
2317747969,50.909683,5.6288673,,3,97.0
2317747990,50.9102773,5.6275666,crossing,4,97.0
2317747993,50.9104444,5.6226317,,3,106.0
2317747994,50.9103882,5.6265767,,4,103.0
2317747998,50.9104069,5.6275665,,3,97.0
2317748005,50.9105469,5.6277205,,3,108.0
2317748010,50.9105917,5.6278179,,3,108.0
2317748020,50.9112339,5.6197969,,3,108.0
2317748022,50.9114224,5.618754,,3,108.0
2317748024,50.9116368,5.6238817,,3,105.0
2317748026,50.9124992,5.6253224,,3,107.0
2317750196,50.9064929,5.6182912,,4,105.0
2317750197,50.9074279,5.6202405,,4,108.0
2319048212,50.9036147,5.6433651,,3,65.0
2319048214,50.9040238,5.6470125,,3,63.0
2319048239,50.9048236,5.6451043,,3,68.0
2319048259,50.9053654,5.6484785,,3,62.0
2319048279,50.906214,5.6458594,,3,65.0
2319048297,50.9063282,5.6458364,,4,63.0
2319048318,50.9068341,5.6488078,,4,62.0
2319048332,50.9075412,5.6434278,,1,69.0
2319048337,50.9076078,5.645697,,4,66.0
2319048347,50.9079929,5.6365264,,3,78.0
2319048349,50.9080612,5.6439399,,3,66.0
2319048372,50.9100212,5.6446201,,1,62.0
2322461152,50.899231,5.6275333,,3,73.0
2322461153,50.8994494,5.6281057,,3,73.0
2322461155,50.8996785,5.6286608,,3,73.0
2322461157,50.9007807,5.6325987,,3,72.0
2322461184,50.9019565,5.622614,,4,85.0
2322461192,50.902122,5.6216748,,4,102.0
2322461233,50.9070286,5.6194327,,3,108.0
2322461238,50.9076568,5.6165434,,3,106.0
2322461241,50.9081594,5.6216939,,4,108.0
2322461244,50.9086056,5.6184332,,4,107.0
2322461255,50.9088904,5.6225277,,1,104.0
2322461257,50.9090048,5.6227207,,1,104.0
2322461262,50.9099671,5.6245126,,3,106.0
2322461266,50.9100329,5.6268839,,3,103.0
2322461267,50.9101159,5.6252079,,3,103.0
2322461271,50.9102281,5.6254951,,3,103.0
2322461272,50.910236,5.6265205,,3,103.0
2322525549,50.9097013,5.6336826,,3,92.0
2322525565,50.9116449,5.6306901,,4,110.0
2322525568,50.9120443,5.6345441,,3,102.0
2322525590,50.9140108,5.6525025,,4,57.0
2322525596,50.9154009,5.6504098,,3,58.0
2322525597,50.9157158,5.6516194,,3,58.0
2322525601,50.9171571,5.6509642,,4,56.0
2322525602,50.9173056,5.6442823,,4,57.0
2322525607,50.9185971,5.6457233,,3,57.0
2322525608,50.9187058,5.6478976,,3,57.0
2322525609,50.9200922,5.6493621,,3,59.0
2323734240,50.915987,5.6495755,,3,60.0
2323734241,50.9174694,5.6572542,,3,57.0
2323734244,50.9189676,5.6528835,,3,58.0
2323734247,50.9195352,5.6512056,,3,58.0
2323734250,50.9201392,5.6543713,,4,57.0
2323734262,50.9207372,5.6525288,,4,58.0
2323734263,50.9208581,5.646378,,3,61.0
2323734266,50.9212494,5.6507614,,3,57.0
2323734268,50.9213206,5.6714455,,3,49.0
2323734310,50.9238862,5.6537499,,3,56.0
2323734317,50.9260616,5.6697315,,1,47.0
2323753368,50.8939004,5.655631,,1,55.0
2323753408,50.895942,5.6578045,,1,52.0
2323753412,50.8973806,5.6540753,,3,56.0
2323753414,50.8977922,5.6551078,,3,53.0
2323753415,50.9004053,5.6565023,,3,53.0
2326351101,50.9265877,5.6212307,,3,101.0
2326351115,50.9270302,5.622089,,3,101.0
2326351121,50.9273091,5.6202823,,3,102.0
2326351126,50.9273522,5.6207846,,1,102.0
2326390954,50.9222277,5.6261233,,3,83.0
2326390974,50.9224399,5.6255921,,4,83.0
2326390988,50.9225736,5.6225616,,1,96.0
2326391007,50.9231323,5.6253629,,1,97.0
2326391038,50.9233601,5.6296757,,3,72.0
2326391053,50.9239451,5.6290157,,3,91.0
2326391059,50.925068,5.6219034,,3,101.0
2326442701,50.9273617,5.6295585,,3,86.0
2326444977,50.9282174,5.638322,,3,59.0
2326444980,50.9286198,5.6389845,,3,59.0
2326444992,50.9305507,5.6371548,,3,68.0
2327521528,50.9134358,5.6778674,,1,47.0
2327521530,50.9134787,5.6772966,,1,47.0
2327521531,50.9135459,5.6767178,,1,49.0
2327521534,50.9136713,5.6779628,,3,47.0
2327521537,50.9137275,5.6773818,,3,47.0
2327521538,50.9137388,5.6789494,,1,47.0
2327521540,50.9137999,5.6786393,,3,47.0
2327521541,50.9138097,5.6769771,,3,49.0
2327521544,50.9141109,5.6791241,,1,47.0
2327521548,50.9141731,5.6787845,,3,47.0
2327521551,50.9143129,5.6770708,,3,49.0
2327521552,50.914359,5.6772058,,3,47.0
2327521553,50.9144265,5.6765075,,3,49.0
2327521556,50.9144901,5.6792583,,1,49.0
2327521558,50.9145422,5.6789146,,3,47.0
2327521563,50.9148506,5.6775373,turning_circle,1,52.0
2327521565,50.9149566,5.6783011,,3,52.0
2327521569,50.9152662,5.6783424,,3,52.0
2327521572,50.9153879,5.6542539,,4,55.0
2327521573,50.9155041,5.6769109,,4,50.0
2327521575,50.915774,5.6767638,,3,50.0
2327521580,50.9161399,5.6728771,,3,48.0
2327521590,50.9165977,5.6750433,,3,50.0
2327521602,50.916904,5.6794412,,1,46.0
2327521603,50.9169181,5.6781817,,1,45.0
2327521610,50.917068,5.6787968,,1,45.0
2327521621,50.9173043,5.6659821,,1,51.0
2327521640,50.9175726,5.6783189,,3,45.0
2327521657,50.9180417,5.6754103,,3,47.0
2327521671,50.9182396,5.6791463,,1,45.0
2327521685,50.9184618,5.6750372,,1,47.0
2327521686,50.9184731,5.676326,,3,47.0
2327521711,50.919544,5.6747697,,3,47.0
2327521715,50.9196428,5.6556057,,4,57.0
2327521719,50.9199028,5.6588079,,3,59.0
2327521738,50.9212606,5.6558982,,3,56.0
2327521740,50.9214783,5.6499046,,3,58.0
2327521742,50.9222018,5.6539522,,3,58.0
2327521745,50.9237915,5.6487834,,3,59.0
2327521747,50.9245873,5.6491997,,1,59.0
2327577299,50.9140742,5.6565461,,4,56.0
2327577306,50.9143916,5.6827468,,3,48.0
2327577318,50.9145304,5.6828011,,3,48.0
2327577324,50.9145681,5.6825334,,3,48.0
2327577330,50.9148056,5.6552364,,3,55.0
2327577332,50.9150194,5.682684,,3,47.0
2327577335,50.9148609,5.6818421,,1,47.0
2327577345,50.9151298,5.6819408,,3,47.0
2327577355,50.9152353,5.6652164,,3,51.0
2327577394,50.9160028,5.6623733,,3,56.0
2327577408,50.9164614,5.6600925,,3,54.0
2327577412,50.9165197,5.6778354,,1,52.0
2327577418,50.9165835,5.6601939,,4,54.0
2327577427,50.9168274,5.6686375,,3,51.0
2327577430,50.9169969,5.6586789,,3,60.0
2327577442,50.9171064,5.6762096,,3,47.0
2327577444,50.9171137,5.6630042,,4,57.0
2327577454,50.9173999,5.6764316,,3,47.0
2327577460,50.9181182,5.6639454,,3,57.0
2327577462,50.9176814,5.6612871,,4,60.0
2327577478,50.9181392,5.6726751,,3,46.0
2327577512,50.9193105,5.6743139,,3,47.0
2327577514,50.9193131,5.66777,,3,51.0
2327577518,50.9194309,5.6681015,,4,51.0
2327577549,50.9199151,5.6673843,,3,51.0
2327631972,50.9145588,5.6671696,,3,53.0
2327690516,50.9106455,5.6574854,,1,56.0
2327690520,50.9116342,5.649453,,3,60.0
2327690522,50.9120691,5.6554045,,4,61.0
2327690529,50.9128721,5.6510149,,3,57.0
2327690531,50.9127078,5.6544283,,3,55.0
2327690542,50.9135031,5.6532665,,3,57.0
2327690550,50.9132764,5.6578557,,4,56.0
2327690569,50.9150953,5.6556815,,3,55.0
2327690588,50.915911,5.6593201,,3,54.0
2327690593,50.9164348,5.6523159,,3,58.0
2327690606,50.9183753,5.6545238,,3,57.0
2327690608,50.9221202,5.6476467,,3,61.0
2327707827,50.9099553,5.6511834,,3,65.0
2327707828,50.9101038,5.6459415,,3,61.0
2327707835,50.9114791,5.6496373,,3,60.0
2327707840,50.912463,5.643775,,3,64.0
2327707848,50.9137998,5.6459477,,3,57.0
2327707849,50.913562,5.6499289,,1,59.0
2327707851,50.9146223,5.6464331,,3,61.0
2327707853,50.9150655,5.6459608,,3,61.0
2327707856,50.9164599,5.6488821,,3,60.0
2327715972,50.9073335,5.6468086,,3,63.0
2327715973,50.9076944,5.6496683,,3,62.0
2327731684,50.897514,5.6668484,,3,52.0
2327731691,50.8979197,5.6666015,,4,55.0
2333044692,50.8424942,5.6253999,,3,84.0
2333289082,50.8638387,5.6209369,,3,72.0
2334256033,50.8590937,5.6261264,turning_circle,1,75.0
2334256259,50.8761548,5.6403825,,3,62.0
2334504751,50.8630572,5.6270253,,3,70.0
2340978790,50.8982214,5.6232811,,3,77.0
2340978798,50.8979884,5.6235511,,3,77.0
2340997363,50.8921685,5.6369538,,3,68.0
2340997367,50.8911656,5.6358026,,3,67.0
2341003575,50.8905725,5.648205,crossing,3,60.0
2341003578,50.8936337,5.6449083,,3,63.0
2341003590,50.8940292,5.6456568,,3,64.0
2341014714,50.8943244,5.6332228,,1,68.0
2341014718,50.8938151,5.6362378,,1,66.0
2341014719,50.8944168,5.6361073,,3,66.0
2341014721,50.8942281,5.635239,,3,67.0
2341014722,50.8939287,5.6348297,,3,67.0
2341014723,50.8937782,5.6344104,,3,67.0
2341014725,50.893621,5.6335053,,3,66.0
2341014728,50.8944499,5.6336079,,3,67.0
2341014730,50.8950586,5.6358811,,3,66.0
2341014733,50.894454,5.6358504,,3,66.0
2341014739,50.8956262,5.6361924,,3,66.0
2341014743,50.8945662,5.6345507,,3,67.0
2341014746,50.8936185,5.6356473,,3,68.0
2341014748,50.8948917,5.6354042,,3,67.0
2341014752,50.8955721,5.6347107,,3,67.0
2341014755,50.8946711,5.6367099,,3,66.0
2341014757,50.8959263,5.6368277,,3,64.0
2341014762,50.8941065,5.6330639,,3,68.0
2341014771,50.895006,5.6352878,,3,67.0
2341014773,50.8954617,5.6373709,,3,66.0
2341014774,50.893678,5.6362512,,1,68.0
2341014775,50.8959635,5.63589,,3,64.0
2341014777,50.8938509,5.6341504,,3,67.0
2341014778,50.8938218,5.6366643,,3,66.0
2341024691,50.8958618,5.6518234,,3,60.0
2341024695,50.8957855,5.652509,,3,55.0
2341030678,50.895851,5.6482985,,1,63.0
2341035746,50.8936613,5.6618647,,3,53.0
2356698863,50.9380035,5.6209317,,3,91.0
2356698866,50.9380825,5.6222558,,3,91.0
2356698891,50.9389873,5.6243535,,3,83.0
2356698910,50.9394488,5.6565943,,3,54.0
2356698918,50.9395725,5.6259706,,3,90.0
2356698920,50.9396646,5.655241,,4,57.0
2356698924,50.9397632,5.621899,,4,102.0
2356698943,50.9400576,5.6200751,,3,104.0
2356698957,50.9403144,5.6519199,,3,58.0
2356698958,50.94037,5.620932,,3,102.0
2356698966,50.9407372,5.6246268,,3,99.0
2356698972,50.9408578,5.6493317,,3,56.0
2356698974,50.940924,5.625128,,3,95.0
2357757300,50.9301306,5.6145048,,3,98.0
2357757301,50.9328921,5.6111545,,4,99.0
2357757328,50.9415559,5.6242454,,4,99.0
2357833482,50.9358236,5.608263,,3,101.0
2357833483,50.9362907,5.6133801,,3,89.0
2357833484,50.9364544,5.6148435,,3,90.0
2357833503,50.9394689,5.6289926,,3,99.0
2404222675,50.8915055,5.6099457,,3,98.0
2404222676,50.891559,5.6084794,,3,98.0
2404222678,50.8915314,5.6078064,,3,99.0
2404222688,50.8921861,5.6123326,,3,102.0
2404222697,50.8932115,5.6175667,,3,78.0
2407253635,50.8996363,5.5876024,,4,86.0
2407298719,50.8924965,5.5882648,,3,97.0
2407298721,50.8887072,5.5936072,,4,101.0
2407298738,50.8925552,5.5880046,,3,97.0
2407298745,50.8892351,5.5958067,,3,101.0
2407298747,50.8876413,5.5915205,,4,98.0
2407298749,50.8893129,5.595921,,3,97.0
2407298751,50.8975958,5.5870509,,4,92.0
2407298779,50.8949563,5.5887868,,3,91.0
2407298782,50.8987319,5.5896524,,3,80.0
2407298787,50.897059,5.5891006,,3,90.0
2407298809,50.8987834,5.5898311,,3,80.0
2407298838,50.8881103,5.5913531,,3,98.0
2419019808,50.923434,5.7069811,,1,43.0
2422283543,50.9364561,5.6635946,,3,50.0
2423480273,50.8979044,5.6440317,,3,67.0
2423480279,50.9036012,5.6327453,,3,71.0
2423480290,50.9042883,5.6341234,,3,69.0
2423480292,50.904387,5.6175135,,3,111.0
2423480295,50.9045874,5.6336648,,3,69.0
2423480303,50.9047338,5.6339032,,3,69.0
2423480307,50.9050607,5.6186517,,4,111.0
2423480313,50.9056198,5.6325548,,3,73.0
2423480315,50.9057133,5.616716,,4,111.0
2423480335,50.9061019,5.6312237,,1,68.0
2423480338,50.9061854,5.620605,,4,111.0
2423978890,50.9229328,5.659856,,3,56.0
2423978891,50.9234089,5.6618639,,4,56.0
2423978892,50.9238679,5.6638136,,4,56.0
2423978893,50.9246451,5.6672186,,3,55.0
2423978899,50.9292926,5.624485,,4,96.0
2423978901,50.9293906,5.6279859,,3,99.0
2423978907,50.9388849,5.6593626,,3,55.0
2429376289,50.9220498,5.7050534,,3,42.0
2459304276,50.8797795,5.6227485,,3,52.0
2465904688,50.93271,5.6653987,,1,47.0
2465911410,50.8927969,5.6779307,,4,48.0
2465911427,50.8976239,5.6810721,,3,48.0
2468616448,50.9336999,5.664818,,1,47.0
2476795716,50.9181556,5.7234477,,3,42.0
2476795735,50.9121353,5.716656,,3,43.0
2510002179,50.9099061,5.6272905,,3,97.0
2510002190,50.9099436,5.627458,,3,97.0
2510002191,50.9099464,5.6273536,,3,97.0
2510002197,50.9099821,5.6272165,,3,97.0
2510002205,50.9100329,5.6274065,,3,97.0
2510002220,50.9101623,5.6269042,,3,103.0
2510002224,50.9102183,5.6274875,,1,97.0
2510002225,50.9102189,5.6271759,,1,97.0
2510002227,50.9102385,5.6249837,,3,106.0
2510002228,50.9102451,5.6275658,,3,97.0
2534660799,50.8906219,5.6538443,,1,61.0
2534660814,50.8911483,5.6588652,,3,53.0
2534660845,50.89178,5.6568853,,1,55.0
2534660851,50.8918082,5.6574802,crossing,4,55.0
2534660855,50.8918262,5.6568411,crossing,4,55.0
2534660860,50.8918592,5.6575361,crossing,4,55.0
2534660864,50.8918811,5.6567884,crossing,4,55.0
2534660874,50.8919558,5.6569932,,3,55.0
2534660887,50.8920777,5.6575712,crossing,4,55.0
2534660891,50.8921351,5.6575227,crossing,4,55.0
2534660911,50.892264,5.6565153,,3,55.0
2534660917,50.8922583,5.6580154,,3,55.0
2576245766,50.8846207,5.6050806,,3,96.0
2576245767,50.8843231,5.6055689,,1,96.0
2600552793,50.8893202,5.5884349,,3,90.0
2600593131,50.8845918,5.6272938,,1,66.0
2600593134,50.8861911,5.6327283,,1,70.0
2600652533,50.8818465,5.6276754,,1,67.0
2600699227,50.882164,5.6009312,,1,85.0
2600699228,50.8825226,5.5993424,,1,84.0
2600699234,50.8828679,5.6007108,,3,85.0
2600699235,50.8828854,5.605657,,1,84.0
2600699241,50.885501,5.6034734,,1,96.0
2600699242,50.8915427,5.6040801,,4,97.0
2600699243,50.8923526,5.604142,,1,105.0
2600699244,50.8924738,5.6102741,,3,104.0
2600699248,50.8929213,5.612775,,3,90.0
2600699249,50.8930542,5.6344379,,1,66.0
2600699250,50.893173,5.6348026,,4,66.0
2600699254,50.8937451,5.6101791,,4,104.0
2600699264,50.895975,5.6101314,,3,112.0
2600699267,50.8962046,5.6346221,,1,64.0
2600699269,50.8975011,5.6173639,,4,89.0
2600699275,50.8984545,5.6151153,,3,103.0
2600699277,50.900449,5.6203793,,3,96.0
2600699286,50.9028828,5.6166475,,1,112.0
2600699288,50.9029998,5.6184094,,3,111.0
2600699289,50.9033864,5.618158,,3,111.0
2600699290,50.903776,5.6178719,,3,111.0
2600705497,50.885728,5.6077336,,3,100.0
2600705498,50.8858116,5.6084258,,1,97.0
2600705499,50.8858363,5.607574,,3,100.0
2600705500,50.8859373,5.6073825,,3,100.0
2600705501,50.8859939,5.6071404,,3,100.0
2600705502,50.8867945,5.6114555,,3,94.0
2627452360,50.925685,5.6994914,,3,42.0
2672284295,50.9376802,5.6609371,,3,52.0
2704867211,50.8604223,5.6160502,,3,73.0
2718128666,50.8811737,5.6763385,,1,49.0
2718128675,50.8834249,5.6719781,,4,55.0
2718128677,50.8837156,5.6713531,,1,55.0
2718128678,50.8837175,5.6719006,crossing,3,55.0
2718218198,50.9143815,5.6828479,,4,48.0
2724323963,50.9232573,5.6666778,,3,55.0
2724323972,50.9267821,5.6680059,crossing,3,52.0
2724323974,50.9269944,5.6861762,,3,44.0
2724323983,50.9271101,5.6848234,,3,44.0
2800121235,50.8842782,5.6529481,,3,64.0
2800121238,50.8851737,5.6547801,,1,59.0
2800121243,50.886081,5.6537348,,1,63.0
2800121260,50.8868872,5.6524869,turning_circle,4,63.0
2800121262,50.8872303,5.6519694,,3,66.0
2800121263,50.887476,5.6572278,,3,60.0
2800121264,50.8875867,5.6581265,,3,58.0
2800121268,50.8877093,5.6577992,,1,58.0
2800121274,50.8881597,5.6496438,,3,67.0
2802134328,50.8702145,5.6419261,,3,62.0
2802134358,50.8777863,5.6454291,,1,52.0
2802268913,50.843025,5.6418592,,3,89.0
2812440549,50.9025673,5.6571321,,4,51.0
2854004585,50.9402799,5.6287461,,3,87.0
2854087499,50.919983,5.6084705,,1,95.0
2854095922,50.9313617,5.6069129,,4,103.0
2861085223,50.9068455,5.6160439,,3,106.0
2861085231,50.9098536,5.6143656,,3,106.0
2861085234,50.9135305,5.6122125,,3,102.0
2910565876,50.9320863,5.6541819,,3,49.0
2910565882,50.9260954,5.6654598,,3,50.0
2910565884,50.9011208,5.6779549,,4,50.0
2910565886,50.9001941,5.6802356,,3,51.0
3008577564,50.8913016,5.6468006,,3,61.0
3008577566,50.8912253,5.6461106,,3,61.0
3008598506,50.891464,5.6474344,,3,61.0
3008598507,50.8925763,5.646424,,3,62.0
3008598508,50.8923776,5.6459595,,3,62.0
3008604771,50.8905346,5.6424979,,3,66.0
3008604774,50.8904954,5.6410094,,3,66.0
3008604778,50.8913028,5.6387494,,3,65.0
3013375454,50.8976785,5.6774421,,3,49.0
3013375458,50.9011583,5.6826236,,3,51.0
3013375463,50.9053472,5.687446,,3,45.0
3013421040,50.9211382,5.7044885,,3,42.0
3013421043,50.9214147,5.7037336,,3,44.0
3013421046,50.9237004,5.7065998,,3,43.0
3013421070,50.9286781,5.7016643,,1,41.0
3013421100,50.9339093,5.7078218,,1,39.0
3018703044,50.8809543,5.6756724,,3,49.0
3018703055,50.8811568,5.6752412,,1,49.0
3018719184,50.8845261,5.6428459,,3,69.0
3018719190,50.8850995,5.6425779,,1,69.0
3044708300,50.9334443,5.6042077,,4,98.0
3100775546,50.9245618,5.7044364,,1,44.0
3100831844,50.9311264,5.7046358,,1,39.0
3100834537,50.9254062,5.7049313,,3,43.0
3186375669,50.8960852,5.593225,,3,82.0
3186375695,50.9059639,5.6172526,,3,111.0
3186375707,50.9054528,5.6217368,,3,107.0
3186375716,50.9054661,5.625353,,3,88.0
3186375721,50.9033321,5.6231443,,3,96.0
3186375726,50.9048914,5.620763,,4,111.0
3186375733,50.9012932,5.620333,,3,96.0
3229279213,50.9275313,5.6672101,,4,49.0
3229279214,50.9275644,5.6678307,,3,49.0
3229279215,50.9277423,5.6671865,,3,49.0
3229279216,50.9277744,5.6678025,,4,49.0
3229279217,50.9277816,5.6679382,,3,49.0
3229279219,50.9279647,5.667777,,3,49.0
3229279221,50.928218,5.6680035,,3,49.0
3239089272,50.8930966,5.5869024,,3,98.0
3239089275,50.891875,5.5831546,,3,88.0
3239089276,50.8964343,5.5853331,,3,82.0
3239089278,50.8894696,5.5905229,,4,98.0
3239089279,50.8895824,5.5913116,,3,98.0
3239089280,50.8891059,5.5886226,,3,90.0
3239089282,50.8899538,5.5930739,,4,102.0
3239089284,50.8956888,5.5948377,,3,90.0
3239101502,50.9211686,5.6222292,,3,96.0
3239101510,50.9366072,5.6163575,,4,90.0
3239101513,50.9369284,5.61636,,4,90.0
3239101525,50.935035,5.6178242,,4,98.0
3249052467,50.8945268,5.5876423,,4,91.0
3249052472,50.8940004,5.5863368,,4,90.0
3249052473,50.8978775,5.5858431,,3,92.0
3249052512,50.8946209,5.5887491,,3,91.0
3249052537,50.8923017,5.5818578,,3,88.0
3267715442,50.9188839,5.65746,,4,56.0
3269182310,50.8809821,5.6786489,,1,45.0
3269182322,50.8871388,5.6785301,,1,53.0
3269182324,50.8904157,5.6815269,,3,49.0
3269182352,50.9046176,5.6865216,,3,45.0
3269182353,50.9047365,5.6864479,,3,45.0
3269182356,50.9048656,5.6868471,,3,45.0
3269182357,50.9049677,5.6867999,,3,45.0
3269187472,50.9115079,5.7180348,,3,43.0
3269187505,50.9233985,5.7069427,,1,43.0
3269187507,50.9234654,5.7067814,,4,43.0
3269187511,50.9235907,5.7064765,,3,43.0
3269187516,50.9244053,5.7038774,,3,46.0
3269187517,50.9244096,5.704456,,3,44.0
3269324785,50.9250885,5.7021158,,3,41.0
3269324786,50.9251352,5.7050152,,1,43.0
3269324795,50.9255468,5.702146,,3,41.0
3269325763,50.9298851,5.7072945,,3,39.0
3269325770,50.9302155,5.707285,,3,39.0
3295621163,50.9386609,5.6605735,,3,52.0
3297613084,50.9314877,5.6571215,,3,47.0
3297613087,50.9326117,5.6566038,,1,47.0
3297615471,50.9294043,5.6564091,,1,54.0
3297729170,50.9329491,5.6698136,,1,45.0
3326027795,50.9099727,5.6921276,,1,44.0
3326027797,50.9100066,5.6920916,,3,44.0
3326027798,50.9100859,5.6919008,,3,44.0
3326027802,50.9101561,5.6917463,,3,44.0
3326027803,50.9101719,5.6919968,,3,44.0
3326027809,50.910679,5.6912774,,3,43.0
3326027845,50.9301912,5.7067008,,3,39.0
3428068067,50.8902251,5.6617164,,4,52.0
3428068069,50.8955972,5.6492468,,3,63.0
3428068074,50.8973158,5.6455363,,3,67.0
3428068088,50.9089457,5.6226285,crossing,4,104.0
3450527005,50.8629527,5.6250235,,3,70.0
3450527006,50.8632494,5.6250656,crossing,3,70.0
3450527008,50.8634399,5.6250617,crossing,3,70.0
3450527010,50.8639861,5.6249953,,3,72.0
3450527013,50.8654353,5.6274644,,3,72.0
3450527019,50.866111,5.6266539,,3,73.0
3450527021,50.8698533,5.6249547,crossing,4,81.0
3560720483,50.8896157,5.6482237,,3,60.0
3560720484,50.890195,5.6475484,,3,61.0
3560722593,50.8895576,5.6496954,,3,67.0
3560722594,50.889038,5.6485679,crossing,4,67.0
3560722597,50.8891504,5.6484416,crossing,4,67.0
3560722598,50.8895808,5.6493995,,3,67.0
3560722599,50.8899472,5.6489684,,3,60.0
3560722600,50.8894696,5.6495243,,3,67.0
3560722601,50.8892942,5.6479073,,3,65.0
3560722604,50.8897095,5.648452,,3,60.0
3560722605,50.8904626,5.6505089,,3,63.0
3560722607,50.889196,5.6502,,1,66.0
3560722608,50.8895989,5.6511141,,3,63.0
3560722609,50.8894479,5.6508605,,3,66.0
3560722610,50.8890744,5.6512648,,3,66.0
3560722614,50.8901599,5.6507421,,3,63.0
3560722616,50.8895149,5.6508391,,3,66.0
3560722619,50.8893108,5.6500683,,3,66.0
3560722620,50.8885814,5.6479935,,3,67.0
3560722621,50.8887003,5.647875,,3,65.0
3560722622,50.8888684,5.64824,,1,67.0
3560722623,50.8906467,5.6483092,,3,60.0
3687375217,50.8785841,5.6349904,,3,58.0
3687386359,50.8763259,5.6403176,,1,62.0
3687804911,50.8742924,5.6389721,,1,76.0
3690396771,50.8796802,5.6293644,,3,52.0
3690396772,50.8796239,5.6293323,,3,52.0
3690396797,50.8792119,5.6312139,,3,52.0
3690396800,50.8793574,5.6309838,,3,52.0
3754830445,50.9153958,5.683224,,3,47.0
3754830461,50.9178121,5.6870558,,1,44.0
3754830465,50.9184784,5.6845359,,3,43.0
3754830468,50.9187144,5.6939654,,1,44.0
3754830469,50.9187944,5.6925647,,1,42.0
3754830475,50.919635,5.6847914,crossing,4,45.0
3754830476,50.9196485,5.6847034,crossing,4,45.0
3754830481,50.920489,5.6850176,crossing,4,45.0
3754830482,50.920491,5.6851096,crossing,4,45.0
3754830489,50.9224528,5.6857486,crossing,4,44.0
3754830490,50.9224627,5.6858435,crossing,4,44.0
3754830497,50.9235245,5.6946066,,1,42.0
3754830499,50.9236933,5.7033911,,3,46.0
3754830501,50.9242931,5.6937588,,3,42.0
3754830502,50.9244402,5.7029736,,3,46.0
3754830503,50.9245071,5.7019781,,3,44.0
3754830507,50.9253051,5.6868158,crossing,4,44.0
3754830508,50.9253066,5.6869001,crossing,4,44.0
3754830513,50.925869,5.6895958,,3,42.0
3754830725,50.9273449,5.6970141,,1,40.0
3756151868,50.9182754,5.6817402,,1,43.0
3756217193,50.9025376,5.6817463,turning_circle,1,48.0
3756217204,50.9055061,5.6795985,crossing,4,46.0
3756217207,50.9055299,5.6794298,crossing,4,46.0
3756217223,50.9057911,5.6799121,,1,46.0
3756218232,50.9059172,5.6797545,crossing,4,46.0
3756218235,50.9059444,5.6795822,crossing,4,46.0
3756218238,50.9061146,5.6827153,,1,48.0
3756218240,50.9062963,5.6826423,,3,46.0
3756218246,50.9067451,5.6814756,,3,46.0
3756218247,50.9068122,5.6829324,,1,46.0
3756218254,50.9087194,5.6807886,crossing,4,47.0
3756218255,50.9087403,5.6806537,crossing,4,47.0
3756218261,50.9090026,5.6808942,crossing,4,47.0
3756218262,50.9090214,5.6807558,crossing,4,47.0
3756218280,50.9106843,5.6814883,crossing,4,45.0
3756218282,50.9107077,5.6813399,crossing,4,45.0
3756218288,50.9107658,5.681729,,1,45.0
3756218297,50.9109332,5.6817831,,1,45.0
3756218303,50.9110482,5.6816276,crossing,4,45.0
3756218305,50.9110687,5.6814741,crossing,4,45.0
3757867215,50.8925156,5.6652468,,1,51.0
3757867224,50.8950209,5.6656918,,3,51.0
3757868128,50.8955683,5.6653181,,1,51.0
3757868141,50.8962282,5.6659467,,1,52.0
3757868148,50.8964969,5.6664314,,3,52.0
3757868184,50.9002308,5.676476,,1,51.0
3757868191,50.9012519,5.6780009,crossing,4,50.0
3757868192,50.9012707,5.6778691,crossing,4,50.0
3759304290,50.9252222,5.6910352,,3,42.0
3759304299,50.9252664,5.692969,,1,41.0
3780154223,50.9240167,5.7045239,,3,44.0
3780154225,50.9240764,5.7037523,,3,46.0
3785155159,50.8797205,5.6585263,turning_circle,1,61.0
3785155160,50.8806077,5.648008,,1,61.0
3785155169,50.8816679,5.6503347,,3,62.0
3785155172,50.8817933,5.6501139,,3,62.0
3785155173,50.8818091,5.6500444,,1,62.0
3785155178,50.882272,5.6732716,crossing,4,54.0
3785155181,50.8825887,5.6732864,crossing,4,54.0
3785155195,50.8830579,5.6721725,,1,56.0
3785155200,50.8832925,5.6719653,,3,56.0
3785155207,50.8834117,5.6724394,,3,55.0
3785155208,50.8834205,5.6722081,,3,55.0
3785155220,50.8837822,5.6720909,,3,55.0
3785155224,50.8838172,5.6720685,,3,55.0
3785155226,50.8839557,5.6748026,,3,56.0
3785155258,50.8849541,5.6660373,,3,61.0
3785155274,50.8853526,5.6655331,,3,61.0
3785155277,50.8855257,5.6757452,,3,55.0
3785155280,50.885713,5.6710826,,3,58.0
3785155281,50.8857293,5.6711251,,3,58.0
3785155284,50.8860679,5.6640021,,1,59.0
3785155296,50.8870257,5.6643005,,3,59.0
3785155305,50.8872141,5.6646474,,3,60.0
3785155313,50.8877301,5.6698882,,4,57.0
3785155314,50.887871,5.6701538,,4,57.0
3785155319,50.8884897,5.6706577,,3,57.0
3785155330,50.8902648,5.6730586,,3,51.0
3785155331,50.890356,5.6726062,,3,53.0
3785155332,50.890409,5.6724548,,3,53.0
3785155334,50.8905873,5.672464,,3,53.0
3785155336,50.8920438,5.6745346,,3,51.0
3785155339,50.8920791,5.6739379,,3,51.0
3785155347,50.893788,5.6749404,,3,52.0
3785155349,50.8938779,5.6749601,,3,52.0
3785155352,50.893954,5.6743766,,3,52.0
3786532112,50.8878502,5.6569431,,4,58.0
3786532119,50.8917855,5.6607088,,3,53.0
3786532123,50.8921295,5.6567968,crossing,4,55.0
3786532127,50.8921762,5.6568537,crossing,4,55.0
3786532142,50.8946127,5.6645302,,3,53.0
3786532143,50.894649,5.6527855,,3,55.0
3786536469,50.8960486,5.6485106,,1,63.0
3786536470,50.8960865,5.6581191,,1,52.0
3786536514,50.9017132,5.6350419,,3,65.0
3786536532,50.9048103,5.6290034,,3,79.0
3786536539,50.9087392,5.6229541,,4,106.0
3786536543,50.9089578,5.6232105,,4,106.0
3786536546,50.9100216,5.6258848,,3,103.0
3789411569,50.8816315,5.6307647,,3,71.0
3789411579,50.8850872,5.641619,,4,68.0
3789411581,50.8852572,5.6416235,,3,68.0
3789411603,50.8864514,5.6527352,,3,63.0
3789411609,50.8865777,5.6525635,,3,63.0
3789411611,50.8866366,5.6521599,,1,63.0
3789411614,50.8867355,5.6524151,,3,63.0
3789411616,50.8870121,5.6515195,,3,66.0
3789411619,50.8871363,5.6513778,,3,66.0
3789411621,50.8873406,5.6514389,,3,66.0
3789411623,50.8873539,5.6518234,,3,66.0
3789411625,50.8874263,5.6531516,,3,63.0
3789411628,50.8876192,5.6510993,,1,66.0
3789411650,50.889471,5.6603293,,3,55.0
3789411652,50.8895912,5.6606049,,4,52.0
3789411656,50.889639,5.6558072,,3,61.0
3789414561,50.8897015,5.6555834,,3,61.0
3789414567,50.8897852,5.655288,,3,61.0
3789414580,50.8900094,5.6558728,,3,61.0
3789414605,50.89153,5.6516963,,3,63.0
3790739781,50.8602123,5.6267627,,4,75.0
3790739782,50.8602438,5.6208171,,3,73.0
3790739785,50.8616823,5.6201454,,3,71.0
3797229924,50.8889273,5.6487127,crossing,3,67.0
3797229947,50.8896508,5.6480298,crossing,4,60.0
3797229949,50.889676,5.648098,crossing,4,60.0
3797230077,50.8924296,5.6475652,,3,62.0
3797230078,50.8923273,5.6185304,,3,78.0
3797230107,50.8951485,5.6377369,,3,66.0
3797230112,50.8966988,5.6250512,,3,72.0
3797230114,50.8968847,5.6453205,,3,67.0
3797230115,50.8973456,5.6446415,,1,67.0
3797230122,50.8991586,5.627608,,1,73.0
3797230123,50.8992997,5.6274644,,1,73.0
3797230124,50.8996056,5.6287263,,1,73.0
3797230125,50.8997496,5.6285968,,1,73.0
3797230135,50.9023767,5.6317717,,3,71.0
3798531706,50.8844504,5.6074041,,3,95.0
3798531710,50.8845182,5.6076941,,3,95.0
3798531714,50.8847189,5.6075726,,1,95.0
3798531715,50.8847599,5.6072295,,1,95.0
3798531732,50.8861549,5.6076699,,1,100.0
3798531743,50.88701,5.6104036,,4,97.0
3798531747,50.887769,5.6096831,,3,94.0
3799711808,50.8602252,5.6223701,,3,75.0
3799711812,50.8605788,5.6228067,,3,70.0
3799720183,50.8763208,5.6107234,,4,78.0
3799720187,50.8764755,5.6112603,,3,78.0
3799720204,50.8786401,5.6287955,,3,76.0
3799720205,50.8787714,5.6289015,,3,76.0
3799720207,50.878786,5.6288318,,4,76.0
3799720220,50.8792355,5.6291762,,4,52.0
3799720231,50.8794857,5.6292599,,3,52.0
3808907971,50.8597023,5.63727,,4,78.0
3808907977,50.8597795,5.6366325,,4,78.0
3808907991,50.8599465,5.6349703,,3,78.0
3808907993,50.8599713,5.6347679,,4,78.0
3808907996,50.8600303,5.634189,,4,78.0
3808908005,50.8602036,5.6298702,,3,77.0
3808908013,50.8629098,5.6291136,turning_circle,1,70.0
3808908015,50.8632215,5.6286802,,4,70.0
3808908032,50.8685699,5.6248387,,1,81.0
3808908039,50.8691146,5.6307342,,1,81.0
3808908051,50.8698538,5.6247861,,1,81.0
3808909288,50.872836,5.6255465,,1,82.0
3829592418,50.8390913,5.6194422,,1,88.0
3829592424,50.8411377,5.6297055,,3,85.0
3829592455,50.8515166,5.635402,,3,93.0
3877406703,50.900564,5.6597606,,3,53.0
3877406715,50.901193,5.6616059,,4,52.0
3877406716,50.901207,5.6614109,,3,52.0
3881235464,50.8974444,5.6654176,,3,52.0
3881235467,50.8980939,5.6646648,,3,55.0
3881235471,50.898187,5.6650345,,3,55.0
3881235484,50.8985036,5.6619424,,4,58.0
3881235505,50.8987456,5.6671398,,1,53.0
3881235508,50.8987615,5.666157,,3,55.0
3881235518,50.8990677,5.6657039,,3,55.0
3881235521,50.8990677,5.6611616,,3,58.0
3881235524,50.8993094,5.6644654,,3,57.0
3881235532,50.8997357,5.6634374,,3,57.0
3881235539,50.9002467,5.659833,,3,53.0
3881235542,50.9003791,5.6600471,,3,53.0
3882667396,50.8818711,5.6506804,,3,62.0
3882667398,50.8820528,5.6503273,,3,62.0
3882667540,50.8909628,5.6626071,,1,51.0
3882667571,50.8912955,5.6652066,,3,55.0
3882667591,50.8916026,5.6645898,,4,55.0
3882667595,50.8916738,5.6644097,,4,52.0
3882667610,50.8975101,5.6673641,,4,52.0
3882667624,50.8997615,5.6633774,,3,57.0
3882667627,50.9002862,5.67184,,1,58.0
3964571877,50.8966549,5.6132286,,3,105.0
3964571878,50.8976237,5.612461,,3,111.0
3964571880,50.9108611,5.6137631,,3,108.0
3969380489,50.9070017,5.6800001,,3,49.0
3969380490,50.9071058,5.6788938,,1,47.0
3969380491,50.9071391,5.6800503,,3,49.0
3969380494,50.907275,5.6789461,,1,47.0
3969380507,50.9073813,5.6801423,,3,49.0
3969380509,50.9075578,5.6792181,,1,49.0
3999275154,50.9035726,5.6208724,,3,102.0
3999275155,50.8923756,5.6092817,,3,104.0
3999275156,50.9043132,5.6197751,,4,111.0
3999275160,50.8907592,5.6098512,,3,98.0
3999275165,50.9015048,5.6149634,,3,107.0
3999275166,50.9041659,5.6218647,,3,102.0
3999275167,50.8985382,5.6152653,,3,103.0
3999275169,50.9068334,5.6115701,,3,108.0
3999275174,50.9299702,5.657707,,3,54.0
3999275175,50.9276086,5.6615857,,3,53.0
3999275177,50.8936786,5.6093381,,3,104.0
4042795620,50.8966803,5.6742864,crossing,3,54.0
4042795621,50.8965382,5.6744771,,3,54.0
4072520429,50.9225693,5.6949077,,3,43.0
4072520431,50.9221098,5.6951562,,3,43.0
4072520432,50.9223184,5.6954867,,3,43.0
4072520433,50.9223858,5.6948538,,3,43.0
4110420619,50.8868727,5.6504952,,3,66.0
4110420620,50.8866404,5.6507883,,1,66.0
4177055002,50.885738,5.6356226,,1,67.0
4177095287,50.8834347,5.6359338,,1,65.0
4177103190,50.8833191,5.634723,,1,71.0
4220360823,50.8827436,5.6706469,,3,54.0
4220360825,50.8828888,5.6706205,,1,54.0
4285671497,50.8959449,5.6704241,,1,50.0
4285671498,50.8961616,5.6708733,,3,53.0
4285671499,50.8962392,5.6708405,,4,53.0
4285671500,50.8962906,5.6708142,,3,50.0
4357860737,50.9076972,5.6875433,,1,47.0
4431681336,50.8836318,5.6395463,,1,69.0
4431708520,50.8830128,5.6357795,,3,72.0
4431725824,50.8834245,5.6398003,,1,68.0
4441163790,50.8998297,5.6470901,,3,61.0
4485942792,50.8956791,5.6146053,,4,85.0
4485942795,50.8937576,5.6127476,,3,99.0
4485942796,50.8939565,5.6126143,,3,99.0
4485942799,50.8964344,5.612424,,3,111.0
4485944991,50.902389,5.6221805,,4,102.0
4485951686,50.9032787,5.6118783,,1,106.0
4487704373,50.9235085,5.7062588,,3,43.0
4489527014,50.9342052,5.7084673,,3,40.0
4489527015,50.9342972,5.7085297,,1,40.0
4512498652,50.899367,5.6663214,,4,55.0
4512771792,50.9027756,5.6617324,,1,53.0
4512774494,50.9034209,5.6620533,,3,53.0
4512778095,50.9039916,5.6605337,,1,53.0
4512808091,50.9041292,5.6601506,,3,54.0
4512808092,50.9060188,5.6644148,,3,53.0
4512808291,50.904033,5.6597485,,3,54.0
4512808492,50.9031957,5.6602406,,3,54.0
4512808494,50.9025215,5.6694991,,3,53.0
4512808598,50.9021758,5.6386152,,3,67.0
4512808599,50.9006717,5.6403596,,3,65.0
4512808613,50.9036645,5.6549279,,3,53.0
4512835896,50.9085992,5.6419053,,3,69.0
4512859291,50.9058692,5.6426384,,4,73.0
4512859320,50.9037385,5.6549149,,3,53.0
4512885204,50.9034073,5.655261,,3,53.0
4512885206,50.9035032,5.6557166,,3,53.0
4512885208,50.9040152,5.65689,,3,51.0
4512885495,50.9032638,5.6414765,,3,69.0
4512885497,50.9013442,5.649013,,3,55.0
4512885594,50.9021603,5.6430904,,3,65.0
4512885602,50.9009133,5.6468884,,4,59.0
4512885610,50.9023716,5.650955,,4,59.0
4512885793,50.9021492,5.6431155,,3,65.0
4512940290,50.9072647,5.6470403,,3,63.0
4514401691,50.9026332,5.6572727,,3,51.0
4514401695,50.9124163,5.631166,,3,110.0
4514401700,50.9123651,5.6342361,,3,102.0
4514431490,50.9024763,5.6574462,,4,51.0
4514431493,50.9090652,5.6334341,,3,92.0
4514471789,50.9150116,5.6298215,,4,104.0
4514471894,50.9170355,5.6652389,,1,51.0
4514484291,50.9167239,5.6658949,,1,51.0
4514499390,50.9150876,5.6671431,crossing,4,49.0
4514499393,50.9147428,5.6673591,,3,49.0
4514503492,50.9138707,5.6674375,,1,53.0
4514503493,50.9144431,5.6669266,,3,53.0
4514503494,50.9143367,5.6666269,,1,56.0
4514503590,50.9158602,5.6663321,,1,51.0
4514503794,50.9140507,5.6684593,,3,53.0
4529109098,50.9226141,5.6174281,,3,104.0
4529154892,50.9245194,5.6254638,,3,97.0
4529210190,50.9269349,5.6252731,,3,96.0
4529285789,50.9379514,5.6613647,,3,52.0
4529289863,50.9038547,5.660478,,3,53.0
4529289865,50.8999755,5.6675155,,3,53.0
4529289869,50.901228,5.6658899,,3,59.0
4529289870,50.9015866,5.6654251,,3,59.0
4529289871,50.9023405,5.6643859,,3,55.0
4530874791,50.9224753,5.6646427,,3,55.0
4530874795,50.9249041,5.6631607,,3,56.0
4530874999,50.9142103,5.6641214,,3,50.0
4530875004,50.9156088,5.6688348,,1,46.0
4530875006,50.9173987,5.6657342,,3,51.0
4530875010,50.9197242,5.6650866,,3,56.0
4530875011,50.9205428,5.6654385,,3,56.0
4530875020,50.9204887,5.6654259,,1,56.0
4530911991,50.9160266,5.6622538,,3,56.0
4530912004,50.9189664,5.6715941,,1,47.0
4530935695,50.9175624,5.6657813,,3,51.0
4535128148,50.9148486,5.6182961,,4,101.0
4535128149,50.9130179,5.6162602,,3,106.0
4535136212,50.9040687,5.6338606,,3,76.0
4536476992,50.9233411,5.6483468,,3,59.0
4536476996,50.9190315,5.6527466,,3,58.0
4536677491,50.9246086,5.6490897,,1,59.0
4536677595,50.9187256,5.6624391,,3,60.0
4536677691,50.9234486,5.6501247,,3,55.0
4536677698,50.9152374,5.6613229,,3,56.0
4536677989,50.9234151,5.6506356,,3,55.0
4536681889,50.9176909,5.661394,,3,60.0
4538455292,50.9360722,5.6118931,,3,98.0
4538455294,50.9357998,5.6201499,,3,92.0
4538455297,50.935444,5.6174066,,3,90.0
4538455298,50.9351397,5.6143375,,4,98.0
4538455299,50.9324458,5.6097981,,3,100.0
4538542801,50.9337648,5.6138529,,4,98.0
4538542802,50.933247,5.6171288,,3,98.0
4538542803,50.9239748,5.6174138,,4,105.0
4538542899,50.9350225,5.6078123,,3,95.0
4538542902,50.9354658,5.6250103,,3,101.0
4538542904,50.9344941,5.6083341,,3,97.0
4538542905,50.9321488,5.6088376,,3,100.0
4538542906,50.9365627,5.6228019,,3,99.0
4538542907,50.9354831,5.6234333,,3,102.0
4538542909,50.9322474,5.6091485,,3,100.0
4538542911,50.9287943,5.6123766,,3,104.0
4538542912,50.928729,5.6124918,,3,104.0
4538587082,50.9209187,5.6656166,,5,55.0
4538596192,50.9352953,5.6159097,,4,98.0
4538596197,50.934181,5.6151662,,4,98.0
4538596394,50.933015,5.6161908,,3,95.0
4538596396,50.9333436,5.6125361,,4,98.0
4538596494,50.9349551,5.6128341,,4,98.0
4538596495,50.9342541,5.6062965,,3,95.0
4538596496,50.9326027,5.6148063,,3,95.0
4538597294,50.9359315,5.6252798,,3,101.0
4538597295,50.9347874,5.6112676,,3,96.0
4538597497,50.934592,5.616482,,4,98.0
4538597498,50.9321182,5.6189912,,4,98.0
4538597500,50.9358327,5.6232843,,4,102.0
4538597505,50.928436,5.6117508,,3,104.0
4538623093,50.9093472,5.6198853,,4,106.0
4538623095,50.9070037,5.619365,,3,108.0
4538623098,50.9140624,5.6150001,,3,106.0
4538623099,50.9181598,5.6104434,,4,100.0
4538623198,50.9191257,5.6141727,,3,97.0
4538643791,50.915845,5.6108696,,3,106.0
4538643793,50.9123257,5.6128778,,4,108.0
4538673395,50.9095794,5.6169861,,4,107.0
4538673396,50.9140021,5.6149097,,1,106.0
4538673397,50.9145099,5.6155451,,3,106.0
4538673399,50.9188845,5.6143793,,1,97.0
4538676490,50.9120185,5.6178174,,3,108.0
4538676493,50.9161215,5.6125289,,3,104.0
4538676496,50.9081834,5.6176017,,4,105.0
4538676895,50.9072989,5.6157917,,3,106.0
4538676897,50.9056303,5.6196432,,4,111.0
4538676900,50.9103129,5.6184264,,4,107.0
4538676901,50.9091427,5.616133,,4,108.0
4538676902,50.9086432,5.6150472,,3,108.0
4538676904,50.9104805,5.6156233,,4,111.0
4538676905,50.9113625,5.6142966,,4,108.0
4538676906,50.9120681,5.615723,,4,111.0
4538677390,50.9141205,5.620204,,3,108.0
4538677393,50.9108875,5.6195897,,3,108.0
4538677394,50.911747,5.618244,,3,108.0
4538678092,50.9100485,5.6147402,,3,108.0
4538678093,50.9160403,5.6121259,,3,106.0
4538678094,50.9136665,5.6132848,,3,105.0
4538678096,50.9111949,5.6170886,,4,108.0
4538678097,50.9154538,5.6167169,,3,101.0
4538678689,50.911035,5.6136528,,3,108.0
4538678791,50.9130281,5.6142568,,4,105.0
4539831689,50.9074126,5.6228361,,3,108.0
4549997071,50.8991184,5.6620999,,3,58.0
4549997072,50.8989658,5.6613073,,3,58.0
4549997073,50.8993105,5.6617866,,3,58.0
4549997085,50.9010052,5.6590636,,3,53.0
4549997088,50.9019119,5.6572047,,1,53.0
4549997196,50.9028044,5.6581471,,3,51.0
4550021338,50.9041639,5.6561199,,1,53.0
4550021341,50.9040916,5.6558056,,3,53.0
4559179542,50.902426,5.6596103,,1,54.0
4559179544,50.9023193,5.6593506,,1,54.0
4559179547,50.9021403,5.6590141,,3,54.0
4559197755,50.9102601,5.6508507,,3,65.0
4559246212,50.9019352,5.6474612,,1,59.0
4559246216,50.903861,5.6474154,,3,63.0
4559246218,50.9046957,5.6454088,,3,68.0
4559246229,50.9132374,5.6316715,,3,105.0
4559246232,50.910491,5.6348983,,3,102.0
4591242970,50.9230895,5.6927693,,3,42.0
4591242971,50.9231254,5.6925357,,1,42.0
4591502789,50.9020614,5.6533063,,1,55.0
4623780949,50.8779243,5.6124197,,3,54.0
4623780953,50.8776059,5.6098299,,1,53.0
4630847932,50.8793524,5.6249871,,3,49.0
4630847938,50.8791816,5.6227421,,1,52.0
4682312547,50.9224465,5.7002148,,3,44.0
4682312548,50.9224387,5.6999354,,4,43.0
4682312549,50.9224929,5.6999412,,4,43.0
4682312550,50.9220211,5.6998728,,3,43.0
4682352233,50.9224528,5.6992766,,3,43.0
4682352238,50.9226182,5.6998978,,3,43.0
4682352239,50.92263,5.6993187,,3,43.0
4682352240,50.92244,5.6998845,,4,43.0
4682352241,50.9224944,5.6998885,,3,43.0
4714157641,50.8479101,5.6252976,,3,75.0
4715736838,50.8951651,5.6730219,,3,52.0
4715736851,50.8851586,5.6561036,,3,59.0
4716919159,50.8542604,5.6395394,,3,53.0
4716919172,50.8552324,5.6399624,,1,67.0
4716919179,50.8557762,5.6400364,,3,67.0
4716919180,50.8557413,5.6399485,,1,67.0
4716919297,50.8553147,5.6400977,,3,67.0
4716919298,50.8552778,5.6400532,,3,67.0
4737134587,50.930929,5.683387,,1,43.0
4743968837,50.901423,5.6930272,,1,45.0
4760790934,50.9298092,5.677154,,3,47.0
4760790936,50.9296696,5.6769147,,3,44.0
4760790952,50.9296634,5.6767564,,1,44.0
4771691893,50.9198939,5.6499876,,3,59.0
4775668865,50.9048843,5.6660618,,3,54.0
4775668867,50.9037236,5.6677749,,4,55.0
4823798259,50.9157773,5.6567157,,3,52.0
4823798260,50.9152824,5.6584083,,3,54.0
4932091919,50.9330077,5.6838459,,1,53.0
4932227681,50.9310105,5.6913979,,1,39.0
4932227682,50.9314487,5.6918592,,1,39.0
4943044504,50.8821039,5.6050576,,1,84.0
4943044505,50.8827846,5.6051208,,3,84.0
4943077866,50.8771599,5.6097588,,3,53.0
4960605262,50.8907254,5.596907,,3,100.0
4960624796,50.9279206,5.7022759,,1,40.0
4987151332,50.8921678,5.6736976,,3,51.0
4987151333,50.8922428,5.673784,,3,51.0
4987151335,50.8923188,5.6743002,,1,51.0
4987151336,50.8924697,5.6734795,,1,51.0
5078569141,50.8602311,5.6229803,,3,73.0
5078569143,50.8603102,5.6235033,,3,73.0
5078569144,50.8603246,5.6238366,,1,73.0
5218704661,50.8856155,5.6054955,,3,99.0
5227963761,50.8661839,5.6280187,,3,72.0
5227963766,50.8667549,5.6269635,,3,79.0
5227963769,50.8677753,5.6283258,,3,78.0
5227963770,50.8675174,5.6279562,,3,78.0
5227963773,50.8688629,5.6256278,,3,81.0
5227963774,50.8680595,5.6283333,,1,78.0
5227963775,50.8676465,5.6277378,,3,78.0
5227963777,50.8678172,5.6274489,,3,78.0
5227963779,50.8675801,5.6271406,,3,78.0
5227963780,50.8676901,5.6269501,,3,79.0
5227963781,50.8673009,5.6276434,,3,78.0
5227963782,50.8679166,5.6272767,,3,78.0
5227963783,50.8673905,5.6265116,,3,79.0
5227963790,50.8664755,5.6263238,,3,73.0
5227963794,50.866744,5.6269156,,3,79.0
5227963802,50.8672919,5.6263435,,3,79.0
5227963808,50.8683402,5.626537,,3,79.0
5253035930,50.8846207,5.6374873,,4,65.0
5282497836,50.9233681,5.6584881,,1,56.0
5282522232,50.9054944,5.6455747,,4,68.0
5282522250,50.9183571,5.6591436,,3,60.0
5282522251,50.9172028,5.6580172,,3,57.0
5282571973,50.9066474,5.6488104,,3,62.0
5282571985,50.9034317,5.6138921,,4,112.0
5282603805,50.9087639,5.6115202,,3,105.0
5332095806,50.8990066,5.6465126,,1,61.0
5332095808,50.8985688,5.6467338,,1,61.0
5332095809,50.8985736,5.647239,,3,61.0
5332095810,50.8987251,5.6469365,,3,61.0
5332126646,50.8643,5.6311498,,3,70.0
5349971665,50.9256233,5.7006779,,3,41.0
5349971666,50.9246624,5.7006129,,1,44.0
5355110779,50.8850154,5.6676177,,1,59.0
5355110781,50.8843121,5.668162,,3,59.0
5373285521,50.8624062,5.6345744,,3,75.0
5373285524,50.861365,5.6320393,,3,75.0
5384581046,50.9248293,5.6927432,,3,42.0
5422511842,50.9133593,5.6106509,,4,102.0
5422511843,50.9135922,5.6121719,,3,102.0
5422556791,50.9383115,5.6203747,,3,94.0
5422556792,50.9377553,5.615724,,4,104.0
5422588907,50.9066409,5.6214182,,3,108.0
5422588909,50.8960125,5.6102869,,3,112.0
5422588911,50.8971778,5.6105322,,4,111.0
5422588913,50.8956478,5.6086248,,3,108.0
5422588914,50.893637,5.6087516,,3,104.0
5476247184,50.9174029,5.6876282,,3,43.0
5476247187,50.916697,5.6876226,,1,43.0
5730994541,50.9371378,5.6514117,,1,50.0
5730994549,50.9352645,5.6644741,,1,50.0
5730994576,50.9239244,5.6616045,,4,56.0
5730994600,50.9234027,5.6585246,,4,56.0
5730994603,50.9151239,5.6615555,,3,56.0
5732496801,50.9358612,5.6248903,,3,102.0
5732496955,50.9038422,5.6589152,,1,54.0
5732496959,50.904087,5.6595393,,4,54.0
5732496969,50.9059556,5.6467581,,4,65.0
5732496980,50.9238656,5.6257268,,3,97.0
5732496981,50.9240173,5.6259013,,3,97.0
5732496997,50.9258917,5.6263981,,3,96.0
5732497028,50.9301286,5.6228261,,3,93.0
5732497034,50.9309061,5.6210062,,3,93.0
5745853986,50.8915005,5.6108594,,3,90.0
5745853988,50.8905936,5.6111759,,4,90.0
5745853990,50.8913381,5.6085902,,3,98.0
5745853997,50.8959329,5.6099376,,3,112.0
5745854124,50.9090633,5.6148106,,3,108.0
5745854151,50.9014094,5.627347,,3,79.0
5745854152,50.9001996,5.624595,,3,87.0
5745854153,50.8983805,5.6265501,,3,74.0
5745854155,50.8969566,5.6094271,,3,112.0
5745854162,50.8955417,5.6039326,,3,110.0
5745854163,50.8949569,5.5979681,,3,105.0
5745854172,50.8973476,5.5924367,,1,82.0
5745854212,50.8963759,5.5822087,,1,73.0
5745854214,50.8963231,5.5835084,,3,82.0
5745854223,50.8921683,5.5874957,,3,98.0
5745854224,50.8920959,5.5875806,,3,97.0
5745854231,50.8897311,5.5859435,,3,96.0
5754672210,50.905177,5.6453604,,3,68.0
5754673127,50.9056238,5.6476686,,4,65.0
5756753578,50.8968956,5.6495489,,3,63.0
5756753579,50.8976733,5.6482854,,3,63.0
5756753580,50.8973724,5.6477881,,3,65.0
5756753581,50.8970075,5.6483615,,1,63.0
5756753582,50.8975004,5.6475495,,1,65.0
5775678838,50.8668922,5.6470908,,3,63.0
5775678839,50.8641439,5.6416316,,1,58.0
5804673331,50.9067475,5.6869445,,3,48.0
5804673332,50.906835,5.6856377,,3,48.0
5808093178,50.8846768,5.6361413,,3,65.0
5808093179,50.8844698,5.6363505,,3,65.0
5808093190,50.886293,5.6391354,,3,67.0
5808093191,50.8856373,5.6380747,,1,67.0
5808093192,50.8857856,5.6379533,,3,67.0
5808093193,50.88565,5.6381014,,1,67.0
5808093211,50.888017,5.6400304,,3,67.0
5808093212,50.8875903,5.638616,,1,68.0
5808093214,50.8881587,5.6398763,,3,67.0
5808093223,50.8850833,5.6362733,,1,65.0
5808093231,50.8850159,5.6362656,,1,65.0
5808093236,50.884616,5.6355896,,1,65.0
5808093249,50.8843024,5.6357862,,1,65.0
5808093250,50.8841615,5.6359082,,3,65.0
5808093357,50.8848953,5.6380575,,1,69.0
5816530426,50.8893439,5.6468765,,1,65.0
5816530438,50.8871699,5.6409478,,3,64.0
5816530442,50.8884888,5.6442516,,4,64.0
5816530452,50.8901049,5.6490717,,4,60.0
5816533357,50.887818,5.6462086,,1,65.0
5824296433,50.8859896,5.6402242,,1,64.0
5824296439,50.885559,5.6414701,,1,64.0
5824296440,50.8854143,5.6410825,,3,68.0
5824296667,50.8874794,5.6393626,,3,67.0
5824296671,50.8879611,5.6399196,,3,67.0
5824296682,50.8873309,5.6387304,,1,67.0
5824296683,50.8861448,5.6391955,,1,67.0
5892716034,50.8771038,5.6270435,,3,73.0
5892716045,50.8777688,5.6265979,,1,73.0
5892716065,50.8777618,5.6276861,,1,76.0
5892716070,50.877176,5.6280102,,3,76.0
5892716071,50.8773295,5.6273028,,3,76.0
5907045764,50.8921767,5.602419,,1,105.0
5907045765,50.8928637,5.6014039,,1,102.0
5907045766,50.8941082,5.6013265,,1,106.0
5907045767,50.8942651,5.6020795,,3,106.0
5907045768,50.8929824,5.6023013,,4,105.0
5907045772,50.8995001,5.614737,,3,103.0
5907046885,50.9160347,5.6171984,,3,101.0
5907046890,50.9257784,5.6252977,,4,96.0
5907046907,50.9221688,5.6213465,,3,96.0
5907046908,50.92119,5.6186752,,3,104.0
5910472484,50.8915536,5.6714755,,3,53.0
5912579499,50.8847372,5.6337705,,3,63.0
5912579517,50.884924,5.6328251,,3,64.0
5912579521,50.8847759,5.6344441,,3,63.0
5912579525,50.8846274,5.6338446,,4,63.0
5912579529,50.8841805,5.6345144,,3,63.0
5912579530,50.8843017,5.6350422,,1,63.0
5972148618,50.8615204,5.6369817,,3,77.0
5972148621,50.8625953,5.6369546,,3,75.0
5972148637,50.8725591,5.6395483,,3,76.0
5972148673,50.8637745,5.6361067,,3,75.0
5972232811,50.8617205,5.6257463,,3,71.0
6051501216,50.8961463,5.5834539,,1,82.0
6051501225,50.8790349,5.5964994,,1,64.0
6051501234,50.8882939,5.6249791,,1,72.0
6051501235,50.8884243,5.6255359,,3,72.0
6051501236,50.8882262,5.6238788,,1,72.0
6051501238,50.8880365,5.6234199,,3,72.0
6051501243,50.8928657,5.6127514,,3,90.0
6051501245,50.8925178,5.6129391,,3,90.0
6051501248,50.8935098,5.5918668,,1,98.0
6051501249,50.8896144,5.5858652,,1,96.0
6064398435,50.9331755,5.6363908,,1,59.0
6064398462,50.9200648,5.6545687,,1,57.0
6064398463,50.9199058,5.654971,,1,57.0
6064398466,50.9178898,5.6560152,,3,57.0
6064398467,50.9168735,5.6585448,,3,60.0
6064398468,50.9127051,5.6566958,,3,56.0
6064398472,50.9197713,5.6397335,,3,60.0
6064398477,50.9154941,5.6686074,,1,49.0
6064425993,50.9159625,5.6675747,,3,49.0
6064425994,50.9162598,5.6670422,,3,49.0
6064425995,50.916204,5.6667929,,3,49.0
6064425996,50.9158815,5.6672398,,3,49.0
6064425999,50.9158297,5.6669926,,3,49.0
6064426000,50.9165603,5.6668854,,3,49.0
6064426005,50.9159321,5.6674795,,3,49.0
6064426009,50.915122,5.6667208,,3,49.0
6064426010,50.9158441,5.6670624,,3,49.0
6064426014,50.9151191,5.6672522,,3,49.0
6064426020,50.9149251,5.6668934,,1,49.0
6064426028,50.9195876,5.6650984,,1,56.0
6064426030,50.9175304,5.6658631,,1,51.0
6064511458,50.9322332,5.6696575,,3,45.0
6064511461,50.9324273,5.6696999,,3,45.0
6064511462,50.9311197,5.6650372,,3,45.0
6064511469,50.9281169,5.6642032,,1,47.0
6067373395,50.8848546,5.6359777,,1,65.0
6067373398,50.8842614,5.6364747,,4,65.0
6067373400,50.884995,5.6378481,,3,69.0
6067373401,50.8854685,5.6377761,,1,67.0
6067373402,50.8858999,5.638627,,1,67.0
6067373416,50.8861467,5.639287,,1,67.0
6067373418,50.8860251,5.638511,,3,67.0
6067373421,50.8865343,5.6379286,,1,67.0
6067373422,50.8864296,5.6379737,,3,67.0
6067373435,50.8849765,5.6370486,,4,65.0
6067373436,50.8847795,5.6371808,,4,65.0
6133404096,50.8894014,5.5959516,,3,97.0
6154110571,50.8973126,5.6653085,,3,52.0
6154110575,50.903686,5.6561231,,3,53.0
6154111689,50.9027616,5.6401422,,3,69.0
6154111716,50.9012523,5.671429,,4,58.0
6154111719,50.9005241,5.6725139,,3,58.0
6154111722,50.9013217,5.6828245,,1,51.0
6154111733,50.8993737,5.6742237,,3,51.0
6154111737,50.8973864,5.6669475,,3,52.0
6154111739,50.8973386,5.6667863,,1,52.0
6154111746,50.8980156,5.6664055,,3,55.0
6154111747,50.8966879,5.662509,,3,49.0
6157376440,50.9147584,5.610235,,3,104.0
6157376441,50.91498,5.6113386,,3,106.0
6157376469,50.9163806,5.6098118,,3,104.0
6223404311,50.9213079,5.6096783,,1,96.0
6223404312,50.9213991,5.6096055,,3,96.0
6223404316,50.9218388,5.6109404,,3,95.0
6223404317,50.9217615,5.6110051,,1,95.0
6223404318,50.9228992,5.614205,,3,97.0
6223404325,50.9369781,5.6246338,,3,102.0
6223404326,50.9366838,5.6124526,,3,98.0
6268483753,50.913444,5.6533529,,3,57.0
6268483754,50.9122734,5.6514962,,1,61.0
6268483755,50.9072557,5.6531029,,1,57.0
6268483764,50.9156883,5.644691,,3,61.0
6270052341,50.9238295,5.629293,,3,72.0
6270052343,50.9221801,5.6259049,,3,83.0
6270052353,50.9309138,5.6305315,,3,98.0
6270052378,50.9358366,5.6234565,,3,102.0
6270052379,50.9357241,5.6233366,,3,102.0
6270052380,50.9352484,5.6250846,,1,81.0
6270052383,50.9333793,5.6175685,,3,98.0
6270055485,50.9340369,5.6102264,,1,97.0
6360974922,50.8512851,5.6344817,,1,93.0
6419155993,50.925161,5.6868446,,4,44.0
6419155994,50.9251203,5.6871306,,4,44.0
6419155997,50.9255041,5.6872795,,3,44.0
6419156000,50.9249411,5.6869495,,1,44.0
6419156002,50.9256731,5.6873546,,1,44.0
6475321134,50.8602073,5.625266,,3,75.0
6475321138,50.8603794,5.6251455,,3,75.0
6475329113,50.8602171,5.6228201,,3,75.0
6581845198,50.9318288,5.6539048,,1,51.0
6581845219,50.9260737,5.6670383,,1,52.0
6581845222,50.9264254,5.667159,,3,52.0
6581845223,50.9265492,5.6671227,crossing,4,52.0
6581864710,50.9262115,5.6663422,,1,50.0
6593125467,50.8856932,5.6359909,,1,67.0
6596001563,50.9333403,5.6496606,,1,47.0
6596001564,50.9330635,5.6494386,,3,48.0
6596007609,50.884854,5.6380211,,3,69.0
6596007613,50.8861734,5.6392594,,3,67.0
6700778575,50.8656958,5.6327725,,3,72.0
6700778580,50.8655541,5.6317976,,3,72.0
6703779607,50.8769507,5.6099197,,3,80.0
6854034221,50.8943378,5.5991022,,3,105.0
6854034229,50.8945604,5.5978713,,3,101.0
6854034231,50.8943933,5.6001409,,3,106.0
6854034254,50.8911333,5.5921342,,3,102.0
6854034265,50.8911854,5.5844203,,3,87.0
6854034283,50.8995227,5.5875501,,3,86.0
6854779806,50.9123472,5.6594998,,1,52.0
6872614116,50.9167815,5.6768195,,1,47.0
6872614410,50.9175756,5.6760818,,1,47.0
6872614411,50.917575,5.6739689,,3,46.0
6872614414,50.9174903,5.6735603,,3,46.0
6872614422,50.9164165,5.6735308,,1,49.0
6872618439,50.916906,5.6744814,,3,46.0
6872618444,50.9163751,5.6741843,,1,49.0
6872618445,50.9165391,5.675186,,3,50.0
6872618448,50.9162851,5.6750856,,1,50.0
6928714828,50.8684599,5.6481967,,1,61.0
7004518456,50.8762494,5.5941817,,1,74.0
7004606857,50.8900083,5.6492778,,3,60.0
7004606864,50.8894212,5.6470372,,1,65.0
7006665179,50.9187473,5.6186189,,3,96.0
7006665183,50.9163069,5.622575,,3,100.0
7006677688,50.9113907,5.6225354,,3,106.0
7006677689,50.9119296,5.6205236,,3,108.0
7006677694,50.9115727,5.6241214,,3,105.0
7006677696,50.9151303,5.6319785,,3,100.0
7006677698,50.9143642,5.6314761,,3,105.0
7006677703,50.9134348,5.631674,,3,105.0
7006677705,50.9145728,5.6331356,,3,105.0
7006677708,50.9144797,5.6275554,,3,105.0
7006677709,50.9154873,5.6285632,,3,105.0
7006677732,50.9174411,5.6275942,,1,92.0
7006677764,50.9142785,5.6455974,,3,59.0
7006677775,50.9129309,5.6284731,,3,105.0
7006677793,50.9194524,5.651307,,3,58.0
7006677798,50.9218736,5.6408026,,3,61.0
7006677850,50.9243513,5.6182072,,3,105.0
7009729503,50.9184872,5.6841174,,3,43.0
7009729512,50.918548,5.684476,,3,43.0
7009729521,50.9183427,5.684196,,4,43.0
7009729522,50.9183162,5.6843457,,3,43.0
7009729523,50.9183962,5.6841283,,3,43.0
7021684012,50.9173643,5.6775016,,1,45.0
7113161650,50.8745834,5.6534636,turning_circle,1,58.0
7113161652,50.8763681,5.6532853,,3,60.0
7113161653,50.8755303,5.6518878,,3,61.0
7113161654,50.8751707,5.6512816,,1,61.0
7113161664,50.8684455,5.6486603,,1,61.0
7113185985,50.8681378,5.6459588,,1,63.0
7233570439,50.9022984,5.6429563,,3,65.0
7233570454,50.9133189,5.664237,,1,50.0
7233592930,50.9185502,5.6540451,,3,56.0
7236751280,50.8847136,5.6537421,,3,64.0
7236751281,50.8846959,5.6537708,,1,64.0
7322368045,50.8804442,5.6064773,,1,74.0
7322368047,50.8806609,5.6074685,,3,74.0
7366672068,50.9279735,5.6275195,,3,92.0
7366672075,50.9273009,5.6287765,,3,92.0
7366672076,50.9313636,5.6340357,,3,69.0
7366672083,50.9314209,5.6309606,,3,90.0
7616718391,50.8842374,5.6250036,,1,66.0
7616718405,50.8845652,5.6314681,,1,64.0
7717805050,50.905329,5.6321065,,1,73.0
7717805051,50.9043792,5.6365557,,3,67.0
7717805052,50.9050474,5.6352755,,3,69.0
7717805053,50.9052825,5.6379555,,3,73.0
7717805056,50.9059726,5.6362358,,4,67.0
7717805058,50.9050893,5.637417,,4,67.0
7717805070,50.905685,5.6361258,,3,67.0
7717805072,50.9039564,5.6329581,,1,71.0
7717805075,50.9047339,5.6334212,,3,69.0
7717805078,50.9043166,5.6329196,,4,73.0
7717805080,50.9041357,5.6326362,,1,71.0
7717805081,50.904309,5.632187,,1,73.0
7717805084,50.9048985,5.631562,,1,73.0
7717805085,50.9045678,5.6321253,,3,73.0
7717805086,50.9046702,5.6311825,,1,68.0
7717805089,50.9046293,5.632397,,3,73.0
7717805090,50.9044949,5.6325627,,4,73.0
7717805094,50.905126,5.6323855,,3,73.0
7717805102,50.9042938,5.6332317,,3,73.0
7717805103,50.9045687,5.6336971,,3,69.0
7717805104,50.9066017,5.6311154,,1,79.0
7717805118,50.906787,5.6371326,,3,78.0
7717805124,50.90637,5.636568,,3,78.0
7717805125,50.9082305,5.632824,,1,75.0
7717805132,50.9070917,5.6319083,,3,75.0
7717805135,50.9059996,5.6339049,,3,69.0
7717805136,50.9048566,5.634519,,3,69.0
7717805139,50.9061502,5.634141,,3,69.0
7717805140,50.9054833,5.6353675,,3,69.0
7717805141,50.9061839,5.636316,,3,67.0
7717805145,50.9068419,5.6350395,,3,77.0
7717805148,50.9072859,5.6319188,,3,75.0
7717805149,50.9076191,5.6322514,,1,75.0
7717805150,50.907954,5.6327355,,3,75.0
7717805163,50.9072436,5.6320998,,3,75.0
7717805164,50.9068013,5.631554,,3,75.0
7717805174,50.9041441,5.6340659,,3,76.0
7717805213,50.9069658,5.6373746,,1,78.0
7717832685,50.9059091,5.6328817,,1,73.0
7717832686,50.9058389,5.6326698,,3,73.0
7717832885,50.9062981,5.6321776,,1,75.0
7997753366,50.8909867,5.5937251,,3,102.0
7997753375,50.8922899,5.5921658,,3,98.0
7997753376,50.8885957,5.595523,,1,101.0
7997753378,50.8889164,5.5944246,,3,101.0
7997767790,50.8873147,5.5939276,,3,93.0
7997767791,50.8886362,5.5946592,,1,101.0
7997767792,50.8886767,5.5943383,,4,101.0
7997767794,50.8887443,5.5937312,,3,101.0
7997767796,50.8897735,5.5940131,,3,104.0
7997767820,50.8857471,5.5922443,,3,92.0
7997767833,50.8988739,5.5900914,,1,80.0
7997767835,50.8988317,5.5899924,,3,80.0
7997767858,50.8983274,5.5905086,,3,80.0
7997767861,50.8981773,5.5901502,,3,80.0
7997767863,50.8946536,5.5887528,,3,91.0
7997767864,50.8947818,5.5890591,,1,91.0
7997767865,50.8950044,5.5890029,,1,91.0
8296768278,50.8537476,5.6398272,,1,71.0
8350479804,50.9167938,5.668908,,3,44.0
8350492206,50.9186657,5.6674388,,4,51.0
8350492207,50.9185971,5.6679086,,3,51.0
8350492208,50.9194153,5.6673498,,3,51.0
8350492209,50.9189137,5.6671314,,1,51.0
8350492210,50.9187887,5.6664413,,3,56.0
8350492211,50.9195654,5.6667125,,4,51.0
8350492216,50.9180963,5.6665422,,4,51.0
8350498114,50.9199647,5.6682826,,3,51.0
8350498115,50.9199713,5.668553,,3,51.0
8350544118,50.9181303,5.6673616,,3,51.0
8913972670,50.8991169,5.6199837,,3,94.0
8914008366,50.8953783,5.6374684,,3,66.0
8914008370,50.8965149,5.6397092,,1,68.0
8914008371,50.8955904,5.638825,,3,66.0
8914008372,50.8962635,5.6400672,,3,68.0
8944333138,50.8661098,5.6297089,,1,73.0
8944333140,50.8660681,5.6291293,,3,72.0
8944333144,50.8657917,5.6289137,,1,72.0
8944333145,50.86515,5.6311434,,3,73.0
8944333146,50.8653,5.6310955,,3,73.0
8944333151,50.865909,5.6302406,,1,73.0
8944333163,50.8661215,5.6279495,,3,72.0
8944333167,50.8656655,5.6285077,,1,72.0
8944333198,50.8675944,5.6286519,,1,78.0
8944333199,50.8679012,5.6281051,,3,78.0
8944371748,50.8470874,5.6316238,,3,74.0
8947090815,50.8654714,5.6328729,,1,72.0
8947094221,50.8653318,5.6327898,,1,72.0
8947094287,50.8703234,5.63499,,1,79.0
8947094289,50.8713781,5.6355355,,1,76.0
8947094290,50.8705313,5.6349724,,3,79.0
8947094291,50.8707907,5.6340539,,3,79.0
8947094293,50.8716522,5.6346192,,1,78.0
8947094296,50.8713051,5.6332902,,1,82.0
8948634376,50.8628452,5.6345198,,3,71.0
8948634378,50.8626056,5.6338921,,1,71.0
8948686849,50.860372,5.6172897,,3,71.0
8948686852,50.8603546,5.6177405,,3,71.0
9048324947,50.8602371,5.6257348,,3,75.0
9051615733,50.9097404,5.6264135,,1,103.0
9051615737,50.9098482,5.6261842,,3,103.0
9051615746,50.9097881,5.625806,,3,103.0
9051615747,50.9097535,5.625932,,3,103.0
9051615754,50.9097662,5.6266308,,3,103.0
9063863694,50.8597303,5.6270489,,3,75.0
9063863695,50.8620874,5.6088906,,1,75.0
9063910632,50.8451071,5.6253478,,3,80.0
9063911049,50.8540706,5.6359451,,3,75.0
9063911058,50.8534844,5.630169,,3,85.0
9063916005,50.8500351,5.6357893,,3,57.0
9063916009,50.8496762,5.6357986,,3,55.0
9063917481,50.8693904,5.6294839,,3,81.0
9063918549,50.8628764,5.6264631,,1,70.0
9063918550,50.8629458,5.6273362,,1,70.0
9063918552,50.8630118,5.6268936,,3,70.0
9063921328,50.8634537,5.6285056,,3,70.0
9140609479,50.8390115,5.6342617,,1,90.0
9140609480,50.8384249,5.6329652,,3,90.0
9140635914,50.9095167,5.7155581,,3,40.0
9140659834,50.8918406,5.6501967,,3,60.0
9140669893,50.8923312,5.6498426,,1,62.0
9140669894,50.8925359,5.6497045,,1,62.0
9140669896,50.8924488,5.6497635,,3,62.0
9140669897,50.892607,5.6501498,,4,60.0
9140669899,50.8921696,5.6499566,,1,62.0
9140669900,50.892058,5.6495784,,1,62.0
9140669902,50.8918083,5.6499683,,3,62.0
9140669903,50.8921299,5.6498198,,3,62.0
9140672194,50.9245361,5.6999269,,1,44.0
9140675286,50.8960613,5.6532156,,3,56.0
9140675287,50.8963822,5.6529123,,3,56.0
9140676501,50.8960108,5.6530777,,3,56.0
9140676502,50.8967401,5.6546807,,3,53.0
9140676508,50.8957603,5.6525454,,3,55.0
9140676509,50.8942455,5.6524351,,3,55.0
9140676516,50.8943386,5.652435,,3,55.0
9140680718,50.8943023,5.6523122,,4,55.0
9140680724,50.893797,5.6509726,,3,61.0
9140680725,50.8952449,5.6500862,,3,61.0
9140680728,50.8949762,5.6493886,,3,63.0
9140680730,50.8952192,5.6498909,,3,63.0
9140680732,50.8953301,5.6498825,,3,63.0
9140680733,50.8955266,5.6506267,,3,61.0
9140680747,50.8951453,5.6503243,,3,61.0
9140680748,50.8956526,5.6522194,,3,55.0
9140680750,50.8950112,5.6517027,,3,61.0
9140680751,50.8964187,5.6510285,,3,60.0
9140680753,50.8958487,5.6518197,,3,60.0
9140680755,50.896002,5.6512112,,1,60.0
9140691117,50.9098545,5.715133,,3,40.0
9140691119,50.9100238,5.7151485,,3,40.0
9140691137,50.9107454,5.719395,,3,43.0
9140691693,50.8891841,5.600811,,3,99.0
9140693995,50.8898001,5.6145045,,1,80.0
9140708716,50.8905001,5.5967876,,3,100.0
9372762255,50.9196084,5.6686526,,3,51.0
9373064908,50.9193217,5.6666274,,3,56.0
9373064912,50.9192435,5.6657599,,3,56.0
9373066422,50.9195892,5.6656231,,1,56.0
9373066424,50.9198042,5.6668091,,3,51.0
9373066425,50.9198631,5.6665404,,1,56.0
9420431830,50.8592343,5.6417369,,3,73.0
9420431837,50.8591577,5.6422343,,3,73.0
9431067571,50.886725,5.6413941,,3,64.0
9431067578,50.8865618,5.6427139,,1,67.0
9472364894,50.8831734,5.6368675,,3,72.0
9472364898,50.8840759,5.6367751,,4,65.0
9472364901,50.8832568,5.6367595,crossing,4,72.0
9472364903,50.8834435,5.6364498,,4,65.0
9472364910,50.8836084,5.6368691,,3,65.0
9472364914,50.8833741,5.6368336,,3,65.0
9670536593,50.91555,5.6766195,,3,50.0
9670536594,50.9154028,5.6761792,,1,50.0
9670536595,50.9154806,5.6764474,,3,50.0
9670536596,50.914692,5.6761676,,3,50.0
9670536597,50.9162684,5.6720546,,3,48.0
9670536605,50.9146537,5.6765973,,3,50.0
9702832977,50.883343,5.6366738,,3,65.0
9702863401,50.8837053,5.6382607,crossing,3,69.0
9718813583,50.920654,5.6081302,,1,96.0
9718813586,50.9208936,5.608071,,3,97.0
9721589662,50.8852074,5.6361942,,1,65.0
9789125102,50.8850171,5.6342341,,3,63.0
9807434409,50.8833137,5.636431,crossing,4,72.0
9807445854,50.883598,5.6362036,,1,65.0
9807445863,50.8850101,5.635392,,3,63.0
9807445872,50.8846093,5.6316294,,3,64.0
9807445885,50.8849294,5.6332045,,3,64.0
9857625502,50.8859514,5.6725521,,3,58.0
9858059926,50.8835165,5.6371155,,3,65.0
9885579839,50.894666,5.636747,,3,66.0
9923929059,50.8956474,5.5812018,,3,73.0
9986532090,50.8822549,5.6355116,,3,72.0
9986532091,50.8825228,5.6351857,,3,71.0
9986532097,50.8823574,5.6353825,,3,71.0
9986532098,50.8822794,5.6359411,,3,72.0
9986532099,50.8821367,5.6356452,,3,72.0
9986532101,50.8824183,5.6358978,,3,72.0
9986532104,50.8826625,5.6350335,,3,71.0
9986563171,50.8841544,5.6405581,,3,68.0
9986563176,50.8842647,5.6411297,,3,68.0
9986563188,50.8858316,5.6395551,,1,67.0
9986563195,50.8849305,5.6399006,,3,68.0
9986576630,50.8835953,5.636252,crossing,4,65.0
9986576637,50.8836435,5.6370861,crossing,4,65.0
9986576638,50.8837889,5.6366296,crossing,4,65.0
10048064149,50.9013177,5.6203111,,3,96.0
10048064150,50.9034825,5.6180744,,3,111.0
10048064167,50.9045552,5.6142068,,1,106.0
10048064168,50.9045272,5.6133968,,3,106.0
10048064174,50.9057847,5.6128452,,3,106.0
10048064189,50.9078112,5.6115247,,3,108.0
10048084029,50.9091623,5.6246006,,4,106.0
10048084035,50.9094793,5.6238844,,3,106.0
10048283782,50.9100055,5.6279861,,1,97.0
10048283783,50.9100601,5.6279671,,3,97.0
10049317926,50.9187021,5.6182807,,1,96.0
10059465619,50.9024539,5.6619984,,3,53.0
10059700540,50.9144706,5.6440598,,1,59.0
10059700541,50.9145554,5.6434913,,3,66.0
10059700560,50.9017332,5.64582,,3,61.0
10059700562,50.9024154,5.6465313,,3,63.0
10059700587,50.9041027,5.6551789,,1,53.0
10059700588,50.9041365,5.6546907,,1,53.0
10059700589,50.9040071,5.6549066,,3,53.0
10059700593,50.9023774,5.6567305,,1,51.0
10078566776,50.9292363,5.6373299,,3,68.0
10078566782,50.9302232,5.6380966,,3,61.0
10078566798,50.9306478,5.6379371,,1,61.0
10078566803,50.9304765,5.6373688,,3,68.0
10078597938,50.9321902,5.6374082,,1,59.0
10078597943,50.9308718,5.6362166,,3,68.0
10079845923,50.8837872,5.6365827,,3,65.0
10079845924,50.8837948,5.6376357,,3,69.0
10079982334,50.8836461,5.6367862,,3,65.0
10079982337,50.8836468,5.6365839,,3,65.0
10079982339,50.8835966,5.636483,,3,65.0
10079982342,50.8834906,5.6364331,,3,65.0
10079982349,50.8835049,5.636935,,4,65.0
10087805191,50.9419805,5.6280593,,3,103.0
10103289271,50.8362674,5.636158,,1,83.0
10103289272,50.8359117,5.6349215,,3,83.0
10215791773,50.9078973,5.6866237,,1,48.0
10215791777,50.9079114,5.6856088,,3,48.0
10215791778,50.9073764,5.6865057,,1,48.0
10215791780,50.9074523,5.6856712,,3,48.0
10215791781,50.9074178,5.6887078,,1,47.0
10215791789,50.9056613,5.6877409,,1,43.0
10217280144,50.9088506,5.6615683,,1,48.0
10217280145,50.9084082,5.6608238,,1,48.0
10217330433,50.9036347,5.6588192,,3,54.0
10271882062,50.9247799,5.7038194,,3,46.0
10271882064,50.9247729,5.7036677,,3,46.0
10271882065,50.9247519,5.703181,,3,46.0
10271882066,50.9248079,5.7031958,,3,46.0
10271882067,50.9248185,5.7030599,,3,46.0
10278952152,50.9242314,5.6876007,,3,43.0
10278952163,50.9241659,5.6864755,,3,44.0
10695005886,50.9254323,5.6658804,,1,50.0
10716388112,50.8953373,5.6365239,,3,66.0
10716388113,50.8951726,5.6361794,,3,66.0
10716388114,50.8949696,5.6363833,,3,66.0
10716388116,50.8952834,5.637051,,3,66.0
10716388117,50.8948626,5.6373132,,3,66.0
10716388124,50.8953196,5.6370532,,3,66.0
10724494195,50.927701,5.6878328,crossing,4,41.0
10724494196,50.9277152,5.687731,crossing,4,41.0
10724494197,50.9272217,5.6876305,crossing,4,41.0
10724494198,50.9272361,5.6875325,crossing,4,41.0
10748877477,50.891344,5.6585178,,3,53.0
10748877480,50.8911712,5.6583166,,3,59.0
10748877483,50.8906252,5.6587887,,3,53.0
10748877488,50.8893485,5.6581877,,3,58.0
10748877500,50.8908734,5.6590261,,1,53.0
10748877501,50.8904499,5.6587729,,3,53.0
10748877502,50.890364,5.6594118,,1,53.0
10748877503,50.891191,5.6581683,,3,59.0
10748877504,50.8913529,5.6578622,,1,59.0
10748913106,50.8909666,5.6575578,,3,59.0
10748913107,50.8910928,5.6572729,,4,59.0
10748913112,50.8910209,5.6572243,,1,59.0
10748913116,50.8912725,5.6574056,,1,59.0
10748913122,50.8911006,5.6564359,,3,59.0
10748913126,50.8911631,5.6561687,,3,61.0
10748913133,50.8912758,5.6556661,,3,61.0
10748913136,50.8911028,5.6556148,,3,61.0
10748913140,50.8909778,5.6558909,,3,61.0
10748913143,50.8905346,5.6554502,,4,61.0
10748913145,50.8904632,5.6557705,,3,61.0
10748913152,50.8902377,5.6569827,,1,59.0
10748913157,50.8902031,5.6578197,,3,59.0
10748913161,50.890605,5.6581613,,3,59.0
10748913166,50.8907565,5.6578798,,1,59.0
10748913168,50.8911031,5.6579292,,3,59.0
10748913169,50.8903075,5.6579418,,3,59.0
10748913170,50.8903025,5.6580268,,1,59.0
10748913171,50.890397,5.658008,,3,59.0
10748913172,50.8903873,5.6580654,,1,59.0
10748913175,50.8899508,5.6578695,,1,59.0
10748913180,50.8898749,5.6582482,,3,59.0
10748913181,50.8898199,5.6585563,,3,53.0
10748913183,50.8904136,5.6583225,,1,59.0
10748913189,50.8906956,5.65605,,1,61.0
10748913190,50.8906457,5.655994,,3,61.0
10748913191,50.8907883,5.6556906,,3,61.0
10748913202,50.8908938,5.6548418,,3,61.0
10748913211,50.8893122,5.6580197,,3,58.0
10748913212,50.8893802,5.6577742,,1,58.0
10748913213,50.8887649,5.6574711,,3,58.0
10748913214,50.8887896,5.6573799,,1,58.0
10788642701,50.8844713,5.6557332,,1,59.0
10788682418,50.884953,5.6557907,,3,59.0
10855987233,50.8980849,5.6670004,,3,53.0
10855987238,50.9002154,5.6628953,,3,50.0
10855987240,50.8998644,5.6633972,,3,57.0
10870302438,50.9271715,5.6223147,,3,100.0
10889207108,50.869855,5.6250006,,1,81.0
11049730928,50.9299351,5.6878514,,1,41.0
11053925614,50.8828911,5.6057514,,3,84.0
11053925615,50.8829949,5.6057353,,3,84.0
11111983134,50.9055693,5.6369675,,1,67.0
11111983135,50.9060313,5.6361094,,3,67.0
11146467026,50.888066,5.6461021,,1,65.0
11146467028,50.8879242,5.6468971,,3,65.0
11146467029,50.8878653,5.6465637,,3,65.0
11146467030,50.8881143,5.6464824,,3,65.0
11146467031,50.8878353,5.6463389,,3,65.0
11146467032,50.8880858,5.6462584,,3,65.0
11146467033,50.8878247,5.6462593,,3,65.0
11146467034,50.8877002,5.6463019,,1,65.0
11146467035,50.8878564,5.6464971,,3,65.0
11146467036,50.8877308,5.6465385,,1,65.0
11146467037,50.8878869,5.6467259,,3,65.0
11146467038,50.8877613,5.6467654,,1,65.0
11146467043,50.8895681,5.6489197,,3,67.0
11146467048,50.8892453,5.648326,,3,67.0
11146467053,50.8894361,5.6490774,,3,67.0
11161607597,50.839833,5.6245025,,1,87.0
11161607599,50.8396246,5.6251918,,3,89.0
11161607600,50.840223,5.6251649,,1,89.0
11161650409,50.8378715,5.6250872,,3,92.0
11161650411,50.8377107,5.625495,,3,92.0
11161650413,50.8377276,5.6252617,,3,92.0
11161650419,50.8372668,5.6253313,,3,93.0
11161650420,50.8374904,5.6248538,,1,91.0
11161650424,50.8372584,5.6255029,,3,93.0
11161650425,50.8390412,5.6247083,,1,94.0
11161650430,50.8383508,5.6252627,,3,92.0
11161650431,50.8375857,5.6239541,,1,94.0
11162779350,50.9070421,5.6799134,,1,49.0
11162779353,50.9070205,5.6802296,,1,49.0
11163814866,50.9161164,5.6835137,,4,46.0
11163814872,50.9162513,5.6834184,,3,46.0
11163814876,50.9168883,5.6838032,,4,43.0
11163814882,50.9169867,5.6836605,,3,43.0
11191502799,50.921063,5.6654742,,3,55.0
11191502800,50.9210356,5.665685,,3,55.0
11220484049,50.8930237,5.6600992,,3,54.0
11220538103,50.8980789,5.6490376,turning_circle,1,61.0
11265159656,50.9097417,5.6971382,,3,48.0
11266877237,50.8954482,5.6651258,,3,51.0
11266877245,50.8956667,5.6642701,,1,53.0
11267663149,50.9021254,5.6841715,,3,46.0
11267663152,50.9022061,5.6840185,,1,46.0
11269250863,50.9037838,5.6800122,,3,50.0
11269250865,50.9033163,5.6811968,,3,50.0
11349642755,50.8845019,5.6787716,,3,49.0
11349642756,50.8847189,5.6778048,,3,49.0
11516993123,50.9272261,5.7002754,,3,41.0
11516993125,50.9270364,5.7018416,,1,41.0
11630989511,50.9219692,5.7002262,,3,44.0
11630989550,50.9238019,5.6862517,,3,44.0
11630989551,50.9239282,5.6863848,,3,44.0
11630989552,50.923788,5.6863334,,4,44.0
11630989553,50.923938,5.6862991,,4,44.0
11631416412,50.9182342,5.6840592,,1,43.0
11631416414,50.9181888,5.6843524,,1,43.0
11631416422,50.91866,5.6848262,,3,43.0
11631416425,50.9186129,5.6848627,,4,43.0
11631416438,50.9187707,5.6847327,,1,45.0
11631416449,50.9196295,5.6848269,,1,45.0
11631416458,50.9196544,5.6846648,,1,45.0
11631416462,50.9184873,5.6838976,,1,43.0
11631431673,50.9194871,5.6846008,,1,45.0
11631431674,50.9193587,5.6845516,,1,45.0
11806751736,50.8915705,5.6581602,,3,59.0
11806751738,50.8912194,5.6589615,,4,53.0
11806751746,50.891311,5.6590305,,4,53.0
11893511388,50.8989003,5.6390011,,1,65.0
11898426074,50.8842353,5.6645777,,1,61.0
11898426076,50.8833339,5.6637444,,3,61.0
11906775075,50.8831333,5.6178297,,3,71.0
11906775078,50.8831811,5.6165827,,3,72.0
11906970125,50.9030836,5.659744,,1,54.0
11906970126,50.9032602,5.6597767,,3,54.0
11906970127,50.9032158,5.6600083,,3,54.0
11906970129,50.9020894,5.6628071,,1,55.0
11906970136,50.9021273,5.6646797,,3,56.0
11906970146,50.9011704,5.6637507,,3,50.0
11907025982,50.8923963,5.6598446,,1,54.0
11907025983,50.8922152,5.6597158,,3,54.0
11907025984,50.8918032,5.660021,crossing,3,54.0
11907025986,50.8921463,5.660094,,3,54.0
11907025990,50.892667,5.6591177,crossing,3,54.0
11907142574,50.8901004,5.6202069,,1,75.0
11907142576,50.8905601,5.6205643,,3,75.0
11907142581,50.8892967,5.6211752,,1,74.0
11907142584,50.8894993,5.6209344,,4,74.0
11907142586,50.8897382,5.6215395,,3,70.0
11932583645,50.9031882,5.6580938,,3,51.0
11932583648,50.9030578,5.6586943,,3,54.0
11932583649,50.9024458,5.6593958,,1,54.0
11950631941,50.8919754,5.5983922,,3,99.0
11950631958,50.8919587,5.5979821,,3,99.0
11950631959,50.8921798,5.5979591,,3,99.0
11950631960,50.8923699,5.5979485,,3,99.0
11955403448,50.908935,5.6252378,,3,103.0
11955403457,50.9091056,5.6333615,,3,92.0
11955403465,50.9082508,5.6281045,,3,90.0
11956666162,50.8918668,5.5985386,,3,99.0
11956666166,50.8915939,5.5973603,,3,100.0
11956701570,50.8917658,5.5983268,,1,99.0
11956701573,50.891932,5.5984262,,4,99.0
11956701574,50.8918623,5.598206,,1,99.0
11956701579,50.8918462,5.5979273,,1,99.0
11956701580,50.8919857,5.5985739,,3,99.0
11956701604,50.8936867,5.5970924,,1,96.0
11956701605,50.8940769,5.5972946,,3,101.0
11958193401,50.9258431,5.6483982,,3,56.0
11958235502,50.9200287,5.6493073,,3,59.0
11958277489,50.9180965,5.6103884,,1,97.0
11967425341,50.917458,5.6121704,,1,100.0
11967483511,50.9036367,5.6338714,,1,76.0
11967483513,50.9037834,5.6341855,,3,76.0
11967483514,50.9074838,5.6321327,,1,75.0
11967483783,50.9047887,5.6420296,,3,73.0
11967483786,50.9057492,5.6389298,,3,73.0
11967483793,50.9051926,5.6380892,,3,73.0
11967483804,50.9049263,5.6376759,,3,73.0
11967483806,50.9043725,5.6371464,,1,67.0
11967483807,50.904458,5.6369896,,3,67.0
11990880434,50.9094098,5.6265856,,3,103.0
11990880436,50.9083898,5.6256006,,3,103.0
11990880441,50.9088371,5.6233945,,3,106.0
11990880444,50.9093217,5.6236873,,3,106.0
11990880445,50.9091106,5.6239393,,3,106.0
12097253737,50.9142963,5.6833352,,3,45.0
12097253738,50.9137503,5.6831317,,3,48.0
12097253739,50.9134631,5.6827748,,1,48.0
12097253740,50.9137874,5.6828906,,4,48.0
12097253744,50.913717,5.6833486,,3,45.0
12097253745,50.9132306,5.6837779,,1,45.0
12097253749,50.9138256,5.6826426,,3,48.0
12097314720,50.9153821,5.6834522,,3,46.0
12097314724,50.9152227,5.6834011,,3,46.0
12097314725,50.9151857,5.6831462,,3,47.0
12097314727,50.9154476,5.6838517,,1,46.0
12097314730,50.916062,5.6840298,,3,46.0
12097314735,50.916086,5.6837877,,4,46.0
12097314736,50.9159355,5.6837296,,3,46.0
12097314737,50.9158361,5.6847803,,3,46.0
12097314738,50.9157435,5.6847616,,1,46.0
12097314739,50.9159852,5.6848103,,3,46.0
12097314754,50.9162381,5.685402,,1,46.0
12100600003,50.8642593,5.6268551,,3,70.0
12100600004,50.8646924,5.6265827,,3,73.0
12106518851,50.8625041,5.6366004,,3,75.0
12106569017,50.8679284,5.6281444,,3,78.0
12106569021,50.8680126,5.6278929,,1,78.0
12116636680,50.870776,5.6239642,,1,81.0
12116902764,50.8539932,5.6399052,,3,71.0
12116923557,50.8504475,5.6419772,,1,85.0
12116925712,50.8564245,5.6414343,,1,71.0
12116925713,50.8551261,5.641331,,1,67.0
12116925723,50.8550677,5.6417398,,3,75.0
12116925724,50.8552393,5.6403461,,1,67.0
12116925738,50.8532145,5.6397257,,1,71.0
12116925748,50.8536459,5.6395926,,1,71.0
12144876878,50.9035256,5.6787022,,4,50.0
12144876880,50.9035637,5.67851,,3,50.0
12144876882,50.9035098,5.6788301,,3,50.0
12163187680,50.8622506,5.6365123,,3,77.0
12163187681,50.862278,5.6362908,,1,77.0
12163248154,50.8664828,5.6354995,,3,74.0
12163248158,50.8667185,5.6357709,,1,79.0
12163248160,50.8659068,5.6351285,,1,72.0
12163249676,50.8781158,5.6344043,,3,58.0
12163249682,50.8774534,5.6344216,,3,58.0
12164252432,50.8791801,5.6261625,,1,49.0
12164252433,50.8777382,5.6241804,,1,72.0
12180610087,50.889206,5.656256,,3,58.0
12180610089,50.8891494,5.656036,,3,59.0
12180610099,50.8891984,5.6562905,,1,58.0
12180610100,50.8892377,5.6561135,,3,59.0
12192831899,50.9159836,5.6812607,,1,47.0
12192841202,50.9170748,5.6805458,,1,46.0
12192841203,50.9173161,5.6804355,,1,46.0
12192841204,50.9173162,5.6805231,,3,46.0
12192841205,50.9174447,5.6805122,,3,46.0
12192914357,50.9078995,5.6875708,,3,47.0
12192914358,50.9077407,5.6875515,,4,47.0
12192914381,50.9077622,5.687165,,3,48.0
12192914382,50.9081282,5.6876403,,1,47.0
12192914383,50.9078972,5.6876065,,3,47.0
12192914384,50.9081434,5.6874096,,1,48.0
12192914385,50.9079119,5.6873753,,3,48.0
12193029136,50.9088559,5.6851661,,3,45.0
12193029144,50.9088994,5.6853618,,1,45.0
12193029147,50.9084471,5.6853294,,3,45.0
12193029148,50.9085853,5.6853686,,4,45.0
12193029149,50.9085552,5.685638,,1,45.0
12193029151,50.9088749,5.6851713,,3,45.0
12193029152,50.9089002,5.6849577,,3,45.0
12193029153,50.9090355,5.6858336,,1,45.0
12193029154,50.9091028,5.6850077,,3,45.0
12193044537,50.908698,5.6865781,,1,45.0
12193044540,50.908341,5.6863353,,3,45.0
12193044545,50.9077121,5.6885818,,1,47.0
12193044546,50.9077771,5.6878428,,3,47.0
12288693625,50.8929355,5.6489722,,4,62.0
12288693626,50.8934037,5.6501174,,3,60.0
12288693630,50.8932311,5.6495157,,3,62.0
12288693640,50.8931302,5.6496267,,3,62.0
12288693641,50.8932042,5.6496549,,3,62.0
12288693642,50.8931408,5.6494892,,3,62.0
12288693647,50.8937558,5.6488113,,3,63.0
12288693650,50.8927893,5.649963,,4,62.0
12292310671,50.9114988,5.7014188,,3,40.0
12292310686,50.9120561,5.7081753,,3,42.0
12292367601,50.8959205,5.688985,,3,47.0
12292463131,50.9029419,5.6835255,,4,46.0
12292463149,50.8929648,5.6768625,,3,49.0
12292463186,50.8847349,5.6791323,,1,49.0
12292463188,50.8877722,5.6810119,,1,47.0
12292463193,50.8878179,5.6807893,,3,47.0
12292468903,50.9121914,5.7055356,,3,40.0
12292468905,50.9123077,5.7054951,,3,40.0
12292468907,50.9121187,5.7081968,,3,42.0
12293406698,50.8838198,5.672164,,1,55.0
12293437830,50.8830881,5.6719348,,3,56.0
12293437831,50.8830696,5.6721742,,4,56.0
12293437832,50.8833664,5.6717587,,3,55.0
12293437834,50.8834296,5.671836,,3,55.0
12293437843,50.8832322,5.6714384,,1,56.0
12293437845,50.8833024,5.6718366,,3,56.0
12293437846,50.8832986,5.6716121,,1,56.0
12293437847,50.8833096,5.6717462,,3,56.0
12293437851,50.883053,5.6723917,,3,56.0
12293441748,50.8834057,5.6725988,,3,55.0
12293441749,50.8830981,5.6718059,,1,56.0
12293441753,50.8833585,5.6725973,,3,55.0
12293441754,50.883335,5.6733432,,3,56.0
12293441764,50.8821956,5.6717597,,1,56.0
12293441765,50.8825958,5.6719346,,3,56.0
12293457015,50.8855837,5.6694287,,3,58.0
12293457016,50.8857743,5.6693931,,4,58.0
12293457017,50.8857862,5.669561,,3,58.0
12293457018,50.8857635,5.669241,,3,58.0
12293472447,50.8984299,5.666283,,1,55.0
12293527809,50.9009862,5.6289191,,1,79.0
12293527810,50.9011942,5.6291395,,3,79.0
12293527824,50.9001953,5.629549,,1,72.0
12293527826,50.9004778,5.6290193,,1,79.0
12293527827,50.9006249,5.6292044,,3,72.0
12293527828,50.9011651,5.629377,,3,72.0
12293527831,50.9011537,5.6294729,,3,72.0
12293630966,50.8847349,5.6079519,,1,95.0
12293630967,50.8845941,5.6080183,,3,95.0
12293725613,50.8851012,5.6076314,,1,95.0
12293960697,50.8398254,5.6250564,,1,89.0
12293960698,50.839821,5.625183,,3,89.0
12294650617,50.8385044,5.6265222,,1,92.0
12294650619,50.8386883,5.6270637,crossing,3,92.0
12294650628,50.8380684,5.6268187,,1,92.0
12294650629,50.8382735,5.6274294,,3,89.0
12294686483,50.8652573,5.6306154,,1,73.0
12294686484,50.8651139,5.630646,,3,73.0
12294686488,50.8651329,5.630919,,3,73.0
12302398267,50.9173793,5.6869805,,3,44.0
12302398270,50.9171848,5.6854783,,3,44.0
12328254268,50.8865553,5.6529998,,3,63.0
12328254270,50.8866624,5.6530942,,3,63.0
12328254284,50.8875418,5.654567,,3,59.0
12328282802,50.8872481,5.6538417,,3,63.0
12328282807,50.8871096,5.6538513,,3,63.0
12328282809,50.887069,5.6530647,,3,63.0
12328282810,50.8871048,5.6529211,,1,63.0
12328282815,50.8878822,5.6538328,,3,61.0
12328282817,50.8875554,5.6541119,,3,61.0
12328282818,50.8876821,5.6542383,,3,59.0
12328282822,50.88766,5.6538513,,3,61.0
12328282830,50.8872617,5.6538054,,3,63.0
12328282839,50.8873996,5.6537191,,3,63.0
12328282840,50.8873925,5.6539233,,3,63.0
12328282847,50.8876427,5.6543305,,3,59.0
12328282848,50.8874809,5.6542623,,3,62.0
12328282850,50.887413,5.6541534,,3,63.0
12328282856,50.887288,5.6542968,,3,62.0
12328282859,50.8870511,5.6532207,,3,63.0
12328282860,50.8870023,5.6532358,,3,63.0
12398353003,50.8590988,5.642209,,4,73.0
12398353007,50.8591708,5.6417149,,4,73.0
12398353011,50.8592796,5.6407143,,4,74.0
12408283861,50.9160402,5.6664357,,3,51.0
12408283873,50.9166643,5.6656046,,1,51.0
12408283875,50.9163406,5.66547,,3,51.0
12408283880,50.9169171,5.6644164,,1,57.0
12408283883,50.9166615,5.664366,,3,55.0
12408283898,50.9167851,5.6657527,,3,51.0
12408283900,50.9166459,5.6663139,,1,51.0
12408294412,50.9157433,5.6667914,,3,49.0
12408294413,50.9157825,5.6667704,,3,49.0
12505475057,50.8818817,5.6280208,,1,67.0
12505475058,50.8817797,5.6280362,,3,67.0
12505475059,50.8819186,5.6285815,,1,67.0
12505475060,50.8818103,5.6286074,,3,67.0
12505475079,50.8879128,5.6434505,,1,64.0
12505475081,50.8872249,5.6441693,,1,68.0
12505475082,50.8868106,5.6444289,,3,68.0
12505475084,50.8873273,5.6440569,,3,68.0
12505475086,50.8874456,5.6446207,,1,68.0
12505475091,50.8870724,5.6451272,,3,68.0
12527537093,50.8890346,5.6578402,,3,58.0
12527557216,50.8890404,5.6537063,,1,61.0
12527557217,50.8889685,5.6535481,,3,61.0
12527557226,50.8887911,5.6526605,,3,61.0
12527557231,50.8875623,5.6508797,,3,66.0
12527557238,50.8864304,5.6515146,,3,66.0
12527557264,50.886599,5.6510748,,3,66.0
12527557265,50.8864171,5.6513368,,3,66.0
12527557344,50.8874549,5.6528386,,1,63.0
12527557345,50.8873551,5.6530693,,3,63.0
12527557354,50.8868526,5.6528266,,1,63.0
12527557367,50.8881851,5.6514855,,1,66.0
12527557369,50.8880268,5.6513513,,3,66.0
12527557370,50.8880751,5.6508136,,1,66.0
12527557374,50.887846,5.6515035,,3,66.0
12527557375,50.8885099,5.6512414,,1,66.0
12527557376,50.8883084,5.6515799,,3,66.0
12527557377,50.8884287,5.6517403,,1,66.0
12527557381,50.8878666,5.6515439,,3,66.0
12531584219,50.8982202,5.674582,,3,51.0
12531584221,50.8973493,5.6736791,,3,54.0
12531584228,50.8969515,5.6714143,,3,53.0
12531584229,50.8967286,5.6718309,,3,53.0
12531587828,50.8927312,5.6769263,,1,49.0
12531587829,50.8940029,5.6752601,,1,52.0
12531587830,50.8871303,5.6751172,,3,55.0
12531587831,50.8876191,5.6735919,,3,56.0
12531598653,50.8977115,5.6667546,,1,52.0
12531598654,50.8977384,5.6668574,,3,52.0
12531598657,50.8985958,5.6748784,,1,51.0
12531598658,50.8974459,5.6729057,,3,53.0
12531738284,50.885688,5.6072485,,1,100.0
12531738286,50.8858713,5.6075076,crossing,3,100.0
12534969737,50.8410237,5.627367,,1,85.0
12534969739,50.8407713,5.6267837,,1,89.0
12535069229,50.8685732,5.6249101,,4,81.0
12535070703,50.8623199,5.6256521,,3,71.0
12535103523,50.8604884,5.6279122,,1,73.0
12535103525,50.8613992,5.6273571,,3,73.0
12535103527,50.8611411,5.6281838,,1,73.0
12535103529,50.8615609,5.6279169,,3,73.0
12535103530,50.8618445,5.6277949,,3,73.0
12535103531,50.8617657,5.6274131,,4,73.0
12535103535,50.8614636,5.6275508,,3,73.0
12536099014,50.8748546,5.6316425,,1,77.0
12536132692,50.8706704,5.6325147,,3,80.0
12536297214,50.8865287,5.6459,,1,68.0
12536297220,50.8865545,5.646069,,3,68.0
12536297224,50.8862003,5.6468183,,3,68.0
12536297226,50.8866465,5.6462611,,3,68.0
12536297228,50.8871645,5.6457407,,3,68.0
12536297231,50.8874887,5.6461603,,1,68.0
12536297233,50.887637,5.6452495,,3,64.0
12536297244,50.8841216,5.6366705,,3,65.0
12536297249,50.8825587,5.6336808,,1,71.0
12536362895,50.8923898,5.651435,,3,60.0
12536362896,50.8917084,5.6521159,,3,57.0
12536362898,50.8900041,5.6507302,,3,63.0
12536373602,50.8897414,5.6494847,,3,60.0
12536373604,50.8886666,5.6483902,,1,67.0
12536373605,50.8887483,5.6484219,,3,67.0
12536373607,50.888681,5.6483771,,3,67.0
12536373608,50.8887204,5.6484555,,3,67.0
12536373611,50.8887814,5.6483833,,3,67.0
12536373618,50.8877733,5.6488093,,3,67.0
12537417773,50.9154611,5.6822008,,1,47.0
12537417774,50.9139907,5.6821914,,1,48.0
12537417775,50.9140275,5.6817459,,4,48.0
12537417776,50.9140846,5.6813237,,1,48.0
12537417777,50.9140668,5.6817529,,1,48.0
12537417778,50.9138789,5.6817194,,3,48.0
12537417785,50.9146401,5.6822263,,1,47.0
12537417786,50.9147715,5.6822768,,4,47.0
12537417787,50.9149056,5.6823269,,1,47.0
12537417788,50.9148033,5.6820466,,1,47.0
12537417789,50.9147286,5.6825877,,3,47.0
12537417790,50.9149802,5.6829657,,3,47.0
12537417791,50.9145065,5.6819299,,1,48.0
12551607578,50.9247511,5.7032677,,3,46.0
12551607579,50.9249211,5.7032643,,3,46.0
12551607581,50.924824,5.7032606,,3,46.0
12551607582,50.9248425,5.7036596,,3,46.0
12551618630,50.9098154,5.7146742,,3,40.0
12566418430,50.8607788,5.6145233,,1,75.0
12566418438,50.860708,5.6148388,,3,73.0
12566418439,50.8607758,5.6145494,,3,75.0
12566418440,50.8608287,5.6148315,,3,73.0
12584913389,50.8660996,5.6294379,,4,73.0
12584913390,50.8652855,5.6308914,,4,73.0
12584913393,50.8659245,5.6304214,,3,73.0
12584913394,50.8656943,5.6305588,,3,73.0
12584913398,50.865856,5.6306879,,3,73.0
12584913399,50.8659263,5.6304428,,3,73.0
12584922701,50.8658763,5.6309318,,3,73.0
12584922702,50.8660086,5.629199,,3,73.0
12584922710,50.865916,5.6303225,,3,73.0
12585420708,50.8739774,5.6345795,,1,78.0
12585420711,50.8742824,5.6350262,,3,78.0
12597935814,50.8737798,5.6362871,,1,75.0
12597935816,50.8738899,5.6361823,,3,75.0
12685023927,50.882587,5.6733924,,1,54.0
12685023946,50.890276,5.6739718,,1,51.0
12742087559,50.9286679,5.6675347,,4,49.0
12742087562,50.9303212,5.6685592,,3,47.0
12742087567,50.9302596,5.6693315,,1,51.0
12742087568,50.9303322,5.6684206,,3,47.0
12742087569,50.9285593,5.6678266,,1,49.0
12742087574,50.9289687,5.6680145,,3,49.0
12742087575,50.9290032,5.6681497,,3,49.0
12742087596,50.9288062,5.6667881,,3,49.0
12742092871,50.8960773,5.6712185,,1,53.0
12742092872,50.895936,5.671193,,1,53.0
12742092874,50.8962178,5.6716839,,3,53.0
12742092876,50.8964158,5.6713897,,3,53.0
12742092877,50.8963638,5.6714173,,4,53.0
12742092878,50.8962858,5.6714686,,3,53.0
12742092880,50.8961226,5.6714994,,3,53.0
12742092882,50.8958227,5.671761,,1,52.0
12742092887,50.8959682,5.6711984,,4,53.0
12742099612,50.9287458,5.6662626,,3,49.0
12742099628,50.9288686,5.6676221,,3,49.0
12742099633,50.9287376,5.6674283,,1,49.0
12742099634,50.9286481,5.667565,,1,49.0
12873009144,50.8823981,5.6073692,,3,82.0
12873009146,50.8833473,5.6069792,,3,95.0
12873023735,50.8855874,5.6104679,,3,94.0
12873023736,50.8862766,5.6111229,,3,94.0
12873023737,50.886523,5.6117274,,3,94.0
12873023744,50.8851241,5.6106798,,3,86.0
12873023748,50.8877375,5.6153292,,3,78.0
12873023749,50.8870375,5.6127386,,3,84.0
12873023753,50.8878161,5.6099953,,3,94.0
12873023755,50.8890133,5.6090918,,3,94.0
12873023762,50.8890455,5.6095397,,3,94.0
12873023765,50.8897696,5.6090891,,3,98.0
12873862991,50.8946059,5.6345125,,3,67.0
12873862992,50.8944708,5.6341227,,3,67.0
12873862993,50.8944289,5.6341593,,3,67.0
12873862994,50.8939846,5.6340293,,3,67.0
12873871697,50.8921789,5.6386519,,3,64.0
12873871700,50.8914838,5.6391761,,3,65.0
12873908002,50.8922583,5.6368923,,3,68.0
12873928598,50.8945051,5.6357983,,3,66.0
12873928599,50.8940623,5.6353296,,3,67.0
12873937971,50.8941094,5.6371403,,3,66.0
12873937974,50.8943204,5.6366678,,3,66.0
12873937975,50.8944511,5.6370411,,3,66.0
12873937976,50.8942045,5.636337,,3,66.0
12873937977,50.8950201,5.6364893,,3,66.0
12873937978,50.8952115,5.6362607,,3,66.0
12873954306,50.8941699,5.6349887,,3,67.0
12873954315,50.8936218,5.63454,,3,66.0
12873954316,50.8932929,5.6347578,,3,66.0
12873954317,50.8934426,5.6352012,,3,66.0
12873954320,50.8934396,5.6346912,,3,66.0
12873954321,50.8934741,5.6351803,,3,66.0
12959309377,50.84965,5.6358806,,3,55.0
13061524290,50.9277285,5.6876363,,1,41.0
13061524291,50.9276895,5.6879155,,1,41.0
13061526884,50.9309569,5.6888862,,3,41.0
13061526885,50.930924,5.6890646,,3,41.0
13061526894,50.9300781,5.6886256,,3,41.0
13061707031,50.9259444,5.6845343,turning_circle,1,44.0
13061707040,50.9204859,5.6851432,,1,45.0
13061707043,50.920494,5.6849795,,1,45.0
13061707044,50.9224583,5.6858792,,1,44.0
13061707047,50.9224581,5.6857037,,1,44.0
13061707048,50.9253002,5.6869443,,1,44.0
13061707051,50.9253114,5.6867742,,1,44.0
13061707052,50.9263151,5.6873821,,1,44.0
13061707053,50.9263524,5.6871279,,1,44.0
13061707054,50.9272072,5.6877294,,1,41.0
13061707055,50.9272505,5.6874344,,1,42.0
13061707100,50.9251727,5.6867652,,3,44.0
13061712202,50.9236256,5.6863391,,1,44.0
13061712203,50.9236564,5.6861298,,1,44.0
13061712204,50.9238709,5.6861643,,1,44.0
13061712205,50.9238467,5.6864621,,1,44.0
13061712212,50.9237025,5.6864145,,1,44.0
13061712216,50.9240559,5.6862127,,1,44.0
13061712232,50.9240656,5.6865057,,1,44.0
13061712233,50.9241024,5.6862731,,1,44.0
13061776892,50.9168486,5.6840354,,3,43.0
13061776911,50.9182013,5.6842734,crossing,4,43.0
13061776912,50.9182204,5.6841529,crossing,4,43.0
13061776913,50.9183345,5.6839455,,1,43.0
13061776914,50.9183813,5.6839376,crossing,4,43.0
13061776915,50.9184375,5.6839194,crossing,4,43.0
13061776916,50.9187153,5.6842903,,1,43.0
13061776917,50.9187064,5.6843666,crossing,4,43.0
13061776918,50.9186933,5.6844678,crossing,4,43.0
13061776919,50.9187326,5.6846898,crossing,4,43.0
13061776921,50.9186664,5.6846289,,3,43.0
13061776923,50.9186049,5.6846525,crossing,4,43.0
13061776924,50.9185511,5.684694,crossing,4,43.0
13061776925,50.9185107,5.6847309,,1,43.0
13061834664,50.9089949,5.680951,,1,47.0
13061834665,50.9090297,5.6806944,,1,47.0
13061834666,50.9087093,5.6808537,,1,47.0
13061834667,50.90875,5.6805914,,1,47.0
13061834694,50.9106698,5.681581,,1,45.0
13061834695,50.9107173,5.6812788,,1,45.0
13061834696,50.9110773,5.6814096,,1,45.0
13061834697,50.9110359,5.68172,,1,45.0
13061909072,50.8993549,5.6772771,,3,51.0
13061909080,50.8989076,5.6769464,,3,52.0
13061909206,50.901242,5.6780706,,1,50.0
13061909207,50.9012804,5.6778005,,1,50.0
13061909261,50.9055671,5.6798384,,1,46.0
13061909262,50.905959,5.6794895,,1,46.0
13061909263,50.9059053,5.6798301,,1,46.0
13061909264,50.9056599,5.6792548,,1,46.0
13061909265,50.9058806,5.6793448,,1,46.0
13061909266,50.9054934,5.679694,,1,46.0
13061909267,50.905543,5.6793346,,1,46.0
13062198329,50.8833555,5.6363702,,4,65.0
13062198336,50.8832576,5.63628,,3,72.0
13062198526,50.8835472,5.6362401,crossing,4,65.0
13062198527,50.8835516,5.6362009,,1,65.0
13062198533,50.8835863,5.6371197,crossing,4,65.0
13062198540,50.8832753,5.6368467,crossing,4,72.0
13062198549,50.8837914,5.6367253,crossing,4,65.0
13063970249,50.8790737,5.6282486,,3,76.0
13063970250,50.8789769,5.6287058,,3,76.0
13063970251,50.8786996,5.6285563,,3,76.0
13063970252,50.8787908,5.6280885,,3,76.0
13063970253,50.8787366,5.6280584,,1,76.0
13063970257,50.8788339,5.6286281,,4,76.0
13063970258,50.8783199,5.6283534,,1,76.0
13063970259,50.8789342,5.6281684,,3,76.0
13144711728,50.8805121,5.6782556,,4,45.0
13176588989,50.894016,5.632785,,1,68.0
13176588990,50.8941743,5.6332727,,1,68.0
13192415045,50.863441,5.6249685,crossing,3,72.0
13192415046,50.8633417,5.6249717,,4,72.0
13192415047,50.8632497,5.6249759,crossing,3,72.0
13192415055,50.8635279,5.6249665,,3,72.0
13192447748,50.8684945,5.6249102,,3,81.0
13192447753,50.8703772,5.6248171,,1,81.0
13192447754,50.8703726,5.6250364,,1,81.0
13192447755,50.8703748,5.624974,crossing,4,81.0
13192447756,50.8703776,5.6248776,crossing,4,81.0
13192517934,50.8603186,5.624485,,3,73.0
13193359470,50.8921185,5.6563933,,3,55.0
13193359475,50.8919603,5.656524,,3,55.0
13193359480,50.8918781,5.656257,,3,55.0
13193365572,50.8920892,5.6567497,,1,55.0
13193365573,50.892215,5.6568946,,1,55.0
13193365574,50.8921686,5.6574967,,1,55.0
13193365575,50.8920434,5.6575954,,1,55.0
13193365576,50.8919107,5.657596,,1,55.0
13193365577,50.8917501,5.657418,,1,55.0
13255569948,50.8886676,5.6477962,,1,65.0
13255569951,50.8874532,5.6477499,,3,68.0
13260842341,50.8709672,5.6249977,,3,82.0
13274060856,50.9094221,5.6247203,,3,106.0
13274060860,50.910181,5.626994,,3,103.0
13274177282,50.8995997,5.6410492,,3,66.0
13274574189,50.882271,5.6733729,,1,54.0
13274574190,50.8822719,5.6731527,,1,54.0
13274574191,50.8825928,5.6731698,,1,54.0
13318049662,50.8979381,5.6214285,,3,79.0
13318049665,50.8998945,5.624908,,3,77.0
13319513444,50.9155025,5.6928726,,1,43.0
13319513456,50.9152434,5.6933353,,1,43.0
13319513458,50.9154104,5.6927023,,3,43.0
13319513460,50.9158793,5.6917635,,3,43.0
13319538552,50.9170181,5.6970528,,1,42.0
13319538558,50.9172257,5.697138,,3,42.0
13319538559,50.9176188,5.6954925,,3,44.0
13319604120,50.9247889,5.7039852,,3,46.0
13319604123,50.9247957,5.7041187,,3,46.0
13319604125,50.924807,5.7043428,,3,44.0
13319604127,50.9246158,5.7038576,,3,46.0
13319604128,50.9246791,5.7043614,,3,44.0
13319635197,50.9246756,5.7039081,,1,46.0
13319635198,50.9246188,5.7039152,,3,46.0
13319635199,50.9246402,5.7043724,,3,44.0
13319648194,50.9245614,5.7031502,,1,46.0
13319662001,50.9246276,5.7040846,,3,46.0
13352998496,50.9262251,5.620919,,3,101.0
13355215211,50.8876925,5.6700132,,4,57.0
13355215213,50.8873605,5.670305,,3,58.0
13355254555,50.9272487,5.6216513,,1,100.0
13355254556,50.9269318,5.621905,,3,101.0
13355316664,50.9262746,5.6213329,,3,101.0
13355358848,50.9219951,5.6625323,,3,55.0
13355416464,50.9352278,5.6643987,,4,50.0
13355416465,50.9370423,5.6638934,,1,50.0
13355806970,50.9250367,5.7035434,,3,41.0
13355873825,50.9256482,5.7001996,,3,41.0
13355873826,50.9255014,5.7001754,,1,41.0
13381529869,50.8914706,5.6609175,,3,52.0
13381529870,50.8914296,5.6609255,,1,52.0
13381529877,50.8918482,5.6612688,,3,53.0
13431040780,50.8652515,5.6306166,,3,73.0
13433377349,50.9288606,5.6917521,,3,41.0
13433377350,50.9300128,5.692589,,1,39.0
13434231991,50.9145528,5.685131,,3,45.0
13434231996,50.9148661,5.6855446,,3,44.0
13434296181,50.9070787,5.6878204,,1,47.0
13434296190,50.9073772,5.6873211,,1,48.0
13434296191,50.9073866,5.6871169,,3,48.0
13434688289,50.8673672,5.6465677,,1,63.0
13434688293,50.866908,5.6472302,,3,63.0
13434712501,50.8696452,5.6470048,,3,64.0
13434712502,50.8681158,5.6474662,,1,63.0
13434712509,50.8689854,5.6478665,,3,64.0
13503340158,50.92233,5.6971192,,3,44.0
13503340161,50.9225098,5.6971059,,1,44.0
13596135493,50.9163709,5.6755953,,3,50.0
13596135498,50.9162405,5.6758971,,3,50.0
13596135499,50.9138821,5.6741086,,1,51.0
13596192303,50.9138966,5.6740927,,1,51.0
13596192313,50.9150929,5.6716744,,3,48.0
13596192314,50.9157957,5.671804,,3,48.0
13596192317,50.9162345,5.6722718,,3,48.0
13596192319,50.9175449,5.6733451,,1,46.0
13596192320,50.917963,5.6772914,,3,45.0
13596192325,50.9185137,5.6775998,,1,45.0
