osmid,y,x,street_count,elevation,highway,ref
2297990,50.8282979,5.7292407,3,63.0,,
30124657,50.8165777,5.6675817,3,60.0,,
30160924,50.835243,5.734763,4,63.0,,
30428938,50.841372,5.7330693,3,60.0,,
30428943,50.8391719,5.7338901,3,61.0,,
30428945,50.839947,5.7338591,3,61.0,,
31011812,50.8556709,5.6935036,3,49.0,,
31012528,50.8493611,5.6943133,3,50.0,,
31077966,50.8558761,5.6920715,3,49.0,,
31089185,50.8351985,5.7283269,3,62.0,,
31089226,50.8350324,5.7298508,4,66.0,,
31092488,50.8640674,5.7301213,3,51.0,,
31092737,50.849294,5.7310289,3,54.0,,
31092739,50.8490757,5.7281603,4,53.0,,
31093323,50.8403637,5.7092499,1,49.0,,
31093520,50.8369716,5.7127768,1,52.0,,
31129440,50.878256,5.6778426,1,47.0,,
31129479,50.8783712,5.67806,3,47.0,,
31129550,50.8782631,5.6778849,3,47.0,,
31129814,50.8468233,5.6981103,3,52.0,,
31129823,50.837133,5.7028334,3,47.0,,
31129828,50.8429269,5.7020453,3,49.0,,
31130316,50.8460293,5.695233,1,51.0,,
31130515,50.8518202,5.6973885,3,45.0,,
31216599,50.8622695,5.687702,3,51.0,,
31216629,50.8657368,5.686264,3,45.0,,
31216658,50.8587797,5.690101,3,46.0,,
31262515,50.8814344,5.6693007,3,54.0,,
31425176,50.8437427,5.6891467,3,50.0,,
31425177,50.8437295,5.6889418,3,50.0,,
31505678,50.8547762,5.6639957,4,69.0,,
31512094,50.8450304,5.6896084,3,50.0,,
31512283,50.8685611,5.685222,3,43.0,,
31512288,50.8698131,5.6835035,3,45.0,,
31576581,50.861296,5.6629498,4,64.0,,
31576582,50.8614349,5.6628826,3,64.0,,
31793746,50.8671745,5.6858641,3,43.0,,
41932243,50.8108931,5.7147913,3,50.0,,
41932307,50.8109473,5.7165595,3,50.0,,
41933765,50.8134605,5.7081366,5,49.0,,
41934469,50.8144249,5.7193778,3,54.0,,
41934473,50.8144392,5.7122938,3,48.0,,
41934516,50.8145096,5.7193584,4,54.0,,
41934635,50.8146613,5.7207137,3,53.0,,
41934775,50.8155878,5.7192709,3,53.0,,
41935034,50.8150107,5.722721,3,56.0,,
41935043,50.8150748,5.707365,3,47.0,,
41937236,50.8170406,5.7276813,3,56.0,,
41937253,50.8171003,5.7275297,3,56.0,,
41937306,50.8171673,5.7279273,3,56.0,,
41937420,50.8172409,5.7275172,3,56.0,,
41937466,50.8172556,5.7278884,3,56.0,,
41937487,50.8172822,5.7066312,3,49.0,,
41937500,50.8173123,5.7277445,3,56.0,,
41938316,50.8179602,5.7188833,3,50.0,,
41938392,50.8181249,5.6683925,3,72.0,,
41938691,50.8184837,5.7260444,3,54.0,,
41939094,50.8186727,5.6956429,3,49.0,,
41939227,50.8191903,5.6669304,3,63.0,,
41939232,50.8191717,5.7287312,3,57.0,,
41939487,50.8194708,5.7085898,4,48.0,,
41939571,50.8195661,5.7092436,3,48.0,,
41939598,50.8202389,5.665838,3,100.0,,
41939718,50.81983,5.72302,3,56.0,,
41939980,50.8200797,5.7050173,3,48.0,,
41939991,50.8199686,5.7182195,3,48.0,,
41940024,50.8201899,5.708368,4,48.0,,
41940032,50.8200927,5.7278347,3,57.0,,
41940068,50.8202199,5.7049358,3,48.0,,
41940077,50.8202371,5.7072745,3,48.0,,
41940096,50.8203,5.72346,3,56.0,,
41940117,50.8202246,5.7223368,3,58.0,,
41940140,50.8203399,5.7056194,3,48.0,,
41940198,50.82045,5.70931,3,48.0,,
41940200,50.82045,5.72318,3,56.0,,
41940222,50.8205,5.72771,1,57.0,,
41940252,50.8205333,5.7004272,4,46.0,,
41940302,50.8205989,5.6963924,3,51.0,,
41940310,50.82063,5.72275,3,58.0,,
41940373,50.82072,5.71052,3,48.0,,
41940383,50.8207137,5.70548,3,48.0,,
41940398,50.8207374,5.7150045,3,46.0,,
41940401,50.8207502,5.7224722,3,58.0,,
41940424,50.8208224,5.7062494,3,48.0,,
41940430,50.8207532,5.7139765,3,47.0,,
41940472,50.82086,5.72281,3,59.0,,
41940481,50.8209006,5.7266572,3,62.0,,
41940492,50.8208403,5.7271282,3,61.0,,
41940498,50.8209,5.72339,4,60.0,,
41940594,50.8210008,5.7243858,3,60.0,,
41940599,50.82101,5.72794,1,61.0,,
41940613,50.82104,5.72173,3,59.0,,
41940679,50.8211657,5.7163306,3,48.0,,
41940737,50.82115,5.72544,3,62.0,,
41940793,50.8212483,5.7284101,3,61.0,,
41940902,50.8212833,5.727773,3,61.0,,
41940938,50.82133,5.72644,3,62.0,,
41940965,50.8213832,5.7260213,3,62.0,,
41941052,50.82147,5.72552,3,62.0,,
41941088,50.82155,5.72713,3,61.0,,
41941092,50.82157,5.72215,4,59.0,,
41941173,50.82161,5.72459,3,60.0,,
41941176,50.82161,5.72788,3,61.0,,
41941210,50.82166,5.7221,3,59.0,,
41941214,50.82166,5.72274,3,59.0,,
41941224,50.8216712,5.7242547,3,60.0,,
41941277,50.8217197,5.7038724,3,45.0,,
41941292,50.8217373,5.7106565,3,48.0,,
41941331,50.8216557,5.7046055,1,50.0,,
41941360,50.821833,5.7036999,3,45.0,,
41941374,50.8218134,5.7013636,3,47.0,,
41941390,50.8218518,5.7103974,3,49.0,,
41941397,50.8218442,5.7259307,3,62.0,,
41941458,50.8219175,5.7279382,3,61.0,,
41941476,50.8219144,5.7108405,3,48.0,,
41941588,50.822013,5.7230166,4,60.0,,
41941594,50.8220242,5.7140269,3,48.0,,
41941599,50.8220215,5.7105937,3,48.0,,
41941689,50.82211,5.72437,3,60.0,,
41941710,50.82214,5.72714,3,61.0,,
41941714,50.82215,5.72731,3,61.0,,
41941717,50.8221354,5.719712,1,55.0,,
41941724,50.8221353,5.727703,3,61.0,,
41941748,50.8221659,5.7260953,3,62.0,,
41941772,50.8221994,5.7067923,3,49.0,,
41941817,50.8222071,5.7262042,3,62.0,,
41941823,50.8222068,5.7000144,1,47.0,,
41941842,50.8222803,5.7083831,3,49.0,,
41941871,50.8223054,5.6732485,3,55.0,,
41941901,50.822312,5.7223098,3,59.0,,
41941932,50.8223216,5.7124639,3,48.0,,
41941949,50.8223485,5.7232667,3,60.0,,
41941957,50.82238,5.72418,4,60.0,,
41942015,50.8224422,5.7093974,3,49.0,,
41942020,50.82244,5.72679,3,62.0,,
41942029,50.8224717,5.7091853,3,49.0,,
41942030,50.82247,5.72781,1,61.0,,
41942032,50.8224649,5.6649815,4,71.0,,
41942060,50.82254,5.72226,3,59.0,,
41942074,50.8225733,5.6672039,4,58.0,,
41942076,50.8225173,5.7284417,3,61.0,,
41942088,50.82258,5.72732,1,61.0,,
41942117,50.8226358,5.7094342,3,49.0,,
41942121,50.8226232,5.7036573,4,45.0,,
41942124,50.8226379,5.709215,3,49.0,,
41942125,50.8226266,5.7213143,3,59.0,,
41942159,50.822683,5.7290752,3,61.0,,
41942173,50.8227145,5.7059028,3,50.0,,
41942174,50.82271,5.70625,3,49.0,,
41942179,50.82272,5.72306,3,60.0,,
41942188,50.8227562,5.7067629,3,49.0,,
41942206,50.8227437,5.7045251,3,50.0,,
41942211,50.8227897,5.7070672,3,49.0,,
41942213,50.82277,5.72679,4,62.0,,
41942228,50.82279,5.72464,1,60.0,,
41942330,50.8228597,5.7258941,3,62.0,,
41942342,50.8228221,5.7213437,3,59.0,,
41942362,50.8228864,5.7079114,3,49.0,,
41942386,50.8228867,5.7104034,3,49.0,,
41942427,50.8229747,5.7221884,4,60.0,,
41942456,50.8229825,5.7085175,3,48.0,,
41942546,50.8231057,5.7061621,3,49.0,,
41942548,50.8230883,5.7099354,3,48.0,,
41942566,50.8231135,5.725043,4,62.0,,
41942567,50.8231017,5.725699,1,62.0,,
41942610,50.8231265,5.7278716,3,63.0,,
41942644,50.8231439,5.7212879,3,60.0,,
41942653,50.8231805,5.7074437,3,47.0,,
41942659,50.8231646,5.7107035,3,48.0,,
41942679,50.823202,5.7217056,3,60.0,,
41942714,50.823176,5.7229156,3,60.0,,
41942720,50.823226,5.7055881,1,49.0,,
41942723,50.8232263,5.7100843,3,48.0,,
41942743,50.8232318,5.711331,3,48.0,,
41942757,50.82326,5.72282,3,60.0,,
41942758,50.82326,5.72684,4,62.0,,
41942805,50.8232774,5.7116892,3,48.0,,
41942820,50.82331,5.726,3,62.0,,
41942846,50.82333,5.72572,3,62.0,,
41942849,50.8233178,5.6654236,3,73.0,,
41942851,50.82334,5.7279,3,63.0,,
41942863,50.8233715,5.7114837,3,48.0,,
41942878,50.8233662,5.7102356,3,48.0,,
41942882,50.8234173,5.6670936,3,60.0,,
41942884,50.823388,5.7231963,3,61.0,,
41942886,50.8233924,5.7233611,3,61.0,,
41942957,50.823472,5.6735335,3,60.0,,
41942959,50.8233648,5.7245721,3,61.0,,
41942960,50.82343,5.72542,3,62.0,,
41942991,50.8234664,5.7045,3,49.0,,
41943009,50.82349,5.72866,3,63.0,,
41943048,50.8235836,5.6965651,4,45.0,,
41943100,50.8235787,5.7214955,3,60.0,,
41943104,50.8236042,5.7251833,3,62.0,,
41943189,50.8236136,5.7092123,4,48.0,,
41943217,50.8236623,5.7242377,4,61.0,,
41943311,50.8236942,5.7260411,3,62.0,,
41943336,50.82377,5.72047,3,57.0,,
41943338,50.8237707,5.7251984,3,62.0,,
41943445,50.8238495,5.7246677,3,61.0,,
41943449,50.8238254,5.7252033,3,62.0,,
41943488,50.8238778,5.7230368,3,61.0,,
41943495,50.82388,5.72222,3,60.0,,
41943497,50.8238908,5.7081911,3,47.0,,
41943521,50.8239203,5.7084999,3,48.0,,
41943522,50.823964,5.7095824,3,48.0,,
41943529,50.8240781,5.696602,3,45.0,,
41943544,50.8239619,5.72692,4,62.0,,
41943556,50.8239908,5.7260093,3,62.0,,
41943575,50.8239216,5.7280271,3,63.0,,
41943642,50.8240576,5.710426,4,48.0,,
41943666,50.8240873,5.7081441,3,47.0,,
41943718,50.8241167,5.708453,3,48.0,,
41943719,50.8241448,5.7112461,4,48.0,,
41943755,50.8242035,5.7117608,3,48.0,,
41943803,50.8242223,5.7124321,4,48.0,,
41943814,50.824248,5.7041249,3,44.0,,
41943877,50.8242769,5.7243023,3,61.0,,
41943903,50.8243025,5.6994601,1,44.0,,
41943924,50.8243314,5.7210392,3,60.0,,
41943927,50.8243328,5.7212367,3,60.0,,
41943935,50.8243353,5.7250905,3,62.0,,
41943937,50.8243563,5.7252256,3,62.0,,
41943957,50.8243681,5.6998194,1,44.0,,
41943979,50.8244563,5.7262793,1,62.0,,
41944029,50.8244465,5.7212345,3,60.0,,
41944030,50.8244489,5.7219995,3,60.0,,
41944032,50.82445,5.7221666,3,60.0,,
41944059,50.8244454,5.7073149,3,47.0,,
41944065,50.8245042,5.696164,1,45.0,,
41944069,50.8245195,5.7222945,3,60.0,,
41944073,50.8245,5.72296,3,61.0,,
41944142,50.8245871,5.7251048,1,62.0,,
41944257,50.82467,5.70906,4,48.0,,
41944291,50.8247008,5.7210258,1,60.0,,
41944372,50.82474,5.72585,1,62.0,,
41944389,50.8247929,5.7238422,4,61.0,,
41944476,50.8247009,5.7250852,3,62.0,,
41944486,50.8248589,5.7292352,3,64.0,,
41944534,50.8248863,5.7275064,3,63.0,,
41944536,50.824933,5.7277564,3,63.0,,
41944625,50.8249132,5.7251246,3,62.0,,
41944638,50.8249425,5.7084433,3,48.0,,
41944642,50.8249286,5.7104755,4,48.0,,
41944649,50.8249439,5.727446,3,63.0,,
41944658,50.8249702,5.7265893,4,62.0,,
41944761,50.8249987,5.7259344,3,62.0,,
41944825,50.82514,5.72579,3,64.0,,
41944835,50.8251554,5.70461,3,48.0,,
41944856,50.8251752,5.7056543,3,48.0,,
41944864,50.8251646,5.7244775,3,65.0,,
41944866,50.8251101,5.7289668,3,64.0,,
41944914,50.8252,5.72337,3,65.0,,
41944922,50.825165,5.7249991,3,65.0,,
41944964,50.8252403,5.7416511,3,69.0,,
41944989,50.8252041,5.7106959,3,46.0,,
41945058,50.8252554,5.7131,4,49.0,,
41945071,50.8252086,5.6964974,4,46.0,,
41945073,50.8252669,5.7096942,4,48.0,,
41945078,50.825277,5.7280863,3,64.0,,
41945111,50.8252174,5.6962595,4,46.0,,
41945117,50.8252856,5.7067122,3,49.0,,
41945226,50.8253626,5.7073187,3,49.0,,
41945235,50.8254331,5.7213681,3,64.0,,
41945288,50.8254424,5.7203135,3,60.0,,
41945375,50.8254797,5.7082888,4,49.0,,
41945418,50.82557,5.71516,3,48.0,,
41945429,50.8255739,5.7147994,3,48.0,,
41945488,50.8255685,5.708965,3,48.0,,
41945495,50.8256397,5.7224102,3,64.0,,
41945508,50.8256509,5.727667,3,64.0,,
41945530,50.8257273,5.7217672,3,64.0,,
41945545,50.8257,5.72677,4,64.0,,
41945595,50.825694,5.725189,3,64.0,,
41945602,50.82572,5.72601,3,64.0,,
41945652,50.8257715,5.7149239,3,48.0,,
41945715,50.8258104,5.7234397,3,65.0,,
41945727,50.8258141,5.7232945,3,65.0,,
41945731,50.8258241,5.7224659,3,64.0,,
41945754,50.8259066,5.7104488,3,46.0,,
41945831,50.8260221,5.7233154,3,65.0,,
41945890,50.8259919,5.7214298,3,64.0,,
41945894,50.8259875,5.7218011,3,64.0,,
41945960,50.8259934,5.7096474,4,48.0,,
41946073,50.82609,5.72287,1,64.0,,
41946182,50.8261044,5.7202347,3,60.0,,
41946184,50.82612,5.72473,3,65.0,,
41946193,50.8261124,5.7091103,3,48.0,,
41946217,50.8261327,5.7067223,3,49.0,,
41946222,50.82615,5.72439,1,65.0,,
41946258,50.826199,5.7218046,3,64.0,,
41946260,50.8262,5.72481,3,65.0,,
41946343,50.826217,5.7045702,3,48.0,,
41946365,50.82624,5.72654,3,64.0,,
41946391,50.8262637,5.7086793,3,48.0,,
41946395,50.82629,5.7281,4,64.0,,
41946409,50.8263052,5.7279288,3,64.0,,
41946459,50.82631,5.72421,4,65.0,,
41946472,50.8263441,5.6950841,1,87.0,,
41946491,50.8263703,5.7236626,3,65.0,,
41946505,50.82639,5.72722,3,64.0,,
41946581,50.82644,5.72288,3,64.0,,
41946592,50.82645,5.72638,3,64.0,,
41946668,50.8265404,5.6869497,3,75.0,,
41946683,50.8264976,5.6908281,3,88.0,,
41946690,50.82652,5.72183,4,64.0,,
41946730,50.82658,5.72019,3,60.0,,
41946732,50.8265773,5.7202911,4,60.0,,
41946753,50.8265983,5.7068564,3,49.0,,
41946760,50.8265889,5.7196774,4,60.0,,
41946794,50.8265982,5.7191358,3,60.0,,
41946809,50.82664,5.70657,3,49.0,,
41946814,50.8266387,5.703336,5,48.0,,
41946834,50.8266802,5.7141751,3,49.0,,
41946850,50.8266853,5.7060878,3,48.0,,
41946856,50.8266919,5.7137016,3,49.0,,
41946948,50.82675,5.72367,3,65.0,,
41946958,50.8267516,5.7039225,3,48.0,,
41946993,50.8267931,5.7041344,4,48.0,,
41947218,50.8269059,5.7274326,3,64.0,,
41947260,50.8269646,5.7265023,3,64.0,,
41947343,50.82701,5.7203,3,60.0,,
41947349,50.8270069,5.7290626,3,64.0,,
41947392,50.8271102,5.7282124,3,64.0,,
41947439,50.82712,5.7208957,3,63.0,,
41947440,50.8271656,5.7218522,3,63.0,,
41947538,50.8271863,5.7227284,3,63.0,,
41947554,50.8272377,5.72186,3,63.0,,
41947572,50.8273206,5.7209081,3,63.0,,
41947617,50.827322,5.7286576,3,64.0,,
41947687,50.8274307,5.7132453,3,45.0,,
41947774,50.8275767,5.6939557,1,62.0,,
41947882,50.82769,5.72382,3,63.0,,
41947957,50.8277438,5.7227744,3,63.0,,
41947968,50.8277615,5.7224937,3,63.0,,
41947971,50.8278923,5.7243267,1,63.0,,
41948013,50.8278094,5.7239208,3,63.0,,
41948021,50.8278366,5.7169058,1,52.0,,
41948024,50.8278342,5.7216585,4,63.0,,
41948032,50.8278507,5.7145376,4,45.0,,
41948064,50.8278775,5.7203013,4,58.0,,
41948088,50.8279097,5.7279166,4,64.0,,
41948104,50.8278964,5.7219715,3,63.0,,
41948123,50.8279517,5.7271527,3,64.0,,
41948172,50.8280052,5.6942234,1,62.0,,
41948268,50.8280694,5.7084913,3,49.0,,
41948277,50.8281748,5.7246458,4,63.0,crossing,
41948312,50.828184,5.7239664,4,63.0,,
41948356,50.8282858,5.6751363,3,67.0,,
41948369,50.8281729,5.7093654,3,49.0,,
41948457,50.8283291,5.7226208,3,63.0,,
41948462,50.8282969,5.7060159,3,50.0,,
41948464,50.82832,5.72151,3,63.0,,
41948472,50.828336,5.7208855,3,63.0,,
41948476,50.8283305,5.7030924,3,48.0,,
41948533,50.828415,5.7215115,3,63.0,,
41948547,50.8284359,5.7219742,3,63.0,,
41948626,50.8285409,5.7110817,4,47.0,,
41948693,50.828636,5.7277827,3,64.0,,
41948703,50.8285809,5.7272671,3,64.0,,
41948741,50.8286814,5.72819,3,64.0,,
41948742,50.8285555,5.7221016,3,63.0,,
41948787,50.8287145,5.7116891,1,47.0,,
41948810,50.8287606,5.719673,3,58.0,,
41948823,50.8287885,5.7058182,3,50.0,,
41948864,50.8287828,5.7204,3,58.0,,
41948904,50.8288974,5.7272855,3,64.0,,
41948910,50.8288758,5.71001,4,49.0,,
41948987,50.8289391,5.727453,3,64.0,,
41948999,50.829103,5.7021672,4,48.0,,
41949015,50.8290241,5.6856528,3,105.0,,
41949018,50.8289807,5.7029992,3,48.0,,
41949101,50.8290283,5.7107455,3,47.0,,
41949118,50.8290872,5.7217404,4,63.0,,
41949120,50.8289857,5.7277187,3,64.0,,
41949171,50.82911,5.70831,3,49.0,,
41949176,50.82913,5.72629,4,64.0,,
41949193,50.829339,5.6550454,3,70.0,,
41949207,50.8292,5.6958175,3,56.0,,
41949253,50.82921,5.72538,3,60.0,,
41949258,50.8292198,5.72371,3,62.0,,
41949260,50.8292137,5.7239099,3,62.0,,
41949269,50.8292177,5.6960796,4,44.0,,
41949275,50.8292041,5.7247162,4,62.0,,
41949276,50.8291759,5.7278021,3,62.0,,
41949277,50.8292373,5.7212815,3,62.0,,
41949280,50.8292451,5.7228621,4,62.0,,
41949332,50.8293,5.7279,3,62.0,,
41949361,50.8292904,5.7084895,3,49.0,,
41949376,50.8293635,5.728938,3,62.0,,
41949419,50.8294225,5.662883,4,95.0,,
41949420,50.82943,5.7029,3,48.0,,
41949430,50.8294554,5.7055486,3,50.0,,
41949431,50.8294492,5.7099586,3,49.0,,
41949449,50.8294789,5.7217343,3,62.0,,
41949493,50.8294651,5.7274319,3,62.0,,
41949511,50.8295296,5.7105385,3,47.0,,
41949532,50.8295607,5.7070007,4,51.0,,
41949548,50.82958,5.72634,4,60.0,,
41949640,50.8296332,5.7054818,3,50.0,,
41949642,50.8295148,5.720127,3,58.0,,
41949661,50.8295917,5.7228482,3,62.0,,
41949681,50.829687,5.7022339,3,48.0,,
41949761,50.82978,5.70616,1,50.0,,
41949766,50.8297805,5.7240448,3,62.0,,
41949841,50.82986,5.70691,4,51.0,,
41949859,50.8298816,5.7205289,3,58.0,,
41949865,50.8298519,5.7018268,3,48.0,,
41949902,50.8299178,5.7098074,4,49.0,,
41949914,50.8299388,5.7264137,3,60.0,,
41949956,50.8299676,5.707914,3,51.0,,
41949957,50.8299802,5.7144434,3,48.0,,
41949974,50.8299856,5.7273555,3,62.0,,
41950002,50.8300071,5.7037861,1,48.0,,
41950013,50.830042,5.7104064,3,49.0,,
41950015,50.83002,5.71414,3,48.0,,
41950017,50.8299748,5.7216317,4,62.0,,
41950033,50.8300507,5.7229199,3,62.0,,
41950044,50.8300879,5.7236253,1,62.0,,
41950100,50.8301216,5.7023125,3,48.0,,
41950102,50.8301332,5.7300851,4,62.0,,
41950107,50.83015,5.71309,3,48.0,,
41950146,50.830188,5.7082866,3,51.0,,
41950208,50.8302376,5.7068143,3,51.0,,
41950212,50.8302751,5.7030654,1,48.0,,
41950221,50.8302532,5.7122582,3,47.0,,
41950237,50.8302532,5.705314,3,50.0,,
41950263,50.8300649,5.703789,3,48.0,,
41950264,50.8303148,5.7079723,3,51.0,,
41950321,50.83036,5.71,1,49.0,,
41950329,50.8303655,5.7027823,3,48.0,,
41950384,50.8303701,5.7095326,3,49.0,,
41950385,50.8304005,5.7230517,3,62.0,,
41950387,50.8304165,5.7237622,3,62.0,,
41950414,50.83047,5.70373,3,48.0,,
41950417,50.8305063,5.7096711,3,49.0,,
41950434,50.8305093,5.7043628,1,50.0,,
41950442,50.8305265,5.7040772,3,48.0,,
41950447,50.8305011,5.7215059,3,62.0,,
41950482,50.8304776,5.724452,1,62.0,,
41950483,50.8304835,5.7245952,1,62.0,,
41950511,50.8305591,5.7230408,3,62.0,,
41950529,50.8305531,5.7316733,3,63.0,,
41950561,50.8306055,5.7231944,1,62.0,,
41950578,50.8305805,5.6570068,3,71.0,,
41950589,50.8306962,5.7273275,3,62.0,,
41950627,50.8307111,5.7302804,4,62.0,,
41950653,50.83075,5.70362,3,48.0,,
41950726,50.8307959,5.72625,3,60.0,,
41950728,50.8308221,5.7292246,3,62.0,,
41950741,50.83084,5.70395,3,48.0,,
41950757,50.8308374,5.7091392,3,49.0,,
41950758,50.8308463,5.709363,3,49.0,,
41950798,50.8308729,5.7198162,3,58.0,,
41950861,50.8308944,5.7124194,3,47.0,,
41950868,50.8309106,5.7229348,3,62.0,,
41950869,50.830889,5.7242375,1,62.0,,
41950887,50.8309626,5.7150117,3,48.0,,
41950913,50.8310199,5.6568974,3,71.0,,
41950928,50.8309679,5.7194608,1,58.0,,
41950934,50.831045,5.7242647,3,62.0,,
41950955,50.8310792,5.7246507,3,62.0,,
41951086,50.8311,5.73198,3,63.0,,
41951112,50.831159,5.6564637,3,71.0,,
41951119,50.8311082,5.7096941,1,49.0,,
41951157,50.83115,5.6569333,3,71.0,,
41951202,50.8312199,5.6565051,3,71.0,,
41951208,50.8311354,5.7084374,3,49.0,,
41951233,50.8312381,5.6564357,3,71.0,,
41951240,50.8312305,5.7076098,3,51.0,,
41951253,50.8312681,5.6563365,3,72.0,,
41951255,50.8312682,5.7201049,3,50.0,,
41951263,50.8312718,5.7126055,4,51.0,,
41951324,50.8312724,5.7304382,4,60.0,,
41951332,50.8313031,5.7124474,3,49.0,,
41951349,50.8312994,5.6850628,3,99.0,,
41951382,50.831315,5.6549744,3,76.0,,
41951390,50.8312697,5.7083811,3,49.0,,
41951405,50.83134,5.70361,3,47.0,,
41951412,50.83135,5.72347,1,61.0,,
41951419,50.83136,5.70375,3,47.0,,
41951425,50.8313727,5.7126436,4,51.0,,
41951438,50.831396,5.7124699,3,49.0,,
41951441,50.8314017,5.7275338,3,60.0,,
41951448,50.8313981,5.7293891,3,60.0,,
41951531,50.8314768,5.6579546,3,72.0,,
41951532,50.8314389,5.6777894,3,55.0,,
41951617,50.831542,5.7049839,3,49.0,,
41951624,50.8315469,5.7235017,3,61.0,,
41951672,50.8316261,5.6554068,4,76.0,,
41951677,50.8311746,5.7015186,3,48.0,,
41951681,50.8316,5.72487,1,61.0,,
41951723,50.8316031,5.7058564,3,49.0,,
41951739,50.8316319,5.6537645,3,78.0,,
41951760,50.8316501,5.6780561,3,55.0,,
41951764,50.83164,5.73225,3,62.0,,
41951767,50.8320393,5.6886257,3,89.0,,
41951779,50.8316512,5.7064964,3,48.0,,
41951791,50.8316691,5.6935331,3,61.0,,
41951810,50.8314875,5.693702,3,61.0,,
41951827,50.8317242,5.7253407,3,61.0,,
41951873,50.8317337,5.7076607,3,48.0,,
41951892,50.8317395,5.7229631,3,61.0,,
41951897,50.8317551,5.6537146,4,78.0,,
41951900,50.8317811,5.6594797,3,69.0,,
41951938,50.8317828,5.6541452,3,78.0,,
41951946,50.8318604,5.722378,3,58.0,,
41951952,50.8318157,5.6584343,3,69.0,,
41951976,50.8318479,5.6594166,3,69.0,,
41951977,50.83187,5.70344,1,47.0,,
41951980,50.8318432,5.7263239,3,61.0,,
41951983,50.8318828,5.6540578,3,78.0,,
41951985,50.831901,5.7057939,3,49.0,,
41952015,50.8319147,5.724289,3,61.0,,
41952022,50.8319272,5.7077518,3,48.0,,
41952038,50.8319428,5.7306265,4,60.0,,
41952162,50.8320331,5.6527534,3,78.0,,
41952187,50.8320534,5.7295705,3,60.0,,
41952197,50.8321121,5.6564681,3,72.0,,
41952240,50.83211,5.73158,4,62.0,,
41952250,50.8321139,5.7078256,3,48.0,,
41952256,50.8321276,5.657944,3,72.0,,
41952261,50.8321644,5.6598432,3,69.0,,
41952264,50.8321357,5.6547119,3,76.0,,
41952278,50.8321771,5.6808635,1,70.0,,
41952283,50.8321689,5.7325579,3,62.0,,
41952339,50.8322256,5.653271,4,78.0,,
41952444,50.8324208,5.6758639,1,54.0,,
41952463,50.8324,5.65375,3,78.0,,
41952521,50.8324177,5.6803566,3,70.0,,
41952529,50.8324927,5.6555678,3,76.0,,
41952532,50.832459,5.7261398,3,61.0,,
41952539,50.8324806,5.6573933,3,72.0,,
41952570,50.8325173,5.7267447,3,61.0,,
41952573,50.8325093,5.7309503,3,60.0,,
41952617,50.8325236,5.7240775,3,61.0,,
41952626,50.832535,5.7307814,4,60.0,,
41952652,50.8325805,5.6541088,3,78.0,,
41952653,50.8325328,5.6699986,3,54.0,,
41952674,50.8326246,5.7250012,3,61.0,,
41952678,50.8325826,5.7232372,3,61.0,,
41952680,50.8325796,5.7255026,3,61.0,,
41952721,50.8326384,5.7229267,3,61.0,,
41952739,50.8326219,5.7240469,3,61.0,,
41952749,50.8327582,5.6798902,3,70.0,,
41952750,50.832661,5.6928389,3,61.0,,
41952765,50.8323431,5.7129817,1,51.0,,
41952768,50.8327048,5.7225591,3,58.0,,
41952791,50.83271,5.7328998,4,62.0,,
41952796,50.8326993,5.6562108,3,76.0,,
41952802,50.8327537,5.7174918,3,50.0,,
41952805,50.832791,5.6510106,3,81.0,,
41952809,50.83274,5.72864,3,60.0,,
41952826,50.8323832,5.7128086,1,51.0,,
41952836,50.8327873,5.7221577,3,58.0,,
41952867,50.8328428,5.6945538,3,49.0,,
41952872,50.8328215,5.7219735,3,58.0,,
41952889,50.8328236,5.6566325,3,72.0,,
41952917,50.8328884,5.6554726,1,76.0,,
41952927,50.8328651,5.7148153,5,51.0,,
41952936,50.83286,5.70558,3,49.0,,
41952951,50.8329145,5.6551416,4,76.0,,
41952952,50.8329108,5.703911,1,47.0,,
41952966,50.83291,5.7258,1,61.0,,
41952968,50.8329253,5.6535648,3,78.0,,
41952989,50.8329299,5.7266078,3,61.0,,
41952993,50.83295,5.72675,3,61.0,,
41952997,50.8329719,5.6537273,3,78.0,,
41953013,50.8330056,5.6553609,4,76.0,,
41953022,50.8329805,5.7251786,3,61.0,,
41953030,50.8329983,5.6516707,3,81.0,,
41953052,50.8329887,5.6543885,1,76.0,,
41953057,50.8331106,5.6558717,3,76.0,,
41953067,50.83304,5.7261,3,61.0,,
41953073,50.8330643,5.7312892,4,62.0,,
41953088,50.8330575,5.655319,1,76.0,,
41953095,50.833126,5.6533604,1,78.0,,
41953106,50.8332409,5.7082459,3,48.0,,
41953143,50.833097,5.7309268,4,60.0,,
41953201,50.8331573,5.6542304,3,76.0,,
41953221,50.8331692,5.7069553,3,48.0,,
41953222,50.8331665,5.7192557,3,50.0,,
41953303,50.833196,5.7216224,3,58.0,,
41953320,50.8333684,5.7267238,1,58.0,,
41953346,50.8332412,5.6523053,3,78.0,,
41953365,50.8332885,5.703545,3,47.0,,
41953371,50.8333083,5.7019846,3,46.0,,
41953372,50.8332954,5.7059318,3,49.0,,
41953399,50.8333064,5.6560596,3,76.0,,
41953409,50.83333,5.72892,3,60.0,,
41953421,50.8333663,5.6547813,3,76.0,,
41953422,50.8333496,5.7056585,3,48.0,,
41953423,50.8333167,5.7201328,3,50.0,,
41953430,50.8333901,5.7253549,3,58.0,,
41953495,50.8335427,5.6558661,3,76.0,,
41953498,50.8334515,5.6795892,3,55.0,,
41953531,50.833429,5.7330857,3,65.0,,
41953542,50.8334601,5.7051368,3,48.0,,
41953543,50.8334498,5.7244507,3,57.0,,
41953553,50.8334162,5.7029653,1,50.0,,
41953579,50.8334777,5.6529632,3,80.0,,
41953582,50.83348,5.7191536,3,47.0,,
41953626,50.8335313,5.7130779,4,53.0,,
41953627,50.8335549,5.7229379,3,57.0,,
41953633,50.83355,5.70332,3,50.0,,
41953636,50.83355,5.70468,3,48.0,,
41953641,50.8335715,5.7263566,3,58.0,,
41953649,50.833579,5.7262581,3,58.0,,
41953696,50.83365,5.73099,3,66.0,,
41953717,50.8336883,5.7231034,3,57.0,,
41953768,50.8337389,5.7317147,3,65.0,,
41953773,50.83373,5.7254759,3,58.0,,
41953785,50.8337497,5.7253393,3,58.0,,
41953797,50.8337452,5.6536284,3,80.0,,
41953860,50.8338725,5.6500492,4,81.0,,
41953869,50.8338034,5.6806065,1,55.0,,
41953904,50.83387,5.72895,3,62.0,,
41953923,50.8338885,5.7206094,3,47.0,,
41953931,50.8338773,5.7233582,3,57.0,,
41953988,50.8338872,5.7075627,4,48.0,,
41953989,50.83391,5.71986,3,47.0,,
41953993,50.833913,5.7222088,3,52.0,,
41954010,50.8339239,5.7190857,3,47.0,,
41954026,50.8339257,5.6501825,4,81.0,crossing,
41954031,50.8340335,5.6523888,4,80.0,,
41954075,50.8340223,5.6542046,3,76.0,,
41954077,50.8340285,5.6800183,3,55.0,,
41954084,50.8340363,5.7157048,4,57.0,,
41954086,50.8340123,5.7175007,3,50.0,,
41954094,50.8340581,5.7045203,3,48.0,,
41954100,50.834069,5.7130691,4,53.0,,
41954119,50.8341111,5.6532695,3,80.0,,
41954181,50.8342068,5.6544793,3,76.0,,
41954208,50.8342326,5.7036602,3,50.0,,
41954217,50.834221,5.723904,3,57.0,,
41954253,50.83428,5.70356,3,50.0,,
41954256,50.8342793,5.7250678,3,58.0,,
41954344,50.8343455,5.7059726,3,48.0,,
41954356,50.8343597,5.6528209,4,80.0,,
41954359,50.8343734,5.7075146,4,48.0,,
41954364,50.8343782,5.7032985,1,50.0,,
41954372,50.8345032,5.694391,3,51.0,,
41954396,50.8343545,5.6810052,1,55.0,,
41954455,50.8344085,5.7130341,3,53.0,,
41954501,50.8345437,5.7047742,3,48.0,,
41954507,50.8345142,5.6877346,3,68.0,,
41954512,50.8345134,5.7230005,3,57.0,,
41954519,50.8344991,5.7248972,3,57.0,,
41954566,50.83453,5.66149,3,66.0,,
41954572,50.83453,5.71129,3,48.0,,
41954596,50.8346037,5.7230656,3,57.0,,
41954710,50.8346173,5.6551879,3,76.0,,
41954719,50.8347183,5.7257096,3,58.0,,
41954767,50.8346588,5.6524902,3,80.0,,
41954805,50.8347678,5.7052984,4,48.0,,
41954809,50.8346762,5.655393,3,76.0,,
41954815,50.83479,5.6709185,3,53.0,crossing,
41954819,50.8347368,5.7037818,3,50.0,,
41954839,50.8347218,5.7039454,3,50.0,,
41954859,50.8347024,5.659145,3,70.0,,
41954883,50.83478,5.71217,3,48.0,,
41954907,50.8348102,5.7257171,1,58.0,,
41954944,50.8348532,5.7033464,1,50.0,,
41954955,50.8348526,5.6813603,1,79.0,,
41954957,50.834897,5.7233934,3,57.0,,
41954971,50.8349012,5.7074189,3,48.0,,
41954999,50.8349256,5.7068907,3,48.0,,
41955008,50.834919,5.7228365,1,52.0,,
41955018,50.8348561,5.6538423,3,80.0,,
41955025,50.83494,5.66276,3,67.0,,
41955031,50.8348964,5.6549338,3,76.0,,
41955041,50.8350608,5.6940203,3,51.0,,
41955050,50.8349924,5.6527264,4,80.0,,
41955063,50.8349474,5.7214594,3,52.0,,
41955095,50.8350151,5.680858,3,55.0,,
41955099,50.8350402,5.6942935,4,51.0,crossing,
41955109,50.8350738,5.6617556,1,66.0,turning_circle,
41955167,50.8352087,5.7249323,3,57.0,,
41955172,50.8351261,5.6589425,3,70.0,,
41955180,50.8351408,5.6768657,3,52.0,,
41955188,50.835148,5.6943222,3,51.0,,
41955193,50.8351733,5.694046,4,51.0,,
41955213,50.8351915,5.7279863,3,62.0,,
41955242,50.83521,5.69366,4,56.0,,
41955245,50.8352183,5.7047975,3,48.0,,
41955286,50.8352756,5.6534171,3,80.0,,
41955287,50.8352514,5.6609039,3,66.0,,
41955290,50.8352437,5.7205439,3,47.0,,
41955298,50.8352963,5.7041852,3,48.0,,
41955301,50.8352807,5.7204182,3,47.0,,
41955354,50.8353145,5.6945456,4,51.0,,
41955362,50.835321,5.652417,3,80.0,,
41955364,50.8353017,5.6625418,4,67.0,,
41955389,50.8353352,5.6943706,3,51.0,,
41955395,50.8353257,5.7109651,3,48.0,,
41955408,50.8352758,5.7282113,3,62.0,,
41955414,50.8353869,5.7264763,4,58.0,,
41955417,50.8353667,5.6618991,4,66.0,,
41955470,50.8354449,5.7198797,1,50.0,,
41955487,50.8354562,5.6581846,3,77.0,,
41955548,50.8355276,5.6540372,4,74.0,,
41955550,50.8355293,5.6587978,3,78.0,,
41955566,50.8355294,5.6529936,3,74.0,,
41955575,50.8355335,5.6627624,3,74.0,,
41955591,50.8355508,5.659322,3,78.0,,
41955593,50.83557,5.72591,1,57.0,,
41955605,50.8355813,5.6726374,5,59.0,,
41955608,50.8356107,5.7241214,3,54.0,,
41955645,50.8355987,5.70687,4,49.0,,
41955649,50.8356159,5.6660844,3,68.0,,
41955664,50.8358609,5.7049837,3,49.0,,
41955685,50.8354927,5.7119294,3,48.0,,
41955689,50.8356785,5.7331284,3,60.0,,
41955749,50.8356828,5.6902792,3,59.0,,
41955752,50.8357381,5.7329678,3,60.0,,
41955759,50.8357382,5.7130738,4,52.0,,
41955846,50.8357718,5.6878216,3,64.0,,
41955848,50.8357637,5.6889198,3,64.0,,
41955855,50.8357576,5.6909218,3,59.0,,
41955989,50.8358113,5.6581938,4,77.0,,
41956010,50.8358497,5.6634963,3,74.0,,
41956022,50.8359782,5.65064,1,74.0,,
41956072,50.8359226,5.661158,4,78.0,,
41956166,50.8360205,5.7354062,3,60.0,,
41956182,50.8360463,5.7295399,1,60.0,,
41956199,50.8360249,5.6582469,3,77.0,,
41956208,50.8360542,5.7286386,3,59.0,,
41956219,50.8360259,5.710647,3,48.0,,
41956299,50.8361632,5.7239331,3,54.0,,
41956308,50.8362545,5.6819138,3,60.0,,
41956315,50.8360747,5.6731355,3,53.0,,
41956371,50.8362385,5.6603695,3,78.0,,
41956426,50.8362158,5.7300398,3,60.0,,
41956441,50.8362458,5.706837,4,49.0,,
41956442,50.8362568,5.7235404,1,54.0,,
41956444,50.8362193,5.659629,3,78.0,,
41956450,50.8361966,5.7117194,3,48.0,,
41956477,50.8362591,5.7079778,3,49.0,,
41956481,50.8362715,5.7130926,4,52.0,,
41956482,50.8362912,5.7175211,3,53.0,,
41956499,50.8363256,5.7334486,4,60.0,,
41956527,50.8362967,5.7049504,3,49.0,,
41956537,50.8363373,5.7052661,4,49.0,,
41956557,50.8363518,5.7332662,4,60.0,,
41956561,50.8363627,5.7083814,3,49.0,,
41956637,50.8363904,5.7106533,4,48.0,,
41956661,50.8365117,5.6774366,3,51.0,,
41956664,50.8364728,5.7224203,3,48.0,,
41956680,50.8364875,5.7323557,3,60.0,,
41956691,50.836513,5.7244613,3,54.0,,
41956762,50.836442,5.6820918,3,60.0,,
41956800,50.8365071,5.6817308,3,60.0,,
41956801,50.8365726,5.7048443,5,49.0,,
41956821,50.836581,5.7052854,3,49.0,,
41956843,50.8366124,5.7315036,3,60.0,,
41956851,50.8366209,5.7356462,3,63.0,,
41956863,50.836613,5.7068155,3,49.0,,
41956883,50.8366829,5.6476292,3,76.0,,
41956893,50.8367061,5.7273801,3,59.0,,
41956929,50.8367436,5.6619562,4,78.0,crossing,
41956952,50.836746,5.6570924,3,77.0,,
41956957,50.8369069,5.7117727,1,48.0,,
41956960,50.83679,5.72119,4,48.0,,
41956967,50.8367863,5.6875697,3,64.0,,
41956973,50.8367936,5.7302774,3,60.0,,
41957004,50.8367998,5.6620583,3,78.0,,
41957035,50.8368243,5.6880635,3,64.0,,
41957051,50.8368986,5.7207927,3,50.0,,
41957052,50.8369018,5.660589,3,78.0,,
41957054,50.8369262,5.7260646,3,57.0,,
41957120,50.8369188,5.7336756,3,60.0,,
41957155,50.8369388,5.6564012,3,77.0,,
41957161,50.8369488,5.6904419,3,59.0,,
41957176,50.8370092,5.7259397,3,57.0,,
41957185,50.8369837,5.6625624,3,74.0,,
41957205,50.837017,5.7262,3,57.0,,
41957271,50.8370064,5.6507785,3,74.0,,
41957273,50.8369906,5.6642295,3,74.0,,
41957344,50.8370486,5.6469858,3,76.0,,
41957354,50.8370667,5.7245166,3,54.0,,
41957446,50.8370478,5.6554925,3,75.0,,
41957450,50.8370905,5.7260761,3,57.0,,
41957515,50.8371236,5.7316911,3,60.0,,
41957518,50.8371573,5.6518486,4,74.0,,
41957544,50.8371425,5.6887371,3,64.0,,
41957564,50.8371844,5.7197877,3,50.0,,
41957574,50.837158,5.6860537,3,70.0,,
41957612,50.8372021,5.6546616,3,75.0,,
41957617,50.8372087,5.6919701,4,54.0,,
41957621,50.8372513,5.6718364,3,59.0,,
41957630,50.8372449,5.735877,3,63.0,,
41957642,50.8372524,5.6476783,3,76.0,,
41957644,50.8375429,5.6577954,1,79.0,,
41957654,50.837287,5.7095387,3,49.0,,
41957665,50.8372516,5.6614005,3,78.0,,
41957669,50.8372666,5.6639395,3,74.0,,
41957752,50.8373182,5.7304674,3,60.0,,
41957757,50.837309,5.6613095,3,78.0,,
41957758,50.8372752,5.6695427,3,62.0,,
41957759,50.8372935,5.6655649,3,68.0,,
41957768,50.8373369,5.7063141,3,49.0,,
41957777,50.8372924,5.7067826,4,49.0,,
41957778,50.8373609,5.7173839,3,53.0,,
41957790,50.8373605,5.7163145,3,56.0,,
41957796,50.8374093,5.703229,5,47.0,,
41957810,50.8374258,5.7228657,3,48.0,,
41957856,50.83742,5.65023,4,74.0,,
41957862,50.8373873,5.7018261,3,45.0,,
41957871,50.8374072,5.703412,4,47.0,,
41957897,50.8374602,5.6532458,3,74.0,,
41957899,50.8374376,5.6647929,3,68.0,,
41957904,50.8374218,5.7044285,3,49.0,,
41957907,50.8374314,5.7048864,3,49.0,,
41957938,50.8374887,5.6462798,3,76.0,,
41957999,50.837548,5.6487106,3,79.0,,
41958004,50.8375215,5.7150749,3,49.0,,
41958011,50.8374589,5.6717791,3,59.0,,
41958018,50.8375255,5.7339068,3,61.0,,
41958029,50.8375058,5.6947718,3,52.0,,
41958031,50.8375303,5.6959508,3,47.0,,
41958041,50.8375582,5.7226397,3,47.0,,
41958053,50.837543,5.7198715,3,49.0,,
41958066,50.8375224,5.6942801,4,52.0,,
41958079,50.8375597,5.665316,3,87.0,,
41958084,50.8364509,5.7182816,1,53.0,,
41958163,50.8376273,5.7048824,3,51.0,,
41958164,50.8370585,5.7184274,1,53.0,,
41958240,50.8376585,5.6621098,3,84.0,,
41958242,50.8376309,5.70498,3,51.0,,
41958272,50.8377278,5.7214593,4,47.0,,
41958302,50.8377009,5.6550592,3,75.0,,
41958339,50.8377924,5.6896417,3,57.0,,
41958346,50.8377657,5.648549,3,79.0,,
41958361,50.8377496,5.6836184,3,53.0,,
41958377,50.8377484,5.687124,3,56.0,,
41958427,50.8377984,5.6865359,3,56.0,,
41958429,50.8377528,5.6916635,3,57.0,,
41958434,50.83782,5.64966,3,79.0,,
41958446,50.837834,5.7360922,3,61.0,,
41958458,50.83784,5.65642,3,79.0,,
41958475,50.8378926,5.7262759,3,57.0,,
41958480,50.837832,5.6667137,3,83.0,,
41958484,50.8378185,5.6722665,3,62.0,,
41958590,50.8378914,5.6466485,3,79.0,,
41958598,50.83792,5.6517,4,80.0,,
41958599,50.8378893,5.6718819,3,62.0,,
41958604,50.8379064,5.7091203,3,53.0,,
41958605,50.8379055,5.6714373,3,62.0,,
41958659,50.8380323,5.6571482,3,79.0,,
41958661,50.8380302,5.7221327,3,47.0,,
41958663,50.83802,5.69523,3,52.0,,
41958669,50.83803,5.72323,4,50.0,,
41958685,50.83806,5.69497,3,52.0,,
41958716,50.83809,5.65569,3,75.0,,
41958721,50.8380672,5.6664547,3,87.0,,
41958725,50.8383177,5.6867515,3,56.0,,
41958729,50.8381,5.704865,3,51.0,,
41958771,50.8381279,5.7341245,3,61.0,,
41958779,50.8380908,5.6808467,3,51.0,,
41958782,50.8381005,5.6891487,3,57.0,,
41958793,50.8381169,5.6941434,3,52.0,,
41958802,50.83814,5.7231,3,50.0,,
41958817,50.8381509,5.6896619,3,57.0,,
41958838,50.8381934,5.64896,3,79.0,,
41958845,50.8381936,5.6509937,3,80.0,,
41958890,50.8381868,5.6537899,4,77.0,,
41958896,50.83823,5.72499,3,50.0,,
41958897,50.8382451,5.7316408,4,59.0,,
41958907,50.8382536,5.7325489,4,59.0,,
41958923,50.8382325,5.6643305,3,84.0,,
41958928,50.8382634,5.7334593,4,61.0,,
41958930,50.8382702,5.7339261,3,61.0,,
41958944,50.8382227,5.7136521,4,52.0,,
41958956,50.8382727,5.7341648,3,61.0,,
41958958,50.8382748,5.7345245,3,61.0,,
41958960,50.8382726,5.7362563,3,61.0,,
41958974,50.8382883,5.73592,3,61.0,,
41958995,50.838304,5.7305518,4,58.0,,
41959035,50.838235,5.7145224,3,52.0,,
41959046,50.8383027,5.6845616,3,53.0,,
41959057,50.8383417,5.6470798,4,79.0,,
41959063,50.838379,5.7237316,3,50.0,,
41959073,50.8383496,5.6550096,3,75.0,,
41959084,50.8382961,5.7091048,3,53.0,,
41959092,50.8384312,5.6568676,3,79.0,,
41959094,50.8383891,5.6611027,4,84.0,crossing,
41959096,50.8383229,5.6787858,3,53.0,,
41959147,50.8384052,5.7153601,3,49.0,,
41959167,50.8384377,5.6641719,4,84.0,,
41959176,50.838423,5.7145336,3,52.0,,
41959182,50.83847,5.65028,3,80.0,,
41959184,50.8385204,5.6521942,3,77.0,,
41959187,50.838451,5.6898687,3,57.0,,
41959191,50.8384769,5.7301095,3,58.0,,
41959247,50.8385235,5.6669847,3,83.0,,
41959249,50.83851,5.68265,3,55.0,,
41959257,50.8385208,5.7304552,3,58.0,,
41959278,50.8385564,5.6465027,4,79.0,,
41959293,50.83856,5.68292,3,55.0,,
41959299,50.83857,5.72389,4,50.0,,
41959309,50.8385819,5.7345231,3,61.0,,
41959310,50.8386545,5.6954305,3,52.0,,
41959357,50.8386231,5.6542929,3,75.0,,
41959361,50.8386135,5.7359096,3,61.0,,
41959364,50.8386321,5.6493799,3,79.0,,
41959365,50.83863,5.72366,3,50.0,,
41959401,50.8386358,5.6717571,3,62.0,,
41959407,50.8387409,5.6505278,3,80.0,,
41959410,50.838694,5.6524335,3,77.0,,
41959466,50.8387729,5.6940678,3,52.0,,
41959468,50.83871,5.7282,4,61.0,,
41959480,50.8387128,5.6911993,4,57.0,,
41959489,50.83875,5.65737,3,79.0,,
41959506,50.8387973,5.6869251,5,56.0,,
41959509,50.8387782,5.6475091,3,79.0,,
41959527,50.8387442,5.72249,3,47.0,,
41959531,50.838662,5.6785374,3,53.0,,
41959532,50.83879,5.7068,3,50.0,,
41959602,50.8387903,5.6605497,3,84.0,,
41959606,50.8388418,5.6746989,3,59.0,,
41959607,50.8388839,5.721097,3,47.0,,
41959614,50.8388478,5.6837656,4,53.0,,
41959615,50.8388759,5.6536072,4,77.0,,
41959616,50.8385661,5.664576,3,84.0,,
41959619,50.8388376,5.6672816,3,83.0,,
41959620,50.8388543,5.6919891,3,53.0,,
41959628,50.8388949,5.6637681,3,84.0,,
41959653,50.8389692,5.678622,3,53.0,,
41959678,50.83897,5.72685,3,57.0,,
41959745,50.8390531,5.7162058,3,49.0,,
41959767,50.8390801,5.6602997,3,82.0,,
41959782,50.8390858,5.7145663,4,52.0,,
41959807,50.8391182,5.7242998,3,50.0,,
41959808,50.83912,5.673,1,59.0,turning_circle,
41959811,50.839108,5.7227555,3,47.0,,
41959821,50.8390966,5.7132902,4,52.0,,
41959822,50.839119,5.7225085,3,47.0,,
41959839,50.8391515,5.6528628,3,77.0,,
41959841,50.8391506,5.7344995,3,61.0,,
41959865,50.8391758,5.7358915,3,61.0,,
41959877,50.83919,5.72408,3,50.0,,
41959905,50.8391763,5.7201055,3,49.0,,
41959907,50.8391634,5.7213673,3,47.0,,
41959943,50.8391946,5.6479026,3,79.0,,
41959945,50.8392282,5.6600826,3,82.0,,
41959953,50.8392069,5.683237,3,55.0,,
41959960,50.83923,5.68481,3,53.0,,
41959969,50.83925,5.65714,3,79.0,,
41959971,50.8392643,5.6646942,3,87.0,,
41959972,50.8392365,5.6739125,4,59.0,,
41959991,50.8392694,5.652982,3,77.0,,
41960020,50.8392947,5.65133,3,80.0,,
41960023,50.8392599,5.6634067,4,84.0,,
41960133,50.8393947,5.6872616,3,56.0,,
41960149,50.8393792,5.6801308,3,51.0,,
41960157,50.8394244,5.7161519,3,49.0,,
41960212,50.8394892,5.6861933,3,56.0,,
41960222,50.8394141,5.6679757,3,83.0,,
41960251,50.8394936,5.6560959,3,75.0,,
41960320,50.8395553,5.6727013,3,62.0,,
41960323,50.8395277,5.6732584,3,59.0,,
41960349,50.8395334,5.6482213,3,79.0,,
41960354,50.83953,5.72306,4,50.0,,
41960365,50.8395678,5.7029486,5,49.0,,
41960372,50.8395583,5.6765586,3,57.0,,
41960382,50.83956,5.65791,3,79.0,,
41960385,50.8395827,5.7031209,4,49.0,,
41960402,50.8395564,5.6522368,3,77.0,,
41960427,50.8395685,5.6827172,3,55.0,,
41960438,50.8396015,5.6456051,3,86.0,,
41960445,50.8395234,5.6861509,3,56.0,,
41960486,50.8396136,5.6492469,3,82.0,,
41960487,50.8396421,5.6892581,4,53.0,,
41960530,50.839678,5.6453953,3,86.0,,
41960534,50.8396584,5.7031075,4,50.0,,
41960567,50.83968,5.65966,3,82.0,,
41960617,50.83971,5.64686,3,83.0,,
41960618,50.8397191,5.6763399,3,61.0,,
41960643,50.8397379,5.651769,3,79.0,,
41960647,50.8397069,5.6842994,3,51.0,,
41960663,50.839748,5.7159813,3,50.0,,
41960664,50.8397342,5.7338676,3,61.0,,
41960671,50.8398336,5.6956625,3,51.0,,
41960673,50.839738,5.7344644,3,61.0,,
41960681,50.8397562,5.6476082,4,83.0,,
41960682,50.8397628,5.6553938,3,79.0,,
41960688,50.8397326,5.6666698,3,83.0,,
41960696,50.8397432,5.7348961,3,61.0,,
41960710,50.83977,5.7146,3,50.0,,
41960712,50.8397552,5.7358729,3,61.0,,
41960718,50.8398253,5.695828,3,51.0,,
41960744,50.8398079,5.6450499,3,86.0,,
41960747,50.8397968,5.6972214,3,53.0,,
41960814,50.8398289,5.6906942,3,52.0,,
41960835,50.8398137,5.6585242,3,82.0,,
41960837,50.8398129,5.6804297,3,50.0,,
41960844,50.8398224,5.7263018,3,55.0,,
41960865,50.839836,5.6515134,3,79.0,,
41960883,50.8398492,5.669154,3,80.0,,
41960892,50.839842,5.6700713,3,80.0,,
41960906,50.8399111,5.6914554,3,52.0,,
41960908,50.8399432,5.6495495,3,82.0,,
41960942,50.8399259,5.6915999,3,52.0,,
41960944,50.8398927,5.7273626,3,57.0,,
41960948,50.839898,5.671941,3,76.0,,
41960960,50.8398526,5.6594849,3,82.0,,
41960968,50.8401153,5.6931807,3,51.0,,
41960972,50.8399493,5.6512149,3,79.0,,
41960978,50.8399365,5.6822086,3,49.0,,
41960981,50.83998,5.6958733,4,53.0,,
41960992,50.8400026,5.6956987,4,51.0,,
41960996,50.840021,5.7266576,3,55.0,,
41961034,50.8400201,5.6547216,4,79.0,,
41961035,50.8400259,5.677852,3,56.0,,
41961038,50.8400266,5.6469047,4,83.0,,
41961040,50.8400298,5.6674244,3,83.0,,
41961069,50.8401603,5.6672798,3,83.0,,
41961070,50.8400492,5.6711997,3,76.0,,
41961076,50.8400926,5.6457431,3,86.0,,
41961082,50.8400917,5.6592441,4,82.0,,
41961084,50.8401778,5.6780974,3,56.0,crossing,
41961122,50.8401072,5.6753529,3,61.0,,
41961125,50.8401008,5.6838622,3,51.0,,
41961130,50.84012,5.64437,3,86.0,,
41961139,50.8401372,5.6934581,3,51.0,,
41961142,50.8401148,5.7255393,3,55.0,,
41961146,50.8401493,5.694526,3,51.0,,
41961152,50.8401084,5.6957212,3,51.0,,
41961154,50.84015,5.6932897,3,51.0,,
41961160,50.8401424,5.6959215,3,53.0,,
41961187,50.8401756,5.6475157,3,83.0,,
41961189,50.840202,5.6505653,3,79.0,,
41961201,50.8402222,5.6755496,3,61.0,,
41961280,50.8402266,5.693523,3,51.0,,
41961284,50.8401999,5.7315606,3,60.0,,
41961295,50.8402268,5.7251244,3,55.0,,
41961312,50.8402628,5.6452646,4,86.0,,
41961322,50.8402628,5.6457324,4,86.0,,
41961327,50.8402589,5.6808439,3,50.0,,
41961350,50.84028,5.65728,4,80.0,,
41961359,50.8402847,5.6462734,3,83.0,,
41961361,50.8403022,5.6539679,3,78.0,,
41961369,50.8402877,5.6933191,3,51.0,,
41961414,50.8402856,5.6471357,3,83.0,,
41961432,50.8403374,5.690697,1,52.0,,
41961449,50.8403273,5.6499165,3,82.0,,
41961455,50.8402601,5.6876018,4,53.0,,
41961468,50.8403813,5.644812,3,86.0,,
41961475,50.8404157,5.6598781,3,82.0,,
41961480,50.8403337,5.6818106,3,49.0,,
41961482,50.8403224,5.7071836,3,47.0,,
41961525,50.8403908,5.6507457,3,79.0,,
41961526,50.8403965,5.6709052,1,76.0,,
41961540,50.8404212,5.7373156,3,61.0,,
41961568,50.8404168,5.6500012,3,79.0,,
41961583,50.8404859,5.7052806,3,50.0,,
41961596,50.8404237,5.655274,3,79.0,,
41961621,50.8404601,5.6739349,3,67.0,,
41961624,50.8405471,5.6877096,4,53.0,,
41961657,50.8405004,5.6834372,3,51.0,,
41961729,50.8405586,5.736133,3,61.0,,
41961742,50.8405185,5.6723014,3,76.0,,
41961750,50.84053,5.72389,5,50.0,,
41961754,50.84054,5.64528,3,86.0,,
41961758,50.840574,5.6882012,4,53.0,,
41961772,50.8404393,5.6835036,3,51.0,,
41961776,50.8405737,5.7052478,3,50.0,,
41961803,50.8405207,5.6727259,3,76.0,,
41961805,50.84058,5.6815805,3,49.0,,
41961812,50.8406174,5.6432315,3,87.0,,
41961827,50.8406179,5.7150835,3,50.0,,
41961832,50.8406168,5.6542724,3,79.0,,
41961837,50.8406276,5.6667111,4,83.0,,
41961839,50.8405638,5.6686474,3,83.0,,
41961843,50.840605,5.7338329,3,61.0,,
41961844,50.8406131,5.7348739,3,61.0,,
41961895,50.8406382,5.71912,3,48.0,,
41961897,50.8406325,5.7201327,3,48.0,,
41961899,50.840643,5.7358511,3,61.0,,
41961905,50.840663,5.6465548,3,83.0,,
41961920,50.8406712,5.6541338,3,78.0,,
41961922,50.8406549,5.6667811,4,83.0,,
41961924,50.8407144,5.6721674,1,76.0,,
41961929,50.8407039,5.6436459,3,87.0,,
41961946,50.8406859,5.7353325,3,61.0,,
41961960,50.8407,5.73521,3,61.0,,
41962032,50.8407387,5.6743696,3,67.0,,
41962043,50.84075,5.64544,3,86.0,,
41962045,50.8407274,5.6877884,3,53.0,,
41962048,50.8407799,5.6895668,3,53.0,,
41962064,50.8408052,5.7298825,3,59.0,,
41962074,50.8408223,5.6455001,3,86.0,,
41962078,50.8408102,5.7340749,3,61.0,,
41962123,50.8408266,5.7315373,5,60.0,,
41962125,50.8408278,5.7338254,3,61.0,,
41962140,50.84084,5.64511,3,86.0,,
41962147,50.8408375,5.7330795,3,60.0,crossing,
41962156,50.8409023,5.6458998,3,83.0,,
41962163,50.840872,5.7260147,3,55.0,,
41962169,50.8408798,5.6512128,3,79.0,,
41962171,50.8408696,5.7220968,4,50.0,,
41962174,50.8409029,5.7290568,4,57.0,,
41962182,50.8408908,5.6444833,4,86.0,,
41962184,50.84089,5.65353,3,78.0,,
41962188,50.84089,5.66948,3,80.0,,
41962212,50.8408984,5.6548443,4,79.0,,
41962266,50.8409502,5.6472911,3,83.0,,
41962269,50.8409007,5.6730306,4,67.0,,
41962275,50.8409173,5.6913341,3,52.0,,
41962280,50.84092,5.65777,3,80.0,,
41962296,50.8409808,5.6434161,3,87.0,,
41962430,50.8409518,5.6827769,4,49.0,,
41962486,50.8410043,5.6829155,3,49.0,,
41962494,50.8410353,5.69126,3,52.0,,
41962500,50.8410834,5.6469358,3,83.0,,
41962507,50.8410685,5.6513932,3,79.0,,
41962508,50.8410432,5.6830108,3,49.0,,
41962518,50.8410779,5.6585791,3,82.0,,
41962528,50.8412985,5.6485695,3,82.0,,
41962542,50.8410661,5.7277247,3,57.0,,
41962545,50.8410729,5.7354104,3,61.0,,
41962556,50.841059,5.6544851,3,79.0,,
41962558,50.8411167,5.6666553,3,83.0,,
41962573,50.8411178,5.7099373,3,49.0,,
41962575,50.8411252,5.7103895,3,49.0,,
41962620,50.8411286,5.6450748,3,86.0,,
41962624,50.84111,5.70926,3,49.0,,
41962631,50.841153,5.6460708,3,83.0,,
41962640,50.84112,5.72436,3,50.0,,
41962674,50.8411479,5.7109446,3,50.0,,
41962677,50.8411373,5.7345575,3,61.0,,
41962680,50.8412194,5.6458448,3,83.0,,
41962685,50.8411105,5.6546551,3,79.0,,
41962770,50.8411769,5.7341248,3,61.0,,
41962792,50.8411873,5.6927811,3,51.0,,
41962795,50.8411838,5.7083033,3,47.0,,
41962804,50.84118,5.65279,3,78.0,,
41962806,50.8411381,5.683206,3,49.0,,
41962811,50.84129,5.6434,3,87.0,,
41962873,50.84122,5.71168,3,50.0,,
41962905,50.8411258,5.7028703,3,50.0,,
41962907,50.8412857,5.7072258,3,47.0,,
41962908,50.84124,5.72445,3,50.0,,
41962917,50.8412777,5.679087,4,56.0,,
41962920,50.8412686,5.7330324,3,60.0,,
41962929,50.8413413,5.6501052,3,79.0,,
41962937,50.8412873,5.7321685,3,60.0,,
41962946,50.8412329,5.6475414,3,83.0,,
41962947,50.8413057,5.6660956,3,83.0,,
41962955,50.8412982,5.7315418,3,60.0,,
41962969,50.8413035,5.7313037,3,60.0,,
41963055,50.8413314,5.6471736,3,83.0,,
41963058,50.84131,5.7245,3,50.0,,
41963060,50.8413528,5.6837368,3,51.0,,
41963067,50.8413318,5.7191365,3,48.0,,
41963068,50.8413297,5.7337781,3,61.0,,
41963095,50.8413768,5.6573364,3,80.0,,
41963100,50.8414223,5.6964922,3,53.0,,
41963107,50.8414072,5.6962,4,53.0,,
41963111,50.8413736,5.6485575,3,82.0,,
41963115,50.8414219,5.6960088,4,53.0,,
41963166,50.8414445,5.6483594,3,82.0,,
41963186,50.8414527,5.7296699,3,59.0,,
41963202,50.8414522,5.6517597,3,79.0,,
41963239,50.8415532,5.6433686,3,87.0,,
41963250,50.8414276,5.6833196,4,49.0,,
41963257,50.8414973,5.7041677,4,50.0,,
41963266,50.8415969,5.7224063,3,50.0,,
41963342,50.8415472,5.6466156,3,83.0,,
41963347,50.8415833,5.6658222,3,83.0,,
41963357,50.8415556,5.680974,3,50.0,,
41963360,50.8415659,5.7041996,4,50.0,,
41963364,50.841584,5.6582817,4,80.0,,
41963366,50.8415985,5.7137925,4,51.0,,
41963369,50.8415735,5.7293198,4,59.0,,
41963374,50.8415089,5.688499,3,53.0,,
41963387,50.8416079,5.649454,4,82.0,,
41963407,50.8416234,5.7374013,4,61.0,,
41963437,50.841648,5.6541863,3,79.0,,
41963439,50.8416442,5.6564877,1,80.0,,
41963456,50.8416687,5.6519666,3,85.0,,
41963479,50.8416932,5.6475023,3,84.0,,
41963482,50.8416432,5.6476497,3,83.0,,
41963500,50.8416485,5.6453899,3,86.0,,
41963501,50.8416414,5.6488098,3,82.0,,
41963504,50.8416874,5.6792758,3,58.0,,
41963506,50.8416698,5.6794572,3,58.0,,
41963509,50.8416502,5.7031456,3,50.0,,
41963537,50.8416708,5.7028612,4,49.0,,
41963565,50.8417313,5.6443684,4,85.0,,
41963575,50.8416839,5.6660741,4,83.0,,
41963589,50.8417299,5.6887736,4,50.0,,
41963593,50.8417364,5.7062448,3,48.0,,
41963632,50.8417101,5.7278213,3,52.0,,
41963635,50.8417426,5.741595,3,59.0,,
41963638,50.8418179,5.7024773,4,49.0,,
41963649,50.84173,5.72378,4,49.0,,
41963664,50.8417541,5.6540806,3,82.0,,
41963666,50.8417692,5.6875378,3,50.0,,
41963703,50.8418333,5.6888987,4,50.0,,
41963705,50.8417944,5.7113793,3,47.0,,
41963714,50.8418086,5.707121,3,50.0,,
41963719,50.8418158,5.6449745,3,85.0,,
41963722,50.8418579,5.6909398,3,51.0,,
41963791,50.841876,5.6478609,1,84.0,,
41963805,50.841825,5.649755,3,85.0,,
41963818,50.8418326,5.6559454,3,81.0,,
41963847,50.8418918,5.7249464,3,49.0,,
41963854,50.8418616,5.7364073,3,58.0,,
41963863,50.8418919,5.6670639,3,82.0,,
41963942,50.8419184,5.7026191,3,49.0,,
41963947,50.8419301,5.7134144,3,48.0,,
41963962,50.8419478,5.7117539,3,47.0,,
41963969,50.8419502,5.7238638,3,49.0,,
41963971,50.8419447,5.7239838,3,49.0,,
41963974,50.8419432,5.6453307,3,85.0,,
41963977,50.8416485,5.6960649,3,53.0,,
41963978,50.8419803,5.7099884,3,48.0,,
41963980,50.8419355,5.7355581,3,58.0,,
41963991,50.8419713,5.6793635,3,58.0,,
41963999,50.8419659,5.6535436,3,82.0,,
41964003,50.842025,5.6814747,3,54.0,,
41964005,50.8421898,5.7046708,3,48.0,,
41964006,50.8419875,5.7085099,3,48.0,,
41964028,50.8420066,5.6501136,3,85.0,,
41964056,50.84203,5.7143195,3,48.0,,
41964071,50.8420066,5.6547781,3,81.0,,
41964117,50.8420089,5.7347395,3,58.0,,
41964127,50.8420197,5.7078479,3,50.0,,
41964166,50.8420629,5.6549335,3,81.0,,
41964190,50.8420751,5.6453268,3,85.0,,
41964206,50.8420742,5.733938,3,58.0,,
41964208,50.8420663,5.74594,3,64.0,,
41964214,50.8420939,5.6478623,3,84.0,,
41964243,50.842093,5.6576748,3,82.0,,
41964256,50.8421017,5.7313449,3,58.0,,
41964291,50.8420737,5.6917617,3,53.0,,
41964299,50.842102,5.6667156,4,82.0,,
41964309,50.842098,5.6566915,3,82.0,,
41964318,50.8421371,5.6458005,3,85.0,,
41964320,50.8421414,5.6524182,3,82.0,,
41964322,50.8420164,5.6767462,3,65.0,,
41964325,50.8421488,5.7296646,3,57.0,,
41964333,50.8421546,5.7228808,3,48.0,,
41964334,50.8421519,5.7295514,3,57.0,,
41964339,50.842162,5.668656,3,82.0,,
41964342,50.8421819,5.6892966,3,50.0,,
41964363,50.8422358,5.6964723,5,53.0,,
41964372,50.842153,5.6784716,3,61.0,,
41964384,50.8422149,5.7409701,3,59.0,,
41964418,50.8422034,5.6429937,3,89.0,,
41964419,50.8422295,5.6481518,3,85.0,crossing,
41964467,50.8422709,5.6962819,3,53.0,,
41964477,50.84225,5.64644,3,84.0,,
41964493,50.8422791,5.6774251,3,61.0,,
41964502,50.8422909,5.6440864,3,85.0,,
41964559,50.8423006,5.6786462,3,61.0,,
41964588,50.8423352,5.6921571,3,53.0,,
41964595,50.8423266,5.7322169,3,58.0,,
41964634,50.8423207,5.6525895,4,82.0,,
41964638,50.8423378,5.7313662,3,58.0,,
41964642,50.8423639,5.6472271,3,84.0,,
41964650,50.8423806,5.6438447,3,85.0,,
41964653,50.8423497,5.6557409,3,81.0,,
41964671,50.842348,5.6584412,3,83.0,,
41964675,50.8423788,5.7128575,4,48.0,,
41964677,50.8423409,5.722392,3,48.0,,
41964680,50.84235,5.72529,3,50.0,,
41964711,50.8423681,5.6653565,3,83.0,,
41964733,50.8424255,5.68489,3,52.0,,
41964735,50.8424411,5.694103,3,51.0,,
41964782,50.8424065,5.6441902,3,85.0,,
41964790,50.8424159,5.7404984,3,59.0,,
41964797,50.842426,5.6692291,3,80.0,,
41964798,50.8424072,5.6700054,3,80.0,,
41964822,50.8424683,5.711273,4,47.0,,
41964834,50.84248,5.64905,3,85.0,,
41964844,50.84249,5.64395,3,85.0,,
41964858,50.8425221,5.6449146,3,85.0,,
41964899,50.8425539,5.645138,4,85.0,,
41964902,50.8425577,5.7275964,4,52.0,,
41964905,50.8425401,5.7339677,3,58.0,,
41964911,50.8425434,5.6467378,3,84.0,,
41964928,50.8425456,5.6562885,3,82.0,,
41964930,50.8425487,5.7218213,3,48.0,,
41964940,50.8425953,5.7268504,3,50.0,,
41964944,50.8426229,5.6467055,3,84.0,,
41964946,50.8425959,5.6518523,4,85.0,,
41964952,50.8425771,5.7062841,4,50.0,,
41964969,50.8425876,5.6675134,3,82.0,,
41965005,50.8426511,5.6424936,3,89.0,,
41965017,50.8426063,5.7243415,3,49.0,,
41965031,50.8426485,5.6486779,4,85.0,,
41965042,50.84265,5.65912,3,83.0,,
41965048,50.8426357,5.6648457,3,83.0,,
41965061,50.8427227,5.6428044,3,89.0,,
41965076,50.8426869,5.6679298,3,82.0,,
41965078,50.8427126,5.6485593,3,85.0,,
41965079,50.8426077,5.6966494,3,53.0,,
41965085,50.8426709,5.6697345,3,80.0,,
41965112,50.8427363,5.6939373,3,51.0,,
41965126,50.8427173,5.6680106,3,82.0,,
41965142,50.842662,5.6790239,4,61.0,,
41965148,50.842773,5.683532,3,52.0,,
41965157,50.8427728,5.7109825,3,47.0,,
41965172,50.8428866,5.661775,3,83.0,,
41965187,50.842775,5.6735403,4,70.0,,
41965203,50.842821,5.6434536,3,89.0,,
41965210,50.8427865,5.6967314,4,53.0,,
41965236,50.8427909,5.6530475,3,82.0,,
41965250,50.8428372,5.6437111,3,89.0,,
41965251,50.842812,5.7130092,3,48.0,,
41965254,50.8428181,5.6965503,5,53.0,,
41965319,50.8428219,5.7120934,3,47.0,,
41965338,50.8428448,5.7268237,3,50.0,,
41965348,50.8428461,5.679475,4,58.0,,
41965352,50.8428246,5.7050928,4,48.0,,
41965358,50.8428864,5.7192065,3,48.0,,
41965367,50.8428387,5.733612,4,58.0,,
41965379,50.8428944,5.695814,3,51.0,,
41965391,50.8428976,5.6955417,3,51.0,,
41965405,50.84289,5.70075,1,49.0,,
41965473,50.8428953,5.6684498,3,82.0,,
41965482,50.8429785,5.6496418,3,85.0,,
41965483,50.842825,5.7082427,3,50.0,,
41965500,50.8429764,5.6448511,3,85.0,,
41965501,50.8429377,5.6716513,3,75.0,,
41965504,50.8428949,5.7086928,3,48.0,,
41965509,50.8429512,5.7090782,3,48.0,,
41965514,50.843017,5.7192539,3,48.0,,
41965515,50.8429973,5.7198801,4,48.0,,
41965565,50.8430832,5.6615869,4,83.0,,
41965567,50.8429671,5.7288513,3,52.0,crossing,
41965575,50.8430459,5.6903288,3,51.0,,
41965577,50.8429955,5.7279136,3,52.0,,
41965578,50.842988,5.7285135,3,52.0,,
41965613,50.8431956,5.7205529,3,48.0,,
41965618,50.84304,5.72459,4,49.0,,
41965636,50.8429702,5.7072084,3,50.0,,
41965640,50.8430638,5.7319993,4,58.0,,
41965647,50.8430768,5.6794466,3,58.0,,
41965655,50.8430599,5.7191653,3,48.0,,
41965661,50.8431245,5.6471348,3,84.0,,
41965662,50.8430985,5.6492926,3,85.0,,
41965694,50.8431241,5.7090157,3,48.0,,
41965699,50.8431034,5.6654961,4,83.0,,
41965700,50.8431295,5.710107,4,48.0,,
41965707,50.843173,5.6634454,3,82.0,,
41965723,50.8431694,5.6761382,4,65.0,,
41965725,50.8432022,5.7012562,3,49.0,,
41965728,50.8431931,5.6465608,3,84.0,,
41965732,50.8431774,5.6697323,4,80.0,,
41965733,50.8431577,5.7233781,4,49.0,,
41965734,50.8432133,5.7375408,4,58.0,,
41965740,50.8432078,5.6566737,3,82.0,,
41965742,50.8432269,5.6916827,3,53.0,,
41965763,50.8432222,5.6723672,3,75.0,,
41965770,50.8432408,5.6534575,3,82.0,,
41965777,50.8432444,5.6635114,3,82.0,,
41965780,50.8432267,5.6732281,3,70.0,,
41965804,50.8432683,5.675776,3,65.0,,
41965805,50.8432886,5.7025174,4,49.0,,
41965816,50.8433193,5.6473177,3,84.0,,
41965818,50.8432442,5.6686705,4,82.0,,
41965820,50.8433063,5.7026855,4,49.0,,
41965822,50.843324,5.6426202,3,89.0,,
41965843,50.8433226,5.728934,4,52.0,,
41965884,50.8433453,5.6761243,4,65.0,,
41965897,50.84333,5.6612916,3,83.0,,
41965904,50.8433232,5.6565714,3,82.0,,
41965906,50.8433422,5.6705493,4,80.0,,
41965930,50.84335,5.66037,3,83.0,,
41965934,50.8433649,5.7359961,1,58.0,,
41965971,50.8434132,5.7282638,3,52.0,,
41966030,50.8434764,5.7046037,3,48.0,,
41966062,50.8434827,5.6475076,3,84.0,,
41966072,50.843472,5.6730287,3,70.0,,
41966081,50.8434722,5.6574133,4,82.0,,
41966087,50.8434805,5.7276164,4,52.0,,
41966091,50.8434817,5.6968534,3,53.0,,
41966102,50.8435279,5.6499367,3,85.0,,
41966103,50.8435127,5.6713071,3,75.0,,
41966129,50.8434862,5.6658452,3,83.0,,
41966141,50.8435323,5.6475727,3,84.0,,
41966155,50.8435269,5.6659721,3,83.0,,
41966169,50.8435575,5.7269225,3,50.0,,
41966173,50.8435686,5.6500015,3,85.0,,
41966199,50.8436155,5.6934616,4,53.0,,
41966202,50.8435739,5.7070713,3,50.0,,
41966208,50.8436547,5.6453793,3,85.0,,
41966210,50.843588,5.6610632,3,83.0,,
41966213,50.8436067,5.6717019,3,75.0,,
41966215,50.8435753,5.6740678,3,70.0,,
41966218,50.8436052,5.7057306,3,48.0,,
41966257,50.8436452,5.6694182,3,80.0,,
41966279,50.8436805,5.7259167,3,50.0,,
41966288,50.8436366,5.6683022,4,82.0,,
41966298,50.8436749,5.6538819,3,82.0,,
41966330,50.8436867,5.6824755,3,54.0,,
41966333,50.8436834,5.7248704,3,49.0,,
41966339,50.8437128,5.6720984,3,75.0,,
41966341,50.84369,5.72965,3,57.0,,
41966347,50.8437254,5.6838257,1,52.0,,
41966368,50.84371,5.6693728,3,80.0,,
41966369,50.8437257,5.710258,3,48.0,,
41966375,50.8437574,5.6462364,3,84.0,,
41966376,50.8437368,5.6581328,4,82.0,,
41966384,50.8437658,5.6431649,3,89.0,,
41966399,50.8437899,5.7071759,3,50.0,,
41966411,50.8438044,5.6779945,4,64.0,,
41966434,50.8438003,5.6478859,3,84.0,,
41966504,50.8438204,5.6510527,3,81.0,,
41966511,50.8438345,5.7235128,3,51.0,,
41966518,50.8438014,5.6652269,4,83.0,,
41966525,50.8438046,5.7332302,3,55.0,,
41966534,50.8438372,5.655626,3,83.0,,
41966541,50.8438129,5.6539025,3,82.0,,
41966548,50.843877,5.7078464,4,50.0,,
41966554,50.8438866,5.6698094,3,81.0,,
41966566,50.8439048,5.7375562,3,58.0,,
41966578,50.8438797,5.7237005,3,51.0,,
41966584,50.8439147,5.6441744,3,87.0,,
41966590,50.8438998,5.6726658,4,74.0,,
41966593,50.8438439,5.7244581,3,51.0,,
41966619,50.84391,5.67488,3,69.0,,
41966621,50.8439527,5.6949939,4,50.0,,
41966631,50.8438922,5.6667038,3,82.0,,
41966633,50.843922,5.7191598,3,52.0,,
41966643,50.8439622,5.7205567,4,52.0,,
41966667,50.8439747,5.6506775,3,81.0,,
41966669,50.8439601,5.6559973,3,83.0,,
41966671,50.8439545,5.6757003,3,67.0,,
41966672,50.8439905,5.7010768,3,47.0,,
41966676,50.8440083,5.7375155,3,58.0,,
41966698,50.84399,5.70859,3,50.0,,
41966708,50.8439442,5.6679718,4,82.0,,
41966761,50.844048,5.6478879,4,84.0,,
41966784,50.8440688,5.6452412,4,87.0,,
41966792,50.8440163,5.7063842,3,50.0,,
41966822,50.8440834,5.7261942,3,50.0,,
41966839,50.8440492,5.6537266,3,82.0,,
41966840,50.8441291,5.6892011,3,52.0,,
41966845,50.8441446,5.6496157,4,82.0,,
41966848,50.8441035,5.7023296,3,52.0,,
41966849,50.8441215,5.6584202,1,83.0,,
41966857,50.8441155,5.7025029,3,52.0,,
41966859,50.8441201,5.719788,3,52.0,,
41966917,50.8441116,5.6534074,3,82.0,,
41966935,50.8446972,5.6613288,4,83.0,crossing,
41966962,50.8441309,5.6890764,3,52.0,,
41966970,50.8441834,5.7208755,3,50.0,,
41966974,50.8441387,5.7355248,3,59.0,,
41966987,50.8441918,5.6460789,4,84.0,,
41967006,50.8442381,5.6538204,3,82.0,,
41967008,50.8441896,5.6755343,3,67.0,,
41967010,50.8442197,5.703683,4,52.0,,
41967040,50.8442162,5.7247586,4,51.0,,
41967043,50.8442375,5.7376052,3,58.0,,
41967050,50.8441828,5.6700355,3,81.0,,
41967054,50.8442248,5.6734616,3,69.0,,
41967057,50.8442148,5.6517926,3,81.0,,
41967064,50.8442214,5.7262192,3,50.0,,
41967083,50.8442366,5.6721826,3,74.0,,
41967089,50.8442965,5.6539756,3,82.0,,
41967091,50.84425,5.65956,4,83.0,,
41967093,50.8442443,5.6645384,3,84.0,,
41967102,50.8442159,5.6818119,3,60.0,,
41967115,50.8443041,5.6908734,3,50.0,,
41967117,50.8442936,5.653481,3,82.0,,
41967122,50.8442632,5.7089412,3,50.0,,
41967138,50.8443145,5.6736963,3,69.0,,
41967154,50.8443181,5.6468977,3,84.0,,
41967157,50.8443706,5.6495266,3,82.0,,
41967164,50.8443112,5.6788472,3,64.0,,
41967180,50.8443272,5.705136,3,49.0,,
41967247,50.844318,5.6773146,3,64.0,,
41967250,50.8443287,5.7276207,4,52.0,,
41967254,50.8443159,5.6675421,4,82.0,,
41967255,50.8442872,5.6705847,3,81.0,,
41967256,50.8442889,5.6723683,3,74.0,,
41967261,50.8444086,5.6912936,3,50.0,,
41967268,50.8443654,5.6494912,3,82.0,,
41967292,50.8443811,5.6689063,3,81.0,,
41967311,50.8443712,5.7343337,3,59.0,,
41967331,50.8443793,5.675397,3,67.0,,
41967334,50.8443502,5.6805172,3,63.0,,
41967338,50.8444151,5.7070699,3,50.0,,
41967342,50.8443769,5.7230393,3,51.0,,
41967369,50.84439,5.6711434,3,74.0,,
41967409,50.8444482,5.6477302,4,84.0,,
41967412,50.8444237,5.6788473,4,64.0,,
41967418,50.8444012,5.6514636,3,81.0,,
41967423,50.8444409,5.6811522,3,63.0,,
41967429,50.8444245,5.7262261,3,50.0,,
41967439,50.8444539,5.6637222,3,84.0,,
41967444,50.8445103,5.6693604,3,81.0,,
41967455,50.8444677,5.6593619,4,83.0,,
41967464,50.8444917,5.7076263,3,50.0,,
41967481,50.8444841,5.7188049,4,52.0,,
41967502,50.8444995,5.6555475,3,83.0,,
41967505,50.8442624,5.7117561,1,52.0,,
41967539,50.8444926,5.6602432,3,83.0,,
41967560,50.8444971,5.7262257,3,50.0,,
41967564,50.8445466,5.7363661,3,59.0,,
41967568,50.8445516,5.6485323,3,82.0,,
41967569,50.8445485,5.6744084,3,69.0,,
41967580,50.84458,5.676271,3,67.0,,
41967588,50.8445554,5.6525561,3,82.0,,
41967598,50.8445593,5.6667137,3,82.0,,
41967657,50.8445848,5.714362,3,49.0,,
41967658,50.8446092,5.7298312,4,53.0,,
41967659,50.8445964,5.7301771,1,53.0,,
41967672,50.844652,5.6870313,3,54.0,,
41967676,50.8446391,5.659835,3,83.0,,
41967681,50.8447465,5.6821374,3,60.0,,
41967688,50.8446244,5.726222,3,50.0,,
41967691,50.8446318,5.7288088,3,52.0,,
41967693,50.8446301,5.7288886,3,52.0,,
41967694,50.8446291,5.7289857,3,52.0,,
41967702,50.84464,5.7276341,3,52.0,,
41967706,50.8446654,5.6493833,4,82.0,,
41967710,50.8446697,5.694041,4,50.0,,
41967712,50.8446334,5.7053441,4,49.0,,
41967716,50.8447096,5.7075515,3,50.0,,
41967722,50.8446818,5.7359831,3,59.0,,
41967726,50.8447713,5.6750837,3,67.0,,
41967728,50.8446431,5.691623,3,50.0,,
41967743,50.8447,5.6686,4,82.0,,
41967791,50.8447269,5.6644668,3,84.0,,
41967792,50.8447237,5.6769311,4,67.0,,
41967795,50.8446886,5.7229155,4,50.0,,
41967817,50.8448034,5.6821525,3,60.0,,
41967824,50.8447664,5.6522326,3,82.0,,
41967828,50.8447949,5.6822476,3,60.0,,
41967829,50.8447841,5.7008919,3,47.0,,
41967833,50.8447761,5.6562625,3,84.0,,
41967837,50.8447815,5.6501822,3,81.0,,
41967841,50.8448162,5.6918053,3,49.0,,
41967843,50.8448071,5.6603069,3,83.0,,
41967868,50.8448389,5.6611963,4,83.0,,
41967869,50.844867,5.7063907,3,50.0,,
41967890,50.844932,5.6725457,3,74.0,,
41967891,50.8448642,5.6789287,3,64.0,,
41967892,50.844897,5.688719,4,52.0,,
41967894,50.8449037,5.7125988,3,49.0,,
41967896,50.8449018,5.7021444,4,52.0,,
41967898,50.8449194,5.6525901,3,82.0,,
41967899,50.8448898,5.7365689,3,59.0,,
41967904,50.8449626,5.6868229,3,54.0,,
41967905,50.8449168,5.702323,4,52.0,,
41967906,50.84493,5.7201902,4,52.0,,
41967926,50.8450305,5.6811336,3,63.0,,
41967931,50.8449217,5.6510022,3,81.0,,
41967932,50.8450163,5.6810154,3,63.0,,
41967936,50.8449236,5.7247318,3,51.0,,
41967946,50.8449738,5.7119384,3,52.0,,
41967954,50.8450192,5.6560425,4,83.0,,
41967957,50.8450009,5.6830239,3,60.0,,
41967958,50.8450009,5.6885476,3,52.0,,
41967968,50.8449983,5.6427379,3,89.0,,
41967970,50.845,5.6662658,4,83.0,,
41967979,50.84501,5.65135,3,81.0,,
41967985,50.845028,5.7034836,3,52.0,,
41967990,50.8450045,5.6588777,3,83.0,,
41967993,50.8450418,5.6430474,3,89.0,,
41968001,50.8451418,5.6437329,5,89.0,,
41968003,50.8450802,5.6833467,3,60.0,,
41968006,50.84506,5.72606,3,50.0,,
41968013,50.8450974,5.6897872,3,50.0,,
41968016,50.8450919,5.7258871,3,50.0,,
41968052,50.8451019,5.6694812,3,81.0,,
41968056,50.8451011,5.6692746,4,81.0,,
41968062,50.8451376,5.6664311,3,83.0,,
41968065,50.8451191,5.6731087,3,69.0,,
41968071,50.8451184,5.7276508,3,52.0,,
41968088,50.8450895,5.6748218,3,69.0,,
41968099,50.8452442,5.7057474,3,49.0,,
41968120,50.845182,5.7268711,3,50.0,,
41968131,50.8451724,5.659365,3,83.0,,
41968133,50.8451994,5.7073766,3,50.0,,
41968135,50.8452655,5.7322518,3,55.0,,
41968139,50.8452096,5.6766844,3,67.0,,
41968141,50.8451881,5.6897067,4,50.0,,
41968178,50.8452679,5.6447882,4,87.0,,
41968184,50.8451873,5.662166,4,83.0,,
41968212,50.8452761,5.6414231,3,87.0,,
41968216,50.8452534,5.6558171,3,83.0,,
41968221,50.845252,5.6727939,3,74.0,,
41968239,50.8452715,5.6548143,3,83.0,,
41968243,50.845288,5.7069197,3,50.0,,
41968244,50.8453797,5.641273,3,87.0,,
41968248,50.8453254,5.644765,4,87.0,,
41968256,50.8453535,5.6790057,3,64.0,,
41968275,50.8453116,5.7328094,3,55.0,,
41968276,50.8453256,5.7336585,3,59.0,,
41968310,50.8454199,5.6456091,4,87.0,,
41968312,50.8453183,5.6729685,3,69.0,,
41968313,50.8453415,5.6788029,3,64.0,,
41968324,50.8453306,5.6666363,4,83.0,,
41968325,50.8453278,5.6737753,3,69.0,,
41968326,50.8453273,5.7160573,3,51.0,,
41968340,50.8454213,5.7189236,3,52.0,,
41968349,50.845339,5.6598361,3,83.0,,
41968356,50.84537,5.7358917,3,59.0,,
41968365,50.8453883,5.7233708,3,51.0,,
41968372,50.8454041,5.6638678,3,84.0,,
41968375,50.8453605,5.6756866,3,67.0,,
41968379,50.8453875,5.7229347,4,51.0,,
41968440,50.8453997,5.6698747,3,81.0,,
41968442,50.8454628,5.6948067,3,50.0,,
41968443,50.8454248,5.7216525,3,50.0,,
41968449,50.845471,5.6924097,3,49.0,,
41968450,50.8454626,5.6944564,3,50.0,,
41968453,50.845457,5.7169776,3,52.0,,
41968462,50.8454699,5.6774708,3,64.0,,
41968463,50.8454661,5.7190172,3,52.0,,
41968494,50.8454845,5.7098034,3,50.0,,
41968500,50.845462,5.7187736,3,52.0,,
41968505,50.8455081,5.7200071,4,52.0,,
41968513,50.8455161,5.6851381,4,60.0,,
41968514,50.8455052,5.7182086,3,52.0,,
41968521,50.8455354,5.6464289,4,84.0,,
41968523,50.84549,5.6712882,3,74.0,,
41968525,50.8454733,5.7233687,4,51.0,,
41968535,50.8454946,5.6602965,3,83.0,,
41968539,50.8454891,5.6628593,3,84.0,,
41968541,50.8454721,5.7229361,3,51.0,,
41968592,50.8455504,5.7190164,3,52.0,,
41968598,50.8455042,5.7217547,4,50.0,,
41968602,50.845556,5.672787,3,74.0,,
41968604,50.8455603,5.7128431,3,49.0,,
41968610,50.84555,5.674447,3,69.0,,
41968612,50.8455753,5.6903853,3,50.0,,
41968614,50.8455643,5.7187858,3,52.0,,
41968615,50.8455853,5.7199791,4,52.0,,
41968631,50.8455742,5.7095783,3,50.0,,
41968642,50.8456089,5.681822,3,60.0,,
41968643,50.8457851,5.68308,4,60.0,,
41968646,50.8455566,5.7257424,4,50.0,,
41968665,50.8455798,5.6561885,3,83.0,,
41968678,50.8455845,5.7189633,3,52.0,,
41968680,50.8456095,5.7371468,3,59.0,,
41968724,50.8457072,5.6827903,3,60.0,,
41968727,50.8456386,5.6914803,3,50.0,,
41968730,50.8456218,5.6924529,3,49.0,,
41968737,50.8456551,5.6472485,3,84.0,,
41968739,50.8456218,5.7006958,3,47.0,,
41968762,50.8456298,5.7256903,4,50.0,,
41968766,50.8456452,5.6944351,3,50.0,,
41968781,50.8457309,5.6708025,4,81.0,,
41968784,50.8457744,5.685816,3,54.0,,
41968786,50.8456394,5.6903457,3,50.0,,
41968801,50.84569,5.7234,4,51.0,,
41968844,50.8458245,5.6479501,3,82.0,,
41968849,50.8457432,5.70607,3,49.0,,
41968863,50.84573,5.72221,3,50.0,,
41968880,50.8457596,5.658195,3,84.0,,
41968882,50.8457468,5.6734286,3,69.0,,
41968890,50.8457682,5.6538554,3,82.0,,
41968891,50.8458083,5.6904372,3,50.0,,
41968900,50.8457868,5.6784334,3,64.0,,
41968910,50.8457921,5.6635393,4,84.0,,
41968911,50.8457442,5.7339944,3,59.0,,
41968913,50.8458212,5.6680882,3,82.0,,
41968915,50.8457699,5.7269711,4,50.0,,
41968921,50.8458098,5.6669622,3,82.0,,
41968994,50.8458776,5.6462636,3,86.0,,
41969002,50.8457111,5.7295416,1,53.0,turning_circle,
41969017,50.8458307,5.6924254,3,49.0,,
41969021,50.8458249,5.7255352,4,50.0,,
41969029,50.845837,5.6771706,3,68.0,,
41969034,50.8458495,5.7218282,3,48.0,,
41969044,50.8458369,5.7365524,3,59.0,,
41969057,50.8458795,5.6705203,3,78.0,,
41969066,50.8458745,5.6578733,3,82.0,,
41969072,50.8458733,5.7276863,4,53.0,,
41969089,50.8459087,5.6542581,3,82.0,,
41969122,50.8459621,5.6860311,3,58.0,,
41969124,50.845958,5.6900963,3,54.0,,
41969147,50.8459435,5.6572114,3,82.0,,
41969157,50.8459664,5.7043624,3,52.0,,
41969182,50.8459683,5.691619,3,54.0,,
41969188,50.8459567,5.6741213,4,69.0,,
41969193,50.8459036,5.7189181,3,50.0,,
41969196,50.8459846,5.6541948,3,82.0,,
41969220,50.8460251,5.646954,3,86.0,,
41969222,50.8460187,5.6480321,4,82.0,,
41969231,50.84599,5.72346,4,51.0,,
41969237,50.8460035,5.6488836,4,82.0,,
41969239,50.8460071,5.649749,3,82.0,,
41969246,50.8460239,5.7269516,3,51.0,,
41969270,50.8460189,5.646425,3,86.0,,
41969276,50.846013,5.7288044,3,53.0,,
41969278,50.8460593,5.6506615,4,81.0,,
41969315,50.8460656,5.6923218,3,55.0,,
41969324,50.8460334,5.7289708,4,53.0,,
41969325,50.8460175,5.7331511,3,59.0,,
41969329,50.8460795,5.7100082,3,51.0,,
41969333,50.8460529,5.7343124,3,62.0,,
41969340,50.8460387,5.6642102,3,82.0,,
41969361,50.846054,5.6762838,3,68.0,,
41969365,50.8460463,5.7293958,3,56.0,,
41969379,50.846029,5.6824807,3,63.0,,
41969400,50.8461172,5.7059641,4,52.0,,
41969415,50.8461212,5.6518514,3,81.0,,
41969419,50.8461142,5.6535433,3,84.0,,
41969424,50.84609,5.67197,3,73.0,,
41969433,50.8461006,5.6576671,3,82.0,,
41969439,50.846139,5.6875511,4,56.0,,
41969493,50.8461177,5.6935961,3,55.0,,
41969496,50.8460982,5.7358577,3,59.0,,
41969511,50.8461503,5.6781247,3,68.0,,
41969517,50.8461746,5.6942169,3,51.0,,
41969532,50.8461836,5.6578893,3,82.0,,
41969551,50.8461542,5.7189067,3,50.0,,
41969608,50.84626,5.6519344,3,81.0,,
41969613,50.8462134,5.7252326,4,51.0,,
41969641,50.8462339,5.676841,3,68.0,,
41969646,50.8462742,5.6526384,3,84.0,,
41969647,50.8462517,5.6539516,3,84.0,,
41969650,50.84624,5.65494,4,82.0,,
41969657,50.8462468,5.6719813,3,73.0,,
41969661,50.8462765,5.6921083,3,55.0,,
41969664,50.8461909,5.730371,4,56.0,,
41969667,50.8462433,5.6614552,3,82.0,,
41969670,50.8462548,5.666874,3,80.0,,
41969675,50.8463105,5.7068742,4,49.0,,
41969687,50.8462493,5.6749506,3,69.0,,
41969694,50.8463093,5.7079664,3,49.0,,
41969720,50.84627,5.72222,4,48.0,,
41969738,50.8463299,5.6845974,3,60.0,,
41969797,50.8463424,5.6668095,3,80.0,,
41969799,50.846381,5.6709493,3,73.0,,
41969806,50.8463993,5.7197643,3,50.0,,
41969813,50.8463619,5.7334167,3,62.0,,
41969874,50.8464314,5.7408491,4,59.0,,
41969889,50.8464236,5.6712327,4,73.0,crossing,
41969894,50.8464374,5.6620004,3,82.0,,
41969900,50.8464687,5.6872548,3,58.0,,
41969905,50.8464538,5.6927448,3,55.0,,
41969919,50.846473,5.6519767,3,81.0,,
41969945,50.8464824,5.6873152,3,58.0,,
41969963,50.8465215,5.6853495,3,60.0,,
41969980,50.8464702,5.7235591,3,51.0,,
41969986,50.8465379,5.6451966,3,88.0,,
41969992,50.846538,5.6875728,3,56.0,,
41970020,50.8465368,5.6469423,3,86.0,,
41970024,50.8464944,5.6556417,3,82.0,,
41970036,50.8465325,5.6673129,3,80.0,,
41970039,50.8465339,5.7074717,3,49.0,,
41970048,50.846536,5.6777958,4,68.0,,
41970057,50.8465502,5.6723173,3,73.0,,
41970060,50.84654,5.6736771,3,69.0,,
41970062,50.8465485,5.7232077,4,51.0,,
41970076,50.84659,5.7149319,1,49.0,,
41970081,50.8465559,5.6623437,3,82.0,,
41970093,50.8466118,5.7114789,3,52.0,,
41970099,50.8466044,5.7108453,3,52.0,,
41970104,50.8465964,5.7321919,3,59.0,,
41970113,50.846629,5.6902956,3,54.0,,
41970120,50.8466083,5.7151887,1,49.0,,
41970159,50.8466572,5.647213,3,86.0,,
41970161,50.8466522,5.6480488,3,82.0,,
41970163,50.846625,5.6759797,4,68.0,,
41970164,50.8466065,5.722958,4,51.0,,
41970168,50.8466438,5.6432882,3,89.0,,
41970173,50.84662,5.72487,3,51.0,,
41970177,50.8466155,5.7379249,4,59.0,,
41970183,50.8467072,5.650614,4,81.0,,
41970189,50.8467122,5.6488882,3,82.0,,
41970191,50.846652,5.6676991,3,80.0,,
41970193,50.8466588,5.7117026,3,52.0,,
41970195,50.8466367,5.7249226,3,51.0,,
41970201,50.8466424,5.6724405,3,73.0,,
41970208,50.8466779,5.6443579,3,88.0,,
41970210,50.8466891,5.7102823,3,51.0,,
41970212,50.8466763,5.7215035,3,48.0,,
41970216,50.8466681,5.7250215,3,51.0,,
41970221,50.84668,5.72674,3,51.0,,
41970226,50.84669,5.66272,4,82.0,,
41970228,50.8467178,5.6889691,3,56.0,,
41970232,50.84669,5.72259,3,48.0,,
41970235,50.846681,5.6563018,3,82.0,,
41970236,50.8467179,5.6679199,3,80.0,,
41970265,50.8467429,5.6454041,3,88.0,,
41970266,50.846763,5.6469476,3,86.0,,
41970269,50.8466664,5.7321878,3,59.0,,
41970273,50.8467185,5.6565254,3,82.0,,
41970275,50.8467762,5.6671292,1,80.0,,
41970300,50.8468095,5.6682193,1,80.0,,
41970307,50.8467868,5.6621409,3,82.0,,
41970339,50.8468374,5.6917718,4,55.0,,
41970343,50.8468327,5.6573264,3,82.0,,
41970345,50.8468361,5.6717561,3,73.0,,
41970348,50.8468557,5.7146018,4,49.0,,
41970370,50.8468457,5.7370085,3,59.0,,
41970374,50.8468834,5.6788783,5,68.0,,
41970379,50.8468535,5.6574648,3,82.0,,
41970389,50.8469356,5.7103228,3,51.0,,
41970398,50.8469004,5.6662005,4,82.0,,
41970418,50.8469635,5.6993908,4,52.0,,
41970430,50.846958,5.6427936,3,89.0,,
41970431,50.8469517,5.6437097,3,89.0,,
41970434,50.8469644,5.667717,1,80.0,,
41970435,50.8469691,5.7195969,3,50.0,,
41970443,50.8469739,5.690017,3,54.0,,
41970448,50.846931,5.6633978,3,82.0,,
41970459,50.84697,5.66198,1,82.0,,
41970464,50.8469947,5.6927286,3,55.0,,
41970466,50.8470339,5.7065819,3,49.0,,
41970473,50.8470168,5.6437807,3,88.0,,
41970482,50.8469953,5.6582261,4,82.0,,
41970523,50.8470544,5.6795075,1,63.0,,
41970542,50.8470205,5.7359813,4,59.0,,
41970545,50.8470466,5.6732959,4,69.0,,
41970559,50.847075,5.6841087,3,60.0,,
41970564,50.84707,5.65419,3,82.0,,
41970569,50.8470561,5.6865553,3,58.0,,
41970570,50.8470958,5.6935093,3,55.0,,
41970572,50.8471025,5.6941293,3,51.0,,
41970573,50.8471061,5.6943054,3,51.0,,
41970574,50.8470694,5.7572802,3,77.0,,
41970582,50.8470957,5.6438642,3,88.0,,
41970585,50.8470692,5.6632728,3,82.0,,
41970589,50.8470841,5.6773476,3,68.0,,
41970630,50.8471319,5.6948244,5,51.0,,
41970639,50.8471318,5.716092,3,49.0,,
41970643,50.8470856,5.7349661,3,62.0,,
41970707,50.8471645,5.7163,3,49.0,,
41970708,50.8471171,5.7264463,3,51.0,,
41970721,50.8471359,5.6755639,4,68.0,,
41970728,50.8471275,5.721005,4,48.0,,
41970740,50.8471709,5.7032388,4,51.0,crossing,
41970749,50.8471953,5.6457198,3,88.0,,
41970756,50.847254,5.6877234,3,56.0,,
41970766,50.8472556,5.6954707,4,51.0,,
41970822,50.8470838,5.6559448,3,82.0,,
41970837,50.8472614,5.6994365,3,52.0,,
41970856,50.8472712,5.6488743,3,82.0,,
41970858,50.8472742,5.650606,4,81.0,,
41970860,50.8472488,5.6592104,4,83.0,,
41970872,50.8472761,5.6480485,3,82.0,,
41970873,50.8472742,5.6507072,3,81.0,,
41970875,50.8472338,5.73012,3,56.0,,
41970878,50.8472815,5.6431947,3,89.0,,
41970885,50.8472698,5.6519354,3,81.0,,
41970889,50.8472283,5.7349794,3,62.0,,
41970908,50.8472687,5.6621922,3,82.0,,
41970914,50.8472839,5.7019939,3,52.0,,
41970915,50.847273,5.703584,1,51.0,,
41970919,50.8472488,5.7291563,3,53.0,,
41970925,50.8472878,5.7021571,3,51.0,,
41970928,50.8472813,5.7037264,3,51.0,,
41970944,50.8472792,5.6469991,3,86.0,,
41970950,50.84729,5.71707,3,49.0,,
41970951,50.8472885,5.7217351,3,48.0,,
41970958,50.8473356,5.6660375,4,82.0,,
41970963,50.8472608,5.7278298,4,53.0,,
41970995,50.8473536,5.6803042,3,63.0,,
41970999,50.8472255,5.7054532,3,52.0,,
41971005,50.8473639,5.7021804,3,51.0,,
41971007,50.8472724,5.7030072,4,51.0,,
41971015,50.8473679,5.6566575,3,82.0,,
41971018,50.8473231,5.6549017,3,82.0,,
41971021,50.8473535,5.7031269,4,51.0,,
41971022,50.8473345,5.7216964,3,48.0,,
41971030,50.8474193,5.6979665,4,52.0,,
41971034,50.8473411,5.7524103,3,76.0,,
41971055,50.8473938,5.6805114,4,63.0,,
41971062,50.84738,5.7114368,3,52.0,,
41971068,50.84738,5.72166,3,48.0,,
41971070,50.8473575,5.7371237,3,59.0,,
41971093,50.8474183,5.6994797,4,52.0,,
41971095,50.8475009,5.7060956,3,52.0,,
41971175,50.8474277,5.6458163,3,88.0,,
41971178,50.8473743,5.6897097,3,54.0,,
41971190,50.8475548,5.6723904,3,73.0,,
41971199,50.8474576,5.6569418,3,82.0,,
41971201,50.8473956,5.7265606,3,51.0,,
41971211,50.8475388,5.6564898,3,82.0,,
41971215,50.847415,5.7264468,3,51.0,,
41971218,50.8475028,5.6983653,3,52.0,,
41971226,50.8474989,5.7044114,3,52.0,,
41971281,50.8475405,5.718722,4,49.0,,
41971282,50.8474942,5.7341291,3,62.0,,
41971291,50.8474694,5.6441308,4,88.0,,
41971306,50.84753,5.66011,4,83.0,,
41971309,50.8475415,5.6978461,3,45.0,,
41971315,50.847583,5.6769406,4,68.0,,
41971316,50.8475516,5.6985542,3,52.0,,
41971322,50.847629,5.7058539,4,52.0,,
41971337,50.847571,5.7193126,4,50.0,,
41971345,50.8475841,5.6668163,3,80.0,,
41971356,50.8475648,5.6811809,3,63.0,,
41971378,50.8476028,5.6573419,3,82.0,,
41971422,50.8475989,5.7336638,3,62.0,,
41971441,50.8476529,5.6751675,4,68.0,,
41971445,50.8476558,5.7238,3,51.0,,
41971449,50.8476108,5.7350069,3,62.0,,
41971459,50.8476495,5.7341428,3,62.0,,
41971464,50.8476179,5.672844,4,73.0,,
41971467,50.8476758,5.7207708,3,50.0,,
41971472,50.8476685,5.6984591,3,52.0,,
41971512,50.8477105,5.7235441,3,51.0,,
41971528,50.8477404,5.6724503,3,73.0,,
41971578,50.84777,5.66744,1,80.0,,
41971582,50.8478135,5.6913331,4,54.0,,
41971588,50.847798,5.6776102,3,68.0,,
41971594,50.84779,5.66083,3,82.0,,
41971596,50.8478049,5.6643675,3,82.0,,
41971609,50.847842,5.6922972,3,55.0,,
41971668,50.8478236,5.663182,1,82.0,,
41971685,50.8478731,5.6927021,4,55.0,,
41971700,50.8478076,5.7233832,4,51.0,,
41971710,50.8478699,5.7069179,4,49.0,crossing,
41971795,50.8479201,5.7004939,3,53.0,,
41971830,50.8478935,5.7366395,3,59.0,,
41971841,50.8479456,5.6934075,3,59.0,,
41971842,50.8479378,5.7008919,3,53.0,,
41971845,50.847939,5.7241929,3,54.0,,
41971855,50.8479148,5.7360773,3,59.0,,
41971877,50.8479534,5.735069,4,59.0,,
41971887,50.8479516,5.6633923,1,78.0,,
41971902,50.8480216,5.6723595,3,74.0,,
41971919,50.8479573,5.6632158,1,78.0,,
41971922,50.8479779,5.7320144,3,58.0,,
41971927,50.8480304,5.6867227,3,60.0,,
41971929,50.8480087,5.6913785,3,59.0,,
41971936,50.8480237,5.6942041,4,50.0,,
41972016,50.8480337,5.7329354,3,58.0,,
41972020,50.8480384,5.6615165,4,80.0,,
41972023,50.848017,5.6734073,1,72.0,,
41972024,50.8480678,5.7100176,3,52.0,,
41972025,50.8480401,5.7327781,3,58.0,,
41972037,50.8480814,5.6837682,3,63.0,,
41972039,50.8481056,5.6902082,3,59.0,,
41972053,50.848087,5.7321475,3,58.0,,
41972057,50.848115,5.6946875,3,50.0,,
41972059,50.8481055,5.7234672,3,54.0,,
41972065,50.8480863,5.7318245,3,58.0,,
41972089,50.8480973,5.6765007,3,70.0,,
41972097,50.84813,5.6950102,3,50.0,,
41972107,50.8481185,5.7313082,3,58.0,,
41972122,50.8481684,5.695173,1,50.0,,
41972136,50.8481594,5.7099915,3,52.0,,
41972161,50.8481848,5.6891285,3,55.0,,
41972197,50.8482274,5.6647434,3,79.0,,
41972209,50.8481808,5.7319786,3,58.0,,
41972220,50.848288,5.6621968,3,80.0,,
41972221,50.848258,5.6655704,3,79.0,,
41972229,50.8482298,5.684342,3,63.0,,
41972295,50.8483344,5.6748601,3,72.0,,
41972296,50.8482749,5.7302944,3,54.0,,
41972309,50.8483552,5.6586568,4,81.0,crossing,
41972327,50.8483661,5.686587,3,60.0,,
41972353,50.8484259,5.6891162,4,55.0,,
41972368,50.8483889,5.6725419,3,74.0,crossing,
41972395,50.8485058,5.6881024,4,55.0,,
41972432,50.8484386,5.7128954,4,51.0,,
41972449,50.8485248,5.6719285,3,74.0,,
41972456,50.8485036,5.6652192,3,79.0,,
41972458,50.8485202,5.6665586,3,79.0,,
41972460,50.8485193,5.6721813,1,74.0,,
41972461,50.8484824,5.6763598,3,70.0,,
41972463,50.848501,5.7216293,3,52.0,,
41972505,50.848502,5.6528578,3,80.0,,
41972528,50.8485764,5.6994516,3,53.0,,
41972541,50.8485891,5.6671458,1,78.0,,
41972552,50.8486055,5.7004209,3,53.0,,
41972582,50.8486395,5.701493,4,53.0,,
41972588,50.8486411,5.6645974,3,79.0,,
41972591,50.8486298,5.6761267,3,70.0,,
41972600,50.8486301,5.6933174,3,59.0,,
41972607,50.848659,5.7208861,4,52.0,,
41972657,50.8486842,5.6940374,4,50.0,,
41972658,50.8486949,5.714807,3,51.0,,
41972721,50.8487267,5.7038286,4,53.0,,
41972724,50.8487078,5.7207086,3,51.0,,
41972734,50.8487461,5.6982461,3,53.0,,
41972758,50.8487553,5.7151577,3,51.0,,
41972772,50.8487577,5.6648672,3,79.0,,
41972773,50.8487594,5.6890569,4,55.0,,
41972776,50.8487921,5.6944636,3,50.0,,
41972784,50.8487505,5.6898229,3,59.0,,
41972800,50.8488231,5.6728466,3,74.0,,
41972802,50.8487189,5.6749948,1,72.0,,
41972812,50.848762,5.6723844,1,74.0,,
41972822,50.8487787,5.7052474,4,52.0,,
41972825,50.8487589,5.7351453,3,59.0,,
41972846,50.8488307,5.6975018,3,45.0,,
41972885,50.8488242,5.7156504,3,51.0,,
41972889,50.8488467,5.7171822,3,52.0,,
41972899,50.8488398,5.6728866,3,74.0,,
41972911,50.8487842,5.705383,3,52.0,,
41972921,50.8488286,5.7238511,3,54.0,,
41972928,50.8488454,5.7245632,3,54.0,,
41972934,50.8488545,5.6555805,3,82.0,,
41972981,50.848946,5.6584551,3,81.0,,
41972982,50.8488855,5.6716725,4,74.0,crossing,
41972991,50.8489794,5.6728582,4,74.0,,
41972994,50.8489177,5.6932861,3,59.0,,
41973018,50.8489178,5.672118,1,74.0,,
41973031,50.8488936,5.7069079,3,49.0,,
41973032,50.8488981,5.7081901,3,49.0,,
41973054,50.8489756,5.6926511,4,59.0,,
41973056,50.8489826,5.6940466,4,50.0,,
41973061,50.8489563,5.6846245,3,63.0,,
41973065,50.8489878,5.6835529,3,63.0,,
41973066,50.849026,5.698319,3,53.0,,
41973068,50.8490079,5.6994275,3,53.0,,
41973107,50.8490128,5.6943225,4,50.0,,
41973124,50.8490656,5.6724811,3,74.0,crossing,
41973125,50.8490697,5.6747676,4,72.0,,
41973134,50.8491166,5.6915937,3,59.0,,
41973138,50.8490924,5.7266455,4,54.0,,
41973163,50.8491068,5.6574458,3,79.0,,
41973193,50.8491525,5.6756669,4,70.0,,
41973197,50.8491488,5.6913571,3,59.0,,
41973206,50.8491237,5.6736448,4,72.0,,
41973265,50.8492297,5.6642399,3,78.0,,
41973290,50.8492194,5.6756518,4,70.0,,
41973305,50.8492173,5.6747366,3,72.0,,
41973313,50.8492325,5.658356,4,81.0,,
41973316,50.8492292,5.7262812,1,54.0,,
41973339,50.8492789,5.654467,3,82.0,,
41973340,50.849257,5.6639639,1,78.0,,
41973342,50.8492838,5.6661568,4,79.0,,
41973345,50.8492847,5.6927821,3,59.0,,
41973372,50.8493174,5.676798,3,70.0,,
41973404,50.8493304,5.6769298,4,70.0,,
41973445,50.8493861,5.6767842,3,70.0,,
41973471,50.8494034,5.6553953,4,82.0,,
41973494,50.8494717,5.6774312,3,70.0,,
41973508,50.8494589,5.6974457,3,45.0,,
41973524,50.8494699,5.6983911,4,53.0,,
41973526,50.849487,5.7010318,3,53.0,,
41973531,50.8494996,5.7019205,5,53.0,,
41973534,50.849421,5.7050849,3,52.0,,
41973547,50.8494755,5.6994121,4,53.0,,
41973567,50.849509,5.7020965,5,53.0,,
41973569,50.8494835,5.704898,3,52.0,,
41973593,50.8495311,5.7009533,3,53.0,,
41973613,50.849529,5.6792365,4,65.0,,
41973621,50.849522,5.6693439,3,74.0,,
41973626,50.8495668,5.7034311,4,53.0,,
41973638,50.84953,5.65634,3,79.0,,
41973641,50.8495684,5.678347,4,70.0,crossing,
41973662,50.849618,5.6618422,3,80.0,,
41973664,50.84956,5.66285,1,78.0,,
41973668,50.8495628,5.7485964,3,62.0,,
41973672,50.84958,5.6799314,4,65.0,,
41973674,50.8495788,5.7010061,3,53.0,,
41973675,50.8496217,5.7048276,3,52.0,,
41973692,50.8496194,5.6866688,3,60.0,,
41973697,50.8495994,5.6709159,3,74.0,,
41973700,50.8495876,5.67355,3,72.0,,
41973703,50.8495878,5.6779542,3,70.0,,
41973705,50.8495948,5.686315,3,60.0,,
41973713,50.8495691,5.7234901,3,54.0,,
41973733,50.849613,5.6848528,3,63.0,,
41973761,50.849623,5.6835345,3,63.0,,
41973766,50.8496206,5.6838035,3,63.0,,
41973773,50.8496406,5.6826283,3,62.0,,
41973777,50.8496063,5.6776421,3,70.0,,
41973779,50.8496316,5.7018508,4,53.0,,
41973799,50.8496407,5.7020389,4,53.0,,
41973805,50.8496547,5.6572719,3,79.0,,
41973806,50.8496506,5.6639624,4,78.0,,
41973809,50.8496476,5.6642479,3,78.0,,
41973822,50.8496853,5.6853521,3,63.0,,
41973828,50.8496935,5.7033671,4,53.0,,
41973899,50.8497507,5.7047672,3,52.0,,
41973909,50.849772,5.6897177,3,59.0,,
41973913,50.8497773,5.7019483,3,53.0,,
41973914,50.8497787,5.7085092,3,52.0,,
41973928,50.8497683,5.6699422,4,74.0,,
41973943,50.8498381,5.6941524,4,50.0,,
41973946,50.8498259,5.7093604,4,52.0,,
41974023,50.8498344,5.6644068,1,78.0,,
41974028,50.8498023,5.6902551,3,59.0,,
41974032,50.8497708,5.7115829,4,49.0,,
41974067,50.8498036,5.7281326,3,53.0,,
41974078,50.8498497,5.6874297,3,60.0,,
41974080,50.8498492,5.6874829,3,60.0,,
41974082,50.8498266,5.6905696,3,59.0,,
41974092,50.8498204,5.6710709,3,74.0,,
41974123,50.8498408,5.6593484,1,81.0,,
41974126,50.8498563,5.6924295,3,59.0,,
41974147,50.8499259,5.7117088,4,49.0,,
41974157,50.8498698,5.7161493,3,51.0,,
41974166,50.849916,5.6675308,3,78.0,,
41974205,50.8498927,5.6709587,3,74.0,,
41974210,50.84992,5.6924095,3,59.0,,
41974213,50.849881,5.71702,3,52.0,,
41974226,50.8498971,5.7172454,3,52.0,,
41974227,50.849913,5.7289657,3,53.0,,
41974243,50.8499229,5.6702359,4,74.0,,
41974270,50.8499465,5.7214862,3,52.0,,
41974283,50.8499919,5.6759317,3,70.0,,
41974337,50.8498825,5.6704943,3,74.0,,
41974355,50.8500593,5.7142746,3,48.0,,
41974362,50.8500436,5.6580806,3,75.0,,
41974391,50.8500432,5.6718286,3,72.0,,
41974392,50.8500691,5.7017328,3,50.0,,
41974427,50.85009,5.6837,1,56.0,,
41974455,50.8500621,5.7225031,3,46.0,,
41974458,50.8501095,5.7259843,3,49.0,,
41974510,50.85011,5.6527112,3,76.0,,
41974520,50.8501205,5.6910466,1,56.0,,
41974529,50.8501738,5.7128506,3,48.0,,
41974542,50.8502158,5.7178136,3,51.0,,
41974548,50.8501579,5.71873,3,51.0,,
41974549,50.850164,5.7194263,3,49.0,,
41974553,50.8501672,5.6587714,3,73.0,,
41974573,50.8501696,5.6531772,3,76.0,,
41974579,50.8501791,5.7152452,3,49.0,,
41974594,50.8502,5.72321,1,47.0,,
41974681,50.8503113,5.6682069,4,73.0,,
41974711,50.8503106,5.7187224,3,51.0,,
41974724,50.8503037,5.7314013,4,54.0,,
41974778,50.8503226,5.679734,4,62.0,,
41974785,50.8502952,5.6541098,3,76.0,,
41974797,50.8503274,5.7468587,3,65.0,,
41974807,50.8503497,5.6985566,3,52.0,,
41974816,50.8503252,5.7222014,3,46.0,,
41974919,50.8503856,5.6547981,3,75.0,,
41974932,50.8504406,5.6974641,3,45.0,,
41974943,50.8504424,5.692294,3,54.0,,
41974951,50.8504193,5.6550517,3,75.0,,
41974980,50.85047,5.71523,3,49.0,,
41974994,50.850462,5.676598,4,68.0,,
41975064,50.8505246,5.6903797,3,56.0,,
41975084,50.8505235,5.7245052,4,47.0,,
41975100,50.8505797,5.7067649,3,49.0,,
41975106,50.8505468,5.6559923,3,75.0,,
41975110,50.8505943,5.7138959,3,48.0,,
41975125,50.8505831,5.7460131,3,65.0,,
41975165,50.8506246,5.6871995,4,53.0,,
41975179,50.8505886,5.6687141,3,73.0,,
41975182,50.8506189,5.6938871,3,47.0,,
41975198,50.850666,5.6768836,1,68.0,,
41975200,50.8506774,5.7141007,3,48.0,,
41975219,50.8506688,5.7279666,4,50.0,,
41975224,50.8506963,5.7159776,3,49.0,,
41975240,50.8506732,5.6569218,3,75.0,,
41975308,50.8507106,5.6571911,3,75.0,,
41975309,50.8507164,5.6733315,3,72.0,,
41975313,50.85071,5.69992,3,52.0,,
41975368,50.8507103,5.6578651,3,75.0,,
41975369,50.8507735,5.6690794,4,72.0,,
41975371,50.8507444,5.6790253,4,63.0,,
41975373,50.85075,5.72309,3,47.0,,
41975401,50.8507818,5.725538,4,49.0,,
41975428,50.8507912,5.6585807,3,73.0,,
41975432,50.8508227,5.6743854,3,72.0,,
41975470,50.8508326,5.6691999,4,72.0,,
41975471,50.8508149,5.6994671,3,52.0,,
41975473,50.8508141,5.6998679,3,52.0,,
41975482,50.8508303,5.7164304,3,49.0,,
41975497,50.8508555,5.6988998,4,52.0,,
41975517,50.8508767,5.6883704,3,57.0,,
41975595,50.8509181,5.7167533,3,51.0,,
41975614,50.8509132,5.6525185,4,76.0,,
41975627,50.8509291,5.7148622,3,49.0,,
41975634,50.8509433,5.6888228,3,57.0,,
41975656,50.8509725,5.7186392,3,51.0,,
41975666,50.8509652,5.6977184,3,45.0,,
41975686,50.8509964,5.7078579,3,49.0,,
41975689,50.8510137,5.7196794,4,49.0,,
41975694,50.8509665,5.6546791,3,75.0,,
41975763,50.8509978,5.6645836,3,74.0,,
41975765,50.8510201,5.7186324,3,51.0,,
41975770,50.8509799,5.6733051,3,72.0,,
41975773,50.8510296,5.689407,3,57.0,,
41975776,50.85102,5.71775,3,51.0,,
41975783,50.8510423,5.7152188,3,49.0,,
41975787,50.8510596,5.7204713,3,49.0,,
41975825,50.8510435,5.7230355,3,47.0,,
41975891,50.8510828,5.721715,3,46.0,,
41975896,50.8510965,5.7273817,1,50.0,turning_circle,
41975901,50.8510593,5.6743242,3,72.0,,
41975913,50.8511559,5.7240194,3,47.0,,
41975941,50.8511819,5.6810209,3,62.0,,
41975946,50.8512296,5.7136408,3,48.0,,
41975953,50.8510689,5.6706864,1,72.0,,
41975954,50.8511942,5.7089399,3,51.0,,
41975956,50.8511858,5.7263393,3,49.0,,
41976034,50.8512016,5.6938173,4,47.0,,
41976080,50.8513058,5.6626345,3,73.0,,
41976087,50.8513072,5.7025914,4,52.0,,
41976090,50.8512644,5.7239127,3,47.0,,
41976108,50.8513115,5.7160346,4,49.0,,
41976113,50.8513007,5.6865344,3,53.0,,
41976149,50.8513023,5.7064207,3,49.0,,
41976218,50.851387,5.7314832,3,54.0,,
41976223,50.8513686,5.6628864,3,73.0,,
41976246,50.8513648,5.6724733,3,72.0,,
41976326,50.851395,5.6679058,4,73.0,,
41976341,50.8514188,5.6703939,3,72.0,,
41976358,50.8514819,5.6993765,4,52.0,,
41976359,50.8514535,5.7185321,3,51.0,,
41976361,50.851444,5.7313475,3,54.0,,
41976379,50.8514368,5.6625427,3,73.0,,
41976403,50.8514386,5.6748435,3,72.0,,
41976405,50.8514885,5.7315954,3,54.0,,
41976414,50.8514804,5.7134473,3,48.0,,
41976484,50.8514837,5.66285,3,73.0,,
41976487,50.8515227,5.7270842,3,50.0,,
41976495,50.8515835,5.714768,3,49.0,,
41976511,50.8515358,5.7076191,3,49.0,,
41976513,50.85154,5.72299,1,47.0,,
41976520,50.8515209,5.6627153,3,73.0,,
41976528,50.8515872,5.6881762,3,57.0,,
41976530,50.8515491,5.70391,4,52.0,,
41976548,50.8515594,5.6720371,3,72.0,,
41976566,50.8516072,5.6802675,3,62.0,,
41976571,50.8515492,5.7314623,3,54.0,,
41976578,50.8515566,5.6618745,3,72.0,,
41976596,50.8516072,5.7275275,3,50.0,,
41976606,50.8515939,5.7236021,1,47.0,,
41976653,50.8516123,5.701186,3,50.0,,
41976668,50.8516258,5.7492278,1,72.0,,
41976673,50.8516565,5.659316,1,73.0,,
41976704,50.8516583,5.7198898,3,49.0,,
41976706,50.8520047,5.7344501,1,56.0,,
41976707,50.8515347,5.6979972,4,52.0,,
41976709,50.8516556,5.7196601,3,49.0,,
41976710,50.8516646,5.7204299,3,49.0,,
41976748,50.8516804,5.6611401,3,72.0,,
41976808,50.8512337,5.7089257,3,51.0,,
41976811,50.85171,5.72101,3,46.0,,
41976822,50.8517039,5.6525552,3,76.0,,
41976824,50.8516663,5.6663805,3,74.0,,
41976836,50.8517619,5.6914539,3,56.0,,
41976840,50.8517309,5.6608541,3,72.0,,
41976843,50.851749,5.7087126,4,51.0,,
41976851,50.8517625,5.6722512,4,72.0,,
41976861,50.8516561,5.6709171,3,72.0,,
41976868,50.8517656,5.6715599,4,72.0,,
41976873,50.8518005,5.6947868,3,47.0,,
41976875,50.851932,5.7018533,4,50.0,,
41976881,50.85179,5.6847,3,56.0,,
41976884,50.8515994,5.6901295,3,56.0,,
41976886,50.8517851,5.7256532,4,49.0,,
41976967,50.8518967,5.6665369,1,74.0,,
41976989,50.8517275,5.6912321,3,56.0,,
41976999,50.8518153,5.6742756,4,72.0,,
41977004,50.8518286,5.683757,3,56.0,,
41977008,50.8517922,5.7156798,3,49.0,,
41977016,50.8518222,5.6567393,3,75.0,,
41977030,50.8518778,5.7061418,3,47.0,,
41977048,50.8518493,5.6820229,4,60.0,,
41977055,50.8519259,5.6979066,3,45.0,,
41977153,50.8519192,5.6620279,4,72.0,,
41977193,50.8519233,5.7198911,3,49.0,,
41977196,50.8518876,5.7255691,4,49.0,,
41977212,50.85195,5.68515,3,56.0,,
41977236,50.8519658,5.6594476,4,73.0,,
41977246,50.8519731,5.7181371,4,51.0,,
41977252,50.8519022,5.6712198,4,72.0,,
41977336,50.8519856,5.6557977,3,75.0,,
41977344,50.85202,5.68534,3,56.0,,
41977346,50.8520574,5.7184046,3,51.0,,
41977363,50.85204,5.66705,3,73.0,,
41977367,50.85205,5.68507,1,56.0,,
41977400,50.8520994,5.6579634,3,72.0,,
41977403,50.8520751,5.6844319,3,56.0,,
41977406,50.8520608,5.6854537,1,53.0,,
41977409,50.852114,5.6914494,3,53.0,,
41977475,50.8521854,5.6620912,3,69.0,,
41977491,50.8521404,5.7026464,3,47.0,,
41977504,50.85213,5.68526,1,52.0,,
41977519,50.85214,5.66265,1,70.0,,
41977527,50.8521275,5.6651665,3,67.0,,
41977530,50.8521749,5.7076811,3,48.0,,
41977545,50.8521515,5.6548559,4,75.0,,
41977556,50.8522273,5.7169273,3,49.0,,
41977725,50.8521529,5.7263763,4,45.0,,
41977758,50.8522952,5.7001638,3,50.0,,
41977779,50.8522702,5.7210208,3,48.0,,
41977785,50.8522425,5.6578511,3,72.0,,
41977790,50.8522989,5.6812678,3,53.0,,
41977869,50.8523013,5.7314847,4,54.0,,
41977882,50.8522767,5.6610897,3,69.0,,
41977886,50.8523393,5.688005,4,50.0,,
41977887,50.8523384,5.7034961,3,47.0,,
41977889,50.8523313,5.7084859,4,48.0,,
41977917,50.8523022,5.6580497,3,72.0,,
41977949,50.8523228,5.6538818,3,77.0,,
41977957,50.8523576,5.708644,3,48.0,,
41977968,50.8523657,5.7093996,4,48.0,,
41977973,50.8523533,5.7129621,3,48.0,,
41977974,50.85235,5.71933,3,48.0,,
41978001,50.8523752,5.7275621,3,50.0,,
41978117,50.8524542,5.7058621,4,47.0,,
41978158,50.8524006,5.6603433,3,69.0,,
41978160,50.8524489,5.6890755,4,50.0,,
41978161,50.8523909,5.7120725,3,48.0,,
41978212,50.8524892,5.6854549,3,50.0,,
41978228,50.8524786,5.7147939,3,47.0,,
41978249,50.85248,5.71774,3,49.0,,
41978270,50.8524756,5.6672998,3,68.0,,
41978285,50.8524673,5.7274885,3,50.0,,
41978298,50.8525095,5.6901222,4,53.0,,
41978370,50.8524937,5.6528033,3,77.0,,
41978384,50.8525461,5.7137914,3,48.0,,
41978385,50.8525525,5.7166727,3,49.0,,
41978395,50.8525108,5.6596781,3,69.0,,
41978397,50.8525362,5.7071349,3,48.0,,
41978399,50.852536,5.7353888,3,60.0,,
41978413,50.852575,5.7075062,3,48.0,,
41978415,50.8525429,5.7277422,3,50.0,,
41978469,50.8526313,5.7009873,3,50.0,,
41978534,50.8526002,5.6637569,3,70.0,,
41978539,50.8526079,5.7147688,3,47.0,,
41978549,50.8526375,5.6925481,3,54.0,,
41978578,50.8526127,5.6721636,3,69.0,,
41978593,50.8526438,5.7367699,4,58.0,,
41978609,50.8526498,5.6723543,3,69.0,,
41978632,50.8526773,5.7243941,3,49.0,,
41978686,50.8527019,5.6661491,3,67.0,,
41978693,50.85272,5.72045,3,48.0,,
41978707,50.85272,5.6730048,4,68.0,,
41978716,50.852727,5.6731791,4,68.0,,
41978721,50.8527957,5.6924987,3,54.0,,
41978728,50.8527025,5.7286006,3,50.0,,
41978732,50.8527348,5.6741201,4,68.0,,
41978821,50.8527795,5.6551135,4,75.0,,
41978875,50.85286,5.72075,4,48.0,,
41978889,50.8528412,5.6691545,3,68.0,,
41978891,50.8527938,5.6748339,3,68.0,,
41978907,50.8528569,5.6664338,3,67.0,,
41978919,50.8528757,5.6936972,3,54.0,,
41978940,50.8528906,5.7189086,3,48.0,,
41978974,50.8529059,5.7002925,3,50.0,,
41979016,50.8528971,5.7320948,4,54.0,,
41979025,50.8529395,5.7011186,3,50.0,,
41979034,50.8529119,5.6744472,3,68.0,,
41979036,50.8529093,5.7155467,3,47.0,,
41979039,50.85297,5.66134,3,69.0,,
41979046,50.8529691,5.7191579,3,48.0,,
41979080,50.8529367,5.657254,3,72.0,,
41979096,50.8529661,5.6666389,4,67.0,,
41979162,50.8529696,5.7321829,4,54.0,,
41979176,50.8530312,5.7260429,3,45.0,,
41979197,50.8529653,5.6722334,1,69.0,,
41979204,50.8530503,5.708255,3,48.0,,
41979283,50.853068,5.7383363,4,55.0,,
41979348,50.8531302,5.6987918,3,47.0,,
41979360,50.8531342,5.7077618,3,48.0,,
41979381,50.853116,5.7006942,3,50.0,,
41979408,50.8531328,5.6606413,3,69.0,,
41979411,50.85316,5.70203,4,50.0,,
41979420,50.8532097,5.7180379,3,49.0,,
41979440,50.8530718,5.6740678,3,68.0,,
41979496,50.8532151,5.6646806,3,67.0,,
41979506,50.8532226,5.656344,3,72.0,,
41979514,50.8532671,5.6924901,3,54.0,,
41979548,50.8532484,5.6587254,3,69.0,,
41979551,50.8532252,5.6647317,3,67.0,,
41979555,50.85326,5.69134,3,53.0,,
41979556,50.8532384,5.7200071,3,48.0,,
41979562,50.8532582,5.6553186,3,75.0,,
41979576,50.8531583,5.6986004,3,47.0,,
41979577,50.8532715,5.7171054,4,49.0,,
41979581,50.8532443,5.6599859,3,69.0,,
41979587,50.8533203,5.712534,3,48.0,,
41979690,50.853314,5.6680842,3,68.0,,
41979695,50.8533064,5.7067648,3,48.0,,
41979741,50.85337,5.72031,3,48.0,,
41979774,50.8533461,5.6697134,3,68.0,,
41979815,50.8533938,5.7223674,3,48.0,,
41979819,50.8534219,5.6540762,1,77.0,,
41979821,50.8533723,5.6695401,3,68.0,,
41979849,50.853417,5.6534085,3,77.0,,
41979850,50.853376,5.6554005,3,75.0,,
41979856,50.8534278,5.7053946,3,47.0,,
41979891,50.8534562,5.6639287,3,70.0,,
41979893,50.8534435,5.6711815,3,69.0,,
41979929,50.8534329,5.6588775,4,69.0,,
41979976,50.8534886,5.6675725,4,68.0,,
41979979,50.8535068,5.6845153,3,52.0,,
41979980,50.85349,5.717802,3,49.0,,
41979990,50.8535177,5.7126732,3,48.0,,
41979994,50.8534883,5.6639115,3,70.0,,
41980051,50.8535611,5.6577889,3,72.0,,
41980106,50.8535401,5.6544718,3,75.0,,
41980114,50.8536173,5.732766,3,54.0,,
41980133,50.8536847,5.6931424,3,54.0,,
41980135,50.85364,5.71995,3,48.0,,
41980145,50.8536458,5.6888466,3,50.0,,
41980160,50.8536179,5.6936943,3,54.0,,
41980212,50.8536305,5.6721442,3,69.0,,
41980218,50.8536788,5.6877997,3,50.0,,
41980221,50.8536585,5.7146511,3,47.0,,
41980227,50.8536682,5.7167794,3,49.0,,
41980231,50.8536772,5.7178912,4,49.0,,
41980245,50.8536529,5.6725607,3,69.0,,
41980407,50.85378,5.6988339,3,47.0,,
41980411,50.8537533,5.6990122,3,47.0,,
41980423,50.8536945,5.7121742,3,48.0,,
41980429,50.8537564,5.6650978,3,67.0,,
41980440,50.8537089,5.6732682,3,68.0,,
41980444,50.8537207,5.7117706,3,48.0,,
41980447,50.8537124,5.7120176,3,48.0,,
41980464,50.8537167,5.7140606,3,48.0,,
41980470,50.85375,5.71978,3,48.0,,
41980514,50.8537422,5.6579314,4,72.0,,
41980519,50.8537432,5.6740322,4,68.0,,
41980588,50.8538519,5.7005909,4,50.0,,
41980613,50.8538149,5.6680663,3,68.0,,
41980711,50.8538444,5.687785,3,50.0,,
41980721,50.8538564,5.6697622,3,68.0,,
41980805,50.8539423,5.7018955,3,50.0,,
41980822,50.8538793,5.7212354,3,48.0,,
41980858,50.8539104,5.6711546,3,69.0,,
41980866,50.8539655,5.6946132,3,47.0,,
41980867,50.8539676,5.7023,1,47.0,,
41980885,50.85396,5.72114,3,48.0,,
41980905,50.8539236,5.6573897,3,72.0,,
41980906,50.8538778,5.6650953,3,67.0,,
41980935,50.8540044,5.7189887,3,48.0,,
41980950,50.854006,5.7052677,3,47.0,,
41981012,50.8539755,5.6643064,3,70.0,,
41981035,50.8539876,5.6643712,3,70.0,,
41981071,50.8540461,5.6570182,3,72.0,,
41981079,50.8540798,5.6927288,3,54.0,,
41981098,50.8540703,5.6666716,3,68.0,,
41981171,50.8540977,5.6505284,3,77.0,,
41981172,50.8540919,5.6692098,3,68.0,,
41981174,50.8541467,5.718102,3,49.0,,
41981186,50.8541024,5.6568476,3,72.0,,
41981190,50.8541657,5.7179971,3,49.0,,
41981205,50.8541033,5.6740631,3,68.0,,
41981218,50.854127,5.6743047,3,68.0,,
41981232,50.85419,5.71446,3,48.0,,
41981283,50.8542018,5.6693503,3,66.0,,
41981300,50.8542217,5.7005943,3,48.0,,
41981301,50.8542394,5.7085585,3,49.0,,
41981308,50.8542113,5.6750209,3,62.0,,
41981325,50.8542605,5.7153864,3,47.0,,
41981368,50.8542937,5.6858011,4,47.0,,
41981373,50.854276,5.675598,3,62.0,,
41981407,50.8543173,5.6577811,3,74.0,,
41981416,50.8543211,5.6577241,3,74.0,,
41981419,50.8543336,5.6899908,3,50.0,,
41981425,50.854312,5.716278,3,47.0,,
41981432,50.8542799,5.6563096,3,74.0,,
41981444,50.8543554,5.6856588,3,47.0,,
41981459,50.854322,5.6561818,3,70.0,,
41981461,50.8543468,5.6694826,4,66.0,,
41981463,50.8543671,5.70005,3,48.0,,
41981535,50.8544351,5.7165016,3,47.0,,
41981583,50.8544497,5.6711883,3,66.0,,
41981584,50.854476,5.7150991,3,47.0,,
41981586,50.8544764,5.7163548,3,47.0,,
41981603,50.8544496,5.6557985,3,70.0,,
41981655,50.8544639,5.7012171,1,48.0,,
41981661,50.8545031,5.6571515,3,74.0,,
41981665,50.8545059,5.7264979,3,48.0,,
41981730,50.8545927,5.7085998,3,49.0,,
41981732,50.8545924,5.7093845,3,49.0,,
41981735,50.8544779,5.7217067,1,50.0,,
41981836,50.8546092,5.6689171,3,66.0,,
41981884,50.8546216,5.6552736,3,70.0,,
41981892,50.8546173,5.7136177,3,48.0,,
41981918,50.8546818,5.6566781,4,74.0,,
41981979,50.8547041,5.7421336,3,57.0,,
41982024,50.8547435,5.6686171,3,68.0,,
41982028,50.8547627,5.6848662,4,48.0,,
41982049,50.8547976,5.7117514,3,49.0,,
41982164,50.854817,5.7339309,1,53.0,,
41982194,50.8548378,5.7166773,3,48.0,,
41982199,50.8548626,5.6561054,3,70.0,,
41982278,50.8548394,5.6654596,3,69.0,,
41982289,50.8548838,5.7128292,3,48.0,,
41982307,50.8548952,5.6560781,3,70.0,,
41982315,50.8548815,5.7124106,3,49.0,,
41982319,50.8549022,5.7168829,3,48.0,,
41982346,50.8549537,5.7017168,3,48.0,,
41982386,50.854937,5.6601007,4,72.0,,
41982390,50.8549786,5.7010984,3,48.0,,
41982399,50.8549846,5.7117465,4,49.0,,
41982422,50.854939,5.6750846,3,62.0,,
41982444,50.8549757,5.7093745,3,49.0,,
41982470,50.8550043,5.7124059,3,49.0,,
41982534,50.8549625,5.6743892,3,67.0,,
41982541,50.8550611,5.7076309,3,48.0,,
41982550,50.8549877,5.7334769,3,53.0,,
41982588,50.8550066,5.6713504,3,66.0,,
41982592,50.85504,5.70183,1,48.0,,
41982809,50.8551285,5.6991961,3,46.0,,
41982822,50.8547893,5.6920251,3,49.0,,
41982848,50.8551138,5.6602401,4,72.0,,
41983011,50.8551782,5.6695624,3,66.0,,
41983012,50.8552308,5.7142852,4,48.0,,
41983054,50.8552665,5.700621,4,48.0,,
41983069,50.8553188,5.7141849,3,48.0,,
41983142,50.855041,5.7184949,1,48.0,,
41983145,50.8553805,5.7302107,3,49.0,,
41983198,50.8553925,5.7062998,3,48.0,,
41983199,50.8553653,5.7147283,3,47.0,,
41983201,50.8553938,5.7148224,3,47.0,,
41983272,50.8553874,5.7117426,3,49.0,,
41983273,50.8553936,5.7123873,3,49.0,,
41983294,50.8554136,5.7143029,3,48.0,,
41983296,50.855486,5.7153273,3,47.0,,
41983315,50.8553796,5.6448073,3,88.0,,
41983460,50.8554784,5.6751414,3,62.0,,
41983465,50.855536,5.715287,3,47.0,,
41983469,50.8555048,5.6713871,3,66.0,,
41983534,50.8555771,5.6700303,3,66.0,,
41983541,50.85559,5.71346,3,48.0,,
41983613,50.8556059,5.665996,3,69.0,,
41983632,50.8556509,5.7133844,3,48.0,,
41983673,50.8556149,5.7124566,3,49.0,,
41983690,50.8556248,5.6624918,4,70.0,,
41983775,50.8550614,5.6984283,1,46.0,,
41983785,50.8557123,5.7001288,3,48.0,,
41983824,50.8558042,5.7093617,3,49.0,,
41983830,50.8556711,5.6701337,4,66.0,,
41983838,50.8557959,5.7125851,3,48.0,,
41983856,50.855943,5.6714299,1,66.0,,
41983862,50.855756,5.7117505,3,49.0,,
41983919,50.8557734,5.6646039,3,69.0,,
41983939,50.8558149,5.6759536,3,62.0,,
41983952,50.8558241,5.6656129,3,69.0,,
41984063,50.8559117,5.6751849,3,62.0,,
41984098,50.8559592,5.7127491,3,48.0,,
41984130,50.8560423,5.7170823,4,48.0,,
41984177,50.8560322,5.6826021,4,51.0,,
41984179,50.8560437,5.712688,3,48.0,,
41984187,50.8560147,5.7006074,4,48.0,,
41984200,50.8560615,5.7082468,3,48.0,,
41984201,50.8560575,5.7173354,5,48.0,,
41984216,50.8560117,5.7118461,3,49.0,,
41984279,50.8561039,5.709552,3,49.0,,
41984296,50.856112,5.6991832,4,46.0,,
41984314,50.8561172,5.6651007,4,69.0,,
41984317,50.8561974,5.6902919,3,50.0,,
41984348,50.8562587,5.6738646,3,64.0,,
41984363,50.856152,5.6628601,4,69.0,,
41984431,50.85625,5.7147273,3,49.0,,
41984463,50.8562546,5.7002529,3,45.0,,
41984477,50.8562369,5.7096308,3,49.0,,
41984506,50.8562928,5.6663688,1,69.0,,
41984528,50.8563021,5.7088646,3,49.0,,
41984608,50.8563148,5.7122422,3,48.0,,
41984737,50.8564524,5.6716494,1,66.0,,
41984790,50.8564974,5.7134976,3,48.0,,
41984802,50.8564797,5.6656131,3,69.0,,
41984893,50.8564931,5.6633278,3,71.0,,
41984920,50.8565664,5.7376749,1,56.0,,
41984924,50.8564615,5.6715546,1,66.0,,
41984943,50.856572,5.6552243,4,69.0,,
41984950,50.8565424,5.6717467,1,66.0,,
41984957,50.8566191,5.6901194,4,51.0,crossing,
41985033,50.8565969,5.6990854,3,45.0,,
41985035,50.856437,5.7170332,4,48.0,,
41985068,50.8566183,5.6993404,3,45.0,,
41985072,50.8566089,5.7365907,1,55.0,,
41985083,50.8566143,5.6614807,4,71.0,,
41985092,50.856615,5.6658068,3,69.0,,
41985106,50.8566434,5.7355041,1,55.0,,
41985118,50.8567174,5.7163495,3,49.0,,
41985160,50.8567218,5.6553568,3,69.0,,
41985172,50.8567532,5.7165243,4,49.0,,
41985182,50.8567584,5.6737091,4,64.0,,
41985184,50.8567666,5.7073277,4,51.0,,
41985309,50.8568217,5.7167283,3,48.0,,
41985311,50.8568361,5.7197872,3,47.0,,
41985326,50.8568383,5.7092902,3,49.0,,
41985402,50.8568351,5.663875,4,71.0,,
41985404,50.8568842,5.7312186,3,53.0,,
41985406,50.8568809,5.7323174,3,52.0,,
41985510,50.8564973,5.7229637,3,48.0,,
41985513,50.8569319,5.6605439,3,71.0,,
41985514,50.856918,5.7131762,3,48.0,,
41985516,50.8569631,5.7345723,3,53.0,,
41985522,50.856961,5.7302448,1,53.0,,
41985623,50.85703,5.67054,3,70.0,,
41985660,50.8570302,5.6602683,3,70.0,,
41985678,50.8570679,5.7085049,3,49.0,,
41985681,50.8572781,5.6520822,3,69.0,,
41985722,50.8570975,5.6634811,3,71.0,,
41985723,50.8571039,5.6744697,3,64.0,,
41985752,50.8571147,5.6600155,3,70.0,,
41985784,50.857223,5.6776672,1,58.0,,
41985788,50.8571785,5.698966,3,45.0,,
41985896,50.8572644,5.7161156,4,49.0,,
41985908,50.8572067,5.6643512,3,71.0,,
41985929,50.8572886,5.6743104,3,64.0,,
41985934,50.8572653,5.7078038,4,51.0,,
41986002,50.857301,5.6594512,3,70.0,,
41986065,50.8573293,5.7163307,3,49.0,,
41986066,50.8573873,5.7377645,3,56.0,,
41986093,50.85737,5.70985,3,49.0,,
41986155,50.8574246,5.69852,1,45.0,,
41986164,50.8574055,5.664593,3,69.0,,
41986175,50.8574317,5.6605986,3,71.0,,
41986193,50.8574764,5.6589061,3,70.0,,
41986222,50.8574861,5.7346334,3,53.0,,
41986224,50.8575019,5.7371368,3,55.0,,
41986226,50.8575304,5.6791888,4,51.0,,
41986240,50.8575047,5.732319,3,52.0,,
41986265,50.8575884,5.7220849,3,48.0,,
41986271,50.8575715,5.7366933,3,55.0,,
41986343,50.8576178,5.6642049,3,71.0,,
41986348,50.8577426,5.678889,3,58.0,,
41986393,50.8575837,5.6648004,3,69.0,,
41986407,50.8576665,5.6624741,3,71.0,,
41986408,50.857586,5.6660804,3,69.0,,
41986410,50.8576559,5.6583525,3,70.0,,
41986412,50.8576741,5.7360898,3,55.0,,
41986415,50.8576808,5.6626667,3,71.0,,
41986467,50.8576922,5.6718346,3,66.0,,
41986469,50.8576694,5.6725588,3,66.0,,
41986488,50.8577439,5.6639799,3,71.0,,
41986514,50.8577531,5.7356302,3,55.0,,
41986602,50.8577867,5.6579545,3,73.0,,
41986613,50.857795,5.6609554,3,71.0,,
41986617,50.8578306,5.7351487,3,53.0,,
41986664,50.8578192,5.6578536,3,73.0,,
41986665,50.857836,5.6624309,3,71.0,,
41986675,50.85787,5.65948,3,70.0,,
41986678,50.8578446,5.6626624,3,71.0,,
41986684,50.8579034,5.7109523,3,48.0,,
41986712,50.8579293,5.6909999,3,51.0,,
41986716,50.8579463,5.6920763,4,50.0,,
41986727,50.8578518,5.6698174,3,70.0,,
41986729,50.8578026,5.6741545,3,64.0,,
41986754,50.8578911,5.7231538,3,48.0,,
41986795,50.8579025,5.7346754,3,53.0,,
41986824,50.8579405,5.7158416,4,49.0,,
41986829,50.8579442,5.7099114,3,49.0,,
41986853,50.8579682,5.6732876,3,64.0,,
41986882,50.8580242,5.737682,3,56.0,,
41986902,50.8579898,5.6716406,3,66.0,,
41986926,50.8580198,5.6706173,4,70.0,,
41986951,50.8580381,5.6571802,3,73.0,,
41986968,50.858043,5.7346885,3,53.0,,
41986969,50.8580642,5.7373187,3,55.0,,
41986976,50.858103,5.7137712,1,48.0,,
41986978,50.8580673,5.7323122,3,52.0,,
41986988,50.8580711,5.6678571,3,70.0,,
41987023,50.8580956,5.7299031,3,53.0,,
41987025,50.8580961,5.730031,3,53.0,,
41987031,50.8580968,5.7312893,3,52.0,,
41987033,50.8581017,5.6613889,3,71.0,,
41987078,50.8582034,5.7153676,3,49.0,,
41987140,50.8581926,5.663097,3,71.0,,
41987163,50.8582576,5.7093912,3,49.0,,
41987184,50.8582449,5.7099002,3,49.0,,
41987302,50.8582954,5.6583522,3,70.0,,
41987304,50.85832,5.65994,3,70.0,,
41987312,50.8582975,5.663271,3,71.0,,
41987363,50.8583437,5.6648507,3,68.0,,
41987382,50.8583753,5.6784505,3,60.0,,
41987473,50.8584119,5.6584445,3,68.0,,
41987572,50.8585391,5.7377087,3,57.0,,
41987580,50.8584259,5.7099248,3,48.0,,
41987601,50.8585067,5.6568135,3,64.0,,
41987614,50.8585449,5.7263331,3,48.0,,
41987637,50.8585756,5.7373946,3,54.0,,
41987678,50.8586004,5.7323275,3,52.0,,
41987732,50.8586092,5.7347336,3,51.0,,
41987773,50.8586393,5.6455824,3,68.0,,
41987880,50.8587561,5.6577659,3,64.0,,
41987885,50.8587385,5.6563528,3,64.0,,
41987886,50.8587488,5.6617339,3,69.0,,
41987893,50.8587459,5.6730399,3,66.0,,
41987910,50.8587901,5.6739828,3,66.0,,
41987912,50.8588434,5.7102343,3,48.0,,
41987918,50.8587818,5.6626431,3,69.0,,
41987919,50.8588256,5.6692717,4,72.0,,
41987926,50.8587893,5.6743224,4,66.0,,
41987930,50.8588076,5.71821,3,48.0,,
41987988,50.8588093,5.6752332,4,61.0,,
41988074,50.8588476,5.664507,4,69.0,,
41988094,50.8589599,5.6707082,3,72.0,,
41988163,50.85891,5.65887,3,68.0,,
41988249,50.8589342,5.7301581,3,51.0,,
41988259,50.8589538,5.6559841,3,63.0,,
41988292,50.859371,5.7300423,3,51.0,,
41988361,50.8590161,5.6651703,4,68.0,,
41988383,50.8590543,5.7374245,3,54.0,,
41988391,50.8590389,5.6623051,3,69.0,,
41988436,50.8591,5.65908,3,68.0,,
41988477,50.8589553,5.7089783,3,48.0,,
41988485,50.8593085,5.6738342,3,66.0,,
41988583,50.8591739,5.7347336,3,51.0,,
41988620,50.8591315,5.6612324,3,69.0,,
41988650,50.8590772,5.7262538,3,48.0,,
41988723,50.8592983,5.7132203,1,46.0,,
41988796,50.8593369,5.661914,3,69.0,,
41988912,50.8594213,5.7312233,3,51.0,,
41988925,50.8593959,5.6641547,3,69.0,,
41988947,50.8594698,5.6669646,4,70.0,,
41988949,50.8594261,5.7254804,3,48.0,,
41988950,50.8594466,5.7347196,3,51.0,,
41988955,50.8594209,5.6617957,3,69.0,,
41989006,50.8595026,5.7127582,3,46.0,,
41989059,50.8595383,5.7120778,3,47.0,,
41989063,50.8594922,5.7355786,4,54.0,,
41989067,50.8595234,5.6596154,3,68.0,,
41989069,50.8595074,5.7093371,4,48.0,,
41989088,50.8595211,5.7363943,3,54.0,,
41989133,50.8595494,5.7372793,3,54.0,,
41989135,50.8595534,5.7373748,3,54.0,,
41989197,50.8596093,5.7136545,1,46.0,,
41989286,50.8596143,5.7094207,4,48.0,,
41989354,50.8596959,5.7130157,3,46.0,,
41989367,50.8596911,5.6738599,3,66.0,,
41989383,50.8597172,5.6827733,3,48.0,,
41989426,50.8597542,5.6561829,3,63.0,,
41989472,50.859756,5.6613649,3,69.0,,
41989565,50.8598074,5.6563744,3,64.0,,
41989592,50.8598865,5.655337,1,63.0,,
41989670,50.8598529,5.6638683,3,69.0,,
41989686,50.8599334,5.6685804,4,70.0,,
41989770,50.8599866,5.7140502,1,46.0,,
41989791,50.8599458,5.7123979,3,47.0,,
41989852,50.8599662,5.6591251,3,68.0,,
41989855,50.85998,5.66665,3,68.0,,
41989881,50.8600019,5.6706887,3,72.0,,
41989889,50.8600108,5.7249654,3,47.0,,
41989907,50.8600214,5.7133711,3,46.0,,
41989970,50.8600692,5.6684281,3,70.0,,
41990093,50.8601178,5.6609032,3,69.0,,
41990133,50.8601943,5.7073736,1,47.0,,
41990141,50.8601553,5.6594328,4,68.0,,
41990145,50.8601513,5.7356776,3,54.0,,
41990151,50.8601693,5.6608296,3,69.0,,
41990153,50.8602398,5.6727729,3,71.0,,
41990164,50.8602152,5.6893384,3,50.0,,
41990173,50.8602225,5.7325863,4,52.0,,
41990285,50.8602119,5.6549964,3,63.0,,
41990286,50.8601936,5.7372585,3,54.0,,
41990305,50.8602388,5.7296136,4,51.0,,
41990307,50.8602519,5.7299268,3,51.0,,
41990308,50.8603235,5.7311593,4,51.0,,
41990314,50.8602438,5.657822,3,64.0,,
41990325,50.8602613,5.7143736,1,46.0,,
41990334,50.8602789,5.683564,3,48.0,,
41990354,50.8602995,5.65588,3,63.0,,
41990423,50.860321,5.726102,3,48.0,,
41990443,50.86031,5.65975,3,68.0,,
41990480,50.8603402,5.7137228,3,46.0,,
41990494,50.8603231,5.6681505,4,70.0,,
41990495,50.8609651,5.7105488,3,48.0,,
41990515,50.860316,5.6635752,3,69.0,,
41990554,50.8604079,5.7297409,4,51.0,,
41990598,50.8605663,5.6474299,3,68.0,,
41990600,50.8604062,5.7294838,4,51.0,,
41990610,50.8604467,5.6703657,3,69.0,,
41990630,50.8603661,5.7082923,1,47.0,,
41990728,50.8604756,5.6537629,1,63.0,,
41990766,50.8604855,5.6761055,4,66.0,,
41990812,50.8604969,5.6556716,3,61.0,,
41990817,50.8605449,5.7103437,3,47.0,,
41990829,50.8605079,5.7268452,4,49.0,,
41990839,50.8605683,5.6766773,4,66.0,,
41990843,50.8605077,5.7312299,4,51.0,,
41990858,50.8605764,5.683028,1,44.0,,
41990863,50.8605812,5.7296217,4,51.0,,
41990920,50.8605685,5.6603139,4,64.0,,
41990921,50.8605978,5.6727567,3,70.0,,
41990924,50.8605996,5.6768729,4,66.0,,
41990943,50.8605681,5.7054635,1,48.0,,
41990958,50.8606141,5.6733935,4,70.0,,
41990962,50.8605922,5.7147385,1,47.0,,
41991001,50.86061,5.676132,4,66.0,,
41991006,50.8605968,5.6710783,4,70.0,,
41991011,50.8606228,5.6899004,3,50.0,,
41991036,50.8606097,5.7371868,3,57.0,,
41991039,50.8606602,5.6751846,4,66.0,,
41991074,50.8606798,5.7141005,3,47.0,,
41991105,50.8607,5.65888,4,64.0,,
41991199,50.8607542,5.6544287,3,61.0,,
41991201,50.8607401,5.6709894,3,70.0,,
41991205,50.8607782,5.6553805,3,61.0,,
41991224,50.8607758,5.6752173,4,66.0,,
41991228,50.8607972,5.6842882,3,46.0,,
41991233,50.86079,5.66993,3,69.0,,
41991251,50.8607376,5.6767796,4,66.0,,
41991338,50.8608303,5.67745,3,59.0,,
41991352,50.8607903,5.6632701,3,64.0,,
41991375,50.860819,5.67336,4,70.0,,
41991376,50.8608452,5.6742759,4,70.0,,
41991392,50.8608424,5.6571745,3,65.0,,
41991413,50.8606244,5.7119359,3,48.0,,
41991417,50.8608788,5.7296072,3,51.0,,
41991498,50.8609003,5.6469177,3,68.0,,
41991519,50.8609014,5.7134198,3,47.0,,
41991521,50.8609164,5.715096,1,47.0,,
41991528,50.8609193,5.7283863,3,49.0,,
41991556,50.8609751,5.7093728,3,47.0,,
41991576,50.8609655,5.6532472,1,63.0,,
41991583,50.8610092,5.7144668,3,47.0,,
41991588,50.86102,5.6905244,3,50.0,,
41991638,50.86102,5.64675,3,68.0,,
41991657,50.8610185,5.6708222,3,69.0,,
41991671,50.8610376,5.6551111,3,61.0,,
41991687,50.8609902,5.690291,3,50.0,,
41991708,50.86107,5.65978,4,64.0,,
41991712,50.861095,5.6896796,3,50.0,,
41991736,50.8612012,5.7310714,3,51.0,,
41991785,50.8611154,5.7090393,3,47.0,,
41991862,50.86117,5.6848195,3,46.0,,
41991879,50.8611905,5.6537879,3,63.0,,
41991882,50.8612076,5.6765107,3,66.0,,
41991959,50.861247,5.6539302,3,63.0,,
41991960,50.8612539,5.7154682,1,47.0,,
41991978,50.86127,5.65958,3,64.0,,
41992000,50.8612713,5.6900448,3,50.0,,
41992001,50.8612882,5.6910094,3,50.0,,
41992014,50.8613029,5.6886264,5,51.0,,
41992086,50.8613217,5.6566811,3,65.0,,
41992089,50.8613657,5.6888411,3,51.0,,
41992091,50.8613416,5.7148288,3,47.0,,
41992092,50.8613473,5.7252254,3,49.0,,
41992101,50.8613341,5.6706978,4,69.0,,
41992119,50.86137,5.72466,3,49.0,,
41992168,50.86141,5.65432,3,61.0,,
41992169,50.8614233,5.6636388,3,64.0,,
41992197,50.8614449,5.6464042,3,68.0,,
41992206,50.8614768,5.6729846,3,70.0,,
41992224,50.861527,5.6964192,3,45.0,,
41992297,50.8615254,5.6546016,3,61.0,,
41992320,50.8615767,5.6914637,3,50.0,,
41992332,50.86157,5.67616,3,66.0,,
41992339,50.8615826,5.7158308,1,47.0,,
41992350,50.8616067,5.6896819,3,50.0,,
41992352,50.861588,5.6905903,3,50.0,,
41992353,50.8616315,5.7110736,3,48.0,,
41992395,50.861603,5.733588,3,55.0,,
41992407,50.8616306,5.65486,3,61.0,,
41992410,50.8616336,5.7282441,3,49.0,,
41992413,50.8616445,5.7292352,4,51.0,,
41992414,50.8616457,5.7297978,3,51.0,,
41992415,50.861651,5.7309322,3,51.0,,
41992416,50.8616542,5.7311393,3,51.0,,
41992418,50.8616312,5.7321108,4,52.0,,
41992425,50.86165,5.66087,3,64.0,,
41992430,50.8616673,5.715182,3,47.0,,
41992443,50.86166,5.65917,4,64.0,,
41992444,50.8616573,5.6640225,3,64.0,,
41992450,50.8616552,5.673699,3,70.0,,
41992523,50.8617436,5.7478414,3,60.0,,
41992529,50.8616841,5.7141025,3,47.0,,
41992580,50.8617791,5.6539397,3,63.0,,
41992635,50.8618033,5.6490279,3,67.0,,
41992639,50.8617916,5.7033043,4,49.0,,
41992654,50.8618332,5.6523438,4,63.0,,
41992680,50.8618506,5.6553934,3,61.0,,
41992703,50.8619133,5.6862557,3,48.0,,
41992725,50.8618998,5.7161806,1,47.0,,
41992728,50.8618935,5.7235866,3,49.0,,
41992736,50.8619056,5.6757897,3,66.0,,
41992800,50.8618949,5.6538235,3,63.0,,
41992809,50.861914,5.6460249,3,68.0,,
41992825,50.8619449,5.6702175,3,69.0,,
41992834,50.86195,5.66145,3,64.0,,
41992844,50.8619723,5.6628889,3,64.0,,
41992847,50.8619613,5.7134602,3,47.0,,
41992848,50.8619896,5.7155409,3,47.0,,
41992861,50.8620241,5.7187516,3,47.0,,
41992924,50.8619976,5.6544668,3,61.0,,
41992928,50.8620016,5.6673155,3,67.0,,
41992932,50.862055,5.7132948,3,47.0,,
41992937,50.862065,5.6740901,3,70.0,,
41992947,50.8620486,5.6707739,3,69.0,,
41992959,50.8620563,5.6528955,4,63.0,,
41992965,50.862069,5.6559085,3,61.0,,
41992969,50.8620955,5.7401665,3,59.0,,
41993053,50.8621048,5.6466389,3,68.0,,
41993056,50.86211,5.65802,1,65.0,,
41993058,50.8621252,5.7379989,1,57.0,,
41993075,50.86212,5.65789,1,65.0,,
41993098,50.8621088,5.6543577,3,61.0,,
41993100,50.86214,5.66178,3,64.0,,
41993110,50.8621392,5.6484667,3,67.0,,
41993131,50.8621765,5.6603216,3,64.0,,
41993135,50.86219,5.65862,3,64.0,,
41993183,50.8622229,5.7165369,1,47.0,,
41993184,50.8622075,5.6486546,3,67.0,,
41993194,50.8622248,5.6636571,4,64.0,,
41993212,50.8622344,5.7139556,3,47.0,,
41993230,50.8622764,5.6534223,3,63.0,,
41993233,50.8622968,5.6923684,3,48.0,,
41993234,50.8623592,5.703333,3,49.0,,
41993237,50.8623168,5.7158904,3,47.0,,
41993271,50.8623363,5.6912543,3,50.0,,
41993291,50.8623033,5.6584974,3,64.0,,
41993307,50.8623761,5.7146917,4,47.0,,
41993328,50.8623818,5.6601008,3,64.0,,
41993330,50.8623771,5.7116392,3,48.0,,
41993341,50.8623855,5.647471,3,68.0,,
41993343,50.8623902,5.6707354,3,69.0,,
41993345,50.8623851,5.6713249,3,70.0,,
41993348,50.8623746,5.6719186,3,70.0,,
41993367,50.8624402,5.6892296,3,51.0,,
41993372,50.8624102,5.7336731,3,55.0,,
41993373,50.8624031,5.7353993,3,55.0,,
41993411,50.8624368,5.6695909,4,69.0,,
41993433,50.8624181,5.6726567,3,70.0,,
41993444,50.862461,5.7374202,3,57.0,,
41993453,50.8624514,5.6463573,3,68.0,,
41993482,50.8624709,5.7364822,3,57.0,,
41993500,50.8624788,5.6925696,3,48.0,,
41993537,50.8625,5.66244,3,61.0,,
41993574,50.8624871,5.6530844,4,63.0,,
41993575,50.8624966,5.6539542,3,63.0,,
41993599,50.8625243,5.7161223,3,48.0,,
41993619,50.8625415,5.6907764,3,47.0,,
41993637,50.86255,5.7323584,3,53.0,,
41993650,50.8625609,5.6917068,3,48.0,,
41993660,50.8625531,5.6466483,3,72.0,,
41993663,50.8625763,5.7169267,1,47.0,,
41993677,50.8625577,5.7310336,3,51.0,,
41993691,50.8625866,5.6480536,3,71.0,,
41993726,50.86262,5.67065,3,66.0,,
41993739,50.8626528,5.7141278,3,48.0,,
41993741,50.8626458,5.7162481,3,48.0,,
41993754,50.8626388,5.6454523,3,73.0,,
41993769,50.8626476,5.6511355,4,69.0,,
41993788,50.86266,5.65812,4,67.0,,
41993810,50.8626562,5.6598022,3,62.0,,
41993909,50.8627488,5.6545247,3,70.0,,
41993932,50.8627591,5.710456,3,46.0,,
41993937,50.862736,5.7310443,3,51.0,,
41993940,50.8627126,5.734339,1,54.0,,
41993965,50.8627213,5.6471716,3,72.0,,
41993969,50.8627527,5.6919468,3,48.0,,
41993991,50.8627873,5.7138385,3,48.0,,
41993996,50.8627649,5.7295391,3,51.0,,
41994012,50.862778,5.660844,3,61.0,,
41994075,50.8628792,5.672099,3,66.0,,
41994090,50.8628286,5.6566407,4,67.0,,
41994092,50.8628466,5.6900914,3,47.0,,
41994095,50.8628331,5.7359897,3,56.0,,
41994114,50.8628381,5.7353943,3,54.0,,
41994121,50.8628278,5.6460468,3,72.0,,
41994123,50.8628426,5.659604,3,62.0,,
41994139,50.8628658,5.6929853,3,48.0,,
41994169,50.8628626,5.6610077,3,61.0,,
41994171,50.8628484,5.6630786,3,62.0,,
41994186,50.8628741,5.6487844,3,71.0,,
41994189,50.8628746,5.68273,3,45.0,,
41994207,50.8629118,5.672736,3,66.0,,
41994250,50.8629187,5.6477149,3,72.0,,
41994277,50.8629407,5.6921055,3,48.0,,
41994291,50.86292,5.6550198,3,70.0,,
41994300,50.8629444,5.6825109,3,45.0,,
41994304,50.8629163,5.646331,3,72.0,,
41994311,50.8629739,5.733745,3,54.0,,
41994314,50.8629416,5.7343194,3,54.0,,
41994333,50.8629495,5.7347891,3,54.0,,
41994380,50.8629833,5.6451845,3,73.0,,
41994383,50.8630062,5.6506241,4,69.0,,
41994422,50.8630037,5.6536203,3,69.0,,
41994430,50.8630545,5.693174,3,48.0,,
41994452,50.8630235,5.6479771,3,71.0,,
41994489,50.8630329,5.6719093,3,66.0,,
41994493,50.8630897,5.7166594,4,48.0,,
41994530,50.8630957,5.6707835,4,66.0,,
41994532,50.863109,5.6894891,3,49.0,,
41994564,50.8631004,5.6468469,3,72.0,,
41994573,50.8630853,5.6721239,3,66.0,,
41994587,50.8631383,5.6494479,3,71.0,,
41994616,50.8631121,5.6663268,3,63.0,,
41994618,50.8631947,5.6702352,3,66.0,,
41994621,50.8631434,5.7040693,3,47.0,,
41994633,50.863153,5.6707995,4,66.0,,
41994649,50.8631659,5.6574621,3,67.0,,
41994651,50.8631363,5.692207,3,48.0,,
41994663,50.8631525,5.6592866,3,62.0,,
41994667,50.8631732,5.7294036,3,51.0,,
41994738,50.863205,5.6484807,3,71.0,,
41994739,50.8631761,5.6539183,3,69.0,,
41994742,50.86321,5.65757,3,67.0,,
41994758,50.8632226,5.6616677,3,61.0,,
41994761,50.8632423,5.6698736,4,66.0,,
41994775,50.8632332,5.6603852,3,62.0,,
41994778,50.8632788,5.7168144,3,47.0,,
41994801,50.863255,5.6680005,3,65.0,,
41994831,50.8632612,5.6460388,3,72.0,,
41994835,50.863278,5.6681311,3,65.0,,
41994838,50.8633215,5.7154631,3,48.0,,
41994852,50.8633043,5.6926524,3,48.0,,
41994864,50.8632832,5.6473593,3,72.0,,
41994894,50.8632799,5.6591509,3,62.0,,
41994918,50.8633665,5.7146691,4,48.0,,
41994919,50.8632537,5.7366841,3,56.0,,
41994925,50.8633838,5.6922672,3,48.0,,
41994927,50.8633372,5.7310284,3,51.0,,
41994931,50.8633421,5.7386297,3,54.0,,
41994964,50.8633607,5.7375228,3,54.0,,
41994979,50.8633892,5.6500518,4,69.0,,
41994982,50.8633083,5.656142,3,70.0,,
41994983,50.8634351,5.7131929,3,48.0,,
41995023,50.8634327,5.6571837,3,67.0,,
41995035,50.863389,5.6476396,3,72.0,,
41995036,50.8634192,5.6482878,3,71.0,,
41995040,50.8635721,5.7046731,1,47.0,,
41995047,50.8634583,5.6922629,3,48.0,,
41995049,50.8635254,5.7122867,3,46.0,,
41995059,50.8634871,5.7071837,1,46.0,,
41995070,50.8634317,5.6465437,3,72.0,,
41995089,50.8634549,5.7364234,3,56.0,,
41995110,50.8634338,5.7092734,3,46.0,,
41995113,50.863531,5.7147547,3,48.0,,
41995134,50.8634673,5.736007,3,56.0,,
41995178,50.8633614,5.6556098,3,70.0,,
41995183,50.8635394,5.6708926,3,66.0,,
41995198,50.863564,5.6806433,3,46.0,,
41995223,50.8635487,5.6533508,3,69.0,,
41995224,50.8635533,5.7170139,3,47.0,,
41995243,50.8635788,5.6932132,3,48.0,,
41995245,50.8635575,5.728358,3,47.0,,
41995257,50.8636316,5.6559741,4,70.0,crossing,
41995258,50.8635698,5.6564045,1,67.0,,
41995267,50.8635619,5.7348619,3,54.0,,
41995308,50.8636337,5.688291,3,49.0,,
41995310,50.8635754,5.733899,3,54.0,,
41995328,50.8636351,5.6569759,3,67.0,,
41995369,50.863675,5.6922516,3,48.0,,
41995371,50.8636582,5.6926621,3,48.0,,
41995396,50.86366,5.64895,3,71.0,,
41995399,50.8636233,5.6599684,3,62.0,,
41995402,50.8636568,5.6871723,3,45.0,,
41995440,50.8636837,5.704308,4,47.0,crossing,
41995460,50.863728,5.7140839,3,48.0,,
41995468,50.8637254,5.7387015,4,54.0,,
41995485,50.8637,5.65873,4,62.0,,
41995487,50.8637,5.66878,1,66.0,,
41995522,50.8636191,5.7234347,1,51.0,,
41995531,50.8637455,5.6876724,3,49.0,,
41995532,50.863715,5.7292158,4,51.0,,
41995539,50.8637204,5.6473381,3,72.0,,
41995556,50.8637469,5.7282723,3,47.0,,
41995658,50.8638225,5.7309801,4,51.0,,
41995677,50.8638227,5.6904292,3,47.0,,
41995704,50.8638029,5.732605,4,53.0,,
41995736,50.8638842,5.7102942,1,46.0,,
41995773,50.8638813,5.6495386,3,71.0,,
41995775,50.86388,5.66752,3,65.0,,
41995790,50.8639123,5.6911525,3,47.0,,
41995791,50.863901,5.7159131,3,48.0,,
41995798,50.8637561,5.6551768,3,70.0,,
41995833,50.8639152,5.6528149,3,69.0,,
41995844,50.8639104,5.6478328,3,72.0,,
41995845,50.86393,5.65917,3,62.0,,
41995846,50.8639076,5.7291068,4,47.0,,
41995856,50.863921,5.6702153,3,66.0,,
41995878,50.8639879,5.6630945,3,62.0,,
41995882,50.8639771,5.7372904,3,56.0,,
41995928,50.8640426,5.7129984,3,48.0,,
41995951,50.8640273,5.6566021,3,67.0,,
41995965,50.8640321,5.661852,3,61.0,,
41995995,50.8640283,5.7364068,3,56.0,,
41996008,50.8640476,5.7372596,3,56.0,,
41996057,50.8641238,5.6546708,3,70.0,,
41996101,50.8640853,5.659455,3,62.0,,
41996110,50.8640874,5.7309507,4,51.0,,
41996117,50.8641148,5.7327001,3,53.0,,
41996136,50.86416,5.65825,3,67.0,,
41996150,50.8641736,5.6596122,3,62.0,,
41996152,50.8642031,5.6660475,3,63.0,,
41996174,50.8641564,5.7350577,5,54.0,,
41996197,50.8642217,5.6920232,3,48.0,,
41996210,50.8641944,5.7069587,3,46.0,,
41996246,50.8642518,5.6635827,4,62.0,,
41996257,50.8642396,5.6486204,3,71.0,,
41996261,50.8642502,5.7090668,3,46.0,,
41996271,50.86425,5.68247,3,45.0,,
41996284,50.8642643,5.6535496,3,69.0,,
41996296,50.8643571,5.6867267,3,45.0,,
41996298,50.864275,5.7338084,3,54.0,,
41996306,50.8643035,5.6890195,5,49.0,,
41996314,50.8643,5.66853,3,65.0,,
41996360,50.86431,5.65225,3,69.0,,
41996363,50.8644064,5.709979,3,46.0,,
41996385,50.8643639,5.6841849,1,45.0,,
41996423,50.8643457,5.6490478,3,71.0,,
41996426,50.86436,5.65644,3,67.0,,
41996458,50.8644095,5.6869297,3,45.0,,
41996480,50.8644024,5.6490302,4,71.0,,
41996503,50.8644152,5.6600637,3,62.0,,
41996511,50.8644547,5.7042212,1,47.0,,
41996567,50.8644626,5.6614093,3,61.0,,
41996586,50.8645493,5.7072564,3,46.0,,
41996627,50.8645384,5.6640901,3,62.0,,
41996628,50.8645823,5.7176946,3,47.0,,
41996655,50.86454,5.66667,5,65.0,,
41996656,50.8645518,5.6919772,3,48.0,,
41996671,50.864562,5.6578158,4,67.0,,
41996687,50.86456,5.65424,3,70.0,,
41996693,50.8645881,5.6916624,3,49.0,,
41996711,50.86459,5.66904,3,63.0,,
41996768,50.8646525,5.6909486,3,49.0,,
41996789,50.86464,5.66425,3,61.0,,
41996799,50.8646527,5.6605163,3,63.0,,
41996818,50.8646705,5.6884965,3,46.0,,
41996833,50.8647006,5.7051367,3,48.0,,
41996837,50.8646497,5.736594,3,53.0,,
41996838,50.8646593,5.7371977,3,53.0,,
41996888,50.8647385,5.7327995,3,53.0,,
41996889,50.8647149,5.7352265,3,56.0,,
41996891,50.8646885,5.7355743,3,53.0,,
41996898,50.8647026,5.6516602,3,67.0,,
41996932,50.8647508,5.6885938,3,46.0,,
41996957,50.8648402,5.661016,3,63.0,,
41996961,50.8648213,5.719044,3,46.0,,
41996964,50.8647722,5.7378546,3,53.0,,
41996977,50.8647789,5.7378895,3,53.0,,
41996989,50.8647648,5.6583049,3,68.0,,
41997037,50.8647706,5.7344977,4,56.0,,
41997077,50.86482,5.65754,3,68.0,,
41997117,50.8648092,5.7315995,3,53.0,,
41997130,50.8648599,5.7308767,3,49.0,,
41997160,50.864901,5.7340238,3,56.0,,
41997173,50.86489,5.66096,3,63.0,,
41997191,50.8649332,5.7076872,3,46.0,,
41997193,50.8649509,5.7134905,1,44.0,,
41997215,50.8648897,5.6885768,3,46.0,,
41997217,50.8649519,5.7389903,3,53.0,,
41997257,50.8649218,5.7342684,4,56.0,,
41997299,50.86496,5.66345,3,61.0,,
41997304,50.8649644,5.7388463,3,53.0,,
41997311,50.8649697,5.6587906,3,67.0,,
41997344,50.8650373,5.7191936,3,46.0,,
41997345,50.8650171,5.7377125,3,53.0,,
41997443,50.865043,5.6805536,3,47.0,,
41997456,50.8650351,5.664822,3,62.0,,
41997460,50.8650616,5.7074399,3,46.0,,
41997466,50.8650578,5.7167768,3,47.0,,
41997508,50.86507,5.65571,3,69.0,,
41997656,50.8651766,5.6592752,3,67.0,,
41997684,50.8651432,5.6508496,3,67.0,,
41997686,50.8652296,5.7183151,4,47.0,,
41997694,50.8651851,5.6526087,3,68.0,,
41997753,50.8652136,5.6584957,3,67.0,,
41997771,50.8652402,5.7054926,3,48.0,,
41997774,50.8652064,5.7356088,4,53.0,,
41997823,50.8652931,5.7163531,4,46.0,,
41997840,50.8647548,5.7141601,1,44.0,,
41997901,50.8652629,5.7346416,3,56.0,,
41997921,50.8653425,5.7068742,3,46.0,,
41997978,50.8653241,5.6512661,3,67.0,,
41998011,50.865362,5.6722272,4,66.0,,
41998015,50.8653018,5.7316648,3,53.0,,
41998051,50.8654176,5.7047574,3,48.0,,
41998072,50.8653555,5.7309273,3,49.0,,
41998088,50.865393,5.6653196,3,62.0,,
41998117,50.8654019,5.7356733,3,53.0,,
41998172,50.8655292,5.7142445,3,44.0,,
41998191,50.8654519,5.6627993,3,61.0,,
41998193,50.8655267,5.7177214,3,47.0,,
41998197,50.8654724,5.6532894,3,68.0,,
41998270,50.8655285,5.6517542,3,67.0,,
41998271,50.8655826,5.7140829,3,44.0,,
41998292,50.8656064,5.7080032,5,46.0,,
41998295,50.8655921,5.7157958,3,46.0,,
41998334,50.8655146,5.7282965,3,50.0,,
41998355,50.86557,5.6569,3,68.0,,
41998357,50.8655079,5.7088752,3,47.0,,
41998389,50.8656245,5.7157322,3,46.0,,
41998411,50.8656206,5.7132078,1,44.0,,
41998527,50.8656626,5.7299039,3,49.0,,
41998554,50.8657333,5.7169097,3,47.0,,
41998570,50.8657005,5.7341675,3,56.0,,
41998615,50.8657308,5.6522493,3,68.0,,
41998636,50.865706,5.730976,3,49.0,,
41998638,50.8657303,5.734674,4,56.0,,
41998659,50.8657963,5.7077176,3,46.0,,
41998660,50.8657505,5.7352504,3,56.0,,
41998700,50.865782,5.7060057,3,48.0,,
41998709,50.8657591,5.736555,3,53.0,,
41998719,50.8658041,5.73592,3,53.0,,
41998790,50.8658354,5.6599811,4,67.0,,
41998793,50.8658175,5.6646738,3,62.0,,
41998795,50.8658495,5.7082507,5,46.0,,
41998811,50.8657814,5.7317324,3,53.0,,
41998844,50.8658279,5.730991,3,49.0,,
41998894,50.8659,5.66216,3,63.0,,
41999005,50.8658242,5.6614173,3,63.0,,
41999022,50.8659286,5.6527334,3,68.0,,
41999024,50.8659321,5.6577447,3,68.0,,
41999066,50.8660039,5.6603884,3,67.0,,
41999069,50.8660062,5.7079563,4,46.0,,
41999071,50.8660305,5.7149921,3,46.0,,
41999073,50.8660339,5.7163736,4,46.0,,
41999191,50.8660947,5.6610154,4,63.0,,
41999244,50.8660727,5.6505199,3,67.0,,
41999249,50.8661257,5.7147812,3,46.0,,
41999340,50.8661168,5.6546224,3,69.0,,
41999361,50.8661123,5.7506704,3,65.0,,
41999374,50.8661329,5.6532304,3,68.0,,
41999377,50.8661238,5.728019,3,50.0,,
41999450,50.8661772,5.7359094,3,53.0,,
41999521,50.8661967,5.735342,3,56.0,,
41999532,50.8662485,5.6595564,3,67.0,,
41999559,50.86626,5.66404,3,61.0,,
41999561,50.86626,5.67229,3,66.0,,
41999572,50.8662396,5.7310481,3,49.0,,
41999609,50.8662651,5.7318073,3,53.0,,
41999617,50.8662783,5.6509664,3,67.0,,
41999630,50.8662842,5.6714234,3,66.0,,
41999686,50.8663609,5.7157949,3,46.0,,
41999690,50.8663046,5.7310563,3,49.0,,
41999720,50.866364,5.7073167,4,46.0,,
41999736,50.8662691,5.6613125,3,63.0,,
41999750,50.8664188,5.7098415,3,47.0,,
41999767,50.8663073,5.653642,3,68.0,,
41999784,50.8664279,5.6880412,3,46.0,,
41999786,50.8663674,5.736371,1,53.0,,
41999854,50.866506,5.7089476,3,47.0,,
41999882,50.8664796,5.6514533,3,67.0,,
41999884,50.8664846,5.6542147,3,69.0,,
41999886,50.8664951,5.6555071,3,69.0,,
41999961,50.8665235,5.7049893,4,48.0,,
42000018,50.8665869,5.71914,3,46.0,,
42000060,50.866652,5.7357022,3,53.0,,
42000137,50.866631,5.6558279,3,69.0,,
42000140,50.866661,5.7152507,4,46.0,,
42000175,50.8666431,5.7274273,3,50.0,,
42000186,50.866705,5.7091694,3,47.0,,
42000203,50.866685,5.6519434,3,62.0,,
42000205,50.8666915,5.6590937,3,68.0,,
42000208,50.8666993,5.7066874,4,47.0,,
42000224,50.8667,5.6634,3,63.0,,
42000341,50.8667122,5.7344583,4,53.0,,
42000346,50.8667518,5.7524106,3,75.0,,
42000358,50.8667036,5.7318884,3,50.0,,
42000380,50.8667461,5.7311109,4,49.0,,
42000452,50.8668023,5.7329414,3,50.0,,
42000589,50.8669008,5.6862874,4,43.0,,
42000592,50.8669105,5.7093872,3,47.0,,
42000597,50.8668885,5.6524388,3,64.0,,
42000675,50.8669377,5.7079803,3,47.0,,
42000682,50.8669036,5.734513,4,53.0,,
42000714,50.8669658,5.7110221,3,47.0,,
42000751,50.8669996,5.7057753,3,47.0,,
42000772,50.8669716,5.6566574,3,68.0,,
42000822,50.8669844,5.7329638,3,50.0,,
42000876,50.8670638,5.6528547,3,64.0,,
42000966,50.8671442,5.7059764,3,47.0,,
42000967,50.8671636,5.7106397,4,47.0,,
42000988,50.8671594,5.6586086,3,68.0,,
42000989,50.86716,5.66275,3,63.0,,
42001024,50.8672241,5.707337,3,47.0,,
42001041,50.8671732,5.7282933,3,48.0,,
42001089,50.86721,5.66026,4,68.0,,
42001124,50.8672621,5.7195006,3,48.0,,
42001126,50.8672156,5.7329845,3,50.0,,
42001131,50.8672972,5.6534153,3,64.0,,
42001188,50.8672456,5.7319343,4,50.0,,
42001256,50.867342,5.7084327,3,47.0,,
42001257,50.8673424,5.7181429,4,44.0,,
42001258,50.8672779,5.7311904,4,49.0,,
42001438,50.8674339,5.7063668,3,47.0,,
42001473,50.8674815,5.709991,4,47.0,,
42001540,50.8674662,5.6735678,1,60.0,,
42001559,50.8674953,5.6727752,3,63.0,,
42001634,50.8675327,5.7044825,4,47.0,,
42001651,50.8675404,5.7160893,3,45.0,,
42001661,50.8675919,5.7187113,3,44.0,,
42001678,50.8676163,5.7078028,4,47.0,,
42001682,50.8675398,5.7346676,3,53.0,,
42001733,50.8676245,5.6581266,3,68.0,,
42001736,50.8676572,5.7096946,3,47.0,,
42001759,50.86766,5.6598,3,68.0,,
42001760,50.86766,5.66195,3,65.0,,
42001774,50.8676687,5.6543021,3,69.0,,
42001794,50.8677095,5.6618551,3,65.0,,
42001900,50.8677197,5.7293991,3,49.0,,
42001936,50.8678281,5.7175948,3,44.0,,
42002011,50.86781,5.71924,3,48.0,,
42002019,50.8677975,5.732025,3,50.0,,
42002034,50.8678371,5.7312509,3,50.0,,
42002153,50.8679519,5.7070957,3,47.0,,
42002165,50.8679607,5.7091644,3,47.0,,
42002187,50.86798,5.6613,3,65.0,,
42002259,50.86802,5.66122,3,65.0,,
42002287,50.8680804,5.7181461,3,44.0,,
42002473,50.8681168,5.6593339,3,68.0,,
42002522,50.8681503,5.6554636,4,69.0,,
42002678,50.8682481,5.6869014,3,43.0,,
42002679,50.868268,5.7085878,3,47.0,,
42002687,50.86825,5.66266,3,63.0,,
42002745,50.8683,5.66062,4,65.0,,
42002759,50.8682793,5.7331292,3,50.0,,
42002886,50.8683319,5.7323418,3,50.0,,
42002890,50.8683212,5.7368503,3,54.0,,
42002899,50.8683488,5.7320963,3,50.0,,
42002928,50.8684235,5.7087871,3,47.0,,
42003014,50.8683962,5.7313003,3,50.0,,
42003088,50.8684625,5.7348424,3,53.0,,
42003217,50.86856,5.66201,3,65.0,,
42003382,50.86863,5.65997,3,68.0,,
42003407,50.8685779,5.7310586,3,49.0,,
42003419,50.8687518,5.705163,3,47.0,,
42003458,50.8687125,5.70787,3,47.0,,
42003599,50.8687629,5.6569464,3,63.0,,
42003614,50.8687285,5.7331549,3,50.0,,
42003727,50.8688354,5.7325865,1,50.0,,
42003741,50.8689817,5.7043339,3,47.0,,
42003769,50.8688438,5.7324014,3,50.0,,
42003783,50.8688606,5.7074398,3,46.0,,
42003801,50.8688661,5.7094519,3,45.0,,
42003803,50.86885,5.73221,1,50.0,,
42003851,50.8688967,5.6613256,3,64.0,,
42003979,50.8689851,5.7062573,3,46.0,,
42004275,50.8692542,5.6733117,1,62.0,,
42004308,50.8692302,5.7003818,3,43.0,,
42004405,50.8692322,5.6606432,3,64.0,,
42004465,50.8692641,5.7005714,3,43.0,,
42004475,50.86925,5.7065,1,46.0,,
42004678,50.8693759,5.7003189,3,43.0,,
42004783,50.8694109,5.7004962,3,43.0,,
42004794,50.8693966,5.6982021,3,42.0,,
42005008,50.8694922,5.7331384,3,50.0,,
42005107,50.8696103,5.6985427,3,42.0,,
42005218,50.8696974,5.6686541,3,60.0,,
42005371,50.8698604,5.697854,3,42.0,,
42005398,50.8698391,5.6991542,3,42.0,,
42005643,50.8695938,5.7281041,3,48.0,,
42006022,50.8702614,5.6853011,4,45.0,,
42006135,50.8702163,5.6700963,1,57.0,,
42006647,50.8706539,5.686483,1,43.0,,
42006716,50.8706981,5.7131726,3,48.0,,
42007075,50.8709186,5.7064918,3,45.0,,
42007745,50.8714031,5.6807845,3,50.0,,
42007774,50.8714846,5.7224817,3,49.0,,
42007891,50.8715176,5.740072,3,59.0,,
42008118,50.8715749,5.6812102,3,50.0,,
42008613,50.8718578,5.721753,1,49.0,,
42008620,50.8718779,5.7154484,3,48.0,,
42009257,50.8723281,5.7365121,1,53.0,,
42009554,50.87248,5.70183,3,46.0,,
42009721,50.8725744,5.7075621,3,45.0,,
42010046,50.8727066,5.7000221,3,46.0,,
42010346,50.8729069,5.6919887,3,43.0,,
42010386,50.8729309,5.7132488,3,47.0,,
42010651,50.8730792,5.7394577,3,57.0,,
42011418,50.8735222,5.7085314,3,47.0,,
42011456,50.8735872,5.7174622,3,46.0,,
42013094,50.8745049,5.7095855,3,47.0,,
42013250,50.8746376,5.6886747,3,41.0,,
42013496,50.8747645,5.6884706,3,41.0,,
42013556,50.874833,5.7088404,3,47.0,,
42013873,50.8750326,5.730103,4,55.0,,
42014204,50.8752165,5.7032549,3,46.0,,
42014257,50.8752459,5.6878006,3,46.0,,
42014859,50.8756512,5.6901938,4,44.0,,
42015127,50.875737,5.7227884,1,47.0,,
42015177,50.8757851,5.68725,3,41.0,,
42015682,50.8761024,5.6896226,3,44.0,,
42015685,50.8761322,5.7222083,3,47.0,,
42015887,50.8762458,5.6912658,3,44.0,,
42016203,50.8763813,5.7160726,4,46.0,,
42016728,50.87661,5.70434,3,43.0,,
42016752,50.876612,5.6907589,3,44.0,,
42016766,50.876595,5.6889949,4,46.0,,
42016843,50.87668,5.72046,3,48.0,,
42016990,50.8766168,5.6729123,3,55.0,,
42017188,50.8768219,5.7241269,1,46.0,,
42017270,50.8768782,5.6861709,3,41.0,,
42017285,50.8769943,5.6792648,3,43.0,,
42017699,50.8770928,5.7234166,3,49.0,,
42017755,50.87711,5.6918,3,45.0,,
42018001,50.8772201,5.6898351,3,44.0,,
42018216,50.87735,5.69256,3,45.0,,
42018352,50.87743,5.71979,1,47.0,,
42018368,50.8774161,5.6877393,3,44.0,,
42018602,50.8775438,5.688024,4,44.0,,
42018755,50.8777183,5.6729788,3,53.0,,
42019189,50.87787,5.69419,3,44.0,,
42019235,50.8779,5.69096,3,44.0,,
42019353,50.8779246,5.6850701,3,43.0,,
42019490,50.87802,5.68898,3,44.0,,
42019798,50.87816,5.6892,3,44.0,,
42019950,50.87828,5.69262,3,45.0,,
42019986,50.8783,5.69048,3,44.0,,
42020061,50.87833,5.68855,3,44.0,,
42020069,50.8783486,5.7201539,3,47.0,,
42020359,50.87851,5.68468,3,43.0,,
42020364,50.87851,5.71775,3,45.0,,
42020427,50.8785745,5.6863765,4,47.0,,
42020529,50.87863,5.69197,3,45.0,,
42020706,50.8785593,5.6719391,3,53.0,,
42020755,50.8787519,5.6899196,3,44.0,,
42021243,50.8790225,5.6721274,3,53.0,,
42021269,50.8790378,5.6857362,3,47.0,,
42021299,50.8791007,5.6874214,6,47.0,,
42021549,50.87925,5.68774,4,44.0,,
42021562,50.87926,5.70641,3,47.0,,
42021770,50.8794035,5.6907765,3,45.0,,
42022110,50.8795807,5.6836472,3,43.0,,
42022345,50.87976,5.6869572,3,45.0,,
42022440,50.8797838,5.6731193,3,51.0,,
42022557,50.8799772,5.7189149,3,51.0,,
42022663,50.88005,5.68604,4,45.0,,
42022683,50.88007,5.68468,3,43.0,,
42022793,50.8804747,5.6731574,3,51.0,,
42022823,50.8802,5.68957,3,44.0,,
42022904,50.8802405,5.6862411,4,45.0,,
42023189,50.88048,5.68544,3,45.0,,
42023633,50.88074,5.68874,3,44.0,,
42023648,50.88075,5.6870323,3,45.0,,
42024359,50.8812343,5.684776,3,43.0,,
42024441,50.88129,5.68789,3,43.0,,
42024577,50.8814085,5.6831833,3,42.0,,
42024963,50.88169,5.68381,3,44.0,,
42024966,50.8817047,5.6855681,3,44.0,,
42024970,50.8817179,5.6872334,3,44.0,,
42024973,50.8816722,5.7300196,3,55.0,,
42025135,50.88177,5.68398,3,44.0,,
42025445,50.8819574,5.7301591,3,55.0,,
42025860,50.8822171,5.6864311,3,44.0,,
42026047,50.8822873,5.7259758,3,47.0,,
42026514,50.8825264,5.724908,3,45.0,,
42026891,50.8828904,5.7212548,3,45.0,,
42027020,50.8829003,5.6947034,3,42.0,,
42027617,50.8832339,5.6967847,4,43.0,,
42028876,50.8841527,5.6952618,3,43.0,,
42028903,50.8841422,5.7231249,4,45.0,,
42029282,50.8845746,5.7194877,3,47.0,,
42029662,50.884522,5.6907387,3,45.0,,
42033051,50.8876625,5.7133088,1,46.0,,
42035703,50.8896875,5.7158515,3,46.0,,
42036001,50.8899748,5.7156428,3,46.0,,
42036384,50.8901447,5.7168686,3,47.0,,
42037899,50.89111,5.71377,1,44.0,,
42039244,50.8919821,5.7126053,4,45.0,,
42039582,50.8921575,5.7121881,3,47.0,,
42040597,50.8930753,5.7075949,1,43.0,,
42041072,50.8933038,5.7138922,3,45.0,,
42041438,50.8937396,5.7081684,3,43.0,,
42041488,50.8937883,5.7080494,3,44.0,,
42041973,50.8944025,5.7088049,3,43.0,,
42042282,50.8947222,5.7061881,3,45.0,,
42042526,50.8949587,5.7061264,3,45.0,,
42042620,50.8950708,5.7091816,3,43.0,,
42042703,50.8951008,5.7061116,3,45.0,,
42042908,50.8953416,5.7082014,3,44.0,,
42043124,50.8952711,5.7153628,3,44.0,,
42043336,50.8957408,5.7061,3,45.0,,
42043362,50.895779,5.703372,3,42.0,,
42043389,50.8957903,5.7085626,3,43.0,,
42043411,50.8957773,5.7094115,3,43.0,,
42043925,50.8963193,5.7038059,3,44.0,,
42044209,50.8965649,5.7077627,3,45.0,,
42044236,50.8966363,5.7085682,4,44.0,,
42044283,50.8966719,5.7061309,3,45.0,,
42044286,50.8966641,5.7093768,3,44.0,,
42044395,50.8968139,5.7177369,3,43.0,,
42044785,50.8970772,5.7043799,3,45.0,,
42045059,50.897341,5.7002077,3,43.0,,
42045161,50.8973909,5.6983437,4,44.0,,
42045493,50.8976876,5.6994543,3,44.0,,
42045504,50.8976963,5.6977549,3,44.0,,
42045600,50.8978094,5.7026953,4,44.0,,
42045775,50.8980172,5.7012506,4,43.0,,
42045995,50.8982562,5.7018452,3,43.0,,
42046021,50.8982833,5.7005993,3,43.0,,
42046069,50.8982858,5.7017814,3,43.0,,
42046109,50.8985352,5.698393,3,43.0,,
42046203,50.8984209,5.7000588,3,43.0,,
42046570,50.8987127,5.7009392,3,43.0,,
42046856,50.8989212,5.6990549,3,43.0,,
42046975,50.8990185,5.7024489,3,43.0,,
42047092,50.8991397,5.6994178,3,43.0,,
42047862,50.8998792,5.6986013,3,43.0,,
42049118,50.9010484,5.6989456,3,43.0,,
60160988,50.8423727,5.7505324,4,75.0,,
60166177,50.8605851,5.7045547,1,48.0,,
60166474,50.8654191,5.7201215,1,46.0,,
60166485,50.8668215,5.7212726,3,51.0,,
60166497,50.8594158,5.7201634,1,47.0,,
60166504,50.8600394,5.7202569,3,47.0,,
60166806,50.8548721,5.7242018,3,50.0,,
60275253,50.8561537,5.7176596,3,48.0,,
60275254,50.8563058,5.7177933,3,48.0,,
60276390,50.8367542,5.7213093,3,48.0,,
60276593,50.8385938,5.722556,3,47.0,,
60276594,50.8380612,5.7221016,3,47.0,,
60686353,50.8533431,5.7027784,3,47.0,,
60949579,50.8282224,5.7304976,1,63.0,,
60966788,50.8173436,5.7280502,1,56.0,,
60966792,50.8170168,5.7273573,1,56.0,,
183948035,50.8442281,5.6903758,3,50.0,,
183948037,50.8418257,5.7029985,4,49.0,,
183957959,50.8457559,5.70212,3,52.0,,
202943543,50.8610816,5.6589998,1,64.0,,
202943547,50.8610693,5.6591203,1,64.0,,
203986368,50.83198,5.7431226,3,73.0,,
203986376,50.8319473,5.7446096,3,83.0,,
240519382,50.841747,5.6890928,3,50.0,,
240519385,50.8417073,5.6876424,3,50.0,,
240523264,50.8442379,5.6818954,3,60.0,,
240560158,50.8267713,5.6608727,4,106.0,,
240645225,50.8474387,5.6928117,3,55.0,,
247061884,50.8190243,5.7139091,3,47.0,,
247061887,50.8191119,5.7097932,3,48.0,,
247061888,50.8195452,5.7139302,3,47.0,,
249431807,50.8140467,5.7101501,4,47.0,,
250150506,50.8590805,5.7258116,3,48.0,,
250151197,50.8594003,5.7312261,3,51.0,,
250154505,50.8591132,5.7301338,3,51.0,,
258541842,50.8169815,5.694663,4,49.0,,
258541852,50.8188593,5.6937604,1,56.0,,
258542065,50.8190397,5.6927022,1,51.0,,
258542322,50.8187351,5.695438,4,49.0,,
258547062,50.8203148,5.7367422,3,62.0,,
258547063,50.8199828,5.736656,1,62.0,,
258548137,50.8301445,5.7315623,1,63.0,,
258809944,50.860503,5.7172544,4,49.0,,
258811496,50.8600736,5.7195594,3,47.0,,
258811582,50.8605133,5.7196229,4,47.0,,
258892104,50.8715025,5.657557,3,59.0,,
258892187,50.8759327,5.6718769,1,55.0,,
258892190,50.8778094,5.6707917,4,53.0,,
258892199,50.87471,5.6637838,4,57.0,,
258892209,50.8714667,5.6575981,3,59.0,,
258892303,50.8723134,5.6659791,3,62.0,,
258892304,50.8721077,5.6662211,3,62.0,,
258892323,50.86888,5.6613683,3,64.0,,
258892820,50.8668558,5.6523557,3,64.0,,
258892832,50.868334,5.6494737,4,61.0,,
259067755,50.8506149,5.650844,3,77.0,,
259067756,50.8509928,5.6485003,3,79.0,,
259067764,50.8536989,5.6404476,3,71.0,,
259068452,50.847702,5.6412799,4,90.0,,
259068671,50.8504658,5.6503997,3,77.0,,
259069385,50.8271135,5.6510157,3,74.0,,
259069621,50.8266925,5.6623286,3,106.0,,
259069796,50.8285067,5.6691016,3,56.0,,
259069797,50.8283876,5.6698131,4,56.0,,
259069804,50.8286321,5.671955,3,55.0,,
259070057,50.8268876,5.6633595,3,104.0,,
259070259,50.8208501,5.6790132,3,104.0,,
259070268,50.8180837,5.681952,3,94.0,,
259070271,50.8179246,5.6832316,3,94.0,,
259070786,50.8127487,5.6818821,4,107.0,,
259070788,50.8129001,5.6811385,3,99.0,,
259070791,50.8137375,5.6803442,3,99.0,,
259070803,50.8168148,5.6883831,3,48.0,,
259070815,50.8169627,5.6870686,3,49.0,,
259070817,50.8164015,5.6866195,4,77.0,,
259070935,50.8172713,5.6871637,3,49.0,,
260151328,50.8424122,5.7389345,3,58.0,,
260151637,50.8429487,5.7331585,4,58.0,,
260151658,50.8432022,5.7330175,1,58.0,,
260151712,50.843123,5.7330869,3,58.0,,
260985509,50.8243164,5.6936067,3,88.0,,
260986261,50.8308697,5.6851733,3,87.0,,
260986299,50.830764,5.6834696,3,87.0,,
260988335,50.8286372,5.6807784,4,101.0,,
261741460,50.8446669,5.6959151,3,47.0,,
261741465,50.8437607,5.6961563,3,47.0,,
261741467,50.8433824,5.6959999,3,53.0,,
261742457,50.8458683,5.6952272,1,51.0,,
261742464,50.8451876,5.6938233,3,50.0,,
261742465,50.8450587,5.6934872,3,49.0,,
261742480,50.8428908,5.6953635,3,51.0,,
261742491,50.842429,5.6953484,3,51.0,,
261744790,50.843536,5.6972436,4,53.0,,
261744791,50.8433554,5.6975565,3,53.0,,
261744793,50.8432903,5.6979779,3,44.0,,
261745900,50.8367991,5.6846506,3,78.0,,
261745904,50.8364059,5.6834915,3,78.0,,
261748294,50.8263849,5.6778645,3,93.0,,
261748324,50.8168521,5.6816925,3,94.0,,
261748327,50.8164206,5.6809747,3,93.0,,
261748335,50.8158959,5.6815563,3,68.0,,
261748346,50.8176928,5.6850723,4,69.0,,
261748363,50.8170732,5.6846888,3,69.0,,
263875559,50.8391639,5.7325139,3,59.0,,
265563117,50.8490485,5.7439286,4,59.0,,
268310963,50.849786,5.7374174,3,56.0,,
268310965,50.8497943,5.7370536,1,56.0,,
269965592,50.8362537,5.7209428,3,48.0,,
269965836,50.8360783,5.7215871,4,48.0,,
269965940,50.8361183,5.7214336,3,48.0,,
269966370,50.8359101,5.7210246,1,48.0,,
269966394,50.8358614,5.7215736,1,48.0,,
272504762,50.8336709,5.7334084,1,63.0,,
272504764,50.8333909,5.7332791,1,65.0,,
272505073,50.8338954,5.7310669,3,66.0,,
272506682,50.8226138,5.7035162,3,45.0,,
272507874,50.8387534,5.7029481,1,49.0,,
283410864,50.8498356,5.7212609,3,52.0,,
285897348,50.8505507,5.7210178,4,46.0,,
293137432,50.8527766,5.6939167,3,47.0,,
293865668,50.8486869,5.7025791,3,53.0,,
293873997,50.8421453,5.7023659,3,49.0,,
293877704,50.852644,5.6809183,1,61.0,,
293877958,50.8548982,5.6823888,1,51.0,,
293905548,50.8418739,5.6899198,3,51.0,,
293905614,50.8420932,5.6891967,3,50.0,,
293905638,50.8418575,5.689532,3,50.0,,
293906135,50.8432984,5.6827653,3,54.0,,
293906376,50.8437183,5.6822071,3,54.0,,
293907971,50.8488391,5.6723262,1,74.0,,
293909881,50.8488508,5.6695402,3,74.0,,
293909883,50.8487055,5.6695826,3,74.0,,
293910581,50.8511295,5.6685967,3,73.0,,
293912708,50.8397979,5.6650748,1,83.0,,
293913261,50.8400635,5.6658731,1,83.0,,
293922990,50.8508274,5.6686883,3,73.0,,
293923113,50.8542941,5.6647572,1,69.0,,
293924814,50.8599261,5.7003682,4,48.0,,
293924950,50.8596393,5.7005746,4,48.0,,
293931797,50.8459978,5.6891798,3,56.0,,
293936308,50.8340695,5.6565789,3,71.0,,
293952399,50.8479625,5.7083604,3,52.0,,
293952429,50.8477512,5.7069207,3,49.0,,
293952786,50.847529,5.7069383,3,49.0,,
294033241,50.8479875,5.6938321,3,50.0,,
294033269,50.8486623,5.69372,3,59.0,,
294034701,50.8504109,5.6643185,3,73.0,,
294099954,50.8486715,5.7022379,3,53.0,,
294099955,50.8478489,5.702628,1,51.0,,
294711884,50.8530049,5.6849972,3,52.0,,
294712393,50.8523933,5.6837391,3,52.0,,
294714514,50.8527581,5.6865978,3,50.0,,
294732440,50.8441042,5.7207082,3,52.0,,
294769554,50.8378513,5.7040665,3,49.0,,
294779482,50.8438354,5.6633178,1,84.0,,
294793577,50.8468907,5.6993817,3,52.0,,
294793579,50.846802,5.7011943,3,52.0,,
294823090,50.8431024,5.7065781,3,50.0,,
294839653,50.8406356,5.7018506,3,48.0,,
294839656,50.8406943,5.7026986,4,50.0,,
294839657,50.8407111,5.7029364,3,50.0,,
294848010,50.8537415,5.6937019,1,54.0,,
294854953,50.8509548,5.7006957,3,50.0,,
294889275,50.8344918,5.6753989,3,52.0,,
294890560,50.8349916,5.6730343,3,54.0,,
294900556,50.8492541,5.6768106,3,70.0,,
295002629,50.8473761,5.7058886,3,52.0,,
295005296,50.848102,5.6872538,3,60.0,,
295005297,50.8484456,5.687091,3,60.0,,
295005478,50.8481927,5.6872129,3,60.0,,
295017078,50.8470173,5.6793969,1,63.0,,
295017938,50.8515823,5.6732428,3,72.0,,
295028455,50.8553574,5.6907302,3,50.0,,
295028456,50.8560672,5.6907023,3,50.0,,
295029023,50.8550789,5.6900145,3,50.0,,
295029028,50.8546957,5.6936956,4,49.0,,
295029196,50.8552908,5.6921942,3,49.0,,
295030592,50.8517246,5.6937037,4,54.0,,
295030710,50.8516801,5.6926599,3,54.0,,
295031198,50.8511339,5.6922003,3,54.0,,
295031249,50.8516695,5.6923791,3,54.0,,
295034684,50.8418239,5.6878943,3,50.0,,
295064623,50.8511627,5.6690534,3,72.0,,
295064680,50.850985,5.6689977,3,72.0,,
295064735,50.8507162,5.6696814,1,72.0,,
295065644,50.8496213,5.6819133,3,62.0,,
295065948,50.8476201,5.6814167,3,63.0,,
295067218,50.8540067,5.6933437,3,54.0,,
295138925,50.8582389,5.6893062,1,51.0,,
295154799,50.8489115,5.6944494,3,50.0,,
295159743,50.8479861,5.695159,1,50.0,,
295160110,50.8479789,5.6950247,3,50.0,,
295207842,50.8624733,5.711819,3,48.0,,
295207843,50.8616065,5.7111552,4,48.0,,
295207865,50.8632495,5.712287,3,46.0,,
295208233,50.8585523,5.7088004,3,48.0,,
295208244,50.8585852,5.7086995,3,48.0,,
295208365,50.859472,5.7094582,4,48.0,,
295208410,50.8595771,5.7095494,4,48.0,,
295265628,50.8606157,5.6718099,3,70.0,,
295265829,50.8604049,5.6718895,4,71.0,,
295265919,50.8609455,5.6719348,4,70.0,,
295272879,50.8409161,5.7333194,3,60.0,,
295273111,50.8408481,5.7334415,3,61.0,,
295274656,50.8429384,5.7256405,3,50.0,,
295308483,50.8370657,5.7106814,4,48.0,,
295309026,50.8372248,5.7106865,3,48.0,,
295350062,50.847371,5.7029655,4,51.0,,
295350552,50.8472872,5.7031743,4,51.0,,
295391511,50.8526105,5.6715078,3,69.0,,
295391570,50.8536189,5.6715662,3,69.0,,
295392699,50.8556783,5.6716893,1,66.0,,
295558023,50.8552792,5.6541546,3,70.0,,
295558253,50.855364,5.6537741,3,70.0,,
295561918,50.8443891,5.7036441,3,52.0,,
295562017,50.8445642,5.704287,3,49.0,,
295562417,50.8450892,5.7041542,3,52.0,,
295562500,50.8449964,5.705035,3,49.0,,
295562502,50.8451683,5.7049477,3,49.0,,
295563125,50.8446272,5.7050141,3,49.0,,
295563126,50.8443423,5.7050637,3,49.0,,
295642918,50.8429145,5.7335742,4,58.0,,
295644137,50.8430046,5.7319284,4,58.0,,
295688455,50.8520734,5.6939393,4,47.0,,
295858115,50.8343723,5.6547198,3,76.0,,
295858127,50.8343385,5.6543386,3,76.0,,
295929074,50.8420271,5.7010272,3,49.0,,
296327562,50.8367831,5.7117607,1,48.0,,
296327563,50.8368224,5.7096594,1,49.0,,
296327711,50.8357743,5.7091144,3,49.0,,
296327807,50.836142,5.70889,4,49.0,,
296327808,50.8364437,5.7087181,3,49.0,,
296328015,50.8362125,5.7049568,4,49.0,,
296328432,50.8366993,5.7068129,3,49.0,,
296328491,50.8367279,5.7077556,3,49.0,,
296328493,50.8366199,5.7081226,3,49.0,,
296328637,50.8370714,5.709704,1,49.0,,
296328638,50.8370497,5.7116008,1,48.0,,
296329330,50.834992,5.7127312,1,53.0,,
296379863,50.8620424,5.6881822,3,51.0,,
296379975,50.8625768,5.6878487,3,49.0,,
296436702,50.8425098,5.6753296,4,65.0,,
296453413,50.8527236,5.6913097,3,53.0,,
296453486,50.8529853,5.6917777,3,54.0,,
296453487,50.8529984,5.6921769,3,54.0,,
296458473,50.8500787,5.689055,3,57.0,,
297163809,50.8446652,5.695796,3,50.0,,
297163833,50.843977,5.6959831,3,47.0,,
297163872,50.8440259,5.6957465,3,50.0,,
297449648,50.8478853,5.6995037,3,52.0,,
297449746,50.8477335,5.7009171,3,52.0,,
297449750,50.8477512,5.7019929,3,52.0,,
297450246,50.8472913,5.7009547,3,52.0,,
297469047,50.8370575,5.6512524,1,74.0,,
297509134,50.8506707,5.7014661,3,50.0,,
297523684,50.8436859,5.6842546,3,52.0,,
297523688,50.8435109,5.684267,3,52.0,,
297523692,50.8435521,5.6845091,3,52.0,,
297524095,50.8438519,5.6863626,3,54.0,,
297587819,50.8539871,5.6939598,1,47.0,,
297677012,50.8332883,5.6548475,3,76.0,,
297736924,50.8498016,5.6973983,3,45.0,,
297737244,50.8498003,5.6984452,3,53.0,,
297740060,50.8397636,5.6779091,3,56.0,,
297935160,50.8266919,5.7133463,1,49.0,,
297937719,50.8312414,5.7122624,1,47.0,,
297941312,50.8362748,5.7128532,4,52.0,,
297941331,50.8347147,5.7130459,3,53.0,,
297942103,50.8357402,5.7128392,3,52.0,,
297942104,50.8366167,5.7128596,3,52.0,,
298356161,50.8607372,5.6479421,3,67.0,,
298356174,50.8597586,5.6489816,3,63.0,,
298356270,50.861885,5.6492422,3,67.0,,
298356275,50.8613359,5.6497424,3,67.0,,
298356548,50.8600195,5.6496042,4,63.0,,
298356549,50.8602808,5.6502279,4,62.0,,
298356550,50.8605446,5.6508577,4,65.0,,
298356551,50.8608078,5.6514845,4,65.0,,
298356552,50.8610704,5.652112,3,63.0,,
298356581,50.8609597,5.6486162,3,67.0,,
298356584,50.8611896,5.6492896,3,67.0,,
298356677,50.8613832,5.6499891,3,67.0,,
298356865,50.8615267,5.6507355,3,65.0,,
298356923,50.8616724,5.6514892,3,65.0,,
298632367,50.8165546,5.6677089,3,60.0,,
298651495,50.8445363,5.654641,3,83.0,,
298842092,50.8264233,5.7079849,4,49.0,,
300948649,50.8411483,5.7191315,3,48.0,,
300948655,50.8396554,5.7190913,3,48.0,,
300949939,50.8432947,5.7190453,3,48.0,,
300954635,50.8407569,5.7333248,3,60.0,,
302257775,50.8363909,5.721769,3,48.0,,
302257817,50.8365957,5.7218897,3,48.0,,
302257819,50.8364299,5.7216247,3,48.0,,
303941652,50.8211478,5.7001125,1,47.0,,
303941756,50.8206483,5.7001047,1,46.0,,
303941783,50.8211266,5.7010152,3,47.0,,
303941795,50.8208777,5.7010133,1,47.0,,
303941841,50.8211275,5.7007093,3,47.0,,
303941916,50.8208072,5.7007043,1,46.0,,
303941925,50.8211462,5.6998327,1,47.0,,
303941981,50.8205468,5.6997973,1,46.0,,
303942024,50.8211282,5.6992981,1,47.0,,
303942062,50.8211394,5.6995639,1,47.0,,
303942119,50.8204102,5.6994842,1,46.0,,
303946398,50.8137446,5.7073954,3,49.0,,
303946649,50.8113218,5.7071867,3,46.0,,
303946650,50.8114219,5.7074017,3,46.0,,
303946653,50.8114336,5.7091413,3,47.0,,
304811911,50.8402901,5.7275218,3,57.0,,
304829139,50.8528693,5.71472,3,47.0,,
305172649,50.8362148,5.7024368,1,47.0,,
305349050,50.8463495,5.6957458,4,51.0,crossing,
305350834,50.8438841,5.6783578,3,64.0,,
307110497,50.8421815,5.7027705,3,49.0,,
307110501,50.8420999,5.7018457,3,49.0,,
307110759,50.8419951,5.7018657,1,49.0,,
307389737,50.8604845,5.6769477,3,66.0,,
307389739,50.860387,5.6768905,3,61.0,,
307389741,50.860099,5.6772896,4,60.0,,
308855014,50.8483856,5.669232,3,74.0,,
308918653,50.8348619,5.6868174,4,90.0,,
308918655,50.8352195,5.6857755,3,90.0,,
308918660,50.8358818,5.6852428,3,78.0,,
322072427,50.8664297,5.7105033,4,46.0,,
322079800,50.8581144,5.7149748,3,49.0,,
322079845,50.8571083,5.7157763,3,49.0,,
322079855,50.8568353,5.7152003,3,49.0,,
322079933,50.8570156,5.7155796,3,49.0,,
322079993,50.8569257,5.715389,3,49.0,,
322080050,50.8571963,5.7159648,3,49.0,,
322080113,50.8581635,5.7151915,3,49.0,,
322080149,50.8561256,5.7168359,3,48.0,,
322080150,50.8560574,5.716615,3,47.0,,
322080152,50.85667,5.7161294,3,49.0,,
322080163,50.8566216,5.7159044,3,49.0,,
322080311,50.8565721,5.7156698,3,49.0,,
322080859,50.8560684,5.7148652,3,47.0,,
322080971,50.8560803,5.7151225,3,47.0,,
322082038,50.8539878,5.7246651,3,49.0,,
322082078,50.8532121,5.724788,4,49.0,,
322082079,50.8531197,5.7243082,3,49.0,,
322082082,50.8531652,5.7245445,4,49.0,,
322082136,50.8537967,5.7246978,3,49.0,,
322082605,50.8534612,5.7225984,1,48.0,,
325807270,50.8369453,5.7047464,3,49.0,,
325807323,50.83669,5.703663,3,47.0,,
325807332,50.8369269,5.7037202,3,47.0,,
325807500,50.8351306,5.7079493,3,48.0,,
325807548,50.8352878,5.7048905,3,48.0,,
325807569,50.8353861,5.7032494,1,50.0,,
325807643,50.8336081,5.7079421,3,48.0,,
325807683,50.8368915,5.712594,3,52.0,,
325827007,50.8373774,5.7048877,1,49.0,,
344960848,50.8158305,5.7092666,4,48.0,,
346654097,50.8641417,5.6559021,4,70.0,crossing,
347476697,50.8526166,5.6560614,4,75.0,,
351539537,50.8603516,5.731963,3,52.0,,
352968004,50.8490526,5.6736568,3,72.0,,
352978883,50.8408384,5.7331906,3,60.0,,
352979314,50.8427804,5.7350104,3,58.0,,
353016052,50.8589868,5.7111346,1,47.0,,
353023093,50.8309009,5.7227466,3,62.0,,
353023100,50.8308619,5.7215817,3,62.0,,
353076704,50.8578749,5.715633,3,49.0,,
353915972,50.8644857,5.6884466,3,49.0,,
353918813,50.8626714,5.6927815,3,48.0,,
354447645,50.8343908,5.6547489,3,76.0,,
354448090,50.8345519,5.6542154,3,76.0,,
354493543,50.8675013,5.6723626,4,63.0,,
355190667,50.8431102,5.676096,3,65.0,,
355211372,50.8480588,5.7188671,1,51.0,,
355906775,50.8511259,5.7006668,4,50.0,crossing,
355919777,50.863702,5.6873671,3,45.0,,
355946962,50.8788906,5.7251562,1,52.0,,
355946963,50.8785181,5.7258262,1,52.0,,
356221922,50.8411583,5.6507031,4,79.0,crossing,
356631143,50.845537,5.6583934,3,83.0,,
357283741,50.8311838,5.6514054,1,77.0,,
357283742,50.8314955,5.6516543,3,81.0,,
357283744,50.8311119,5.6516017,1,77.0,,
357285054,50.8316013,5.6513026,3,81.0,,
358014967,50.8113809,5.7113302,3,48.0,,
359967836,50.8467589,5.7016558,3,52.0,,
360180221,50.8573293,5.7007589,3,45.0,,
360180222,50.8570445,5.7007787,3,45.0,,
360180225,50.8566906,5.700196,3,45.0,,
360180226,50.8567625,5.701118,3,45.0,,
360180307,50.8568406,5.700168,3,45.0,,
360180324,50.8568981,5.7009541,3,45.0,,
360180423,50.8568224,5.7013109,3,45.0,,
360183823,50.8457031,5.7016181,3,47.0,,
360184203,50.8459557,5.6988025,3,52.0,,
360644493,50.8563693,5.7168268,3,48.0,,
360646125,50.8593149,5.7296227,3,51.0,,
360648641,50.8616365,5.7272113,3,49.0,,
360648694,50.8617745,5.727208,3,49.0,,
360648695,50.862309,5.7271842,3,49.0,,
360648761,50.8620992,5.7272004,3,49.0,,
360648870,50.8621533,5.7276795,1,49.0,,
360675050,50.8436317,5.6951947,3,51.0,,
360683107,50.8494819,5.6785921,3,70.0,,
360692719,50.8493193,5.7199179,1,51.0,,
360692721,50.8501786,5.7198119,4,49.0,,
360693896,50.8488287,5.7200568,4,51.0,crossing,
360694084,50.8494934,5.7206471,1,51.0,,
360694623,50.8493301,5.7203267,1,51.0,,
364512539,50.8508487,5.697661,3,45.0,,
365303822,50.8422911,5.7401974,3,59.0,,
369313144,50.8497976,5.7018056,3,53.0,,
388809562,50.8426176,5.7287718,3,52.0,,
391442445,50.8371734,5.7421393,3,69.0,,
391442453,50.8377286,5.7363866,1,61.0,,
391455836,50.8450822,5.7188819,4,52.0,,
392677267,50.8168712,5.727328,3,56.0,,
392677274,50.8163939,5.726688,4,55.0,,
392677275,50.8163847,5.7268305,3,55.0,,
392789717,50.844979,5.687891,1,52.0,,
393241388,50.8371044,5.7158362,1,56.0,,
393241395,50.8355922,5.7108853,1,48.0,,
393241399,50.8350949,5.7076992,3,48.0,,
401533549,50.8372768,5.7213129,4,48.0,,
401533550,50.8372492,5.7214407,3,48.0,,
401544873,50.8267633,5.7193438,3,60.0,,
401544881,50.8282193,5.7193756,3,58.0,,
401544889,50.8291717,5.7196378,3,58.0,,
401547745,50.8200137,5.7239519,4,56.0,,
401547747,50.8195674,5.7234985,3,56.0,,
401547754,50.8200741,5.7219539,3,58.0,,
401547762,50.820232,5.7241767,3,56.0,,
401547767,50.8205486,5.7253791,3,58.0,,
401547768,50.8206964,5.7254395,3,58.0,,
401547773,50.8205071,5.7275158,3,57.0,,
401547776,50.8199109,5.7286202,1,57.0,,
401548789,50.8245106,5.7290828,1,63.0,,
401549552,50.828257,5.7299314,3,63.0,,
401910101,50.8328123,5.7156256,3,51.0,,
401911437,50.8369294,5.7174718,4,53.0,,
401911648,50.8369282,5.7171168,3,53.0,,
401913104,50.8203908,5.7164368,3,46.0,,
401913105,50.8203341,5.7162862,1,46.0,,
409203851,50.8422553,5.7405267,3,59.0,,
409205624,50.8466981,5.7375927,3,59.0,,
409210343,50.8500468,5.7216792,3,46.0,,
409217611,50.8584157,5.6505902,3,62.0,,
409217618,50.8590925,5.6459686,3,65.0,,
409219831,50.8532125,5.6618353,3,69.0,,
409506121,50.8472036,5.7187262,3,49.0,,
409506123,50.8462339,5.7186543,3,49.0,,
422962720,50.8120424,5.6875193,3,112.0,,
422979891,50.8169034,5.6816059,3,94.0,,
422988784,50.825048,5.6766899,3,79.0,,
422990360,50.8221498,5.6785851,3,104.0,,
422998822,50.8282217,5.675081,3,67.0,,
423327372,50.8369267,5.7167968,1,53.0,,
423327375,50.836293,5.7171006,3,53.0,,
423327381,50.8359238,5.7138153,1,52.0,,
423337108,50.8322537,5.7081362,3,48.0,,
423337112,50.8330785,5.7084369,1,49.0,,
423337113,50.8327333,5.7083108,3,48.0,,
423337114,50.8327176,5.7084424,4,49.0,,
423337120,50.8332827,5.7086644,4,49.0,crossing,
423338023,50.8343935,5.7081655,4,48.0,,
423348504,50.8340567,5.7142874,3,53.0,,
423348508,50.8340368,5.7157512,1,57.0,,
423348512,50.8340368,5.7157293,1,57.0,,
423348515,50.8338277,5.715698,3,57.0,,
423348517,50.8338351,5.715389,1,57.0,,
423348522,50.8327956,5.7160942,4,51.0,,
423348526,50.8340339,5.7161359,4,57.0,,
423348528,50.8328608,5.7160969,3,51.0,,
423348530,50.8328723,5.7157621,1,51.0,,
423348533,50.8340298,5.7165769,3,57.0,,
423348540,50.8338527,5.7165728,3,57.0,,
423367774,50.8373345,5.7168999,3,53.0,,
423367779,50.8373998,5.7168982,3,53.0,,
423371302,50.8379096,5.7145077,3,52.0,,
423371303,50.8379798,5.7153505,3,49.0,,
423371304,50.8379737,5.7152103,1,49.0,,
423371306,50.8379058,5.7147354,1,49.0,,
423371311,50.837704,5.7153348,3,49.0,,
423371312,50.8377004,5.7156837,1,49.0,,
423376538,50.8371322,5.7138532,3,52.0,,
423376544,50.8387229,5.7162451,3,49.0,,
423377468,50.8387292,5.715365,1,49.0,,
428042588,50.8373122,5.7173934,4,53.0,crossing,
429897935,50.8202315,5.7143647,3,47.0,,
429897942,50.8204496,5.7139633,3,47.0,,
429898157,50.8204411,5.7143697,3,47.0,,
430466529,50.8219304,5.6963395,3,51.0,,
430466531,50.8219375,5.6959457,3,51.0,,
430466537,50.8242342,5.6960492,1,45.0,,
430466540,50.8306476,5.6954332,4,56.0,crossing,
430472945,50.8375454,5.6950725,4,52.0,crossing,
430472946,50.8375605,5.6952674,4,52.0,,
430472955,50.8428374,5.698238,3,44.0,,
430472958,50.8425655,5.6978805,3,53.0,,
432432702,50.8431841,5.7300685,4,57.0,,
432432704,50.8427439,5.7353965,3,58.0,,
437535049,50.850312,5.731675,3,54.0,,
438172646,50.8378909,5.7196291,1,49.0,,
438174416,50.8377121,5.7214235,3,47.0,,
438222079,50.841272,5.7277626,3,57.0,,
438222080,50.8413616,5.7269063,3,55.0,,
438222082,50.8411549,5.7277426,3,57.0,,
438222515,50.8433987,5.7289536,3,52.0,,
438222522,50.844486,5.7266316,3,50.0,,
438222523,50.8442118,5.7266234,3,50.0,,
441242520,50.8413668,5.733337,4,61.0,,
441243513,50.8348766,5.7268,1,58.0,,
441245297,50.8463865,5.7159945,1,49.0,,
441247240,50.8496043,5.7155999,1,51.0,,
442973002,50.8371581,5.7158334,3,56.0,,
442974045,50.8346984,5.7161567,3,57.0,,
442974065,50.8355333,5.716211,1,56.0,,
442974077,50.836301,5.7162569,3,56.0,,
442974110,50.8355609,5.7162123,3,56.0,,
442978728,50.836158,5.7212949,3,48.0,,
442978732,50.835937,5.7209436,3,48.0,,
442978767,50.8368854,5.7196334,3,50.0,,
442978768,50.8368878,5.7198886,1,50.0,,
442978776,50.8360442,5.7212262,3,48.0,,
442979378,50.8372041,5.7197961,1,50.0,,
455344027,50.8134913,5.6797034,3,99.0,,
455348958,50.8176428,5.6782341,3,75.0,,
455352301,50.8188207,5.6775468,3,87.0,,
455352838,50.8189644,5.6789918,3,87.0,,
455352908,50.8202936,5.6790781,3,87.0,,
455359364,50.8233766,5.6658938,3,73.0,,
455363400,50.8234082,5.6653885,3,73.0,,
455367418,50.8231576,5.6589384,3,103.0,,
455373812,50.8190519,5.6653211,3,100.0,,
455373830,50.818231,5.6665361,3,95.0,,
474819653,50.8496332,5.6888077,1,55.0,,
475573267,50.8439042,5.7234395,4,51.0,crossing,
475573569,50.8435747,5.7267612,3,50.0,,
477851603,50.8547956,5.6846748,3,48.0,,
479437078,50.8335901,5.7271965,3,62.0,,
479437092,50.833799,5.7271221,3,62.0,,
479437094,50.8337244,5.7273252,3,62.0,,
482851439,50.8430124,5.7276052,3,52.0,,
486052417,50.8412094,5.6881658,3,53.0,,
486052429,50.8412453,5.6880803,4,53.0,,
489569152,50.8493457,5.6939935,3,50.0,,
490979585,50.8577336,5.695672,3,57.0,,
492152213,50.8524601,5.6943436,3,47.0,,
492152769,50.8517275,5.6943023,3,47.0,,
492168992,50.8535488,5.6844723,3,52.0,,
492175220,50.854275,5.684301,1,48.0,,
493427520,50.8473441,5.6955661,3,51.0,,
493513635,50.8521391,5.6696816,1,68.0,,
493513638,50.8517639,5.6701979,1,72.0,,
493513723,50.8523592,5.6702374,3,68.0,,
493513802,50.8520204,5.6698714,3,72.0,,
494000484,50.8448332,5.7054801,3,49.0,,
496143655,50.8432396,5.7019845,3,49.0,,
496289598,50.8373179,5.7211234,1,48.0,,
497122138,50.8471216,5.694671,3,51.0,,
498065493,50.8327281,5.6509475,3,81.0,,
498439169,50.8423496,5.6958279,3,51.0,,
498439175,50.8416137,5.6959973,3,53.0,,
502339740,50.8473613,5.6877727,3,56.0,,
502342892,50.8481425,5.6875371,1,55.0,,
502343061,50.8481276,5.6874315,3,60.0,,
502954474,50.8359378,5.7211415,1,48.0,,
502954485,50.8357561,5.7213888,1,48.0,,
503653930,50.8659349,5.6924154,1,44.0,,
503653941,50.8664227,5.6916914,3,44.0,,
503662654,50.8646178,5.6753958,3,66.0,,
503662663,50.8651436,5.6739745,3,69.0,,
503662664,50.8650101,5.6738506,3,69.0,,
503666763,50.8654368,5.6762333,1,66.0,,
503666972,50.8648074,5.6628444,3,61.0,,
503666975,50.8646294,5.6624281,3,63.0,,
503671596,50.8759838,5.6623507,1,56.0,,
503677684,50.8761788,5.6806902,1,43.0,,
503677685,50.8769519,5.6800726,3,43.0,,
503677687,50.8769739,5.6802398,3,43.0,,
503677689,50.8765853,5.6793472,3,43.0,,
503678954,50.8692379,5.6853154,3,45.0,,
503678958,50.8693729,5.6847493,3,45.0,,
503687422,50.8690597,5.686334,3,43.0,,
503687430,50.8703155,5.685442,1,43.0,,
503689425,50.8685345,5.6961942,1,46.0,,
503689923,50.8657655,5.6974136,3,44.0,crossing,
503696305,50.866816,5.6883799,1,45.0,,
503697497,50.8634581,5.6952874,3,47.0,,
503699140,50.862003,5.6920456,4,48.0,,
503699145,50.8614709,5.6913316,3,50.0,,
503703285,50.8565851,5.6909348,3,51.0,,
510130042,50.8414992,5.7139196,3,51.0,,
512574553,50.8388318,5.6951994,4,52.0,,
520512026,50.855304,5.6813681,1,51.0,,
520588954,50.853532,5.6819567,3,53.0,,
520588958,50.8530908,5.6813842,1,53.0,,
520588966,50.8537186,5.6833164,4,53.0,,
525565729,50.8524148,5.7128981,3,48.0,,
527054746,50.853904,5.6914958,3,53.0,,
528868482,50.8444224,5.6511016,4,81.0,,
528868503,50.8449646,5.6514896,3,81.0,,
528868524,50.845053,5.6520753,3,81.0,,
528868544,50.8459622,5.6506753,3,81.0,,
528868553,50.8448287,5.6523704,3,82.0,crossing,
528868563,50.8451738,5.6413033,4,87.0,,
538319613,50.8397921,5.7133226,3,51.0,,
543469743,50.8509457,5.7063856,3,49.0,,
549771735,50.8537011,5.690032,3,53.0,,
554922128,50.8129632,5.6820851,3,107.0,,
554922130,50.8132947,5.6819451,3,107.0,,
554922136,50.8138898,5.684599,3,111.0,,
554922139,50.813884,5.684865,3,111.0,,
554922141,50.8133241,5.6864008,3,129.0,,
554922143,50.8137656,5.6868324,3,129.0,,
554922155,50.8138506,5.6889476,3,158.0,,
554922157,50.8137146,5.6890654,3,158.0,,
554922160,50.8131863,5.6890529,3,158.0,,
554926006,50.821492,5.6786178,3,104.0,,
554926025,50.8249313,5.6748774,3,60.0,,
555039730,50.8269647,5.6609152,3,106.0,,
557756352,50.8180156,5.6646757,3,95.0,,
557756370,50.8212292,5.6649721,3,71.0,,
557756376,50.8219227,5.6639419,3,103.0,,
557756389,50.8221808,5.6641984,3,103.0,,
557756391,50.8235691,5.66341,3,101.0,,
558615568,50.8207624,5.676749,3,69.0,,
559407342,50.8224624,5.6782253,3,104.0,,
559407387,50.8153121,5.6910071,3,122.0,,
559407394,50.8244978,5.6763267,4,96.0,,
559407401,50.8245186,5.6775568,3,108.0,,
559407413,50.8312026,5.6787156,4,64.0,,
559407427,50.8302672,5.6819216,4,88.0,,
559407446,50.8303031,5.6816992,3,88.0,,
559407457,50.832718,5.6824273,4,90.0,,
559410110,50.8213768,5.6630932,3,103.0,,
560142682,50.8045196,5.714374,3,49.0,,
560144645,50.8226161,5.7045345,4,50.0,,
560144650,50.8226029,5.7058791,4,50.0,,
560144653,50.8174858,5.7078609,3,49.0,,
560144657,50.8179764,5.7092654,1,48.0,,
560144660,50.822273,5.708524,4,49.0,,
560144665,50.8212658,5.7107779,3,48.0,,
560145639,50.8304358,5.7121986,1,47.0,,
561196706,50.8716557,5.6725941,3,57.0,,
561196713,50.8721926,5.6708154,1,61.0,,
561197214,50.8838249,5.6973642,3,44.0,,
561197216,50.8840725,5.6975073,1,44.0,,
561527584,50.8383269,5.7127517,1,52.0,,
563107334,50.838398,5.7012945,1,46.0,,
563308913,50.8580068,5.6989433,3,45.0,,
563322838,50.8437443,5.7279741,3,52.0,,
563323338,50.8419255,5.7294556,3,57.0,,
563858622,50.8790676,5.7254941,3,52.0,,
564088654,50.8430024,5.7193778,4,48.0,crossing,
564088705,50.8430816,5.7198805,3,48.0,,
564120520,50.8487817,5.7204478,3,51.0,,
564721729,50.8478179,5.7063182,1,49.0,,
565000992,50.8488872,5.7205145,3,51.0,,
565570475,50.8497643,5.6896166,3,59.0,,
566179552,50.8548582,5.6920291,3,49.0,,
566220547,50.8380065,5.6553452,3,75.0,,
566220556,50.8380539,5.6552204,1,75.0,,
566220580,50.8384821,5.6540638,3,77.0,,
566220635,50.8385285,5.6539361,1,77.0,,
566220676,50.8387167,5.6534149,3,77.0,,
566220685,50.8387724,5.6532752,1,77.0,,
566220715,50.8384276,5.6531478,3,77.0,,
566220734,50.8383859,5.6549146,3,75.0,,
566220764,50.8379348,5.6544483,3,75.0,,
566220775,50.8382364,5.6547244,3,75.0,,
566220848,50.8383008,5.6545541,1,75.0,,
566220869,50.8381477,5.6555389,3,75.0,,
566220964,50.8386363,5.6542584,3,75.0,,
567066741,50.8459546,5.686758,3,58.0,,
567068761,50.8497086,5.68908,4,55.0,crossing,
567070764,50.8441835,5.6911899,3,50.0,,
567112633,50.8538114,5.6914227,4,53.0,,
567496782,50.8428693,5.708226,3,50.0,,
567507514,50.8508504,5.6674751,3,73.0,,
567922200,50.8517675,5.7088123,3,51.0,,
568477765,50.8548566,5.6921602,3,49.0,,
568477768,50.8547884,5.6921585,3,49.0,,
568861474,50.8744742,5.7308211,1,45.0,,
570132004,50.8333064,5.7392558,3,67.0,,
570132197,50.8342861,5.7411512,3,69.0,,
571165506,50.8523708,5.6813715,3,53.0,,
571165914,50.8480715,5.6902644,3,59.0,,
571173986,50.8438575,5.7276159,3,52.0,,
571835971,50.8448104,5.7054656,3,49.0,,
576344870,50.8331211,5.704385,3,49.0,,
576344893,50.8322378,5.7077765,3,48.0,,
577509031,50.895741,5.7002669,3,41.0,,
577509290,50.8931295,5.7038988,3,43.0,,
582527827,50.8532437,5.7249519,3,49.0,,
582528392,50.8525557,5.7244181,3,49.0,,
582846612,50.8415111,5.7046052,3,50.0,,
582846613,50.8414858,5.7045092,3,50.0,,
582846651,50.8418297,5.7061656,3,48.0,,
583832749,50.8694935,5.7504754,4,73.0,,
586397823,50.84434,5.72728,3,52.0,,
586398759,50.8429709,5.7322733,3,58.0,,
587763187,50.8333638,5.7131843,3,53.0,,
587763196,50.8334432,5.7147887,3,57.0,,
587987371,50.8333141,5.7133409,3,51.0,,
587987373,50.8337383,5.7133607,3,53.0,,
587987374,50.8336099,5.7133577,3,53.0,,
587987376,50.8333039,5.7141945,3,51.0,,
587987379,50.8335968,5.7142012,3,53.0,,
587987380,50.83373,5.7142043,3,53.0,,
587987382,50.8338665,5.7142075,3,53.0,,
588037823,50.8377498,5.7162787,3,49.0,,
588037830,50.8379458,5.716285,3,49.0,,
590223299,50.8494938,5.7017824,3,53.0,,
590894426,50.829765,5.7434963,3,75.0,,
590894429,50.8315404,5.7438385,3,83.0,,
598308228,50.8507901,5.6789494,4,63.0,,
598308230,50.8506943,5.6791093,4,63.0,,
598308232,50.8515563,5.6803571,4,62.0,,
598308239,50.8516237,5.6801482,4,62.0,,
598308244,50.8524183,5.6812909,4,53.0,,
598308246,50.8522501,5.6813498,4,53.0,,
600900882,50.8436402,5.696505,4,53.0,,
600900886,50.8436586,5.6969301,4,53.0,crossing,
600900939,50.8407336,5.7030975,1,50.0,,
600900948,50.8411874,5.7030251,1,50.0,,
600900950,50.8410669,5.7033568,1,50.0,,
600900952,50.8408775,5.70333,1,50.0,,
600900956,50.8460944,5.6927748,3,55.0,,
600900973,50.8450105,5.7021194,4,52.0,crossing,
600904778,50.8442253,5.6864932,3,54.0,,
600904791,50.8439605,5.6918638,4,49.0,,
600904793,50.8439003,5.6912938,3,50.0,,
600904805,50.8443211,5.6929105,4,49.0,,
600904806,50.8443659,5.6922587,3,49.0,,
600914980,50.8423088,5.6976525,3,53.0,,
600914982,50.8420998,5.6977869,3,53.0,,
600914986,50.8424973,5.698066,3,44.0,,
601154538,50.8372361,5.7138557,3,52.0,,
601154547,50.8376253,5.7132841,3,52.0,,
601191801,50.8399535,5.7124417,1,50.0,,
601193795,50.8399248,5.7132163,1,51.0,,
601193798,50.8400569,5.7133375,4,51.0,,
601193800,50.8402059,5.7133438,3,51.0,,
601193822,50.8400247,5.7152189,3,50.0,,
601241303,50.8390989,5.7126419,3,52.0,,
601241306,50.8393032,5.7126484,3,52.0,,
601241313,50.8393069,5.7124443,3,52.0,,
601241315,50.8384278,5.7124025,3,52.0,,
601241336,50.8390963,5.7128516,4,52.0,,
601241338,50.8394351,5.7133035,3,52.0,,
601241342,50.8393109,5.7122223,3,52.0,,
601241355,50.8392995,5.7128537,3,52.0,,
601241361,50.8384242,5.7126069,3,52.0,,
601241723,50.839436,5.7132337,1,52.0,,
601254763,50.8389545,5.7135104,4,52.0,,
601254764,50.838702,5.7137291,4,52.0,,
601254766,50.838996,5.7143163,1,52.0,,
601254768,50.8386983,5.7139376,4,52.0,,
601254769,50.8388198,5.7139435,1,52.0,,
601254776,50.8384165,5.7130397,3,52.0,,
601254777,50.8389628,5.7130584,3,52.0,,
601254779,50.8384204,5.7128197,3,52.0,,
601254780,50.838967,5.7128495,4,52.0,,
601254783,50.8386957,5.7140822,1,52.0,,
601255395,50.8403339,5.7138441,3,51.0,,
601255397,50.8404854,5.714904,1,50.0,,
601255566,50.8390971,5.7134363,3,52.0,,
601255567,50.8393166,5.7136838,1,52.0,,
601255760,50.8398424,5.7116045,3,50.0,,
601255761,50.8398745,5.7096156,3,49.0,,
601257126,50.8352003,5.7206756,3,47.0,,
601257333,50.8607431,5.6719918,3,70.0,,
601257342,50.8629756,5.6718918,3,66.0,,
601257346,50.8605862,5.6719006,3,70.0,,
601257348,50.8606168,5.6720187,3,70.0,,
601257352,50.8607579,5.671931,3,70.0,,
601257367,50.8554602,5.6659712,3,69.0,,
601257982,50.8491419,5.6747532,4,72.0,,
601260374,50.8381107,5.7130109,3,52.0,,
601260376,50.8385805,5.7117767,3,52.0,,
601260398,50.8386172,5.7103491,1,53.0,,
601508433,50.8440448,5.689115,3,52.0,,
601621375,50.8356097,5.712642,1,52.0,,
601621384,50.8382157,5.7127506,3,52.0,,
601621388,50.8347463,5.7161583,1,57.0,,
601621426,50.8394234,5.7160258,1,49.0,,
601622841,50.8362523,5.7092857,3,49.0,,
601622842,50.8364117,5.710056,3,49.0,,
601622849,50.836407,5.7110718,3,48.0,,
601623181,50.8335484,5.7115001,4,48.0,,
601630636,50.837779,5.7141882,1,52.0,,
601630638,50.8378607,5.7145058,3,52.0,,
601631027,50.8380121,5.7096249,3,53.0,,
601643781,50.8498774,5.6776407,4,70.0,,
602121964,50.8449987,5.6809346,3,63.0,,
602121990,50.8445083,5.6806795,3,63.0,,
602121991,50.8442011,5.6794382,3,63.0,,
602121994,50.844153,5.6794163,3,63.0,,
602122007,50.8444701,5.6807021,3,63.0,,
602122079,50.8450588,5.6812223,3,63.0,,
602122080,50.8452688,5.6810533,3,63.0,,
602122083,50.8468137,5.6796933,3,63.0,,
602122113,50.8444704,5.6817094,3,60.0,,
602610824,50.8489338,5.6778069,3,70.0,,
602610828,50.8473238,5.6791632,1,68.0,,
602610847,50.849171,5.6776924,3,70.0,,
602610851,50.8489534,5.677883,3,70.0,,
602610877,50.8472909,5.679306,1,63.0,,
602611039,50.8493228,5.6774269,4,70.0,,
602611050,50.8492118,5.6779857,4,70.0,,
602628964,50.8469855,5.6793063,1,63.0,,
602628973,50.847066,5.6792389,1,63.0,,
602628981,50.8471682,5.6795509,1,63.0,,
603858891,50.8490404,5.6719778,3,74.0,,
603858893,50.8489832,5.6724911,4,74.0,crossing,
606134552,50.8382775,5.713273,3,52.0,,
608574899,50.8389913,5.7145616,3,52.0,,
610303111,50.8442992,5.6960105,3,47.0,,
610303116,50.8445994,5.6966374,3,47.0,,
610303117,50.8446572,5.6968839,3,47.0,,
610303123,50.8432025,5.6954344,3,51.0,,
610303130,50.843944,5.6953454,3,50.0,,
610303132,50.8442548,5.6946735,4,50.0,,
610303133,50.8440624,5.6942921,3,50.0,,
610303137,50.8437652,5.6909027,3,50.0,,
610303140,50.8450106,5.6965881,3,47.0,crossing,
610303141,50.8436822,5.6931353,3,53.0,,
610303143,50.8437653,5.6934095,3,49.0,,
610303145,50.8439327,5.6934752,3,49.0,,
610303146,50.84411,5.6926954,4,49.0,,
610303154,50.8441168,5.6941813,3,50.0,,
610303157,50.8445385,5.6942917,3,50.0,,
610303160,50.8438244,5.6944256,3,50.0,,
610303161,50.843886,5.6931398,3,49.0,,
610303163,50.8435117,5.6912692,3,51.0,,
610303171,50.843233,5.69081,3,51.0,,
610303173,50.8439711,5.6927115,3,49.0,,
610303177,50.8438451,5.6919466,3,49.0,,
610303180,50.8436426,5.6918693,3,53.0,,
610303182,50.8435443,5.6920678,3,53.0,,
610303194,50.8435925,5.6916537,4,51.0,,
610303196,50.8434617,5.6910711,3,51.0,,
610303200,50.8432908,5.6906169,1,51.0,,
610303201,50.843864,5.6914898,3,50.0,,
610303204,50.8432576,5.6918282,4,53.0,,
610303207,50.8432858,5.6919521,3,53.0,,
610303215,50.843806,5.6841379,4,60.0,,
610303220,50.8443947,5.683646,3,60.0,,
610303221,50.8443336,5.6834388,3,60.0,,
610303232,50.8442862,5.6850833,3,60.0,,
610303235,50.8448768,5.6840276,3,60.0,,
610303248,50.8434661,5.6846968,3,52.0,,
610303254,50.8438765,5.6853337,3,60.0,,
610303255,50.8439449,5.685497,1,54.0,,
610303262,50.8433177,5.6839296,3,52.0,,
610303276,50.8425127,5.682275,3,54.0,,
610303281,50.8430125,5.681788,3,54.0,,
610303286,50.8432024,5.6811252,4,58.0,,
610303295,50.8432482,5.6819703,3,54.0,,
610303313,50.8438448,5.6860337,3,54.0,,
610303322,50.8429957,5.6801702,4,58.0,,
610303355,50.8431805,5.680795,3,58.0,,
610303356,50.8431956,5.6809988,3,58.0,,
610304027,50.8439797,5.6933215,3,49.0,,
610308463,50.8437303,5.68011,4,58.0,,
610308588,50.8436304,5.6815583,4,54.0,,
610308642,50.8435071,5.6804753,3,58.0,,
610308681,50.8434037,5.6803293,1,58.0,,
610311624,50.8419064,5.686038,3,52.0,,
610311643,50.8417091,5.685558,1,52.0,,
610323279,50.8475914,5.6812909,3,63.0,,
610323280,50.8469079,5.6834652,3,60.0,,
610323286,50.8473336,5.6820551,1,63.0,,
610323288,50.8469323,5.6817952,3,63.0,,
610323294,50.8465282,5.6822344,3,63.0,,
611615981,50.8542532,5.6899925,3,50.0,,
611760357,50.8413871,5.7041166,3,50.0,,
611797446,50.8500972,5.7069173,4,49.0,crossing,
611803599,50.8500272,5.7080667,3,49.0,,
611803611,50.8501536,5.7074942,3,49.0,,
612937244,50.8578167,5.7099143,3,49.0,,
612937247,50.8577746,5.7109443,3,48.0,,
613386017,50.8668593,5.7044996,1,47.0,turning_circle,
614233550,50.8533251,5.7183986,3,49.0,,
614714466,50.8422182,5.6916818,3,53.0,,
617830217,50.8431903,5.6422838,3,89.0,,
618628852,50.8518971,5.6970938,5,45.0,,
649595120,50.8256653,5.6947494,1,87.0,,
649633063,50.8255229,5.6956054,3,87.0,,
649643858,50.8259367,5.696749,3,46.0,,
658437619,50.8278788,5.7249925,3,63.0,,
661104877,50.8164228,5.7242844,3,55.0,,
661104903,50.8167518,5.7240761,1,55.0,,
661146301,50.8564229,5.6872144,4,47.0,,
661146312,50.8551788,5.6900198,3,50.0,,
671767265,50.8675905,5.7159541,4,45.0,,
680381658,50.8389751,5.7162147,3,49.0,,
680381740,50.8385312,5.7168971,1,48.0,,
688663609,50.8465082,5.6653329,3,82.0,,
688663880,50.8467601,5.6663187,4,82.0,,
688664123,50.8464249,5.6650712,4,82.0,,
688818431,50.8617927,5.7142007,3,47.0,,
688818452,50.8619947,5.7143577,3,47.0,,
688818476,50.8619771,5.7141214,3,47.0,,
688818509,50.8621778,5.7133844,3,47.0,,
688818612,50.8622897,5.7140712,3,47.0,,
688948410,50.8602602,5.7100616,3,48.0,,
693093361,50.8173015,5.7273685,4,56.0,,
693093520,50.8240774,5.7285396,3,63.0,,
693093523,50.8240977,5.7284216,3,63.0,,
693093578,50.8225746,5.7287488,1,61.0,,
693111163,50.8269848,5.729237,1,63.0,,
693111186,50.8262231,5.7293636,3,63.0,,
693111188,50.8262292,5.7290461,4,64.0,,
693111189,50.8262391,5.7288375,3,64.0,,
693124611,50.8245427,5.7278756,4,63.0,,
693124691,50.8245107,5.7287303,4,63.0,,
696345251,50.8257551,5.72895,1,64.0,,
697041736,50.8634015,5.7123873,3,46.0,,
697041755,50.8914379,5.7142079,1,44.0,,
702269604,50.8220012,5.7254187,3,62.0,,
702269606,50.8226132,5.7244058,3,60.0,,
702269617,50.8227299,5.7278515,4,61.0,,
702269627,50.8222873,5.7255808,4,62.0,,
702269633,50.8233298,5.7282524,3,63.0,,
702269649,50.8228321,5.7240261,3,60.0,,
702277566,50.823063,5.7278729,3,63.0,,
702280486,50.8290936,5.7275087,3,64.0,,
702280488,50.8292473,5.7281967,3,62.0,,
702280489,50.8292002,5.7262978,3,60.0,,
702280492,50.8252215,5.7291411,1,64.0,,
702280493,50.8294028,5.7279359,3,62.0,,
702394452,50.8277847,5.7208544,4,63.0,,
702406462,50.8287032,5.7222319,3,63.0,,
702447997,50.8248394,5.7229626,3,61.0,,
702448003,50.8243215,5.7204377,3,57.0,,
702448031,50.8248957,5.7219817,3,60.0,,
702448734,50.8249704,5.720319,4,57.0,,
702462573,50.8254917,5.7214343,3,64.0,,
702462744,50.8268473,5.7213881,1,64.0,,
702473348,50.8311687,5.7242147,1,62.0,,
702500453,50.8258962,5.7202859,3,60.0,,
703434912,50.8283347,5.7252448,3,64.0,,
703434913,50.8278375,5.7251267,3,64.0,,
703445374,50.8313124,5.7276243,3,60.0,,
703445420,50.8309196,5.7247551,3,62.0,,
703448199,50.8292146,5.7249107,3,62.0,,
703448200,50.8283725,5.7246734,3,63.0,,
705237542,50.8285919,5.7252895,3,64.0,,
708237106,50.8138206,5.7066736,3,49.0,,
708237107,50.8139479,5.7063427,1,49.0,,
709315386,50.8325777,5.7069718,3,48.0,,
713424385,50.8145117,5.6899368,3,131.0,,
713430816,50.8154889,5.6813877,3,68.0,,
713430910,50.8194871,5.680734,1,71.0,,
713437307,50.8130889,5.6851977,3,111.0,,
713455298,50.8237788,5.6762506,3,96.0,,
713455331,50.8224485,5.6770575,3,80.0,,
713455367,50.815432,5.6939391,3,50.0,,
713455505,50.8154739,5.6937178,3,88.0,,
713846287,50.8524709,5.7036521,3,47.0,,
713846298,50.8531461,5.7029046,3,47.0,,
714031874,50.8496271,5.7017211,3,53.0,,
715469506,50.8452227,5.6928944,3,49.0,,
715469508,50.8453278,5.692983,3,49.0,,
715469513,50.8455268,5.6930218,1,49.0,,
715501322,50.8461316,5.6922067,3,55.0,,
715508512,50.8458405,5.6928358,1,55.0,,
715524938,50.8452455,5.6932935,3,49.0,,
715524977,50.8449808,5.6933928,3,49.0,,
715542788,50.8468799,5.6952241,3,51.0,,
715549988,50.846606,5.6948266,1,51.0,,
715566840,50.8440167,5.6952599,3,50.0,,
715608720,50.8469909,5.6864454,1,58.0,,
715632111,50.8468061,5.6860583,1,58.0,,
715646338,50.8454633,5.6851738,1,60.0,,
715666320,50.8455253,5.6870091,3,54.0,,
715666324,50.8454868,5.6868524,3,54.0,,
715666341,50.8452932,5.6869662,3,54.0,,
715666344,50.8452339,5.6868909,3,54.0,,
715666359,50.8451064,5.6869493,3,54.0,,
715748999,50.8539631,5.6900129,3,53.0,,
715749013,50.8535524,5.690901,3,53.0,,
715749019,50.8531571,5.6913211,3,53.0,,
715749038,50.8535587,5.6906784,1,53.0,,
715764546,50.8549798,5.6906993,3,50.0,,
715764547,50.8548621,5.6915804,3,50.0,,
715764548,50.8546364,5.6915419,4,50.0,,
715785081,50.8549287,5.6915535,3,50.0,,
715785085,50.8550738,5.691599,3,50.0,,
715786594,50.8550632,5.6918674,1,49.0,,
715800230,50.8551906,5.6935739,3,49.0,,
715800246,50.8541367,5.6938472,1,47.0,,
715800263,50.8541783,5.6939785,1,49.0,,
715800267,50.8543948,5.6939852,1,49.0,,
715806897,50.8578523,5.6909458,4,51.0,,
716755665,50.8268564,5.72101,3,64.0,,
716755683,50.8267175,5.7210047,3,64.0,,
719210509,50.8551576,5.6907124,3,50.0,,
720754489,50.8466405,5.6935207,1,55.0,,
724394398,50.8373723,5.7163821,3,56.0,,
724394414,50.8372708,5.7163871,1,56.0,,
724398709,50.8379807,5.716285,3,49.0,,
724398716,50.8379817,5.7163993,1,49.0,,
724407285,50.8383648,5.7166295,3,49.0,,
724407286,50.8383881,5.7162715,4,49.0,,
724435985,50.8410772,5.7144863,3,51.0,,
724436000,50.841096,5.7145266,1,51.0,,
724480174,50.842111,5.7144345,3,48.0,,
724480194,50.8416434,5.7142292,1,51.0,,
724490910,50.841697,5.7157968,1,51.0,,
724490950,50.8417852,5.7135804,3,48.0,,
724490963,50.8420559,5.713268,3,48.0,,
724520022,50.8430275,5.7117039,3,47.0,,
724520025,50.8432253,5.7113305,3,47.0,,
724520059,50.8431369,5.7118317,3,47.0,,
724520075,50.8427872,5.7124803,1,47.0,,
724541298,50.8401199,5.7030311,3,50.0,,
724541303,50.8404748,5.7029753,3,50.0,,
724541344,50.8401865,5.7040346,1,50.0,,
724541353,50.8403755,5.7035967,1,50.0,,
724554764,50.8395418,5.7025911,4,49.0,,
724554777,50.8389857,5.7022537,3,49.0,,
724554783,50.8387418,5.7027854,4,49.0,,
724554805,50.8383575,5.7028689,3,49.0,,
724554809,50.8383357,5.7024617,1,49.0,,
724568058,50.8361869,5.7026367,1,47.0,,
724568339,50.8374065,5.7029174,3,47.0,,
726826185,50.8430751,5.7119506,1,47.0,,
727382094,50.843061,5.6937676,3,51.0,,
727382095,50.8431514,5.6941809,1,51.0,,
727415673,50.8454065,5.6870709,3,54.0,,
727415685,50.8452996,5.6872007,3,54.0,,
727415691,50.8450348,5.6866212,1,54.0,,
727419363,50.845011,5.6866855,3,54.0,,
727447297,50.8373503,5.7214923,3,48.0,,
727447298,50.8372141,5.7220804,1,48.0,,
727447299,50.8371023,5.721363,3,48.0,,
727456630,50.8330488,5.7198959,3,50.0,,
727456631,50.8329706,5.7201591,1,50.0,,
729931975,50.8517241,5.7379493,1,55.0,,
745939415,50.811544,5.712162,3,48.0,,
747194333,50.8680146,5.7399583,3,54.0,,
761215779,50.8625754,5.6480217,3,71.0,,
761635732,50.808259,5.7114016,1,49.0,,
762121077,50.8490904,5.6694817,4,74.0,,
762121090,50.8490506,5.6693417,3,74.0,,
762121188,50.848942,5.6711486,3,74.0,,
765260911,50.8514793,5.6940087,4,47.0,,
765260913,50.8521397,5.6937185,4,54.0,,
765662442,50.8128028,5.6799862,3,99.0,,
765674112,50.8188204,5.6638781,3,113.0,,
765674140,50.8123804,5.6877607,3,112.0,,
765674157,50.8120283,5.6876954,4,112.0,,
765674177,50.8192808,5.664313,3,113.0,,
765674187,50.8186804,5.6633453,4,96.0,,
765674218,50.819919,5.6630681,3,113.0,,
772958240,50.8708074,5.7490682,3,72.0,,
775374957,50.8433134,5.729634,3,57.0,,
775884008,50.8489146,5.7207837,1,51.0,,
779700570,50.8604265,5.6509794,3,65.0,,
779700623,50.8606895,5.6516138,3,65.0,,
779700638,50.8601658,5.6503538,3,62.0,,
779700652,50.8599036,5.6497247,3,63.0,,
779700704,50.8610197,5.6522108,3,63.0,,
779739153,50.8595048,5.6492678,1,63.0,,
779739163,50.8594879,5.6494732,4,63.0,,
779739166,50.8598599,5.6503521,4,62.0,,
779801988,50.8614281,5.6496481,4,67.0,crossing,
791009851,50.8199851,5.6661134,3,100.0,,
792051238,50.8233223,5.6654623,3,73.0,,
792051239,50.8283066,5.6747194,3,60.0,,
792051245,50.8295865,5.675047,1,56.0,,
792335763,50.8428177,5.7191987,4,48.0,crossing,
792349052,50.8255501,5.6951815,3,87.0,,
792349241,50.8238884,5.6964005,3,45.0,,
792349261,50.8243197,5.6966308,3,45.0,,
792349268,50.8244855,5.6964421,4,45.0,,
792349375,50.8220564,5.6965475,3,51.0,,
792349380,50.8222849,5.6965332,3,51.0,,
792349463,50.8220491,5.6963425,5,51.0,,
792351015,50.8289984,5.6660131,3,75.0,,
792351490,50.8230363,5.6615306,4,105.0,,
792364451,50.8336179,5.6821902,3,79.0,,
792364463,50.8329139,5.6817519,3,90.0,,
792364507,50.8338209,5.684569,3,95.0,,
792364513,50.8337648,5.6843604,4,95.0,,
792364515,50.8337349,5.6842607,3,95.0,,
792364526,50.8328724,5.6832385,4,90.0,,
792364567,50.8324715,5.6847666,3,99.0,,
792364632,50.8344955,5.6840421,3,95.0,,
792364687,50.8316798,5.6884454,4,89.0,,
792364715,50.8334198,5.6846716,3,95.0,,
792392488,50.820812,5.6791304,3,87.0,,
792392577,50.8226138,5.6783365,3,104.0,,
792392578,50.8226135,5.678365,1,104.0,,
792392602,50.830782,5.6770457,3,56.0,,
792392785,50.8251539,5.67635,3,79.0,,
809948333,50.8346707,5.6876958,1,68.0,,B430
809948459,50.8323591,5.6811352,1,70.0,,B250
815572907,50.8785752,5.7024765,1,46.0,,
819568622,50.8511317,5.6809421,3,62.0,,
819568625,50.8509349,5.6812831,3,60.0,,
822545671,50.8353142,5.6853196,3,95.0,,
826568314,50.885886,5.7048152,1,40.0,,
837197230,50.8506995,5.6944471,3,47.0,,
838623776,50.8487463,5.7182215,1,52.0,,
838623787,50.8469497,5.71842,3,49.0,,
838623791,50.8482188,5.7187287,4,52.0,,
838644121,50.8429973,5.7200339,3,48.0,,
838644139,50.8428542,5.7209929,3,48.0,,
840167291,50.8423399,5.7198413,3,48.0,,
840167295,50.8423619,5.7200217,3,48.0,,
840177526,50.8424879,5.7197822,4,48.0,,
840177527,50.8424874,5.7195913,1,48.0,,
840177532,50.8426405,5.7197821,3,48.0,,
840177537,50.8427973,5.7197836,3,48.0,,
840177539,50.8427986,5.7193049,1,48.0,,
840177541,50.8415784,5.7191401,3,48.0,,
840177542,50.841576,5.7193275,3,48.0,,
840177562,50.8424858,5.7200291,4,48.0,,
840177564,50.8426395,5.7200312,3,48.0,,
840177566,50.8427949,5.7200325,3,48.0,,
840177577,50.8423314,5.7203199,1,48.0,,
840177584,50.842795,5.7204566,1,48.0,,
840177589,50.8426396,5.7204526,1,48.0,,
840177595,50.842485,5.720453,1,48.0,,
840181032,50.8410409,5.7210267,3,50.0,,
840182415,50.8422777,5.719325,3,48.0,,
840182416,50.8423073,5.7193244,3,48.0,,
840182421,50.8423037,5.7196782,3,48.0,,
840182423,50.8423348,5.7193237,3,48.0,,
840182427,50.8423089,5.7191576,3,48.0,,
840195245,50.8433982,5.7201491,3,48.0,,
840195298,50.8427076,5.7214016,3,48.0,,
840195300,50.8427632,5.7212508,3,48.0,,
840195322,50.8430364,5.7216822,3,48.0,,
840195331,50.8437699,5.7205542,3,52.0,,
840195335,50.8433989,5.7205548,3,48.0,,
840214807,50.8442936,5.72392,4,51.0,,
840214821,50.8444797,5.7239515,1,51.0,,
840228637,50.8441997,5.7229951,3,51.0,,
840228641,50.8441321,5.7237063,3,51.0,,
840228646,50.8441994,5.7239044,3,51.0,,
840228650,50.8440985,5.7240804,3,51.0,,
840228652,50.8439789,5.7240569,1,51.0,,
840228655,50.844011,5.7236804,1,51.0,,
840228676,50.8441453,5.7247419,3,51.0,,
840228696,50.8441572,5.7253968,3,50.0,,
840228698,50.8439819,5.7253552,3,50.0,,
840403016,50.8448928,5.7269135,1,50.0,,
840403029,50.8453604,5.7258209,3,50.0,,
840404634,50.8447946,5.7237081,3,51.0,,
840411626,50.8457373,5.7219251,1,50.0,,
840421179,50.8449283,5.7197374,1,52.0,,
840422526,50.8452291,5.7216347,1,50.0,,
840430452,50.8460598,5.7198597,3,50.0,,
840430503,50.8459591,5.7200556,1,50.0,,
840479263,50.8466932,5.7181689,3,49.0,,
840479289,50.8461087,5.7187003,3,49.0,,
840479291,50.846795,5.7184292,3,49.0,,
840612603,50.8436714,5.6820994,1,54.0,,
840614110,50.8441488,5.6801485,1,63.0,,
840614111,50.8440092,5.6795875,1,63.0,,
840618093,50.8439064,5.6790544,1,64.0,,
840868375,50.8603718,5.6704153,3,72.0,,
841890126,50.8397521,5.7092124,3,49.0,,
842072743,50.8364097,5.728793,3,59.0,crossing,
842656721,50.8460031,5.7167826,3,49.0,,
842656722,50.8455278,5.7171169,4,52.0,,
842656727,50.8454687,5.7171246,3,52.0,,
842656731,50.8460887,5.7172167,3,49.0,,
842656739,50.8458965,5.7171487,4,49.0,,
842656766,50.8459726,5.7180364,3,49.0,,
842656776,50.845897,5.7181077,1,49.0,,
842656814,50.8464115,5.7168368,3,49.0,,
842656849,50.8464467,5.7165169,4,49.0,,
842656850,50.8468987,5.7168481,1,49.0,,
842656857,50.8468567,5.7169147,4,49.0,,
842656900,50.8466896,5.7170953,3,49.0,,
842656909,50.8461872,5.7178176,3,49.0,,
842656949,50.8463651,5.7180713,3,49.0,,
842657013,50.8471308,5.7177638,1,49.0,,
842657015,50.846798,5.7177084,3,49.0,,
842657018,50.8470606,5.7177516,4,49.0,,
842657025,50.8460434,5.7186218,3,49.0,,
842657039,50.8473228,5.7186164,3,49.0,,
843885792,50.8481034,5.7182598,1,52.0,,
843943480,50.8430392,5.7220388,1,48.0,,
843943489,50.8444594,5.7182421,1,52.0,,
843943501,50.8446888,5.7182591,3,52.0,,
843943529,50.8446925,5.7181419,1,52.0,,
843943534,50.8431836,5.7220362,1,48.0,,
843943554,50.8433202,5.721999,1,48.0,,
843943558,50.8429674,5.7211968,1,48.0,,
843943566,50.8453819,5.718562,1,52.0,,
843943587,50.8431829,5.7216812,3,48.0,,
843943611,50.8446814,5.7185012,3,52.0,,
843943623,50.8433185,5.7217264,3,48.0,,
843943655,50.8443906,5.718475,1,52.0,,
843943658,50.8429652,5.7216388,3,48.0,,
843943663,50.8451063,5.7183362,1,52.0,,
843943676,50.8450735,5.718535,3,52.0,,
845926375,50.8427944,5.7042267,3,48.0,,
846047648,50.8170735,5.727854,3,56.0,,
876290548,50.8406033,5.7013906,1,48.0,,
877484649,50.8573123,5.7297521,3,53.0,,
880573678,50.8563407,5.7177445,3,48.0,,
880573701,50.8562221,5.7176529,3,48.0,,
889528653,50.840343,5.7219486,3,50.0,,
894128189,50.8391679,5.733411,4,61.0,,
894162365,50.8334201,5.7133613,3,53.0,,
894164438,50.8517258,5.6939636,4,47.0,,
894176708,50.8812511,5.6822905,3,42.0,,
899053082,50.822737,5.70413,1,45.0,,
906985056,50.8437208,5.7413718,3,59.0,,
906985057,50.8462226,5.7421515,3,60.0,,
913952653,50.8304924,5.7029974,3,48.0,,
913980158,50.829111,5.7228643,3,63.0,,
913994152,50.8304176,5.7208963,3,62.0,,
913994159,50.8298902,5.7208026,3,58.0,,
914049731,50.8320284,5.7306468,3,60.0,,
914049734,50.8321621,5.732792,1,62.0,,
914049737,50.8318363,5.731493,3,62.0,,
914051217,50.8326838,5.7330416,1,62.0,,
916869985,50.8285945,5.7296936,1,63.0,,
916869988,50.8286399,5.7291553,4,64.0,,
916881757,50.8270903,5.7293728,3,63.0,,
916881759,50.8270418,5.7297768,1,63.0,,
929429472,50.8516617,5.7114273,3,48.0,,
929429473,50.8516714,5.7120177,3,48.0,,
929429482,50.8507112,5.7112403,3,48.0,,
929429484,50.8508375,5.7123005,3,48.0,,
931627380,50.8559727,5.6768371,1,62.0,,
937383136,50.8445453,5.691965,1,49.0,,
937680806,50.8361997,5.6833796,1,78.0,,
937685141,50.8334448,5.7076748,3,48.0,,
937690675,50.8563557,5.7297166,3,53.0,,
937714158,50.8259312,5.7195891,3,60.0,,
937723723,50.8334666,5.7076192,3,48.0,,
937820762,50.8554646,5.6438392,3,88.0,,
937821693,50.8599392,5.6543206,1,63.0,,
937840470,50.8590688,5.6546749,4,63.0,,
938108139,50.8356829,5.7301004,3,60.0,,
938108151,50.8354114,5.7310768,3,66.0,,
938559739,50.853193,5.7350267,1,60.0,,
938559907,50.8535774,5.7371698,1,58.0,,
940066075,50.8327168,5.6819665,3,90.0,,
940066077,50.8355212,5.6845104,3,78.0,,
940066084,50.8343,5.6827549,3,79.0,,
940066085,50.8356533,5.6846796,3,78.0,,
940066089,50.8317106,5.682053,3,90.0,,
940066090,50.8353659,5.6839628,3,95.0,,
940066096,50.831915,5.6799933,1,70.0,,
942572697,50.8711227,5.7078886,1,45.0,,
942572749,50.8724209,5.7080593,3,45.0,,
942572752,50.8718486,5.7075763,1,45.0,,
942572755,50.8713726,5.7075371,3,45.0,,
942572759,50.8708025,5.7075816,1,46.0,,
942572760,50.8714605,5.7074453,3,45.0,,
942572766,50.8713296,5.7075856,3,45.0,,
942572772,50.871742,5.7070035,4,45.0,,
942619583,50.8699164,5.7058899,3,47.0,,
942625534,50.8691407,5.7101638,3,45.0,,
942625570,50.8705014,5.7071047,3,46.0,,
942626976,50.8722246,5.7080687,1,45.0,,
942626978,50.8723759,5.7081899,3,45.0,,
942725837,50.8443902,5.6963637,3,47.0,,
942725988,50.8443719,5.6814401,3,60.0,,
942739371,50.8441572,5.6976581,3,47.0,,
945849782,50.8496048,5.6779077,3,70.0,,
945849794,50.8499994,5.6779519,4,70.0,,
945849806,50.8498409,5.6777872,3,70.0,,
950174110,50.832553,5.7037424,3,47.0,,
950174114,50.8326054,5.7032583,1,47.0,,
951757201,50.8438946,5.7268504,1,50.0,,
951773330,50.8434682,5.7277325,4,52.0,crossing,
951773345,50.843495,5.7274798,4,52.0,crossing,
951773361,50.8437818,5.7258149,1,50.0,,
951773366,50.8438433,5.7234232,3,51.0,,
951773367,50.8436152,5.7257722,3,50.0,,
951802452,50.8436949,5.7257931,4,50.0,crossing,
951933104,50.8620061,5.7205115,3,47.0,,
954186774,50.8528027,5.6646147,1,67.0,,
954186906,50.8487208,5.6717372,3,74.0,,
954186964,50.8484441,5.6718753,4,74.0,,
954680588,50.8550203,5.6543503,1,70.0,,
954709418,50.8348375,5.6624648,3,66.0,,
954709419,50.8343611,5.6629067,3,67.0,,
954785301,50.8306806,5.6534389,3,76.0,,
954785313,50.8304207,5.6506714,3,77.0,,
955038957,50.8595522,5.6989162,3,46.0,,
958339186,50.8326076,5.7090706,1,49.0,,
959754825,50.8396527,5.6478716,3,83.0,,
959754826,50.8398051,5.6480233,3,82.0,,
959754845,50.8395409,5.648431,3,79.0,,
961319364,50.8525624,5.7368329,3,58.0,,
961434971,50.8420405,5.7343514,3,58.0,,
961560099,50.8518638,5.7132201,3,48.0,,
963300482,50.8388467,5.6686734,3,83.0,,
963300500,50.8381447,5.6686181,3,83.0,,
963300522,50.8379024,5.6693709,3,73.0,,
963300525,50.8375021,5.669878,3,73.0,,
963300531,50.8376192,5.6675874,3,83.0,,
963300532,50.8380107,5.6671858,3,83.0,,
963300563,50.8363597,5.6654286,3,68.0,,
963300569,50.8361473,5.6652217,3,68.0,,
963300574,50.8357344,5.6654219,3,68.0,,
963329876,50.8360837,5.6632463,3,74.0,,
963329885,50.8367062,5.6635284,3,74.0,,
963329927,50.8361497,5.6624685,3,78.0,,
963329984,50.8355429,5.6644915,3,74.0,,
963329998,50.8356949,5.6632195,3,74.0,,
963330002,50.8353751,5.6640107,3,67.0,,
963330016,50.8355565,5.6628408,3,74.0,,
963330018,50.8352363,5.6636118,3,67.0,,
963330028,50.8351007,5.6632148,3,67.0,,
963330057,50.8362185,5.6614169,3,78.0,,
963330071,50.8360834,5.661798,3,78.0,,
963330074,50.8359401,5.6616726,1,78.0,,
963330109,50.836051,5.6636922,3,74.0,,
963330115,50.8356854,5.6649039,3,68.0,,
963535277,50.8488589,5.6726095,3,74.0,,
963541353,50.8462827,5.6710477,3,73.0,,
963699963,50.8847783,5.721678,3,45.0,,
963699980,50.8904109,5.7205848,3,47.0,,
963700331,50.8790304,5.7265036,1,52.0,,
966101177,50.8952199,5.6999364,3,41.0,,
966938649,50.8400877,5.6713061,3,76.0,,
966938651,50.8397442,5.671581,3,76.0,,
966938718,50.8394795,5.6689555,3,73.0,,
966938720,50.8398503,5.6689749,3,80.0,,
966938726,50.8387833,5.6702051,3,73.0,,
966938732,50.8394716,5.6703196,3,73.0,,
972449920,50.8123814,5.6896638,3,94.0,,
983550223,50.8202701,5.7364632,1,62.0,,
983729971,50.8442809,5.6512326,3,81.0,,
983729977,50.8438744,5.6479363,4,82.0,,
983907438,50.851263,5.6700919,3,72.0,,
983907440,50.8516369,5.6684194,3,73.0,,
983907441,50.8518642,5.6691111,3,72.0,,
983907445,50.8513346,5.6688277,3,72.0,,
983907446,50.8513444,5.6702461,3,72.0,,
985781799,50.8181951,5.6981342,3,46.0,,
985797371,50.8159754,5.7160366,1,54.0,,
985820094,50.818968,5.7088449,1,48.0,,
985820108,50.8189498,5.7086931,1,48.0,,
985820118,50.8185374,5.708045,3,49.0,,
985820187,50.8183415,5.7082669,3,49.0,,
985820225,50.8185712,5.707275,3,49.0,,
985820261,50.8191239,5.7086903,1,48.0,,
985820265,50.8194158,5.7093631,3,48.0,,
985820268,50.8191526,5.7068195,3,48.0,,
985820279,50.8191354,5.7087883,1,48.0,,
985820313,50.8187823,5.7082402,3,48.0,,
985820330,50.8187874,5.7090423,3,48.0,,
997579258,50.8524764,5.7038556,3,47.0,,
999492480,50.8231483,5.7074078,3,47.0,,
1013514034,50.8526177,5.7004688,3,50.0,,
1013537621,50.8483714,5.7314135,3,58.0,,
1013537638,50.8531672,5.7319978,1,54.0,,
1016048504,50.8442295,5.6804737,1,63.0,,
1016048510,50.8442523,5.6810587,1,63.0,,
1016048514,50.8441827,5.6813642,1,60.0,,
1016048707,50.8431479,5.6794189,3,58.0,,
1023594309,50.8453483,5.7090241,1,50.0,,
1023594472,50.8451352,5.7095392,3,50.0,,
1023605689,50.8589656,5.699513,1,46.0,,
1023605723,50.8589849,5.7004557,3,48.0,,
1023684403,50.8543556,5.701858,1,48.0,,
1023684405,50.8457182,5.7187861,3,52.0,,
1023684654,50.8544793,5.7023238,3,48.0,,
1023684687,50.8456223,5.7187413,4,52.0,,
1023684730,50.8541431,5.7025379,3,47.0,,
1023684853,50.8455204,5.7169615,4,52.0,,
1035775438,50.842976,5.6853654,3,52.0,,
1035775444,50.8424016,5.6854145,3,52.0,,
1035775467,50.8424752,5.6850907,3,52.0,,
1035775476,50.8420931,5.6867695,3,52.0,,
1035775489,50.8432349,5.687659,1,50.0,,
1035775495,50.8428241,5.687192,3,52.0,,
1035775506,50.842171,5.6864326,3,52.0,,
1107574653,50.8264172,5.6933102,1,105.0,,
1107574665,50.8273917,5.6922183,3,83.0,,
1107574666,50.8269017,5.6944555,1,87.0,,
1107574668,50.826576,5.6937547,5,87.0,,
1117935129,50.8304265,5.6852823,3,87.0,,
1117935139,50.8450618,5.6967802,3,47.0,,
1117935145,50.8347317,5.6878778,3,68.0,,
1117935150,50.8452586,5.6966463,4,47.0,,
1117935151,50.8463342,5.6985969,4,52.0,,
1117935154,50.8462937,5.6929651,1,55.0,,
1117935159,50.8450424,5.6967066,4,47.0,crossing,
1117935161,50.8462632,5.6927586,3,55.0,,
1157626235,50.8599014,5.6998897,3,46.0,,
1157627276,50.8603046,5.7026932,1,47.0,,
1157627360,50.8592414,5.7062078,1,51.0,,
1186147988,50.8603912,5.7035929,1,47.0,,
1214689008,50.8500115,5.7082222,3,49.0,,
1214689205,50.8580882,5.7293476,3,53.0,,
1221701229,50.8240811,5.7035649,3,44.0,,
1221702516,50.8242383,5.7036863,3,44.0,,
1223342891,50.8265777,5.7028562,3,48.0,,
1224151184,50.8487592,5.7186781,3,52.0,,
1224151204,50.8488758,5.7185906,3,52.0,,
1224549826,50.8343507,5.6990808,3,45.0,,
1225345248,50.8496338,5.6657026,3,79.0,,
1225345257,50.8501678,5.6642716,3,73.0,,
1226742286,50.8539858,5.6940304,3,47.0,,
1230461769,50.823913,5.7001018,1,43.0,,
1230461781,50.8231213,5.6999692,1,44.0,,
1230461782,50.8183101,5.6989538,1,46.0,,
1230461796,50.822489,5.7002662,1,47.0,,
1230461802,50.8240653,5.7000184,1,43.0,,
1230461819,50.8235859,5.7002855,1,43.0,,
1230461822,50.8224484,5.7009127,3,47.0,,
1230461824,50.8237631,5.7001881,1,43.0,,
1230461826,50.8234731,5.6997864,1,44.0,,
1230461842,50.8221886,5.7001343,3,47.0,,
1230461844,50.8232243,5.7004782,1,43.0,,
1230461850,50.8232931,5.6998669,1,44.0,,
1230461868,50.8228166,5.700705,1,47.0,,
1230461877,50.8181123,5.6988707,4,46.0,,
1230461887,50.8238034,5.6996156,1,44.0,,
1230461892,50.8202358,5.6988183,1,46.0,,
1230461894,50.8239604,5.6995466,1,44.0,,
1230461896,50.8233984,5.7003862,1,43.0,,
1230461898,50.822659,5.7001909,1,47.0,,
1230472675,50.815001,5.6967267,3,46.0,,
1230472735,50.8146955,5.6970467,3,46.0,,
1230472738,50.8175357,5.6985514,1,46.0,,
1230472786,50.8154941,5.6969558,3,46.0,,
1230472792,50.810789,5.6955125,3,46.0,,
1230472851,50.8109936,5.696299,3,46.0,,
1230472878,50.810428,5.6951182,1,46.0,,
1230472947,50.8124296,5.6960516,3,46.0,,
1230472988,50.8125398,5.6959443,3,46.0,,
1230473009,50.8180803,5.6989885,1,46.0,,
1230480085,50.8206893,5.7038837,1,46.0,,
1230483603,50.8212826,5.7013369,3,47.0,,
1230483620,50.8217338,5.7035837,3,45.0,,
1236219207,50.8317189,5.6552409,3,76.0,,
1236219211,50.8310115,5.6581042,3,71.0,,
1241070553,50.8428184,5.700771,3,49.0,,
1241070566,50.8432301,5.7018861,3,49.0,,
1241070568,50.842869,5.7013227,3,49.0,,
1252899787,50.8452117,5.7070768,3,50.0,,
1255455504,50.8512251,5.6901283,3,56.0,,
1256908096,50.848945,5.6794999,3,65.0,,
1256908098,50.8490935,5.6801694,3,65.0,,
1256908100,50.8483708,5.6797565,3,65.0,,
1258485243,50.8627703,5.6891207,3,49.0,,
1265037075,50.8338031,5.7034466,3,50.0,,
1265037076,50.833906,5.7031381,1,50.0,,
1268979618,50.84307,5.6966719,3,53.0,,
1268979622,50.8419504,5.6963674,3,53.0,,
1268979631,50.8421107,5.6965365,4,53.0,crossing,
1268979636,50.8428611,5.6962865,3,53.0,,
1270300406,50.8502026,5.7065877,3,49.0,,
1273326672,50.8551566,5.7296498,1,49.0,,
1273326674,50.8552237,5.7287414,1,47.0,,
1274089680,50.8601595,5.6673971,3,70.0,,
1274089690,50.8612961,5.6667966,3,67.0,,
1274267740,50.8579944,5.6987865,3,45.0,,
1274267749,50.8560108,5.698821,3,46.0,,
1274267751,50.8566138,5.6996297,1,45.0,,
1276197784,50.839833,5.6686793,3,83.0,,
1276898641,50.8447375,5.7079572,4,50.0,,
1278517463,50.8303773,5.6937736,3,56.0,,
1280309372,50.849203,5.6662731,3,79.0,,
1282646917,50.8506918,5.7012388,3,50.0,,
1282900565,50.8446338,5.7051015,3,49.0,,
1283012126,50.8517549,5.6996445,3,52.0,,
1283012131,50.8513633,5.7006574,3,50.0,,
1288997438,50.860306,5.7003442,3,48.0,,
1293685607,50.843817,5.7236858,3,51.0,,
1299402676,50.8724063,5.7021272,1,46.0,,
1300870911,50.8404937,5.6438289,3,86.0,,
1300870927,50.8402852,5.6439408,3,86.0,,
1305751074,50.8550949,5.6741638,3,67.0,,
1309186246,50.8559084,5.6934596,1,49.0,,
1309191305,50.8597285,5.6687542,3,72.0,,
1310286161,50.8648314,5.6889509,3,46.0,,
1310286163,50.8641484,5.6935243,3,48.0,,
1310592666,50.8614463,5.6675794,4,67.0,,
1310592668,50.8617897,5.6694139,4,69.0,,
1310592671,50.8623562,5.6691417,4,69.0,,
1313433460,50.8300727,5.7230755,3,62.0,,
1313433462,50.8289457,5.7243839,1,63.0,,
1313433481,50.827916,5.7227939,3,63.0,,
1313433508,50.8297574,5.7229544,3,62.0,,
1313433511,50.828832,5.7239494,3,63.0,,
1313433549,50.8275852,5.7228028,3,63.0,,
1314041016,50.8363072,5.6817585,3,60.0,,
1314355077,50.8465182,5.7306339,1,56.0,,
1321693740,50.8299791,5.6936724,3,69.0,,
1321693799,50.8312672,5.6905923,3,72.0,,
1321693829,50.8299172,5.6912301,3,84.0,,
1321702359,50.8274538,5.6923508,5,83.0,,
1321702390,50.831658,5.6888461,3,89.0,,
1326821814,50.8320879,5.6878634,3,89.0,,
1326859952,50.8227136,5.7007654,1,47.0,,
1333685940,50.8652408,5.6818485,1,44.0,,
1343312309,50.8315451,5.7127111,3,51.0,,
1343312312,50.8342215,5.7130302,3,53.0,,
1343312314,50.8335322,5.7129799,3,53.0,,
1343312323,50.8340699,5.7129801,3,53.0,,
1344502422,50.8282623,5.7124661,3,47.0,,
1344502428,50.8295956,5.7121206,3,47.0,,
1344502440,50.8295901,5.7123977,3,47.0,,
1344502451,50.828367,5.7128369,3,45.0,,
1344502462,50.8277974,5.7133198,1,45.0,,
1345117219,50.8377267,5.7035596,1,49.0,,
1345703686,50.8627473,5.703873,3,47.0,,
1357162086,50.856357,5.6554305,1,69.0,,
1357162092,50.8555999,5.6548722,3,70.0,,
1362949634,50.8678907,5.687858,3,45.0,,
1378978439,50.8142927,5.6898252,3,131.0,,
1379024729,50.8547602,5.6839737,3,48.0,,
1379024734,50.8562232,5.6850014,3,48.0,,
1379024752,50.854965,5.6836285,3,48.0,,
1379024766,50.856347,5.685455,3,47.0,,
1379024775,50.8560482,5.6853038,4,48.0,,
1379024782,50.8314832,5.7045421,3,49.0,,
1379024792,50.8559596,5.6854545,4,47.0,,
1379024793,50.8561361,5.6851517,4,48.0,,
1379024805,50.8550086,5.6835536,3,48.0,,
1379024806,50.8555747,5.685393,1,48.0,,
1379024807,50.8322628,5.7036974,4,47.0,,
1379024831,50.8409938,5.705576,1,50.0,,
1379311037,50.8168827,5.6872468,3,49.0,,
1391341937,50.8458385,5.6412949,3,90.0,,
1391342114,50.8478626,5.6480214,1,82.0,,
1391342180,50.8476937,5.6428291,3,89.0,,
1391342185,50.8501337,5.6489439,4,79.0,,
1391342426,50.8447625,5.641755,1,89.0,,
1391363830,50.849641,5.641556,1,86.0,,
1391363963,50.8453747,5.6411926,4,87.0,,
1391364033,50.8493768,5.6416767,1,88.0,,
1391387264,50.8554203,5.6424246,1,75.0,,
1391402951,50.8497934,5.6502223,1,78.0,,
1391402958,50.8494714,5.6508296,1,78.0,,
1391402963,50.8506896,5.6501379,3,77.0,,
1391402974,50.8497502,5.6507168,3,78.0,,
1391402987,50.8506171,5.6509419,3,77.0,,
1391402989,50.8504719,5.6511011,1,77.0,,
1391403015,50.8518712,5.6503215,1,77.0,,
1391403025,50.8498598,5.6506766,3,78.0,,
1391403028,50.849849,5.6513929,1,78.0,,
1391456523,50.857337,5.6458771,1,73.0,,
1391456584,50.8560261,5.6452233,4,88.0,,
1391462151,50.8560756,5.6451556,3,88.0,,
1404618199,50.8172311,5.6667643,3,72.0,,
1404822407,50.8313953,5.6999524,1,47.0,,
1404840676,50.8316309,5.7035167,3,47.0,,
1404840678,50.831543,5.7029565,3,47.0,,
1404845033,50.8247265,5.6996231,1,44.0,,
1404859401,50.8337985,5.6754686,3,52.0,,
1404859431,50.8337931,5.6751494,3,52.0,,
1404859438,50.8324816,5.678884,3,55.0,,
1404859449,50.8348261,5.6763188,4,52.0,,
1405533257,50.8350089,5.6806452,3,55.0,,
1405563079,50.8342895,5.6741712,1,54.0,,
1405575226,50.8366299,5.6854922,3,70.0,,
1406257676,50.8442216,5.7024799,4,52.0,crossing,
1406257688,50.8442056,5.7023025,4,52.0,crossing,
1406268971,50.8220765,5.6958148,3,65.0,,
1409129922,50.8674119,5.7381479,3,51.0,,
1409129929,50.8681032,5.739818,3,54.0,,
1409129931,50.868264,5.7379296,4,51.0,,
1409130901,50.8676046,5.7578285,1,90.0,,
1419301699,50.8390694,5.7070972,3,50.0,,
1419301700,50.839209,5.7089908,1,53.0,,
1419301707,50.8397133,5.7074455,1,47.0,,
1419507798,50.8355842,5.7058542,3,49.0,,
1419507799,50.8356267,5.7081832,3,49.0,,
1419507801,50.8358374,5.7058513,3,49.0,,
1419507806,50.835892,5.7063708,3,49.0,,
1419507807,50.835917,5.7068565,3,49.0,,
1419507813,50.8359554,5.705845,3,49.0,,
1419507821,50.8362209,5.7054854,3,49.0,,
1419507822,50.8362267,5.7058309,3,49.0,,
1419507825,50.8365633,5.7044937,3,49.0,,
1419507829,50.8388765,5.7052471,3,51.0,,
1419507830,50.8388973,5.7055843,4,51.0,,
1419507832,50.8389135,5.7058359,3,51.0,,
1419507833,50.8390172,5.7042146,1,51.0,,
1419507834,50.8390744,5.705213,3,51.0,,
1419507836,50.8394138,5.705503,3,51.0,,
1419507838,50.839429,5.7057441,3,51.0,,
1419512422,50.8359519,5.7080826,4,49.0,,
1419516201,50.8382737,5.7060458,3,51.0,,
1419516205,50.8384888,5.7046886,1,51.0,,
1419516219,50.8389175,5.705965,3,51.0,,
1419518438,50.8375719,5.7057133,3,51.0,,
1419518444,50.8383718,5.704708,3,51.0,,
1419518446,50.8378659,5.7057839,3,51.0,,
1419519356,50.8388847,5.7065212,3,50.0,,
1419519359,50.8387302,5.7064763,1,50.0,,
1419524125,50.8369389,5.7089319,1,49.0,,
1419524132,50.8382903,5.7079802,1,50.0,,
1419524135,50.8366566,5.7081397,3,49.0,,
1419524147,50.8375669,5.7078428,3,50.0,,
1431670068,50.8392659,5.6679096,3,83.0,,
1431670075,50.8521776,5.6581661,3,72.0,,
1431670079,50.8393698,5.6682165,3,83.0,,
1431670121,50.854602,5.6553329,3,70.0,,
1431735800,50.8534351,5.732584,3,54.0,,
1431735802,50.831148,5.7243695,3,62.0,,
1431735845,50.8430503,5.7190451,3,48.0,,
1431735865,50.8455891,5.7188384,3,52.0,,
1431735892,50.8311614,5.7244935,3,62.0,,
1431750585,50.8200385,5.7203265,4,51.0,,
1431750586,50.8160095,5.7256084,3,55.0,,
1431750611,50.8183795,5.721349,3,52.0,,
1434361276,50.8758621,5.732364,3,50.0,,
1434361283,50.8756484,5.7308369,3,55.0,,
1434361286,50.8761455,5.7294498,3,55.0,,
1434361293,50.8759441,5.7306249,3,55.0,,
1434361298,50.8763389,5.7306314,3,55.0,,
1434361314,50.8753097,5.7310816,3,55.0,,
1434361324,50.8773509,5.7317791,3,49.0,,
1434361327,50.8755616,5.7309002,3,55.0,,
1434361341,50.8755083,5.7302263,4,55.0,,
1434361346,50.8759122,5.7304743,3,55.0,,
1434361352,50.8761642,5.7302765,3,55.0,,
1434361379,50.875703,5.7324408,4,50.0,,
1434423322,50.8798926,5.7276409,4,51.0,,
1434423323,50.8796308,5.7261955,1,55.0,,
1434423329,50.8802891,5.7263939,3,55.0,,
1434423337,50.8794113,5.7265635,1,55.0,,
1446356830,50.8488302,5.7202427,3,51.0,,
1446356838,50.8488275,5.720511,3,51.0,,
1446817958,50.8362949,5.7165946,3,56.0,,
1446817961,50.8355564,5.7165775,3,56.0,,
1447076651,50.8531356,5.6794162,3,61.0,,
1447076664,50.8542585,5.6811259,3,56.0,,
1447076680,50.8542993,5.681316,3,51.0,,
1447076692,50.8540838,5.6819197,3,53.0,,
1447076714,50.853202,5.6801814,3,61.0,,
1447085720,50.85247,5.6788171,3,62.0,,
1447085725,50.8519124,5.6793443,3,62.0,,
1447085727,50.8519448,5.6795313,3,62.0,,
1451048068,50.8325297,5.7015969,1,46.0,,
1453710844,50.842685,5.703397,3,49.0,,
1453710859,50.8427362,5.7040172,3,49.0,,
1453710861,50.8431114,5.7039435,1,49.0,,
1453710864,50.8433549,5.7032338,3,49.0,,
1453710865,50.8430586,5.7033033,3,49.0,,
1454082492,50.8607386,5.671826,3,70.0,,
1456168138,50.8429819,5.7205425,4,48.0,,
1456173489,50.8648093,5.7380046,3,53.0,,
1456173511,50.865794,5.7378442,3,53.0,,
1456173512,50.8667108,5.7380063,4,51.0,,
1458516540,50.8345929,5.7106336,1,48.0,,
1458516558,50.8329919,5.7106742,3,49.0,,
1458516563,50.8335629,5.7106204,3,48.0,,
1458516567,50.8332966,5.71069,3,49.0,,
1458516585,50.8345855,5.7108931,1,48.0,,
1458517466,50.8335502,5.7113301,3,48.0,,
1458519083,50.835404,5.7119954,3,48.0,,
1458519092,50.8349994,5.7121686,3,48.0,,
1458519093,50.8349931,5.7126409,3,53.0,,
1458521357,50.8352752,5.7126577,3,53.0,,
1458521360,50.8339379,5.7128395,4,53.0,,
1458521361,50.8352663,5.7130595,5,53.0,crossing,
1458521363,50.8352716,5.7128233,4,53.0,crossing,
1458521366,50.8340929,5.7121811,4,48.0,,
1458521368,50.8338149,5.7114856,3,48.0,,
1458521369,50.8340932,5.7114925,3,48.0,,
1458521372,50.8340927,5.7127894,3,53.0,,
1458521374,50.834226,5.7121845,3,48.0,,
1458521375,50.8339458,5.7121776,4,48.0,,
1458521376,50.8339526,5.711489,3,48.0,,
1458521377,50.8342328,5.7114959,3,48.0,,
1458521380,50.8345089,5.7121773,3,48.0,,
1458521382,50.8343751,5.7114994,3,48.0,,
1458521383,50.8343683,5.712188,3,48.0,,
1458521385,50.8336737,5.7115845,1,48.0,,
1458521386,50.8338082,5.7121742,4,48.0,,
1458521388,50.8336652,5.7121692,3,48.0,,
1458521389,50.8337975,5.7128385,3,53.0,,
1458822206,50.8611366,5.7316763,3,52.0,,
1459675489,50.8504545,5.7272678,3,50.0,,
1473161569,50.8529864,5.6651443,3,67.0,,
1473161583,50.8536592,5.6657407,3,67.0,,
1473161586,50.8535314,5.6653238,3,67.0,,
1478168132,50.8566959,5.6782619,3,58.0,,
1480043666,50.8421901,5.6978841,3,53.0,,
1480050562,50.8428463,5.6969462,1,53.0,,
1480212347,50.8445855,5.6817716,3,60.0,,
1480212348,50.8447504,5.681143,3,63.0,,
1480212349,50.8448259,5.6814341,3,60.0,,
1480212351,50.8447687,5.6816516,3,60.0,,
1480212352,50.8446308,5.6810549,3,63.0,,
1482218554,50.8497862,5.6879052,1,55.0,,
1490229293,50.8133788,5.7083715,1,47.0,,
1490229406,50.8173884,5.7067455,1,49.0,,
1491784347,50.8196871,5.7287873,3,57.0,,
1491784374,50.8154557,5.7245605,3,55.0,,
1491784381,50.8153946,5.7246015,4,55.0,,
1491828986,50.8226034,5.7041346,1,45.0,,
1491829023,50.8150526,5.7095556,3,48.0,,
1491829031,50.8226075,5.7042666,4,50.0,crossing,
1493574940,50.8835792,5.697656,3,44.0,,
1494281699,50.8559525,5.6933179,1,49.0,,
1497205651,50.8360591,5.6817401,3,60.0,,
1499341040,50.8515083,5.7145283,3,48.0,,
1499341051,50.851868,5.7149074,3,49.0,,
1499341054,50.8509516,5.7128728,3,48.0,,
1499341076,50.8517122,5.712468,3,48.0,,
1499341093,50.8512024,5.7136628,3,48.0,,
1500632934,50.8611775,5.7049985,1,48.0,,
1500632943,50.8624059,5.7036337,3,49.0,,
1501397384,50.8346876,5.6830211,3,79.0,,
1501653813,50.8624206,5.7061158,1,48.0,,
1501653821,50.8629872,5.7048677,3,47.0,,
1501653824,50.8639019,5.7056371,3,47.0,,
1501678615,50.8709615,5.706323,1,45.0,,
1501686971,50.8683648,5.7086457,3,47.0,,
1502770328,50.8602851,5.7065988,1,47.0,,
1528078821,50.8380726,5.7180324,3,48.0,,
1529320454,50.8578696,5.6902338,4,51.0,,
1529320474,50.8520195,5.697371,3,45.0,,
1534058582,50.8506399,5.7192689,1,49.0,,
1534058584,50.8509992,5.7192166,3,49.0,,
1539915019,50.8434453,5.6970511,4,53.0,,
1539915021,50.8435907,5.6971129,4,53.0,crossing,
1542735463,50.8635889,5.7125056,3,48.0,,
1542735493,50.8634814,5.7125983,3,48.0,,
1546992741,50.8422582,5.6979194,3,44.0,,
1579814192,50.8407522,5.6880048,1,53.0,,
1580922527,50.8235981,5.7243039,3,61.0,,
1597718499,50.8488947,5.7070153,3,49.0,,
1597718506,50.8494222,5.7069173,3,49.0,,
1597718509,50.8477614,5.7070366,3,49.0,,
1606808234,50.8233014,5.7246671,3,61.0,crossing,
1606808237,50.8279206,5.7245975,3,63.0,,
1606808242,50.8292261,5.7245821,3,62.0,,
1616971327,50.8593536,5.6670414,4,70.0,,
1616971330,50.8595437,5.6678833,3,70.0,,
1616971336,50.8987986,5.6987925,3,43.0,,
1626865027,50.831739,5.7243049,3,61.0,,
1627219805,50.8316119,5.7076258,4,48.0,crossing,
1628098521,50.8636457,5.6552965,3,70.0,,
1628098522,50.8635096,5.6554447,3,70.0,,
1628098538,50.8554163,5.6660784,3,69.0,,
1628098558,50.8635425,5.656017,4,70.0,,
1628098579,50.8548057,5.6655604,4,69.0,,
1631316015,50.8604684,5.6471576,1,68.0,,
1636722072,50.8408565,5.6546732,3,79.0,crossing,
1636798812,50.835203,5.6544748,3,76.0,,
1636798813,50.8350014,5.6540949,1,80.0,,
1639350665,50.8621782,5.6872939,3,48.0,,
1659051742,50.8474751,5.6704457,1,78.0,,
1667610609,50.8135993,5.7126532,1,48.0,,
1667852330,50.8511996,5.6936868,3,54.0,,
1673611380,50.8416453,5.6597612,1,82.0,,
1673611384,50.8420343,5.6593193,3,83.0,,
1674568462,50.8521789,5.6928981,3,54.0,,
1681944042,50.8427403,5.7342309,4,58.0,,
1681944048,50.842785,5.7342359,3,58.0,,
1684836867,50.8304696,5.6821461,3,88.0,,
1685887149,50.8252405,5.6762622,3,79.0,,
1687024674,50.814044,5.6930831,3,64.0,,
1687024685,50.817031,5.6943534,3,49.0,,
1687024692,50.8170401,5.6948776,3,49.0,,
1687024731,50.8206368,5.6962281,4,51.0,,
1687024747,50.8242261,5.6964155,3,45.0,,
1687024768,50.8159646,5.693938,1,50.0,,
1688863181,50.8393435,5.6790414,3,53.0,,
1688863183,50.8401342,5.6781682,4,56.0,,
1688863242,50.8410215,5.6827278,4,49.0,,
1688863277,50.8388146,5.6782446,3,53.0,,
1688863284,50.8403742,5.6806766,3,50.0,,
1688863328,50.8397148,5.6795671,3,50.0,,
1688863373,50.8402524,5.6807486,3,50.0,,
1696272109,50.8336726,5.7269965,3,58.0,,
1696272112,50.8320065,5.7278533,3,60.0,,
1696317219,50.8427877,5.6756952,4,65.0,,
1696317223,50.842859,5.6750434,3,65.0,,
1700814739,50.8227675,5.704899,3,50.0,,
1700814750,50.8231443,5.7115479,3,48.0,,
1713096128,50.815858,5.7258627,3,55.0,,
1713096133,50.815905,5.725786,4,55.0,,
1728348917,50.8493207,5.7200184,1,51.0,,
1736283916,50.8144991,5.7192258,4,54.0,,
1737379725,50.8665843,5.7370311,4,53.0,,
1754704457,50.8512121,5.7008049,3,50.0,,
1754704460,50.8510309,5.7010799,4,50.0,crossing,
1755142518,50.8280086,5.6960417,4,46.0,,
1755142519,50.835523,5.6812922,3,60.0,,
1761232999,50.8372612,5.6542903,3,75.0,,
1761233006,50.837178,5.6540531,1,74.0,,
1761412547,50.8329929,5.717288,3,50.0,,
1761412548,50.8330059,5.7165466,3,51.0,,
1761412549,50.8331428,5.7172896,3,50.0,,
1761412550,50.8331461,5.7165509,3,51.0,,
1761412551,50.8332878,5.7172911,3,50.0,,
1761412552,50.8332991,5.7165557,3,51.0,,
1761412553,50.8334216,5.7172925,3,50.0,,
1761412554,50.8334344,5.7165599,3,57.0,,
1761412555,50.8335617,5.7172939,3,50.0,,
1761412556,50.8335715,5.7165641,3,57.0,,
1761412557,50.833702,5.7172953,3,50.0,,
1761412562,50.8337131,5.7165685,3,57.0,,
1771562072,50.8357088,5.6968691,1,43.0,,
1771562076,50.8331667,5.6950719,1,49.0,,
1771562084,50.8354111,5.6962406,1,46.0,,
1771581730,50.8359395,5.6967152,1,43.0,,
1791572721,50.8394338,5.6799729,3,51.0,,
1791572722,50.8414242,5.6832125,3,49.0,,
1791572733,50.8411412,5.6830168,3,49.0,,
1791572734,50.8420823,5.6829377,3,54.0,,
1808953058,50.8455032,5.7156345,1,51.0,,
1815056278,50.8578644,5.7140062,4,48.0,,
1832985251,50.8519067,5.6634641,3,73.0,,
1832985257,50.8516982,5.6641066,1,73.0,,
1832985263,50.8519734,5.6632489,3,73.0,,
1832985273,50.8522953,5.6635066,3,70.0,,
1833144753,50.8537113,5.6651234,3,67.0,,
1851238989,50.8328374,5.6943934,4,49.0,,
1851238992,50.815837,5.6941359,3,50.0,,
1851239008,50.8307082,5.6957548,3,56.0,,
1851239010,50.821501,5.695812,1,65.0,,
1855839077,50.844019,5.6855702,3,54.0,,
1867085999,50.8492936,5.6756345,3,70.0,,
1885332634,50.8721047,5.7366949,4,53.0,,
1899737964,50.8474367,5.669093,3,78.0,,
1912906209,50.8409186,5.696357,3,53.0,,
1912906210,50.8409433,5.6961061,3,53.0,,
1914058201,50.8429667,5.7042612,3,48.0,,
1914058203,50.8434209,5.7039814,3,49.0,,
1921847341,50.8459011,5.7006286,1,52.0,,
1924980061,50.8543835,5.6762845,3,62.0,,
1924980086,50.8518451,5.6730957,3,72.0,,
1924988801,50.85577,5.681433,3,51.0,,
1930511717,50.8575624,5.7151644,3,49.0,,
1930511721,50.8576298,5.715384,3,49.0,,
1930511729,50.8574921,5.7149354,3,49.0,,
1961341703,50.8360569,5.7243291,3,54.0,,
1977089634,50.8568891,5.7245793,3,48.0,,
1977677245,50.8546184,5.7298723,1,49.0,,
1977677255,50.8548321,5.72967,1,49.0,,
1978212188,50.8545365,5.7238332,1,50.0,,
1978212189,50.8546172,5.7237821,1,50.0,,
1983083427,50.8413339,5.7010688,3,48.0,,
1985711409,50.8348746,5.713046,4,53.0,,
1986850223,50.8612823,5.704712,1,48.0,,
1986850224,50.8624809,5.7056685,1,48.0,,
1988067311,50.8373625,5.6720877,3,59.0,,
1988526003,50.8548924,5.659863,1,72.0,,
1993628587,50.8354576,5.7130675,4,52.0,,
2018585465,50.853736,5.6715713,3,69.0,,
2018585468,50.8537389,5.6714786,3,69.0,,
2037124747,50.8869416,5.7087241,1,46.0,,
2037124753,50.88711,5.7086298,4,46.0,,
2037124756,50.887324,5.7079237,1,45.0,,
2038918159,50.8709991,5.7443026,3,69.0,,
2043611134,50.8665441,5.7379461,4,53.0,,
2043613771,50.8640838,5.7320656,1,53.0,,
2043613772,50.8638115,5.7321003,3,53.0,,
2043613773,50.8638562,5.7321024,1,53.0,,
2043613774,50.8641106,5.7320637,3,53.0,,
2048175143,50.852818,5.7250534,3,45.0,,
2049665955,50.8438784,5.7284114,3,52.0,,
2049665961,50.843887,5.7279783,3,52.0,,
2049665967,50.8440273,5.7279835,3,52.0,,
2082261951,50.8463878,5.7408615,4,59.0,,
2091875818,50.8082564,5.7114926,1,49.0,,
2092714258,50.8562427,5.6887555,4,50.0,crossing,
2092714280,50.8555339,5.6872114,3,47.0,,
2092721966,50.8101008,5.7060865,1,46.0,,
2092721971,50.811543,5.7071847,3,46.0,,
2092754014,50.8241373,5.7034508,4,44.0,,
2092755778,50.8199729,5.7045359,3,48.0,,
2092755794,50.8177121,5.7058624,3,46.0,,
2092814107,50.8138567,5.7071934,3,49.0,,
2092869232,50.8295707,5.7036992,4,48.0,,
2092869261,50.8295665,5.7036993,1,48.0,,
2095195017,50.853222,5.6650299,3,67.0,,
2095195023,50.8531435,5.6645019,3,70.0,,
2095234659,50.849835,5.665634,3,79.0,,
2095234665,50.8501305,5.6657318,3,74.0,,
2095234673,50.8515638,5.6662004,3,74.0,,
2095234675,50.8498078,5.6651487,3,79.0,,
2095234679,50.8499197,5.664998,3,79.0,,
2095234680,50.850024,5.6648523,3,74.0,,
2095234682,50.8498853,5.6660847,3,79.0,,
2095234687,50.8495994,5.6659585,3,79.0,,
2095234692,50.8496498,5.6664089,3,79.0,,
2095234695,50.8497199,5.6657925,3,79.0,,
2095234711,50.8502118,5.6648628,1,74.0,,
2095234713,50.85013,5.6647067,3,74.0,,
2095234720,50.8499975,5.6659302,3,79.0,,
2095234724,50.849761,5.6662559,3,79.0,,
2095234727,50.8501051,5.6650049,1,74.0,,
2095447020,50.8497738,5.6655195,3,79.0,,
2095575054,50.8488312,5.6622595,3,80.0,,
2098808609,50.8158051,5.7161675,3,54.0,,
2122655625,50.8477512,5.6634486,4,82.0,crossing,
2122655631,50.8477749,5.663097,4,82.0,crossing,
2122655638,50.84768,5.6632826,4,82.0,,
2125205071,50.8392358,5.6567918,3,79.0,,
2125205072,50.8556418,5.6716875,3,66.0,,
2127704194,50.884052,5.7062601,1,48.0,,
2127704720,50.8875452,5.7092973,3,43.0,,
2127704758,50.8878658,5.7075875,1,43.0,,
2127765825,50.8788526,5.7122116,1,45.0,,
2127765828,50.8789755,5.7108718,1,45.0,,
2127765835,50.8793937,5.7114314,3,46.0,,
2127765836,50.8801508,5.711455,1,46.0,,
2127765838,50.8805583,5.7109279,3,46.0,,
2127765839,50.8805644,5.7081725,1,47.0,,
2127765840,50.8805861,5.7074623,3,47.0,,
2127765842,50.8807184,5.7082908,3,47.0,,
2127765843,50.8808968,5.7077073,3,47.0,,
2127765844,50.8810248,5.7085262,1,47.0,,
2127765845,50.8810768,5.711119,1,46.0,,
2127765846,50.8813297,5.7103174,3,46.0,,
2127765848,50.8814388,5.7081347,3,45.0,,
2127765849,50.8815604,5.7142332,1,49.0,,
2127765850,50.881774,5.708845,3,46.0,,
2127765851,50.8818824,5.7084846,3,46.0,,
2127765868,50.8825083,5.7114997,1,48.0,,
2127765888,50.8834905,5.7107449,3,46.0,,
2127765891,50.8835512,5.7105488,3,46.0,,
2127765893,50.8835969,5.7104009,3,45.0,,
2127765894,50.8836633,5.7145552,1,47.0,,
2127765895,50.8837397,5.709941,3,45.0,,
2127765901,50.8840615,5.7117076,1,46.0,,
2127765905,50.8845367,5.7120522,3,46.0,,
2127765906,50.8849038,5.7108428,3,46.0,,
2127765913,50.8854351,5.7112551,3,46.0,,
2127765917,50.8858392,5.7134023,1,46.0,,
2127765919,50.8859049,5.7123042,1,46.0,,
2127765925,50.8862249,5.7118896,3,46.0,,
2129476526,50.8452573,5.7323977,3,55.0,,
2133815152,50.851646,5.690574,4,56.0,,
2133815159,50.8525148,5.6902963,3,53.0,,
2140094095,50.8400913,5.702433,3,50.0,,
2140094096,50.8398039,5.7024849,3,50.0,,
2140094097,50.8399174,5.7019659,3,48.0,,
2140094098,50.8404584,5.7014,3,48.0,,
2140094106,50.8399494,5.7024586,3,50.0,,
2140094108,50.8402291,5.7024081,3,50.0,,
2140094109,50.8400576,5.7019412,3,48.0,,
2140094111,50.8404873,5.7018713,4,48.0,,
2140094116,50.8403386,5.7018958,4,48.0,,
2140094119,50.8401978,5.7019167,3,48.0,,
2140094120,50.8403733,5.702382,3,50.0,,
2140094121,50.8397703,5.7019928,3,48.0,,
2140126588,50.8444222,5.7039964,3,52.0,,
2140126594,50.8442506,5.704033,3,52.0,,
2141178026,50.8593017,5.7323386,3,52.0,,
2141520082,50.8512635,5.7127071,3,48.0,,
2142681428,50.8453252,5.6930477,4,49.0,,
2144065941,50.8459623,5.6598622,3,83.0,,
2144065942,50.8449755,5.6607409,3,83.0,,
2144065944,50.84529,5.662072,3,83.0,,
2144065945,50.8444377,5.6550706,1,83.0,,
2144065949,50.8459179,5.6614975,3,82.0,,
2144065952,50.8454992,5.6594383,1,83.0,,
2144065953,50.8467116,5.6530089,1,84.0,,
2144065955,50.8459818,5.6614395,3,82.0,,
2144065956,50.8457252,5.6600746,3,83.0,,
2144065958,50.8456122,5.6604972,4,83.0,crossing,
2145048813,50.8457243,5.7018196,1,47.0,,
2145055969,50.8462278,5.7018262,1,52.0,,
2145055970,50.8462366,5.7028112,1,51.0,,
2145055971,50.8463348,5.7022019,1,51.0,,
2145055974,50.8466944,5.7033332,1,51.0,,
2145058111,50.8586471,5.69003,1,46.0,,
2145182768,50.8456662,5.6564363,3,84.0,,
2145182777,50.8457172,5.6580753,4,84.0,crossing,
2153614808,50.8250462,5.711951,3,46.0,,
2153614809,50.8289191,5.7042968,3,50.0,,
2153614812,50.8258301,5.7104292,4,46.0,,
2153614851,50.8248695,5.7122146,3,48.0,,
2153614858,50.8267759,5.7052244,3,48.0,,
2153614874,50.8289501,5.7036648,3,48.0,,
2153614884,50.8254188,5.7108123,3,46.0,,
2153614886,50.8283031,5.7042202,3,50.0,,
2153614888,50.8251852,5.7107987,3,46.0,,
2154278730,50.8259434,5.7100183,4,48.0,,
2154278731,50.8282081,5.7096687,3,49.0,,
2154278733,50.826614,5.7088967,3,48.0,,
2154278738,50.8266621,5.7093068,1,48.0,,
2154278739,50.8279753,5.708726,1,49.0,,
2154278741,50.8280851,5.7097051,3,49.0,,
2154319025,50.8236479,5.7054789,3,49.0,,
2154319026,50.8238057,5.7058415,3,49.0,,
2154319027,50.8239661,5.7062101,3,49.0,,
2154319028,50.8241084,5.7053454,1,49.0,,
2154319029,50.8241223,5.706569,3,47.0,,
2154319031,50.8242757,5.7069215,3,47.0,,
2154319037,50.8244297,5.7072754,4,47.0,,
2154319040,50.824573,5.7059777,4,49.0,,
2154319046,50.8245877,5.7076352,3,47.0,,
2154319052,50.8246814,5.7061622,3,49.0,,
2154319066,50.8247468,5.7079975,3,47.0,,
2154319071,50.8247575,5.7063695,3,47.0,,
2154319073,50.8247649,5.7064645,3,47.0,,
2154319074,50.8247952,5.7067678,3,47.0,,
2154319087,50.8249868,5.7067729,3,47.0,,
2154319089,50.8250597,5.7074981,1,49.0,,
2154319091,50.8251723,5.7055684,3,48.0,,
2154319093,50.8251965,5.705953,3,48.0,,
2154319095,50.8252405,5.7063282,3,49.0,,
2154319097,50.8252832,5.7066923,3,49.0,,
2154319101,50.825419,5.7078003,3,49.0,,
2154616298,50.8307207,5.6568527,3,71.0,,
2154656157,50.8335991,5.6545876,3,76.0,,
2154656158,50.8338264,5.6552607,1,76.0,,
2154661570,50.8395346,5.6508227,3,80.0,,
2156305609,50.8604028,5.6547934,1,63.0,,
2156305610,50.8631817,5.6604343,3,61.0,,
2156305611,50.8659543,5.6527978,3,68.0,,
2156305614,50.8609317,5.6542437,1,61.0,,
2156305616,50.8653306,5.6597999,3,67.0,,
2156305617,50.8636607,5.6599262,3,62.0,,
2156321695,50.8507993,5.6578464,3,75.0,,
2156467486,50.8531209,5.6562444,3,75.0,,
2157593259,50.8365089,5.721324,1,48.0,,
2157593260,50.8364392,5.720445,1,50.0,,
2157593267,50.8360351,5.721066,1,48.0,,
2157593269,50.8360083,5.7211046,3,48.0,,
2157593277,50.8366503,5.7197329,1,50.0,,
2157600612,50.8355272,5.6960275,1,43.0,,
2157600619,50.835486,5.6954298,3,51.0,,
2157600638,50.8358546,5.6961066,1,43.0,,
2159477806,50.8364931,5.6998569,3,45.0,,
2159477844,50.8364257,5.7012648,3,45.0,,
2162877862,50.8467067,5.6507105,3,81.0,,
2162877874,50.8462576,5.6531464,1,84.0,,
2163756644,50.8456418,5.6446964,3,87.0,,
2163756657,50.8460438,5.6447756,3,88.0,,
2163756658,50.8463735,5.645083,3,88.0,,
2164251237,50.8466461,5.6507102,3,81.0,,
2164251289,50.846647,5.6506146,4,81.0,,
2164251311,50.8461992,5.650662,3,81.0,,
2164251318,50.8466468,5.6488874,3,82.0,,
2167202927,50.8365962,5.6473083,1,76.0,,
2167202929,50.8362845,5.6471367,1,76.0,,
2167202930,50.8362845,5.6478662,1,76.0,,
2167202933,50.836348,5.6482184,3,72.0,,
2167202935,50.8369113,5.6460316,1,76.0,,
2167202937,50.8369181,5.6467746,1,76.0,,
2167202938,50.83683,5.6469302,3,76.0,,
2167202939,50.837245,5.6462301,1,76.0,,
2167202942,50.8372835,5.6465725,3,76.0,,
2167202949,50.8371547,5.6463822,3,76.0,,
2167202952,50.8361965,5.6480138,3,72.0,,
2167202955,50.8365088,5.6474533,3,76.0,,
2167202956,50.8366568,5.6476739,3,76.0,,
2167202960,50.8365911,5.6465868,1,76.0,,
2167202964,50.8369666,5.6471301,3,76.0,,
2178508327,50.8375236,5.7096948,1,53.0,,
2181150361,50.8425626,5.7029799,1,49.0,,
2181150368,50.8471491,5.702933,1,51.0,,
2182216625,50.8733686,5.7244132,1,49.0,,
2198133635,50.8534829,5.6801158,3,61.0,,
2231875884,50.8414026,5.66888,1,80.0,,
2231989295,50.8554438,5.6605096,4,70.0,,
2234230541,50.8371871,5.645444,3,79.0,,
2238941113,50.8540614,5.6865974,4,50.0,,
2238941129,50.858637,5.6899172,3,46.0,,
2239823944,50.8546086,5.6684591,3,68.0,,
2251093532,50.8441704,5.732157,3,55.0,,
2260017244,50.8504365,5.6874209,1,53.0,,
2260017248,50.8505159,5.6877679,1,57.0,,
2265917482,50.8570848,5.7232202,3,48.0,,
2265917485,50.8569644,5.7245397,4,48.0,,
2265917488,50.8569229,5.7243237,3,48.0,,
2265917495,50.858084,5.7239904,4,48.0,crossing,
2265917499,50.8579968,5.724247,3,48.0,,
2265917501,50.8579469,5.7240132,3,48.0,,
2265917502,50.8570104,5.7247647,3,48.0,,
2265917504,50.8566248,5.7233697,3,48.0,,
2266091989,50.8565675,5.7229123,3,48.0,,
2266092012,50.8602883,5.7195946,4,47.0,,
2271207431,50.8275756,5.7266639,3,64.0,crossing,
2278391505,50.8247686,5.724228,3,61.0,,
2278391514,50.8259978,5.7254601,4,64.0,,
2278391519,50.8258923,5.725436,3,64.0,,
2278391521,50.8276679,5.7256633,3,64.0,,
2278391527,50.8265343,5.7256198,3,64.0,,
2278391535,50.8264124,5.7263988,3,64.0,,
2284627122,50.850046,5.7114396,4,48.0,,
2285571134,50.8533889,5.7189271,3,48.0,,
2285674907,50.8524062,5.7177978,3,49.0,,
2285674912,50.8523999,5.7194937,3,48.0,,
2285774654,50.8529238,5.7159081,3,47.0,,
2295574240,50.8369918,5.7164757,3,56.0,,
2296731218,50.8559699,5.6609425,4,70.0,crossing,
2296731220,50.8555036,5.6621276,3,70.0,,
2296731225,50.8553545,5.6622897,3,70.0,,
2296731226,50.8551266,5.6621182,3,70.0,,
2296731237,50.8544605,5.6636839,3,69.0,,
2296731243,50.8544099,5.664485,3,69.0,,
2304583431,50.8402342,5.6806812,4,50.0,,
2304583448,50.840283,5.6807309,4,50.0,,
2304597240,50.8531172,5.6531688,3,77.0,,
2304703009,50.835269,5.7129411,4,53.0,crossing,
2304707406,50.8282774,5.7046123,3,50.0,,
2304707904,50.8249241,5.7212765,4,60.0,,
2309767300,50.8519625,5.7114113,3,48.0,,
2309767303,50.8479092,5.7118732,3,52.0,,
2312107065,50.8373254,5.7175389,4,53.0,,
2312109780,50.8498133,5.7057079,4,52.0,,
2312109788,50.8498627,5.7059629,4,52.0,,
2317968283,50.8673554,5.7194825,3,48.0,,
2327461909,50.8135341,5.6866858,3,129.0,,
2327461950,50.8139796,5.6900097,3,131.0,,
2328188251,50.8127802,5.6902405,3,131.0,,
2328188255,50.8126207,5.6905103,3,131.0,,
2328204685,50.812847,5.6815011,4,107.0,,
2328217232,50.8446327,5.6583268,1,84.0,,
2328217243,50.8440041,5.6578823,3,84.0,,
2350768457,50.8373349,5.7040846,1,47.0,,
2350768460,50.8373662,5.7040758,1,47.0,,
2350768472,50.8562989,5.6557733,1,69.0,,
2384505571,50.8483883,5.6720546,4,74.0,crossing,
2384505572,50.8483894,5.6722321,4,74.0,crossing,
2384505574,50.8487555,5.6715887,3,74.0,,
2406747752,50.8486324,5.7022564,3,53.0,,
2406747753,50.8486262,5.7026079,3,53.0,,
2410793794,50.833557,5.7109095,3,48.0,,
2420252442,50.8531828,5.6807635,3,61.0,,
2420252443,50.8537936,5.6807739,3,61.0,,
2420252445,50.8543424,5.6807101,3,56.0,,
2420252449,50.8514483,5.6765795,3,68.0,,
2420252454,50.8525397,5.6762777,3,66.0,,
2420252474,50.85182,5.6764531,3,68.0,,
2420252478,50.8521091,5.6758234,3,66.0,,
2420252483,50.8513748,5.6774127,3,63.0,,
2420252488,50.8511279,5.6783848,3,63.0,,
2420252490,50.8512553,5.678543,3,63.0,,
2420265658,50.8520177,5.6785062,3,63.0,,
2420788619,50.8549323,5.6792075,3,56.0,,
2420818186,50.8547511,5.6812385,3,56.0,,
2422717994,50.8491064,5.670837,3,74.0,,
2425962030,50.858108,5.6959572,1,44.0,,
2426026875,50.8591589,5.6920426,3,50.0,,
2458259836,50.8650097,5.7474251,3,60.0,,
2458280150,50.8708003,5.7435871,3,57.0,,
2460637165,50.8515011,5.6681055,3,73.0,,
2477853166,50.8505083,5.6694318,3,72.0,,
2477872386,50.8518289,5.6666227,3,74.0,,
2477872390,50.8511787,5.6674985,3,73.0,,
2477872399,50.8518855,5.6672549,3,73.0,,
2477872402,50.8515126,5.6677498,3,73.0,,
2477872410,50.8515588,5.6669833,3,73.0,,
2477872413,50.851517,5.6665788,3,74.0,,
2477872418,50.851663,5.6668408,3,73.0,,
2477872427,50.8514831,5.666621,3,74.0,,
2477872430,50.8509299,5.6650201,1,74.0,,
2477872440,50.8505166,5.6679262,3,73.0,,
2477872443,50.8505768,5.6680407,3,73.0,,
2477872446,50.850841,5.6676852,3,73.0,,
2477872449,50.8507799,5.6675678,3,73.0,,
2477879085,50.8508954,5.6685909,3,73.0,,
2477879087,50.8498558,5.6654094,1,79.0,,
2477879090,50.8509094,5.667393,3,73.0,,
2477879094,50.8516183,5.6667636,3,73.0,,
2480116994,50.8506616,5.6681975,3,73.0,,
2480116996,50.8509342,5.667822,3,73.0,,
2480116997,50.8511526,5.6682395,3,73.0,,
2480116999,50.8512576,5.668095,3,73.0,,
2480117000,50.8509968,5.6675941,3,73.0,,
2480117004,50.8508868,5.6677327,3,73.0,,
2489554289,50.8718754,5.7329122,1,51.0,,
2502864749,50.8639675,5.6557151,3,70.0,,
2502864750,50.863836,5.6557809,3,70.0,,
2502864753,50.8638734,5.655052,3,70.0,,
2502864754,50.864115,5.6556468,3,70.0,,
2502897091,50.8078399,5.7115562,3,49.0,,
2503257465,50.8346678,5.6873368,3,90.0,,
2503257533,50.8357253,5.6861645,3,70.0,,
2503257628,50.8359265,5.6852695,5,78.0,,
2503257778,50.8363697,5.6851506,3,78.0,,
2503257896,50.8366166,5.6856416,4,70.0,,
2503268101,50.8368834,5.6843914,1,78.0,,
2510002171,50.8611227,5.688778,4,51.0,crossing,
2512591909,50.8541516,5.6594611,4,69.0,crossing,
2512591916,50.8530062,5.6634517,3,70.0,,
2512591925,50.8568291,5.6550406,4,69.0,crossing,
2512591930,50.8564335,5.6551037,4,69.0,crossing,
2512591931,50.8563312,5.6554059,4,69.0,,
2512591938,50.8556098,5.6568178,3,74.0,,
2512591939,50.8550087,5.6586981,3,72.0,,
2512591943,50.8544812,5.6584365,3,72.0,,
2512591945,50.8544583,5.6578397,3,74.0,,
2512591946,50.8549646,5.6562814,3,74.0,,
2512591948,50.8550893,5.656385,3,74.0,,
2526545231,50.8600794,5.7101779,1,48.0,,
2541500032,50.8367631,5.6853059,4,78.0,,
2568007802,50.8720284,5.71728,3,50.0,,
2568007803,50.8722665,5.7168254,3,50.0,,
2574598906,50.843216,5.6426598,3,89.0,,
2574598908,50.843161,5.6426809,3,89.0,,
2574605060,50.8476833,5.6435822,3,89.0,,
2574605062,50.8475911,5.6435947,3,89.0,,
2574605066,50.8476802,5.6441336,3,88.0,,
2574605068,50.8473401,5.6469454,3,86.0,,
2574605072,50.8474953,5.6469408,3,86.0,,
2574605073,50.8472756,5.6479032,3,86.0,,
2574605076,50.8474833,5.6478933,3,86.0,,
2574605077,50.8472699,5.6489609,3,82.0,,
2574605079,50.8474468,5.6489589,3,82.0,,
2574605080,50.847357,5.6505314,3,81.0,,
2574605084,50.8474042,5.6519393,3,81.0,,
2574606705,50.8484634,5.652741,1,80.0,,
2578411769,50.8728893,5.7183009,3,50.0,,
2579536784,50.8730244,5.7184599,1,46.0,,
2579536786,50.8708292,5.7179996,1,45.0,,
2579536791,50.8689143,5.7182793,1,45.0,,
2583456250,50.8445242,5.7150396,1,51.0,,
2587147871,50.8730748,5.7316627,1,46.0,,
2591863647,50.8196748,5.7064216,3,48.0,,
2591863690,50.8249768,5.7119166,3,48.0,,
2607796004,50.8498643,5.6914896,3,59.0,,
2612385568,50.8572895,5.7077184,3,51.0,,
2616238629,50.8505321,5.6896247,3,56.0,,
2616238631,50.8502936,5.6893688,1,57.0,,
2617862431,50.8498051,5.6890752,3,55.0,,
2620176885,50.8252358,5.7414927,3,69.0,,
2620176894,50.8290732,5.7428297,3,75.0,,
2621153491,50.831809,5.6551068,3,76.0,,
2621153494,50.8310974,5.6557649,3,70.0,,
2621153497,50.8313034,5.6535877,3,78.0,,
2621153498,50.8313724,5.6540141,3,78.0,,
2621153501,50.8315126,5.6543873,3,76.0,,
2621153503,50.8314411,5.6539416,3,78.0,,
2621153505,50.8316783,5.6546643,3,76.0,,
2621153514,50.8307821,5.6566539,3,71.0,,
2621153515,50.83139,5.6548499,3,76.0,,
2621153521,50.8315738,5.6543306,3,76.0,,
2621153522,50.8311077,5.653808,3,76.0,,
2621153525,50.8310095,5.6568197,3,71.0,,
2621153528,50.8314915,5.6557154,3,76.0,,
2621153534,50.8311966,5.6553805,3,70.0,,
2621153535,50.8315633,5.6532534,3,78.0,,
2623613906,50.8428872,5.7331421,3,58.0,,
2634193027,50.809594,5.7133102,1,48.0,,
2635583969,50.8353416,5.7035869,1,50.0,,
2637148774,50.8514889,5.7229951,3,47.0,,
2637148776,50.8515316,5.7236584,3,47.0,,
2645588476,50.8498634,5.6914167,3,59.0,,
2647326626,50.8481644,5.7302993,3,54.0,,
2661138563,50.8488153,5.6717797,1,74.0,,
2661891272,50.8472812,5.6513464,3,81.0,,
2661891275,50.846459,5.6519762,3,81.0,,
2669257845,50.8495167,5.6770663,3,70.0,,
2670370858,50.8392296,5.6681641,3,83.0,,
2673025251,50.8371406,5.7275844,3,59.0,,
2673025253,50.837076,5.7280113,1,59.0,,
2673028436,50.8305583,5.7318076,1,63.0,,
2673028438,50.8305772,5.7316868,3,63.0,,
2673031106,50.8311183,5.7321513,1,63.0,,
2673031107,50.8311386,5.7319993,3,63.0,,
2673031108,50.8316081,5.7324519,1,62.0,,
2673031873,50.8338104,5.7279574,3,62.0,,
2673034088,50.8338554,5.728504,3,62.0,,
2673034090,50.8338727,5.7290699,3,62.0,,
2673034092,50.8338589,5.7295905,3,66.0,,
2673034094,50.8338084,5.7301319,3,66.0,,
2673034096,50.8337301,5.7306252,3,66.0,,
2673034098,50.8339377,5.7279562,3,62.0,,
2673036829,50.8347384,5.7274058,3,62.0,,
2673036830,50.8346051,5.7279443,3,62.0,,
2673036831,50.8344804,5.7284928,3,62.0,,
2673036832,50.8343564,5.7290386,3,62.0,,
2673036833,50.8342309,5.7295906,3,66.0,,
2673036834,50.8341127,5.7301107,3,66.0,,
2673036835,50.8340014,5.7306003,3,66.0,,
2673054693,50.8355452,5.7092258,1,49.0,,
2678694769,50.815226,5.7231907,1,55.0,,
2682275156,50.8464056,5.6983207,3,52.0,,
2690400386,50.8323844,5.7206908,1,50.0,,
2690400390,50.8331273,5.7208683,3,58.0,,
2690425438,50.8374068,5.6900393,3,59.0,,
2690425445,50.8370249,5.688894,3,64.0,,
2690465380,50.8648359,5.6549082,3,69.0,,
2690465382,50.8651294,5.6556501,3,69.0,,
2692614556,50.8357301,5.7328801,3,60.0,,
2737334592,50.8711436,5.7231326,3,49.0,,
2737533075,50.8689064,5.686048,3,43.0,,
2749523790,50.8604194,5.7311879,3,51.0,,
2749523791,50.8603983,5.728612,1,47.0,,
2770187911,50.8443574,5.6859639,3,54.0,,
2799718779,50.8252435,5.6932954,3,105.0,,
2800676620,50.8410105,5.7353967,3,61.0,,
2801223389,50.829437,5.7098575,3,49.0,,
2801223390,50.8384669,5.6882563,3,57.0,,
2801441313,50.8313611,5.6560528,3,76.0,,
2801441314,50.8309819,5.6560178,3,70.0,,
2801448440,50.8319413,5.6575645,3,72.0,,
2801448441,50.8320521,5.6563123,3,72.0,,
2801448443,50.8325411,5.6557811,3,76.0,,
2801448445,50.8315567,5.658079,3,72.0,,
2801448446,50.8316593,5.6569473,3,72.0,,
2801544791,50.8341529,5.6533872,1,80.0,,
2802124200,50.8658378,5.6496345,3,64.0,,
2802134332,50.873819,5.6698193,1,58.0,,
2802184447,50.864295,5.6455457,3,73.0,,
2802184455,50.86477,5.6469651,3,64.0,,
2803340802,50.8246351,5.6999643,1,44.0,,
2804513657,50.8514249,5.6690017,1,72.0,,
2804513686,50.8514542,5.6696243,1,72.0,,
2804514134,50.8518059,5.6691534,1,72.0,,
2804912254,50.8443028,5.6886322,1,52.0,,
2804921280,50.8464173,5.6927156,1,55.0,,
2805043976,50.8416355,5.6777436,4,56.0,,
2805043977,50.8421563,5.6770498,3,65.0,,
2805043978,50.8461812,5.6631822,3,82.0,,
2805043979,50.8463231,5.6630554,3,82.0,,
2805043980,50.8464224,5.6638624,3,82.0,,
2805043981,50.8465703,5.6637288,3,82.0,,
2805942351,50.8584574,5.6694881,3,72.0,,
2805942352,50.8586043,5.670666,3,72.0,,
2805942358,50.8652344,5.6518076,1,67.0,,
2805942362,50.8654716,5.652392,3,68.0,,
2805942363,50.8655868,5.6518969,3,67.0,,
2805942364,50.8656955,5.6521628,3,68.0,,
2806146179,50.8318393,5.7236838,1,61.0,,
2806206469,50.8357908,5.6648213,3,68.0,,
2806206472,50.8359464,5.6652634,1,68.0,,
2806242627,50.8457639,5.6753401,1,67.0,,
2807000416,50.8293955,5.7084143,1,49.0,,
2808241389,50.8302361,5.726371,3,60.0,,
2808241390,50.8302588,5.7268485,3,60.0,,
2808241391,50.8302797,5.7273653,3,62.0,,
2808241392,50.8308582,5.7267707,3,60.0,,
2808283464,50.828204,5.706056,3,50.0,,
2808283465,50.8282569,5.7068705,1,49.0,,
2808283466,50.8290233,5.7057244,3,50.0,,
2808283467,50.8290522,5.7064835,1,49.0,,
2808283468,50.8297545,5.7084789,3,49.0,,
2808305606,50.8400117,5.6929869,1,51.0,,
2808305607,50.8400735,5.6929685,3,51.0,,
2810460276,50.8546832,5.7018585,1,48.0,,
2810749403,50.8564198,5.7084665,3,49.0,,
2811005454,50.8528527,5.6922704,1,54.0,,
2811005456,50.8530112,5.6926658,1,54.0,,
2811005459,50.853196,5.6910999,1,53.0,,
2811005471,50.8538501,5.6929052,1,54.0,,
2811005475,50.8541117,5.6904968,1,53.0,,
2811005476,50.8542847,5.6905588,3,50.0,,
2811081109,50.850239,5.7203109,3,49.0,,
2811081110,50.8503748,5.7206668,3,49.0,,
2811138476,50.852259,5.6973574,3,45.0,,
2811270893,50.8478138,5.7301622,3,56.0,,
2812163328,50.858244,5.7216688,1,48.0,,
2812170774,50.8602855,5.7198377,1,47.0,,
2814021527,50.8432241,5.6426491,3,89.0,,
2814393565,50.8584041,5.7185373,3,48.0,,
2814472468,50.8647665,5.7319821,3,53.0,,
2814472470,50.8716171,5.7341539,1,49.0,,
2816675681,50.8487764,5.6834197,3,63.0,,
2817843510,50.8386606,5.6940743,3,52.0,,
2818084011,50.8589641,5.673933,3,66.0,,
2818084013,50.8577971,5.6743793,3,64.0,,
2819393683,50.8611457,5.7107946,3,48.0,,
2819393685,50.8630892,5.7323883,3,53.0,crossing,
2819393687,50.8631148,5.7320175,1,53.0,,
2819393690,50.8649594,5.7328092,3,53.0,,
2819393692,50.8656974,5.7046131,3,48.0,,
2820206992,50.8644981,5.6552656,1,70.0,,
2820207935,50.865186,5.6509569,3,67.0,,
2820207936,50.863833,5.6495847,3,71.0,,
2820236005,50.8473555,5.6942848,3,51.0,,
2820236006,50.8473127,5.6948643,3,51.0,,
2820426374,50.84697,5.681541,1,63.0,,
2820446605,50.8578413,5.6929794,3,50.0,,
2820452654,50.8671919,5.7178964,4,44.0,,
2820452657,50.8675238,5.717253,4,44.0,,
2820481841,50.861966,5.7155148,3,47.0,,
2821350870,50.8468119,5.7010819,3,52.0,,
2821350874,50.8472856,5.7011201,3,52.0,,
2822737377,50.8461131,5.6961006,3,45.0,,
2824864676,50.847568,5.6895446,3,56.0,,
2826260806,50.8459266,5.6988476,3,52.0,,
2826260807,50.846038,5.6999795,1,52.0,,
2827138441,50.8577211,5.6621343,1,71.0,turning_circle,
2831480810,50.8457572,5.6989818,1,45.0,,
2833574810,50.8194034,5.6667058,3,63.0,,
2833574816,50.8205478,5.6677577,3,63.0,,
2833574819,50.823006,5.661329,3,105.0,,
2833919001,50.8389726,5.688292,1,57.0,,
2833929520,50.8402721,5.6874996,3,52.0,,
2835661856,50.8468851,5.6994368,3,52.0,,
2835661857,50.8467775,5.6994127,1,52.0,,
2839827443,50.8506378,5.6997145,4,52.0,,
2839842305,50.8523732,5.7110985,3,48.0,,
2839859761,50.8480929,5.7004755,4,53.0,,
2839859762,50.8483586,5.6999692,1,53.0,,
2851080763,50.8534993,5.7206632,3,48.0,,
2851080772,50.8538432,5.7220511,3,48.0,,
2851496631,50.8633563,5.7374441,3,56.0,,
2855423007,50.8657206,5.7169714,3,47.0,,
2857948927,50.8520879,5.6929537,3,54.0,,
2857948929,50.8519316,5.692896,3,54.0,,
2862559475,50.8582022,5.7221046,4,48.0,crossing,
2862739440,50.8593264,5.7301009,3,51.0,,
2862739449,50.8586117,5.7319846,3,52.0,,
2862739450,50.8607737,5.734694,3,55.0,,
2862739452,50.859962,5.7336313,4,51.0,,
2862739453,50.8591776,5.732634,4,52.0,,
2862739454,50.860788,5.7336479,3,55.0,,
2862739456,50.8615827,5.7346644,3,55.0,,
2862739458,50.8586004,5.7312839,3,52.0,,
2862739463,50.8607882,5.734018,3,55.0,,
2866747763,50.8454905,5.6954277,3,50.0,,
2868002462,50.8532625,5.6915671,3,53.0,,
2868002463,50.853825,5.6909209,3,53.0,,
2868267451,50.852643,5.6913067,3,53.0,,
2870627530,50.8486112,5.7141834,3,51.0,,
2870627531,50.8482383,5.7142648,3,51.0,,
2885650457,50.8378112,5.6570907,3,79.0,,
2885650459,50.838284,5.659304,3,82.0,,
2885650460,50.8385396,5.6599345,3,82.0,,
2885650461,50.8375157,5.657403,3,79.0,,
2885650462,50.8384784,5.6582644,3,79.0,,
2885650464,50.838854,5.6596177,3,82.0,,
2885650465,50.8380133,5.6575734,1,79.0,,
2885650466,50.8372781,5.6567982,3,77.0,,
2885650468,50.8382201,5.6576181,3,79.0,,
2885650469,50.8387312,5.658897,3,82.0,,
2885650470,50.8379662,5.6569845,3,79.0,,
2885650471,50.8389881,5.6595295,3,82.0,,
2885650472,50.8385946,5.6589887,3,82.0,,
2885650473,50.8383392,5.6583649,3,82.0,,
2885650475,50.838027,5.6586703,3,82.0,,
2885650476,50.8382691,5.6581984,1,79.0,,
2885650477,50.8387975,5.6594724,1,82.0,,
2885650479,50.8377524,5.6569377,1,79.0,,
2885650481,50.838535,5.6588367,1,82.0,,
2885650484,50.8380752,5.65773,3,79.0,,
2885650485,50.8377703,5.6580369,3,79.0,,
2889342571,50.8917986,5.7138668,3,45.0,,
2889342572,50.8917447,5.714276,3,45.0,,
2911729991,50.8270634,5.7300495,1,63.0,,
2911729992,50.8270773,5.7299871,1,63.0,,
2932700585,50.8262765,5.7245364,3,65.0,,
2932700586,50.8266641,5.7246484,3,65.0,,
2932700587,50.8266878,5.7244607,3,65.0,,
2932700588,50.8262961,5.7243453,3,65.0,,
2932700591,50.8268466,5.7255513,3,64.0,,
2934324462,50.8280642,5.7195929,3,58.0,,
2934324463,50.8280466,5.719736,3,58.0,,
2934324464,50.8278533,5.7190247,3,58.0,,
2935081291,50.8236914,5.7199339,3,57.0,,
2935084506,50.8207861,5.7210005,3,58.0,,
2935087815,50.8202085,5.7273973,3,57.0,,
2935087817,50.8226968,5.7286946,3,61.0,,
2935097548,50.825049,5.7196158,4,60.0,,
2935097549,50.8250976,5.719279,1,60.0,,
2935097659,50.8265503,5.7210518,4,64.0,,
2935097661,50.8266318,5.7210523,3,64.0,,
2935097662,50.8266077,5.721833,3,64.0,,
2935199403,50.8304648,5.7201087,3,58.0,,
2935199405,50.8305515,5.7201105,3,58.0,,
2935199408,50.8306066,5.7197691,1,58.0,,
2935201072,50.826735,5.7202936,3,60.0,,
2935335916,50.822265,5.7223286,3,59.0,,
2935341982,50.8223653,5.7238493,4,60.0,,
2935344209,50.8242521,5.7238847,3,61.0,,
2935344210,50.8242528,5.7235902,3,61.0,,
2935344211,50.8245392,5.7235822,1,61.0,,
2935344212,50.8242487,5.7230457,3,61.0,,
2935347545,50.8248787,5.7222532,3,60.0,,
2935347547,50.8251935,5.7223965,3,64.0,,
2935347817,50.8264633,5.7225739,3,64.0,,
2935347819,50.8261757,5.7224849,3,64.0,,
2935348478,50.8257199,5.7240508,3,65.0,,
2935348480,50.8258231,5.7235452,3,65.0,,
2935349686,50.8287987,5.7194916,3,58.0,,
2935350880,50.82923,5.72039,3,58.0,,
2935350881,50.8291812,5.7203916,3,58.0,,
2935355131,50.8292024,5.7244105,3,62.0,,
2935358243,50.8308046,5.7209929,1,62.0,,
2937517901,50.8356544,5.7331925,3,60.0,,
2937517904,50.8346135,5.7342045,3,63.0,,
2937517905,50.8349226,5.7330166,3,65.0,,
2937517906,50.8348671,5.7329836,3,65.0,,
2937517908,50.8346232,5.7329353,1,65.0,,
2937517909,50.8348908,5.732879,3,65.0,,
2937517910,50.8346706,5.7327449,1,65.0,,
2937517912,50.8347163,5.7325571,1,65.0,,
2937517913,50.8347802,5.7335638,3,63.0,,
2937517914,50.8346249,5.7334691,1,63.0,,
2937517915,50.8347275,5.7337664,3,63.0,,
2937517916,50.8345656,5.7336649,1,63.0,,
2937517917,50.8346769,5.7339608,3,63.0,,
2937517918,50.8345147,5.7338634,1,63.0,,
2937805171,50.8199216,5.7285553,3,57.0,,
2939003356,50.8635695,5.6800183,4,46.0,,
2939003366,50.8611565,5.6805258,4,46.0,,
2939003370,50.8610907,5.6803574,4,46.0,,
2939003371,50.8617678,5.684239,3,46.0,,
2939734994,50.8245733,5.7273933,3,63.0,,
2939744476,50.8246402,5.7265738,4,62.0,,
2939744477,50.82463,5.72639,3,62.0,,
2939746061,50.8247592,5.7243477,3,61.0,,
2943256271,50.8289244,5.7290096,1,64.0,,
2943257089,50.8248775,5.722297,3,60.0,,
2943273466,50.8229858,5.7205763,3,57.0,,
2943273468,50.8231944,5.7210977,3,60.0,,
2943273469,50.820836,5.7222437,3,59.0,,
2943273472,50.8205753,5.7215261,3,58.0,,
2945546046,50.8309187,5.7247314,1,62.0,,
2951269742,50.8569395,5.725566,3,46.0,,
2951269743,50.8571393,5.7272156,1,48.0,,
2951269744,50.8562973,5.7257291,1,46.0,,
2951270706,50.8564841,5.7272907,1,48.0,,
2951270707,50.8571263,5.7271082,3,48.0,,
2951273357,50.8611977,5.7204296,1,47.0,,
2951273443,50.8620081,5.7214987,4,46.0,,
2951273444,50.8614787,5.7214623,3,46.0,,
2951273446,50.8619689,5.7221971,4,46.0,,
2951275088,50.8585646,5.7174271,3,48.0,,
2951317386,50.865029,5.7200675,1,46.0,,
2951507196,50.840742,5.6876842,4,53.0,,
2951507198,50.8407284,5.6873362,3,52.0,,
2951507203,50.8407269,5.6864222,3,52.0,,
2951507206,50.8406304,5.6876335,3,53.0,,
2951507212,50.8411457,5.6865354,3,52.0,,
2960175069,50.8801469,5.7192299,1,51.0,,
2985750515,50.8699503,5.7352409,3,50.0,,
2985750516,50.8715906,5.7361558,3,53.0,,
2985750522,50.8692159,5.735244,3,50.0,,
2985750525,50.8706734,5.7355182,3,49.0,,
2985750527,50.8705391,5.7383138,3,51.0,,
2985750529,50.8698322,5.7380149,3,51.0,,
2985750532,50.8691094,5.7377351,3,51.0,,
2994532008,50.8524544,5.6570114,4,72.0,,
2994532012,50.8529428,5.6541498,4,77.0,,
2994532014,50.8526518,5.657091,3,72.0,,
2994557528,50.8478058,5.663385,1,82.0,,
3001398298,50.8249607,5.7125673,3,49.0,,
3001399556,50.8195034,5.723134,4,56.0,,
3018266380,50.814201,5.6796819,3,99.0,,
3018655756,50.8711293,5.6816763,1,43.0,,
3018655764,50.8715096,5.6811287,3,50.0,,
3070748567,50.8556277,5.6992644,4,46.0,crossing,
3070748568,50.855531,5.700188,3,48.0,,
3070748570,50.855624,5.6996631,3,46.0,,
3089353218,50.8431366,5.6904302,1,51.0,,
3089353220,50.8431756,5.6868935,1,52.0,,
3089353226,50.8425085,5.6885488,5,50.0,,
3089353230,50.8437653,5.6878967,3,52.0,,
3110921082,50.8558362,5.7164332,1,47.0,,
3115422651,50.8667566,5.7199651,1,48.0,,
3115422655,50.8667268,5.7196135,4,48.0,,
3115422662,50.8596419,5.7200789,1,47.0,,
3118450737,50.8557863,5.7162658,1,47.0,,
3118450739,50.8557442,5.7151222,3,47.0,,
3118450740,50.8563573,5.7150495,3,49.0,,
3118450741,50.8558465,5.715302,4,47.0,,
3162995199,50.8316618,5.6823085,3,90.0,,
3208208833,50.8535996,5.7394497,3,55.0,,
3211258134,50.8714095,5.7425151,3,67.0,,
3211258138,50.8714707,5.7400945,3,59.0,,
3211258141,50.8715009,5.7405052,1,59.0,,
3224611638,50.8277818,5.7293406,4,63.0,,
3270661476,50.8040039,5.7144007,3,48.0,,
3276809853,50.8332771,5.7021483,3,47.0,,
3276849100,50.8402158,5.7076924,3,47.0,,
3276849104,50.8401477,5.7104255,3,50.0,,
3276869573,50.8314764,5.7280708,3,60.0,,
3286696935,50.8328903,5.6675161,1,61.0,,
3351408248,50.8423552,5.7409455,1,59.0,,
3359185016,50.8420925,5.7167128,3,48.0,motorway_junction,54
3359185021,50.8422736,5.7168293,3,48.0,,
3359185057,50.8389692,5.7182752,3,48.0,motorway_junction,54
3359220281,50.8615279,5.7171876,3,49.0,,
3366677494,50.8682163,5.7452516,3,58.0,,
3378063804,50.8257569,5.7246182,3,65.0,,
3378063805,50.8258584,5.724641,3,65.0,,
3378063808,50.8257352,5.7248145,3,65.0,,
3378063809,50.8267064,5.7243251,3,65.0,,
3378063810,50.8274476,5.7256063,3,64.0,,
3378063814,50.8271593,5.7255339,3,64.0,,
3378063825,50.8275205,5.7266459,3,64.0,,
3378063826,50.8275528,5.7263256,1,64.0,,
3378063831,50.8272299,5.7256911,3,64.0,,
3378063837,50.827329,5.725701,1,64.0,,
3378063840,50.8275278,5.7263196,1,64.0,,
3378063841,50.8274945,5.7266384,3,64.0,,
3378097524,50.8444059,5.6717065,3,74.0,,
3378103942,50.8503828,5.6663859,3,74.0,,
3378103946,50.8502296,5.6661019,3,74.0,,
3378103947,50.8507761,5.6658419,3,74.0,,
3378103948,50.8506335,5.6655668,3,74.0,,
3378103954,50.851,5.6656723,3,74.0,,
3378103955,50.8508994,5.6656502,3,74.0,,
3378103960,50.8508909,5.6657106,3,74.0,,
3378103961,50.8507961,5.6656851,3,74.0,,
3378103964,50.8507334,5.6657562,3,74.0,,
3378103965,50.8506547,5.6656408,3,74.0,,
3378103968,50.8508962,5.6656741,3,74.0,,
3378103969,50.8506452,5.665589,3,74.0,,
3389800323,50.861485,5.7028589,3,49.0,,
3389800326,50.8610476,5.7003531,4,49.0,,
3389800333,50.8604433,5.7003509,3,49.0,,
3389800342,50.8567981,5.6801289,4,51.0,,
3389800351,50.8566627,5.6801308,4,51.0,,
3389800353,50.858181,5.6830038,3,51.0,,
3389800362,50.858135,5.6828852,4,51.0,,
3389800363,50.8580808,5.6830462,3,51.0,,
3389800384,50.8693732,5.6736996,3,62.0,,
3389800507,50.8657766,5.6790524,3,57.0,,
3389800527,50.8693667,5.6724516,3,62.0,,
3430066115,50.8536872,5.6799058,4,61.0,,
3430066119,50.8526454,5.6783582,4,62.0,,
3430066120,50.8531159,5.6775224,1,62.0,,
3430066124,50.8514285,5.677415,3,63.0,,
3430066129,50.8539093,5.6795551,3,61.0,,
3430066130,50.8542792,5.6796101,3,56.0,,
3444779472,50.8716748,5.7343051,1,49.0,,
3452246916,50.8637964,5.7113076,3,46.0,,
3452246917,50.8635729,5.7120693,3,46.0,,
3459590439,50.8612262,5.6900954,3,50.0,,
3475087994,50.8720818,5.7365766,3,53.0,,
3475088037,50.872306,5.7364009,1,53.0,,
3476496469,50.8575409,5.7161571,3,49.0,,
3476537948,50.8428479,5.676936,3,65.0,,
3495483566,50.835575,5.6861653,3,70.0,,
3495483583,50.836278,5.6843622,3,78.0,,
3495483587,50.8364587,5.6845149,3,78.0,,
3495500342,50.834903,5.6848469,3,95.0,,
3496858786,50.8435977,5.6625823,3,82.0,,
3496858790,50.8425861,5.6647405,4,83.0,crossing,
3503100640,50.8540764,5.6834594,1,52.0,,
3512428629,50.8368224,5.6572825,3,77.0,crossing,
3512428646,50.8420898,5.6703148,4,80.0,,
3512611216,50.8513271,5.7149816,3,49.0,,
3512611217,50.8509702,5.7138565,3,48.0,,
3542013577,50.8475703,5.6897629,3,54.0,,
3565595421,50.8527444,5.6865447,3,50.0,,
3565595422,50.8530069,5.6862369,3,50.0,,
3565595423,50.8534558,5.6878335,3,50.0,,
3575233563,50.8898655,5.6953792,4,42.0,,
3575233582,50.8948264,5.7023354,3,42.0,,
3575234510,50.8960097,5.7003614,3,43.0,,
3575234511,50.8960735,5.6962223,3,44.0,,
3575234533,50.898,5.6966835,4,40.0,,
3575234576,50.9013265,5.698446,4,43.0,,
3575234583,50.9021016,5.7002989,3,42.0,,
3604952135,50.8148396,5.719247,3,53.0,,
3633064476,50.8424243,5.6963585,3,53.0,,
3702962474,50.8282125,5.7020521,3,45.0,,
3710816961,50.8949312,5.6953619,1,42.0,,
3718214961,50.8561419,5.6845446,3,48.0,,
3718214966,50.8576701,5.6867667,3,47.0,,
3718214977,50.8619846,5.6868022,1,48.0,,
3718214979,50.861974,5.6864653,3,48.0,,
3773199350,50.8313185,5.7279166,1,60.0,,
3773208747,50.831577,5.7278313,1,60.0,,
3773209505,50.8315142,5.7277494,1,60.0,crossing,
3777228481,50.8170532,5.6885488,4,48.0,,
3798511340,50.842658,5.6963183,1,53.0,,
3798511342,50.8424759,5.6962401,1,53.0,,
3798511346,50.8422782,5.6923645,3,53.0,,
3798511349,50.8422633,5.6918633,3,53.0,,
3800431767,50.8348732,5.6839901,4,95.0,,
3801934825,50.8341384,5.7002178,3,47.0,,
3804363377,50.8445744,5.680756,3,63.0,crossing,
3804363378,50.8445041,5.6808363,4,63.0,crossing,
3804363379,50.8444314,5.6808791,4,63.0,crossing,
3804363380,50.8448998,5.6809451,3,63.0,crossing,
3804363381,50.8449151,5.6810689,4,63.0,crossing,
3804363382,50.8449546,5.6812097,4,63.0,crossing,
3804363383,50.8450178,5.6812947,3,60.0,crossing,
3804363384,50.8448577,5.6819516,4,60.0,crossing,
3804363385,50.8447705,5.6819486,4,60.0,crossing,
3804363386,50.8446937,5.681987,4,60.0,crossing,
3804363387,50.8446488,5.6820729,4,60.0,crossing,
3804363388,50.8490367,5.6779842,4,70.0,crossing,
3804363389,50.8490177,5.6778384,4,70.0,crossing,
3804363390,50.8493248,5.6771423,4,70.0,crossing,
3804363391,50.8493939,5.6771217,4,70.0,crossing,
3804363392,50.8497503,5.6777382,4,70.0,crossing,
3804363393,50.8497483,5.6778601,4,70.0,crossing,
3804363395,50.8453148,5.680784,1,63.0,,
3814131917,50.8511382,5.6654137,3,74.0,,
3823235669,50.8180117,5.6682039,3,72.0,,
3823235670,50.817957,5.667262,3,72.0,,
3823447112,50.8203461,5.662975,3,113.0,,
3823447123,50.8208026,5.6617213,3,106.0,,
3823447126,50.8208336,5.6620247,3,109.0,,
3823447139,50.8209979,5.6620379,3,109.0,,
3823447150,50.8214122,5.6629415,3,103.0,,
3830459280,50.8180273,5.6682132,3,72.0,,
3849289235,50.873974,5.7141682,3,47.0,,
3849289238,50.8746576,5.7120926,1,48.0,,
3851970135,50.8239413,5.6634781,3,101.0,,
3851970146,50.8251427,5.6967125,3,46.0,,
3851974872,50.8268795,5.6633292,3,104.0,,
3851974875,50.8271879,5.6866895,3,105.0,,
3857879774,50.8346266,5.6835869,4,95.0,,
3863913601,50.8218556,5.675735,3,80.0,,
3863913605,50.8250023,5.6774319,3,93.0,,
3863913611,50.8259937,5.6777274,1,93.0,,
3863913612,50.8260983,5.67764,3,93.0,,
3864179900,50.8152522,5.6941027,3,50.0,,
3864179902,50.8153002,5.6938681,4,50.0,,
3864179903,50.8153458,5.6936553,3,88.0,,
3865235923,50.8474334,5.7062415,3,52.0,,
3866183820,50.8170536,5.6942078,1,49.0,,
3866183832,50.8171327,5.6886471,1,48.0,,
3866183843,50.8172762,5.687241,1,49.0,,
3866183855,50.818981,5.6941555,1,56.0,,
3866184760,50.8224691,5.6944398,3,65.0,,
3866184763,50.8225985,5.694541,3,65.0,,
3866184772,50.8249794,5.6956797,1,73.0,,
3866184776,50.8251191,5.6956083,3,87.0,,
3866184789,50.8255812,5.6950578,3,87.0,,
3866184790,50.8255926,5.6957201,1,87.0,,
3866184832,50.8345419,5.6876454,3,68.0,,
3867343688,50.8181954,5.6680801,1,72.0,,
3876435454,50.8635726,5.6623177,4,61.0,,
3876494954,50.8618675,5.7387608,5,57.0,,
3876494955,50.8607391,5.738981,3,57.0,,
3876503257,50.8572593,5.7388269,1,56.0,,
3876503258,50.8531353,5.7382852,4,55.0,,
3876503259,50.8523769,5.7353646,3,60.0,,
3876503262,50.854566,5.7296302,3,49.0,,
3876503265,50.8554248,5.72984,3,49.0,,
3876524162,50.8486683,5.7146295,3,51.0,,
3876603899,50.8701662,5.7126722,3,48.0,,
3876603904,50.8680996,5.7143681,1,48.0,,
3882441456,50.8571425,5.6774623,1,58.0,,
3882441559,50.8572059,5.67768,3,58.0,,
3894880086,50.8700896,5.7230429,3,47.0,,
3899829819,50.831308,5.7245663,1,61.0,,
3899829821,50.8318476,5.7262052,3,61.0,,
3915145989,50.8313676,5.6860401,3,99.0,,
3915145990,50.8315412,5.6860441,3,99.0,,
3915146004,50.8324294,5.6874899,3,99.0,,
3915146005,50.832446,5.6868117,3,99.0,,
3915146010,50.8329171,5.6871605,3,99.0,,
3915146015,50.8339649,5.6845457,3,95.0,,
3923811710,50.8296065,5.7441422,1,81.0,,
3924561110,50.8146881,5.6906649,3,122.0,,
3924561111,50.8146773,5.689962,3,122.0,,
3924561130,50.8168832,5.6881985,3,48.0,,
3924561136,50.8179845,5.6820191,3,94.0,,
3924594594,50.8306708,5.683493,1,87.0,,
3924594597,50.8255626,5.6950957,3,87.0,,
3924594602,50.8259414,5.6951666,3,87.0,,
3924594607,50.8266383,5.6864851,4,75.0,,
3937693153,50.9010289,5.7143592,1,43.0,,
3944606783,50.8375642,5.6459783,3,79.0,,
3960993599,50.8567904,5.731812,1,52.0,,
3964529691,50.8847964,5.7222272,3,45.0,,
3995925271,50.839209,5.6521401,3,77.0,,
3995925273,50.8392856,5.6519343,3,80.0,,
3995925280,50.8394181,5.6525991,3,77.0,,
3995925281,50.8394537,5.6523657,1,77.0,,
3995925282,50.8395306,5.6521604,1,77.0,,
3995925283,50.8396453,5.652006,3,79.0,,
3995925289,50.8398317,5.6505182,3,79.0,,
3995925290,50.8399103,5.6503138,3,79.0,,
3995925294,50.8400387,5.6509851,3,79.0,,
3995925295,50.8400714,5.6507527,1,79.0,,
3995925296,50.8401498,5.6505504,1,79.0,,
3995925297,50.8402622,5.6504039,3,79.0,,
4042813313,50.8580385,5.7323125,3,52.0,,
4042813314,50.858034,5.7318273,1,52.0,,
4063850208,50.8180769,5.6795718,3,88.0,,
4063850211,50.8185871,5.6795652,3,88.0,,
4081063517,50.8416486,5.7449752,1,62.0,,
4081063524,50.8417933,5.7450557,3,63.0,,
4095645310,50.8143926,5.6921291,3,64.0,,
4095645313,50.8144027,5.6919735,1,64.0,,
4119724397,50.858398,5.7170717,3,48.0,,
4119724398,50.8581115,5.7173185,3,48.0,,
4119724401,50.8582462,5.7172078,4,48.0,,
4161961000,50.8694263,5.7002624,4,43.0,,
4163830861,50.8639226,5.7336715,3,54.0,,
4163830862,50.8636399,5.7336085,3,54.0,,
4163830863,50.8642135,5.7343661,4,54.0,,
4163830864,50.8638629,5.7342903,3,54.0,,
4164008989,50.8506571,5.7303751,1,53.0,,
4164008990,50.8508884,5.7315741,3,54.0,,
4225597214,50.8175206,5.7095371,3,48.0,,
4225597215,50.8175223,5.709291,3,48.0,,
4225597225,50.8189464,5.7103737,3,48.0,,
4225597230,50.8190883,5.7103836,3,48.0,,
4334676884,50.8609747,5.6818495,3,44.0,,
4334676885,50.8610692,5.6805443,4,46.0,,
4334677019,50.8612656,5.6817287,4,44.0,,
4334677020,50.8613524,5.681695,4,44.0,,
4334677021,50.8614515,5.682855,4,44.0,,
4334677022,50.8615372,5.6828197,3,44.0,,
4334677023,50.8616899,5.6842729,3,46.0,,
4334868048,50.8361586,5.6729013,3,59.0,,
4334868063,50.8394746,5.6765263,4,57.0,,
4334868073,50.8403448,5.6783249,3,56.0,,
4334868082,50.8406762,5.6777453,1,56.0,,
4334868085,50.8405332,5.6779959,1,56.0,,
4334868212,50.8429738,5.6810065,1,58.0,,
4336238965,50.8655864,5.7225904,1,45.0,,
4346954761,50.8251978,5.6738036,3,57.0,,
4346954763,50.8262969,5.6902095,3,88.0,,
4346954786,50.8316056,5.6796108,3,70.0,,
4346954788,50.8317088,5.6796685,1,70.0,,
4353466362,50.8524812,5.6446141,3,91.0,,
4353466472,50.8528516,5.6448819,3,91.0,,
4353466643,50.8534097,5.6439946,3,91.0,,
4353466716,50.853166,5.6450394,3,91.0,,
4353466794,50.8540867,5.6446706,3,91.0,,
4362214799,50.8611097,5.6817954,4,44.0,,
4362214800,50.8612955,5.6829192,3,44.0,,
4376400077,50.8592957,5.7004378,3,48.0,,
4376400079,50.8596401,5.7009206,3,48.0,,
4376400080,50.8597097,5.7008916,3,48.0,,
4402640264,50.8462361,5.664549,3,82.0,,
4402640265,50.8463241,5.6647273,4,82.0,,
4402640270,50.8461001,5.6641563,3,82.0,,
4403148047,50.8493141,5.7196734,1,51.0,,
4403262027,50.8569712,5.7116788,3,48.0,,
4408411687,50.8431626,5.6876474,1,50.0,,
4421018187,50.8415654,5.6757977,3,61.0,,
4421018188,50.8422962,5.6749328,3,70.0,,
4421045925,50.8667345,5.7123949,3,47.0,,
4421045934,50.8671342,5.7131139,3,48.0,,
4421045937,50.8672588,5.7136297,1,48.0,,
4421045943,50.8675016,5.7115863,3,47.0,,
4421054125,50.8679328,5.710801,1,47.0,,
4421054128,50.8680444,5.7105556,4,47.0,,
4421054132,50.868458,5.7126333,1,48.0,,
4421054140,50.8688347,5.711447,4,46.0,,
4421054146,50.8691459,5.7108289,3,46.0,,
4421054149,50.8692705,5.7106106,3,46.0,,
4421074125,50.8696942,5.7142063,1,48.0,,
4434467330,50.845069,5.6549884,3,83.0,,
4434467331,50.8450297,5.6548737,3,83.0,,
4434467332,50.8447118,5.6551428,4,83.0,crossing,
4439689539,50.8539447,5.6713832,1,69.0,,
4439689540,50.853949,5.6711573,3,69.0,,
4439692622,50.8309823,5.7242843,3,62.0,,
4439692634,50.8314895,5.7279542,4,60.0,,
4439693210,50.8307097,5.7283895,3,62.0,,
4439693223,50.8313426,5.7277955,1,60.0,crossing,
4439693225,50.8314076,5.7277809,4,60.0,crossing,
4439693226,50.8314301,5.7279781,3,60.0,,
4439693228,50.8314558,5.7277663,4,60.0,crossing,
4439693249,50.8490047,5.6724885,3,74.0,,
4440750397,50.8579507,5.7141239,4,48.0,,
4440823431,50.8581699,5.6890671,3,51.0,,
4443986929,50.8289349,5.721569,3,63.0,,
4443986930,50.8289443,5.7209562,3,63.0,,
4443986932,50.8288754,5.7209528,1,63.0,,
4443987134,50.8277744,5.7217283,3,63.0,,
4443987136,50.8274616,5.7214055,1,63.0,,
4443997802,50.8283397,5.7205882,3,58.0,,
4444018734,50.8275522,5.723216,1,63.0,,
4444040776,50.8260066,5.7246738,3,65.0,,
4444040777,50.8259838,5.7249859,1,65.0,,
4444040941,50.8249678,5.7242602,3,61.0,,
4444040942,50.8249888,5.7241239,1,61.0,,
4444047250,50.8252128,5.7252357,3,64.0,,
4444047252,50.8251543,5.7249743,3,65.0,,
4444047255,50.8251328,5.7249205,3,65.0,,
4444047256,50.8250413,5.72494,1,65.0,,
4456970464,50.8498158,5.6946415,3,50.0,,
4456970473,50.8506874,5.6942845,3,47.0,,
4456970477,50.8512711,5.6943039,3,47.0,,
4461837871,50.8464136,5.6984761,3,52.0,,
4461848438,50.8466208,5.6991846,1,52.0,,
4461848439,50.8466154,5.6992397,1,52.0,,
4461848441,50.8465823,5.6991893,1,52.0,,
4461848442,50.8465785,5.6992437,1,52.0,,
4461848443,50.8466265,5.6991271,1,52.0,,
4461848444,50.8465863,5.6991337,1,52.0,,
4478943778,50.8460879,5.7350887,3,62.0,,
4478943779,50.8450032,5.7350662,1,59.0,,
4504799842,50.8434624,5.721987,1,48.0,,
4504809639,50.8436443,5.7205555,3,48.0,,
4504809640,50.8435299,5.7205567,4,48.0,,
4504809641,50.8435311,5.7201854,3,48.0,,
4504809643,50.8436444,5.7203315,3,48.0,,
4504833107,50.8596317,5.6843702,1,48.0,,
4504833110,50.8590794,5.6842417,3,48.0,,
4504833113,50.8591105,5.6842858,3,48.0,,
4515710123,50.8561007,5.687328,4,47.0,,
4515710124,50.8559603,5.6872994,4,47.0,,
4515710128,50.855546,5.6886799,4,50.0,,
4515710131,50.8556714,5.6872397,3,47.0,,
4515710133,50.8558211,5.6872706,3,47.0,,
4515710139,50.855838,5.6887344,3,50.0,,
4515710140,50.8559715,5.6887593,5,50.0,,
4515710144,50.8556946,5.6887077,3,50.0,,
4519176893,50.8463411,5.6986651,3,52.0,,
4533778659,50.8202303,5.7061448,3,48.0,,
4536356747,50.8435422,5.679173,4,58.0,,
4545347963,50.8325131,5.7012222,4,46.0,,
4555503099,50.822649,5.6946171,1,65.0,,
4555503102,50.8242338,5.6961262,3,45.0,,
4556097493,50.8556025,5.7231456,3,50.0,,
4557162374,50.8438607,5.681224,3,63.0,,
4565370657,50.8563629,5.7114887,3,48.0,motorway_junction,53
4568609164,50.8322205,5.7078576,4,48.0,crossing,
4568609170,50.8329626,5.7085395,3,49.0,,
4568609171,50.8329582,5.7085707,1,49.0,,
4571266535,50.8617814,5.7247747,3,49.0,,
4571375452,50.8706913,5.7180237,3,45.0,,
4571375453,50.8704198,5.7178839,1,45.0,,
4571375454,50.8706291,5.718136,3,45.0,,
4572215471,50.8344101,5.7085635,3,46.0,,
4572215473,50.834437,5.7085234,1,46.0,,
4572215475,50.8343641,5.708552,1,46.0,,
4572215476,50.8333792,5.7096027,3,46.0,,
4572215485,50.8320373,5.7080629,4,48.0,,
4572216089,50.8343164,5.6993506,4,45.0,,
4572216096,50.8305709,5.7036913,3,48.0,,
4572216097,50.8305938,5.7038548,3,48.0,,
4572216098,50.8306878,5.703822,3,48.0,,
4572216101,50.8307432,5.7039864,3,48.0,,
4572216102,50.8305034,5.7039367,3,48.0,,
4572216104,50.8307967,5.7037264,3,48.0,,
4575606378,50.8322662,5.7078745,3,48.0,,
4575606380,50.8332696,5.7081612,3,48.0,,
4575663042,50.8263731,5.7337164,1,65.0,,
4575663043,50.8253398,5.7340467,3,65.0,,
4575663044,50.8258309,5.7349515,1,65.0,,
4575663045,50.8264516,5.7354098,1,65.0,,
4575663047,50.8258996,5.7354719,3,66.0,,
4575663048,50.8255164,5.735588,3,66.0,,
4577204543,50.8624678,5.7175884,3,49.0,motorway_junction,53
4584112013,50.8586643,5.7131663,3,46.0,,
4590625466,50.8463965,5.7397796,3,59.0,,
4590627024,50.8460509,5.7397448,3,59.0,,
4590627025,50.8462016,5.73976,3,59.0,,
4590627026,50.8460387,5.7402859,3,59.0,,
4590627027,50.8459813,5.74027,3,59.0,,
4590627029,50.8459661,5.7408217,1,59.0,,
4590627030,50.8461269,5.7403187,3,59.0,,
4590627032,50.8464053,5.7404118,3,59.0,,
4590798842,50.8490313,5.6909224,3,59.0,,
4590798845,50.8489689,5.6907177,4,59.0,,
4590798848,50.8488768,5.6904157,3,59.0,,
4590798849,50.8490271,5.6903751,3,59.0,,
4590798850,50.8489416,5.6908913,3,59.0,,
4595247432,50.846999,5.6948223,4,51.0,,
4595247434,50.8466079,5.6948815,1,51.0,,
4598032843,50.8606581,5.7274335,3,49.0,,
4598032845,50.8616345,5.7272566,3,49.0,,
4599663886,50.848751,5.6717425,1,74.0,,
4617955634,50.8347765,5.7244057,4,57.0,,
4621412458,50.8563077,5.6699105,1,70.0,,
4621412465,50.8561247,5.6689129,1,66.0,,
4621412466,50.8563276,5.6689423,1,70.0,,
4621412484,50.8560952,5.6703193,1,66.0,,
4622156183,50.8556037,5.679961,3,56.0,,
4622156185,50.8552462,5.6808137,3,56.0,,
4623852001,50.8566942,5.7233233,4,48.0,,
4623852003,50.8567825,5.7240716,4,48.0,,
4625759503,50.8559314,5.6761513,3,62.0,,
4639293103,50.8667706,5.6621418,3,65.0,,
4640629471,50.8672027,5.6612413,3,65.0,,
4640629474,50.8679606,5.6594982,3,68.0,,
4640629475,50.867813,5.6599844,4,68.0,,
4640629476,50.8675029,5.6606232,4,65.0,,
4640629478,50.8676875,5.6597706,3,68.0,,
4640629479,50.8663754,5.6598641,3,67.0,,
4640629481,50.8670132,5.6616315,3,65.0,,
4640629482,50.8667328,5.6609542,3,65.0,,
4640629483,50.8673004,5.6603712,3,68.0,,
4641936348,50.8423956,5.6628987,1,82.0,,
4641936349,50.8426463,5.6635058,3,82.0,,
4641936350,50.8419218,5.6642364,4,82.0,,
4641936354,50.8417183,5.6644411,3,82.0,,
4641936359,50.8416857,5.6646608,3,83.0,,
4641936366,50.8415774,5.6643883,3,87.0,,
4641936367,50.8410081,5.6651613,3,83.0,,
4641936370,50.8397705,5.6627338,1,87.0,,
4641936382,50.8406668,5.6624557,3,84.0,,
4641937090,50.8399885,5.6631375,3,87.0,,
4641937102,50.8399266,5.6631226,3,87.0,,
4641937105,50.8399169,5.6632058,3,87.0,,
4641937117,50.841264,5.6636076,3,87.0,,
4641937127,50.8399332,5.6644508,3,87.0,,
4641937136,50.840064,5.6649255,3,83.0,,
4641937137,50.8404067,5.6657667,4,83.0,,
4641937141,50.8410682,5.6659481,3,83.0,,
4641937142,50.8414717,5.6655377,3,83.0,,
4641937143,50.8418748,5.665132,3,83.0,,
4641937144,50.8421651,5.6648397,3,83.0,,
4641937145,50.8424668,5.6645361,4,82.0,,
4641937146,50.8427618,5.6637855,3,82.0,,
4641937149,50.8416742,5.6636227,4,82.0,,
4641937150,50.8403313,5.6649671,3,83.0,,
4641937162,50.8399588,5.6627347,3,87.0,,
4641937167,50.8400966,5.6626481,3,87.0,,
4641937172,50.8401575,5.6627359,3,87.0,,
4641937181,50.8400404,5.6628432,3,87.0,,
4641937192,50.8399418,5.6627322,3,87.0,,
4641937197,50.839919,5.6627654,3,87.0,,
4641937206,50.8399198,5.6628051,3,87.0,,
4641937212,50.8399382,5.662857,3,87.0,,
4641937225,50.8400259,5.6628638,3,87.0,,
4641937237,50.8399581,5.6628785,3,87.0,,
4641937268,50.8401779,5.6627316,3,87.0,,
4641937278,50.8400979,5.6626065,3,87.0,,
4641937297,50.8397933,5.6627941,4,87.0,,
4641937305,50.839676,5.662507,3,87.0,,
4641937325,50.8390811,5.6622089,3,84.0,,
4641937331,50.8390911,5.662393,3,84.0,,
4641937336,50.8390001,5.6622833,3,84.0,,
4641937346,50.839966,5.6625492,3,87.0,,
4641937349,50.8407558,5.6645421,4,87.0,,
4641937350,50.8405759,5.6641003,3,87.0,,
4641937351,50.8408542,5.6644437,4,87.0,,
4641937352,50.8406766,5.6639992,3,87.0,,
4641937353,50.8406284,5.6640476,3,87.0,,
4641937355,50.8406339,5.6646642,3,83.0,,
4641937357,50.8407033,5.6645947,4,83.0,,
4641937360,50.8411079,5.6650601,3,83.0,,
4641937361,50.8410595,5.6651092,3,83.0,,
4641937362,50.840808,5.6644899,4,87.0,,
4641937364,50.842438,5.6638422,1,82.0,,
4641937367,50.8419864,5.6640627,1,82.0,,
4641937368,50.8418037,5.6636162,1,82.0,,
4641937369,50.8420868,5.6639441,1,82.0,,
4641937371,50.8418926,5.6638335,4,82.0,,
4641937372,50.8419977,5.6637275,4,82.0,,
4641937373,50.8420971,5.6636273,3,82.0,,
4641937374,50.8411742,5.6623375,3,84.0,,
4641937375,50.8414554,5.66205,3,84.0,,
4641937376,50.8412354,5.6615093,3,84.0,,
4641937377,50.8407127,5.6608251,3,84.0,,
4641937378,50.8403708,5.6599639,3,82.0,,
4641937379,50.8407232,5.6608141,3,84.0,,
4641937380,50.8408025,5.660731,3,84.0,,
4641937381,50.8420697,5.6640874,3,82.0,,
4641937382,50.8419446,5.6637811,4,82.0,,
4641937383,50.8418198,5.6634757,4,82.0,,
4641937384,50.8417978,5.6639292,4,82.0,,
4641937385,50.8420214,5.6649844,3,83.0,,
4641937386,50.8417813,5.6643777,3,82.0,,
4641937387,50.8406565,5.6655182,3,83.0,,
4641937388,50.8404004,5.664898,3,83.0,,
4641937389,50.8407037,5.6654703,3,83.0,,
4641937390,50.8404559,5.6648424,3,83.0,,
4641937391,50.8407628,5.6654103,3,83.0,,
4641937392,50.8405127,5.6647855,3,83.0,,
4641937393,50.8405107,5.66471,1,83.0,,
4641937394,50.8403539,5.6643233,3,87.0,,
4641937399,50.8404633,5.6647528,1,83.0,,
4641937400,50.840308,5.6643693,3,87.0,,
4641937401,50.8401835,5.6648234,1,83.0,,
4641937402,50.8401093,5.664882,3,83.0,,
4641937403,50.8400811,5.6638219,3,87.0,,
4641937404,50.8399636,5.6640564,3,87.0,,
4641937405,50.8399868,5.6639197,3,87.0,,
4641937406,50.8399019,5.6639037,3,87.0,,
4641937407,50.8391426,5.6625161,4,84.0,,
4641937408,50.8392833,5.662372,3,84.0,,
4641937409,50.8399327,5.6617162,3,84.0,,
4641937411,50.8400001,5.6621664,1,84.0,,
4641937412,50.8398174,5.6623366,1,84.0,,
4641937413,50.8398803,5.662278,4,84.0,,
4641937414,50.8398043,5.6620986,3,84.0,,
4641937416,50.839768,5.662013,3,84.0,,
4641937419,50.8399157,5.6623616,3,84.0,,
4641937427,50.8398421,5.6621875,4,84.0,,
4641937433,50.8401873,5.6614093,3,84.0,,
4641937438,50.8403857,5.6618585,3,84.0,,
4641937439,50.8401939,5.6620782,1,84.0,,
4641937440,50.8403176,5.6619372,3,84.0,,
4641937444,50.8410413,5.6634327,1,87.0,,
4641937445,50.8409086,5.6630993,1,87.0,,
4641937448,50.8407647,5.6632449,1,87.0,,
4641937449,50.840951,5.6637236,3,87.0,,
4641937450,50.8409078,5.663767,3,87.0,,
4641937451,50.8407147,5.6632938,1,87.0,,
4641937455,50.8407753,5.6634467,4,87.0,,
4641937456,50.840824,5.6633972,4,87.0,,
4641937457,50.8409227,5.663297,4,87.0,,
4641937458,50.840969,5.66325,4,87.0,,
4641937459,50.8410172,5.6632009,3,87.0,,
4641937460,50.8412973,5.6633762,3,87.0,,
4641937461,50.8413534,5.6633185,3,87.0,,
4641937462,50.8408986,5.6643992,3,87.0,,
4641937463,50.8407227,5.6639529,3,87.0,,
4641937464,50.8408899,5.664093,3,87.0,,
4641937465,50.841297,5.6636897,4,87.0,,
4641937467,50.8415093,5.6642185,4,87.0,,
4641937468,50.8411854,5.6641121,4,87.0,,
4641937469,50.8410946,5.6638902,4,87.0,,
4641937470,50.8410045,5.6636699,4,87.0,,
4641937471,50.8408728,5.6633477,4,87.0,,
4641937473,50.8416022,5.665325,1,83.0,,
4641937474,50.8414151,5.6648674,1,83.0,,
4641937475,50.8416954,5.6652145,1,83.0,,
4641937476,50.8415133,5.6647569,1,83.0,,
4641937477,50.8417529,5.6651617,1,83.0,,
4641937478,50.8414329,5.6647302,4,83.0,,
4641937479,50.8416732,5.6653348,3,83.0,,
4641937480,50.84132,5.6649505,1,83.0,,
4641937481,50.8415028,5.6654101,1,83.0,,
4641937482,50.8413441,5.6648742,1,83.0,,
4641937483,50.8415368,5.6653641,1,83.0,,
4641937486,50.8414497,5.6651428,4,83.0,,
4641937489,50.8416046,5.6649863,4,83.0,,
4641937490,50.8416593,5.6649311,3,83.0,,
4641937495,50.8411693,5.6651224,1,83.0,,
4641937496,50.8413224,5.6654998,1,83.0,,
4641937497,50.8410609,5.6652244,1,83.0,,
4641937498,50.8412371,5.665665,1,83.0,,
4641937499,50.8410112,5.6652759,1,83.0,,
4641937502,50.8409471,5.6656492,3,83.0,,
4641937504,50.8410448,5.6655508,3,83.0,,
4641937505,50.8411004,5.6654949,3,83.0,,
4641937506,50.8411485,5.6654434,4,83.0,,
4641937507,50.8412564,5.6653378,4,83.0,,
4641937508,50.8413036,5.6652903,4,83.0,,
4641937509,50.8413523,5.6652413,4,83.0,,
4641937512,50.8403364,5.6649795,3,83.0,,
4641937513,50.8401513,5.6651619,3,83.0,,
4641937514,50.8392517,5.662403,3,84.0,,
4641937516,50.8393075,5.6623475,3,84.0,,
4641937517,50.8391413,5.6619301,3,84.0,,
4641937518,50.8395207,5.66296,3,84.0,,
4641937519,50.8396472,5.6627418,3,87.0,,
4641937521,50.8394667,5.6628263,3,84.0,,
4641937522,50.8387941,5.6619989,1,84.0,,
4641937526,50.839942,5.6609752,3,84.0,,
4641937528,50.8403052,5.6613497,1,84.0,,
4641937531,50.8402428,5.6612033,1,84.0,,
4641937533,50.8401999,5.6611016,1,84.0,,
4641937536,50.8401351,5.6609397,1,84.0,,
4641937540,50.8401756,5.6607428,3,84.0,,
4641937541,50.8401976,5.6608023,3,84.0,,
4641937544,50.8402595,5.6609685,3,84.0,,
4641937547,50.8402972,5.6610698,3,84.0,,
4641937551,50.8403713,5.6611681,3,84.0,,
4641937555,50.8420437,5.6645387,4,82.0,,
4641937556,50.8423457,5.6642385,3,82.0,,
4641937557,50.842615,5.6641591,3,82.0,,
4641937558,50.8425913,5.6640998,3,82.0,,
4641937565,50.8415871,5.6633994,4,87.0,,
4641937567,50.842395,5.66376,3,82.0,,
4641937568,50.8421451,5.6631471,4,82.0,,
4641937569,50.842564,5.6635898,3,82.0,,
4641937571,50.8423112,5.6629792,4,82.0,,
4641937573,50.8423769,5.6629129,3,82.0,,
4641937574,50.8424278,5.6628615,3,82.0,,
4641937575,50.8424769,5.6628119,3,82.0,,
4641937576,50.8425271,5.6627611,3,82.0,,
4641937577,50.8425793,5.6627084,3,82.0,,
4641937578,50.8426259,5.6626617,3,82.0,,
4641937579,50.8426758,5.6626115,3,82.0,,
4641937612,50.8403831,5.660795,3,84.0,,
4641937617,50.8403736,5.6608618,3,84.0,,
4641937622,50.8404158,5.6608768,3,84.0,,
4641937627,50.8404251,5.6608093,3,84.0,,
4641937653,50.8409644,5.6617974,4,84.0,,
4641937656,50.8408542,5.66227,3,84.0,,
4641937660,50.8414156,5.6617022,3,84.0,,
4641937664,50.8415199,5.6615967,3,84.0,,
4641937665,50.8406545,5.6620934,3,84.0,,
4641937666,50.8407017,5.6622089,3,84.0,,
4641937667,50.8408221,5.6625047,3,87.0,,
4641937668,50.8411353,5.6627638,3,87.0,,
4641937669,50.8412827,5.6626168,4,87.0,,
4641937671,50.8414988,5.6631732,4,87.0,,
4641937672,50.8417923,5.6628782,4,82.0,,
4641937673,50.8418704,5.6628019,3,82.0,,
4641937674,50.8419483,5.6627258,3,82.0,,
4641937675,50.8419643,5.6627101,3,82.0,,
4641937676,50.8420987,5.6625759,3,82.0,,
4641937677,50.8421322,5.6625419,3,82.0,,
4641937678,50.842148,5.6625258,3,82.0,,
4641937680,50.8425699,5.6627179,3,82.0,,
4641937681,50.8426539,5.6629253,4,82.0,,
4641937682,50.8428828,5.6634909,3,82.0,,
4641937683,50.843195,5.6624319,3,83.0,,
4641937684,50.8430076,5.6631867,3,82.0,,
4641937685,50.8429129,5.6629564,3,82.0,,
4641937686,50.8428425,5.6627822,3,82.0,,
4641937688,50.842565,5.6621025,4,83.0,,
4641937691,50.8422604,5.6617598,3,83.0,,
4641937693,50.8421589,5.6618607,3,83.0,,
4641937695,50.8420586,5.6619603,3,83.0,,
4641937700,50.8398319,5.6625644,3,87.0,,
4641937706,50.8410171,5.6628817,3,87.0,,
4641937718,50.8409595,5.6628588,3,87.0,,
4641937720,50.8407827,5.6631181,3,87.0,,
4641937730,50.840567,5.6636419,3,87.0,,
4641937749,50.8403765,5.6639095,3,87.0,,
4641937767,50.840505,5.6636708,3,87.0,,
4641937815,50.8403929,5.6639314,3,87.0,,
4641937817,50.8405694,5.6636934,3,87.0,,
4641937836,50.8405331,5.6637208,3,87.0,,
4641937840,50.8425655,5.6633101,3,82.0,,
4641937843,50.8420237,5.662652,3,82.0,,
4641937846,50.8413087,5.6610756,3,84.0,,
4641937848,50.841203,5.6611823,3,84.0,,
4641937849,50.8410447,5.6613418,3,84.0,,
4641937850,50.8409761,5.661411,3,84.0,,
4641937851,50.8409623,5.6614249,3,84.0,,
4641937856,50.8403513,5.6620408,3,84.0,,
4641937858,50.839933,5.6624625,3,84.0,,
4642153928,50.8966396,5.7040485,3,44.0,,
4642155576,50.897056,5.7044722,3,45.0,,
4642155577,50.8976102,5.7048611,3,45.0,,
4642400014,50.8399967,5.6620334,4,84.0,,
4642400016,50.8396813,5.6623458,3,84.0,,
4642400034,50.8410523,5.6646772,3,83.0,,
4642400050,50.8413899,5.6628929,3,87.0,,
4642400052,50.8416788,5.6625991,3,82.0,,
4642400067,50.8415485,5.6646129,3,83.0,,
4642400812,50.840067,5.6645446,1,87.0,,
4642400831,50.8411115,5.6635625,3,87.0,,
4642400839,50.8399683,5.6647089,3,83.0,,
4642400889,50.8400168,5.6627387,4,87.0,,
4642400959,50.8399831,5.6626871,4,87.0,,
4642401050,50.839681,5.662218,1,84.0,,
4642401059,50.8404557,5.664221,3,87.0,,
4642401061,50.8405255,5.6641509,3,87.0,,
4642401075,50.841908,5.6635094,1,82.0,,
4642401200,50.8403732,5.6648443,1,83.0,,
4642401201,50.8402172,5.6644605,3,87.0,,
4642401202,50.8404179,5.6648014,1,83.0,,
4642401203,50.8402607,5.6644168,3,87.0,,
4642401224,50.8400423,5.6619882,3,84.0,,
4642401225,50.8397686,5.6613087,3,84.0,,
4642401227,50.8401373,5.6614601,3,84.0,,
4642401242,50.8410498,5.6636244,3,87.0,,
4642401248,50.8408562,5.6638188,3,87.0,,
4642401261,50.8411041,5.664625,4,83.0,,
4642401280,50.8414123,5.6651806,4,83.0,,
4642401282,50.8415049,5.6650871,4,83.0,,
4642401283,50.8415547,5.6650367,4,83.0,,
4642401286,50.8417552,5.6648342,4,83.0,,
4642401287,50.8419023,5.6646835,4,83.0,,
4642401298,50.8409943,5.665601,3,83.0,,
4642401315,50.839553,5.662834,3,84.0,,
4642401324,50.8402837,5.6613042,1,84.0,,
4642401325,50.8402626,5.6612531,1,84.0,,
4642401327,50.8402207,5.6611534,1,84.0,,
4642401329,50.8401801,5.6610512,1,84.0,,
4642401330,50.8401604,5.6610021,1,84.0,,
4642401332,50.8405374,5.6607031,3,84.0,,
4642401334,50.8403122,5.6606158,3,84.0,,
4642401337,50.8402202,5.6608628,3,84.0,,
4642401338,50.8402392,5.6609141,3,84.0,,
4642401340,50.840261,5.6609726,3,84.0,,
4642401341,50.8402787,5.66102,3,84.0,,
4642401343,50.8403156,5.6611188,3,84.0,,
4642401344,50.840337,5.6611754,3,84.0,,
4642401347,50.840485,5.6610583,4,84.0,,
4642401348,50.8406225,5.6609274,3,84.0,,
4642401349,50.8406231,5.660919,3,84.0,,
4642401354,50.8424381,5.6637166,3,82.0,,
4642401355,50.8422443,5.6636322,1,82.0,,
4642401361,50.8418801,5.663094,4,82.0,,
4642401365,50.8424382,5.663286,3,82.0,,
4642401367,50.842215,5.6627443,3,82.0,,
4642401527,50.8407244,5.6614819,1,84.0,,
4642401528,50.8408101,5.6614002,3,84.0,,
4642401529,50.8407078,5.6614316,1,84.0,,
4642401530,50.8407909,5.661351,3,84.0,,
4642401531,50.840688,5.6613837,1,84.0,,
4642401532,50.8407727,5.6613041,3,84.0,,
4642401533,50.8406704,5.6613367,1,84.0,,
4642401534,50.840754,5.6612559,3,84.0,,
4642401535,50.8406485,5.6612918,1,84.0,,
4642401536,50.8407362,5.6612101,3,84.0,,
4642401537,50.8406331,5.6612419,1,84.0,,
4642401538,50.8407173,5.6611613,3,84.0,,
4642401539,50.8406173,5.661194,1,84.0,,
4642401540,50.8406989,5.6611142,3,84.0,,
4642401541,50.8405969,5.6611485,1,84.0,,
4642401542,50.8406806,5.661067,3,84.0,,
4642401543,50.8405796,5.6610982,1,84.0,,
4642401544,50.8406611,5.6610167,3,84.0,,
4642401545,50.8407226,5.6617592,1,84.0,,
4642401546,50.8407683,5.6617142,1,84.0,,
4642401547,50.8408121,5.6616687,1,84.0,,
4642401549,50.8408915,5.661867,4,84.0,,
4642401550,50.8407982,5.6621209,1,84.0,,
4642401552,50.8409019,5.6622219,3,84.0,,
4642401553,50.8409468,5.6621764,3,84.0,,
4642401554,50.840994,5.6621287,3,84.0,,
4642401556,50.8414241,5.6616937,3,84.0,,
4642401557,50.8414659,5.6616514,3,84.0,,
4642401558,50.8414983,5.6616186,3,84.0,,
4642401565,50.8415685,5.6623281,3,84.0,,
4642401574,50.8424788,5.6631033,3,82.0,,
4642401582,50.842828,5.6627468,3,82.0,,
4642401585,50.8423094,5.6617111,3,83.0,,
4642401587,50.8422069,5.661813,3,83.0,,
4642401789,50.8421095,5.6619097,3,83.0,,
4642401791,50.8420087,5.6620099,3,83.0,,
4642401792,50.8419578,5.6620604,3,83.0,,
4642401793,50.8419079,5.66211,3,83.0,,
4642401794,50.8418339,5.6621836,3,83.0,,
4642401796,50.8411454,5.6633163,3,87.0,,
4642401806,50.841006,5.6629674,3,87.0,,
4642401814,50.8409482,5.6629538,3,87.0,,
4642401816,50.8402649,5.6636321,3,87.0,,
4642401818,50.8406911,5.6635993,3,87.0,,
4642401821,50.8405394,5.6636114,3,87.0,,
4642401839,50.8403718,5.6638388,3,87.0,,
4642401858,50.8405144,5.6636208,3,87.0,,
4642401866,50.840462,5.6636751,3,87.0,,
4642401877,50.8403882,5.6638184,3,87.0,,
4642401880,50.8404221,5.6638372,3,87.0,,
4642401885,50.8404599,5.6637763,3,87.0,,
4642401888,50.8404445,5.6637173,3,87.0,,
4642401994,50.8404286,5.6638989,3,87.0,,
4642401998,50.8404773,5.6639331,3,87.0,,
4642402015,50.8406232,5.6637141,3,87.0,,
4642402025,50.8405263,5.6638723,3,87.0,,
4642402028,50.8405114,5.6637894,3,87.0,,
4642402033,50.8399742,5.6632296,3,87.0,,
4642402034,50.8401155,5.6635855,3,87.0,,
4642402039,50.8415738,5.6615422,4,84.0,,
4642402040,50.8413626,5.6610213,3,84.0,,
4642402042,50.8412576,5.6611272,3,84.0,,
4642402047,50.8407201,5.661669,3,84.0,,
4642402049,50.8406448,5.6617449,3,84.0,,
4642402050,50.8405507,5.6618398,3,84.0,,
4642402052,50.840193,5.6622004,3,84.0,,
4646169119,50.8346266,5.7112659,3,48.0,,
4646249654,50.8346019,5.7100852,1,46.0,,
4646509634,50.8407212,5.6650525,1,83.0,,
4646509636,50.8390617,5.6620012,1,84.0,,
4646511398,50.8390863,5.6619794,3,84.0,,
4646511406,50.8404328,5.661804,3,84.0,,
4646511407,50.8402327,5.6613632,3,84.0,,
4646511408,50.8412187,5.6650803,1,83.0,,
4646511410,50.8413687,5.6654548,1,83.0,,
4646511414,50.8408666,5.6631491,1,87.0,,
4646511417,50.8406622,5.6633486,1,87.0,,
4646511419,50.8410722,5.6633388,1,87.0,,
4646511421,50.8409709,5.6630875,1,87.0,,
4646511428,50.8411304,5.6657697,1,83.0,,
4646511438,50.840233,5.6638866,3,87.0,,
4646511448,50.8403863,5.6653624,1,83.0,,
4646511454,50.8402843,5.6654611,3,83.0,,
4646511456,50.840657,5.6663847,1,83.0,,
4646511457,50.8409087,5.6653854,1,83.0,,
4646511461,50.8409517,5.6652128,3,83.0,,
4646511466,50.8407102,5.6650644,3,83.0,,
4649537327,50.8631838,5.7162265,3,48.0,,
4649537328,50.8635138,5.7160461,3,48.0,,
4649537329,50.8635035,5.7160296,3,48.0,,
4649537330,50.8638575,5.7159805,3,48.0,,
4649537331,50.8632914,5.7156554,3,48.0,,
4649537333,50.8637336,5.7164075,3,48.0,,
4653113206,50.8411316,5.6612542,4,84.0,,
4653113207,50.8413016,5.6622081,4,84.0,,
4653113208,50.8410823,5.6616713,4,84.0,,
4653113209,50.8410651,5.6620567,4,84.0,,
4653113210,50.8411886,5.6619318,4,84.0,,
4653113211,50.8413435,5.6617751,4,84.0,,
4653113212,50.8427384,5.663134,4,82.0,,
4653113213,50.842271,5.6634559,4,82.0,,
4653113214,50.8420498,5.6629168,4,82.0,,
4653113215,50.8421978,5.6624739,4,83.0,,
4653113216,50.8422477,5.6624218,4,83.0,,
4653113217,50.8423007,5.6623692,4,83.0,,
4653113218,50.8423473,5.6623213,4,83.0,,
4653113219,50.8423971,5.6622703,4,83.0,,
4653113220,50.8424472,5.6622206,4,83.0,,
4653113221,50.8424977,5.6621709,4,83.0,,
4653113222,50.8427465,5.6625404,4,82.0,,
4653113223,50.8423775,5.6616434,3,83.0,,
4656918494,50.8422221,5.6639346,4,82.0,,
4656918507,50.8407241,5.6634987,3,87.0,,
4656918509,50.8408251,5.665347,4,83.0,,
4656918510,50.841386,5.6639113,4,87.0,,
4656918512,50.8395238,5.6636,4,84.0,,
4656918517,50.8397053,5.6634171,4,87.0,,
4656918518,50.8393662,5.6617072,3,84.0,,
4656918519,50.839528,5.6621249,4,84.0,,
4656918521,50.8405235,5.6629958,1,87.0,,
4656918522,50.8408399,5.662676,1,87.0,,
4656918523,50.8413095,5.6644221,4,87.0,,
4656918524,50.8408141,5.6631951,1,87.0,,
4656918525,50.8412312,5.664935,4,83.0,,
4656918526,50.8405791,5.6633202,4,87.0,,
4656918527,50.8403571,5.662767,4,87.0,,
4656918528,50.8401466,5.6622472,4,84.0,,
4656918529,50.8405718,5.6647263,4,83.0,,
4656918530,50.8409803,5.6643174,4,87.0,,
4656918531,50.8407498,5.6620023,4,84.0,,
4656918532,50.8407987,5.6619556,4,84.0,,
4656918533,50.8408446,5.6619118,4,84.0,,
4656918534,50.8405614,5.6625616,4,87.0,,
4656918535,50.8406731,5.6628444,4,87.0,,
4656918536,50.8408016,5.6638737,4,87.0,,
4656918537,50.8403937,5.6642833,4,87.0,,
4656918538,50.8405835,5.6655923,4,83.0,,
4674547065,50.8359149,5.7023436,3,47.0,,
4674547080,50.8330909,5.7014079,3,46.0,,
4676918079,50.8285568,5.7008494,1,45.0,,
4678904143,50.8439794,5.7234577,4,51.0,crossing,
4680914292,50.8463347,5.6986018,3,52.0,,
4687568278,50.835784,5.6848036,3,78.0,,
4687568285,50.8365391,5.6847302,3,78.0,,
4687568287,50.836074,5.683434,3,78.0,,
4687568591,50.8355801,5.6834494,3,78.0,,
4687568592,50.8355368,5.6833868,3,78.0,,
4687568595,50.8356868,5.6862915,4,70.0,,
4687568596,50.8356771,5.6853453,3,78.0,,
4687568603,50.8356377,5.6862516,3,70.0,,
4687797013,50.8568573,5.724028,3,48.0,,
4693421406,50.8598355,5.7003732,4,48.0,,
4693453888,50.8530284,5.7320728,4,54.0,,
4693453897,50.8529557,5.7319901,4,54.0,,
4694214343,50.8699923,5.7021942,1,45.0,,
4697899606,50.847421,5.6559601,3,82.0,,
4697899607,50.8473003,5.6557372,4,82.0,,
4697899608,50.847461,5.6547844,3,82.0,,
4697899609,50.8476738,5.6554055,3,82.0,,
4697899610,50.847758,5.6556623,3,82.0,,
4697899612,50.8470816,5.6551154,3,82.0,,
4701925083,50.8339018,5.7079056,3,48.0,,
4704951209,50.8347211,5.6856511,1,90.0,,
4704958431,50.834188,5.685774,3,90.0,,
4704958439,50.8338219,5.6859455,3,90.0,,
4704958441,50.8340038,5.685326,3,95.0,,
4704964488,50.8342876,5.6859226,3,90.0,,
4705429880,50.841377,5.6712913,3,76.0,,
4705429881,50.8414923,5.6716513,3,76.0,,
4705436867,50.8416387,5.6630326,4,87.0,,
4705436868,50.8414143,5.6624838,4,84.0,,
4705436869,50.8415253,5.6627552,4,87.0,,
4705436870,50.8419726,5.6633213,4,82.0,,
4705436871,50.8417284,5.6632521,4,82.0,,
4705436872,50.8400197,5.6646602,4,83.0,,
4705436873,50.8401529,5.6645251,4,87.0,,
4705436874,50.8408598,5.6615282,4,84.0,,
4705875184,50.8440552,5.6816514,1,60.0,,
4705875186,50.8437273,5.6815848,3,54.0,,
4709840483,50.8656446,5.6500198,3,67.0,,
4709840484,50.8655029,5.6498076,3,64.0,,
4709841399,50.8642322,5.6486014,3,71.0,,
4709841401,50.8647042,5.6479229,3,64.0,,
4709841402,50.8649247,5.6475971,4,64.0,,
4709841405,50.86578,5.6493351,3,64.0,,
4709841408,50.8649498,5.6503825,3,67.0,,
4709841409,50.8646739,5.6497016,3,64.0,,
4709841412,50.8654685,5.6487995,3,64.0,,
4709841416,50.8649444,5.6484625,3,64.0,,
4715752724,50.8751826,5.6812346,3,43.0,,
4715752728,50.8800406,5.6784051,3,45.0,,
4715752742,50.8748914,5.6812134,3,47.0,,
4715752743,50.8747807,5.6808651,3,47.0,,
4715752744,50.8749183,5.6807628,1,47.0,,
4715752747,50.8751146,5.6810407,3,43.0,,
4715752748,50.875197,5.6812756,1,41.0,,
4715752749,50.8748721,5.6802529,3,47.0,,
4715752755,50.8751468,5.681488,3,41.0,,
4715752759,50.8771659,5.6799176,3,41.0,,
4715752764,50.8798615,5.6788363,3,45.0,,
4715778497,50.8704346,5.685069,3,45.0,,
4715778504,50.8715581,5.6843814,3,40.0,,
4715778509,50.8770517,5.6797036,3,43.0,,
4715809646,50.8628035,5.6873672,3,45.0,,
4716842028,50.8314416,5.6780317,3,55.0,,
4716875115,50.8199075,5.6789295,3,87.0,,
4717234742,50.849534,5.7082491,3,49.0,,
4717234744,50.8495721,5.7074846,3,49.0,,
4717239702,50.8496017,5.7080908,3,49.0,,
4719991840,50.8493158,5.6866307,1,60.0,,
4724311744,50.8461211,5.6961898,3,45.0,,
4724311746,50.8461168,5.6961258,3,45.0,,
4724311750,50.8461221,5.6962008,4,45.0,,
4724762664,50.8524717,5.6854708,3,50.0,,
4724762665,50.8519917,5.684214,3,56.0,,
4725660841,50.8726833,5.7190855,1,48.0,,
4726131730,50.8534621,5.6856031,3,50.0,,
4726131732,50.8529868,5.6860296,3,50.0,,
4726131733,50.853218,5.6868275,3,50.0,,
4726131734,50.8538177,5.6863061,3,50.0,,
4726131736,50.8539562,5.6850777,3,52.0,,
4726131737,50.8531836,5.6848311,3,52.0,,
4726131738,50.8534824,5.6856584,3,50.0,,
4726131740,50.8527183,5.6852547,3,52.0,,
4727648503,50.8609244,5.692632,3,48.0,,
4727648523,50.860852,5.6915991,3,50.0,,
4727648526,50.8608265,5.6917645,3,48.0,,
4727934230,50.8665744,5.7117544,3,46.0,,
4727934233,50.8645165,5.7097921,3,46.0,,
4727934234,50.8648022,5.710058,4,47.0,,
4727934235,50.8642926,5.7098006,3,46.0,,
4727990789,50.8642416,5.7069992,3,46.0,,
4728944618,50.8427061,5.7289913,3,52.0,,
4728944622,50.842704,5.7287878,3,52.0,,
4728944625,50.8426825,5.7290906,3,52.0,,
4728944629,50.843007,5.7297536,1,57.0,,
4736654696,50.8512414,5.7325604,3,54.0,,
4736654697,50.8507188,5.7325148,3,54.0,,
4736654698,50.85073,5.7322705,3,54.0,,
4736654699,50.8512499,5.7323157,3,54.0,,
4736654700,50.8512578,5.7320913,3,54.0,,
4736654702,50.8507077,5.7327591,3,54.0,,
4736654704,50.851594,5.7321197,3,54.0,,
4736733062,50.849723,5.7341254,1,59.0,,
4736733066,50.8493493,5.7335926,3,59.0,,
4736733068,50.8493865,5.7323596,3,58.0,,
4736733069,50.8495684,5.7323622,3,58.0,,
4736733077,50.8507318,5.7322311,3,54.0,,
4736733078,50.8502739,5.732173,3,54.0,,
4736733079,50.8514057,5.7336882,1,56.0,,
4736733082,50.8511185,5.7358217,3,58.0,,
4736733087,50.8513105,5.7333694,3,56.0,,
4736733091,50.8513294,5.7320975,4,54.0,,
4736752358,50.8514519,5.731597,3,54.0,,
4736752359,50.8506825,5.7322245,3,54.0,,
4736752362,50.8505509,5.7319224,3,54.0,,
4736752367,50.8501699,5.7316994,4,54.0,crossing,
4736752368,50.8506602,5.7337988,1,56.0,,
4736752373,50.8517722,5.7362564,1,58.0,,
4736752374,50.8515415,5.736499,3,58.0,,
4736752375,50.8511318,5.7375565,1,55.0,,
4736752376,50.8503128,5.7374644,3,58.0,,
4736752377,50.8506382,5.7375125,3,55.0,,
4736752379,50.8497921,5.7371516,3,56.0,,
4736752380,50.850325,5.7372074,4,58.0,,
4738898243,50.8530019,5.738399,1,55.0,,
4742861354,50.8408459,5.6727027,1,76.0,,
4742861355,50.8407432,5.6729044,3,76.0,,
4742861364,50.8417893,5.672008,1,75.0,,
4742861376,50.8412574,5.6721703,3,76.0,,
4742861378,50.8411067,5.6726558,3,76.0,,
4742861381,50.8409305,5.6722776,3,76.0,,
4742861384,50.8408699,5.6730074,3,67.0,,
4742861385,50.8416716,5.6721904,1,75.0,,
4742861387,50.8413159,5.6720965,4,76.0,,
4743586102,50.8522392,5.6636737,3,70.0,,
4743598510,50.8555172,5.6809269,3,56.0,,
4743648840,50.8414724,5.7083058,3,47.0,,
4743648841,50.8414724,5.7085756,1,49.0,,
4743648842,50.8411306,5.7089934,3,49.0,,
4743648843,50.8411742,5.7084276,3,49.0,,
4743648844,50.8414724,5.70842,6,49.0,,
4743648845,50.8418928,5.7084176,3,48.0,,
4743648846,50.8418801,5.7090778,3,48.0,,
4743648847,50.8419923,5.7083117,4,50.0,,
4743648848,50.8419648,5.7094934,3,48.0,,
4743648849,50.8418763,5.7093816,3,48.0,,
4743648850,50.8417115,5.7093775,1,48.0,,
4743648863,50.8411184,5.7091507,3,49.0,,
4743648865,50.8413139,5.7092056,1,49.0,,
4743648892,50.8415487,5.7109669,3,50.0,,
4743648893,50.8415817,5.7114179,3,50.0,,
4743648894,50.8417677,5.7113067,3,47.0,,
4743648895,50.8415667,5.711213,3,50.0,,
4743648896,50.8417036,5.711147,3,47.0,,
4743648899,50.8413052,5.7116359,3,50.0,,
4747170321,50.8600972,5.7003536,3,48.0,,
4756155968,50.8718687,5.7170928,3,50.0,,
4756155969,50.8717539,5.7169496,3,50.0,,
4756155973,50.8721152,5.7166423,3,48.0,,
4756177580,50.867752,5.7129645,3,48.0,,
4756177602,50.8685383,5.7159893,3,45.0,,
4756555613,50.8345998,5.6551296,3,76.0,,
4757711194,50.8423287,5.7171176,4,48.0,,
4759404364,50.8411505,5.7343609,3,61.0,,
4759404366,50.841051,5.7348416,3,61.0,,
4759404367,50.8411149,5.7348547,3,61.0,,
4759404368,50.8409364,5.7345754,3,61.0,,
4759404370,50.8410965,5.7346103,1,61.0,,
4760150317,50.8542111,5.6915998,4,50.0,,
4760153922,50.8541532,5.6919729,4,54.0,,
4770212281,50.8554234,5.6451996,3,88.0,,
4770212285,50.8552764,5.6452291,3,88.0,,
4770212289,50.8552244,5.6448724,3,88.0,,
4770212290,50.855292,5.6448037,3,88.0,,
4770212295,50.8554601,5.6449199,3,88.0,,
4770212305,50.8552048,5.6461779,4,88.0,,
4770212308,50.8553477,5.6455612,3,88.0,,
4776966675,50.8546595,5.681158,3,56.0,,
4786032638,50.8536064,5.6460382,3,90.0,,
4786032643,50.853982,5.6466651,3,90.0,,
4786032652,50.8538533,5.6465132,3,90.0,,
4786032665,50.8529272,5.6468996,3,90.0,,
4786032675,50.8535481,5.6459182,3,90.0,,
4787219190,50.8432412,5.6431728,4,89.0,,
4790083639,50.8423935,5.7169252,4,48.0,,
4790083650,50.8424528,5.7170314,4,48.0,,
4791444485,50.8342733,5.7238284,3,57.0,,
4791791750,50.8498579,5.7106053,3,49.0,,
4793326130,50.8499509,5.6639588,1,78.0,,
4796743726,50.8670566,5.7090676,4,47.0,,
4796743727,50.8666495,5.7086257,4,47.0,,
4796775931,50.8600015,5.7202524,3,47.0,,
4796788983,50.8676906,5.7102236,4,47.0,,
4799043343,50.8246696,5.6884834,3,51.0,,
4799279709,50.8239951,5.6883767,1,51.0,,
4812337565,50.8698285,5.6727397,3,62.0,,
4812337566,50.8697175,5.6726374,3,62.0,,
4812337582,50.8699941,5.6725877,3,62.0,,
4812337583,50.8699998,5.6724119,3,62.0,,
4812337594,50.8696894,5.6725347,3,62.0,,
4812337595,50.8696938,5.6724126,3,62.0,,
4812337601,50.8635578,5.6798442,3,46.0,,
4812338221,50.8633015,5.6720791,3,66.0,,
4812373752,50.8676358,5.6768616,3,50.0,,
4812373754,50.8683347,5.6763041,4,50.0,,
4812373758,50.8685679,5.6773877,1,53.0,,
4812373763,50.8684802,5.6766707,3,50.0,,
4812373769,50.8687641,5.6752795,3,68.0,,
4834156217,50.8482668,5.711577,3,49.0,,
4834156323,50.848184,5.7111149,3,49.0,,
4834156326,50.8481768,5.7115161,3,49.0,,
4840104401,50.8969879,5.7178842,3,43.0,,
4840104402,50.8958524,5.7212112,3,44.0,,
4844095794,50.8345638,5.6545249,3,76.0,,
4844443606,50.8432443,5.6561557,3,81.0,,
4844443613,50.8440043,5.6544577,3,83.0,,
4844443614,50.844273,5.6539102,3,82.0,crossing,
4844443616,50.8446401,5.6552108,3,83.0,,
4844443617,50.84452,5.6548743,3,83.0,,
4844443618,50.8437743,5.6555359,3,83.0,,
4844443619,50.8438203,5.6556411,3,83.0,,
4844447921,50.8437329,5.6554532,3,81.0,,
4844447926,50.8432208,5.6559658,3,81.0,,
4844447927,50.8429592,5.65573,3,81.0,,
4855504040,50.8463943,5.6959561,3,45.0,,
4855504041,50.84637,5.6958407,4,45.0,crossing,
4861971404,50.8592256,5.682304,3,48.0,,
4874339108,50.8565108,5.6536687,1,66.0,,
4874339109,50.8557645,5.6539682,3,70.0,,
4874339112,50.8554915,5.6538339,3,70.0,,
4874339113,50.8556263,5.6539002,3,70.0,,
4874339114,50.8558103,5.6529817,3,70.0,,
4876524808,50.8983441,5.7189308,1,45.0,,
4893015897,50.8523668,5.7103454,3,48.0,,
4893015898,50.8521014,5.7087071,3,48.0,,
4893021773,50.8523876,5.7119534,3,48.0,,
4894062349,50.8597833,5.6726091,1,71.0,,
4894180986,50.8362407,5.6835553,3,78.0,,
4894180987,50.8363615,5.6834596,3,78.0,,
4901529025,50.8483454,5.7115586,3,49.0,,
4901529029,50.8482973,5.7110628,3,49.0,,
4901559125,50.8480431,5.7111532,1,49.0,,
4901560919,50.848141,5.7098881,4,52.0,crossing,
4904439297,50.8275034,5.707634,3,49.0,,
4904439298,50.8276227,5.7086335,3,49.0,,
4904439302,50.8283998,5.7073533,3,49.0,,
4904439304,50.8285366,5.708364,3,49.0,,
4909181379,50.857753,5.6822802,1,51.0,,
4915256111,50.8526224,5.646261,3,90.0,,
4915407892,50.8395463,5.6601138,3,82.0,,
4915407893,50.8393114,5.6609977,3,84.0,,
4915407894,50.8394536,5.659883,3,82.0,,
4915407895,50.8400569,5.6595897,1,82.0,,
4915407896,50.8399449,5.6597049,3,82.0,,
4915407897,50.839635,5.6600276,1,82.0,,
4915407898,50.8397304,5.6605793,3,84.0,,
4915407900,50.8401366,5.6601623,3,82.0,,
4921127387,50.8469491,5.6819748,4,63.0,,
4921127389,50.847277,5.6818024,3,63.0,,
4921134829,50.8485666,5.6805015,3,65.0,,
4921141680,50.8471981,5.6840379,3,60.0,,
4921141682,50.8474083,5.6849859,3,60.0,,
4923833037,50.8549646,5.7109643,4,49.0,,
4923833040,50.855953,5.7110247,3,49.0,,
4923833046,50.8531186,5.7105468,3,48.0,,
4923833047,50.856461,5.7116828,3,48.0,,
4923833050,50.8567137,5.7117412,3,48.0,,
4923833053,50.8570371,5.7132476,3,48.0,,
4923833054,50.8559411,5.7113187,4,49.0,,
4923833064,50.8549673,5.7106539,4,49.0,,
4923833067,50.8569744,5.7126149,1,48.0,,
4923833068,50.8551248,5.7110112,3,49.0,,
4923833085,50.8523696,5.7108711,4,48.0,,
4923833092,50.8523678,5.7105804,4,48.0,,
4923833099,50.8566152,5.7119016,3,48.0,,
4926504998,50.8428931,5.7158915,4,51.0,,
4926505013,50.8449773,5.7154736,3,51.0,,
4926505014,50.8436059,5.7158585,3,51.0,,
4926505020,50.8436033,5.7160062,1,51.0,,
4926509631,50.8446707,5.7155953,1,51.0,,
4926509643,50.8450811,5.7153615,4,51.0,,
4926509646,50.8434247,5.7161577,3,51.0,,
4926509648,50.843169,5.7157151,4,51.0,crossing,
4926509652,50.8448656,5.7151572,3,51.0,,
4926509653,50.8430264,5.7159866,3,51.0,,
4926509656,50.8428103,5.7156056,1,51.0,,
4926818453,50.8641018,5.6799282,3,46.0,,
4926818458,50.8640861,5.6797278,4,46.0,,
4927030130,50.8443095,5.7175231,3,52.0,,
4928874932,50.8614196,5.7029048,3,49.0,,
4930686204,50.8575175,5.7110415,1,48.0,,
4930842585,50.8616949,5.7003457,4,49.0,,
4930842587,50.8610902,5.7004754,4,49.0,,
4930842590,50.8598467,5.7005226,4,48.0,,
4930842591,50.861016,5.7004782,4,49.0,,
4930842594,50.8599351,5.7005211,4,48.0,,
4930842595,50.860408,5.7004878,3,48.0,,
4931004192,50.8447765,5.6841378,3,60.0,,
4941947444,50.8540559,5.6467523,3,90.0,,
4941947445,50.8531015,5.6475112,3,90.0,,
4941947446,50.8531251,5.6479342,1,88.0,,
4941947449,50.8546921,5.6449056,3,88.0,,
4941947481,50.8531854,5.647345,3,90.0,,
4941947489,50.8540135,5.6447857,3,91.0,,
4941947499,50.8542795,5.6455044,3,88.0,,
4941992409,50.8703664,5.6725168,3,62.0,,
4942004086,50.8543324,5.6452498,3,88.0,,
4942749606,50.8547149,5.6445607,3,88.0,,
4942872776,50.8504824,5.7050868,1,47.0,,
4960455756,50.8731092,5.6914571,3,45.0,,
4960455758,50.8733129,5.691887,3,44.0,,
4960455761,50.873375,5.6926885,1,44.0,,
4960455773,50.8736259,5.6913338,1,45.0,,
4960455774,50.8726711,5.6925574,3,43.0,,
4960455776,50.8725919,5.6919056,1,43.0,,
4960455777,50.8726435,5.6923649,3,43.0,,
4960455778,50.8725525,5.692574,1,43.0,,
4987015328,50.8491505,5.6642394,3,78.0,,
4987015329,50.8491515,5.6634037,1,78.0,,
4987015330,50.8491512,5.6634998,3,78.0,,
4987015333,50.8489099,5.6638306,3,78.0,,
4987015337,50.8488266,5.6644051,3,78.0,,
4987015339,50.8484157,5.6637883,3,78.0,,
4987015340,50.8485201,5.6636921,1,78.0,,
4987015343,50.8485954,5.6640537,3,78.0,,
4987015344,50.8487505,5.6644809,4,78.0,,
4987015349,50.8485274,5.6630998,1,78.0,,
4987015360,50.8495452,5.661842,3,80.0,,
4987015362,50.8483037,5.6634867,3,78.0,,
4987015366,50.8480803,5.6633451,3,78.0,,
4987015367,50.8480018,5.6634734,4,78.0,crossing,
4987015369,50.8478251,5.6635824,3,82.0,,
4987015372,50.848016,5.6631462,4,78.0,crossing,
4987015373,50.8479163,5.6629108,3,82.0,,
4987028295,50.8438011,5.6589032,3,83.0,,
4987028296,50.8424202,5.6601516,4,83.0,,
4987028297,50.8423158,5.6602464,3,83.0,,
4987028298,50.8434138,5.6626214,3,82.0,,
4987028299,50.8429801,5.6616873,4,83.0,,
4987028300,50.841934,5.6594292,4,83.0,,
4987028304,50.8435035,5.6621619,3,83.0,,
4987028305,50.8433961,5.6622596,5,83.0,,
4987028306,50.8432877,5.6623709,3,83.0,,
4987028307,50.8440958,5.6616282,3,83.0,,
4987028308,50.8431684,5.6614377,3,83.0,,
4987028309,50.8427391,5.660122,1,83.0,,
4987028311,50.8428017,5.6609695,3,83.0,,
4987028313,50.8425714,5.6600181,4,83.0,,
4987028316,50.8418039,5.6580037,1,82.0,,
4987028822,50.8418143,5.6578762,3,82.0,,
4987050635,50.8579531,5.6574297,3,73.0,,
4987050637,50.8571725,5.6567991,3,73.0,,
4987050642,50.8570677,5.6564799,3,73.0,,
4987050645,50.8567788,5.6561363,3,69.0,,
4987050653,50.8573674,5.6569524,3,73.0,,
4987050654,50.8568594,5.6585378,3,70.0,,
4987050655,50.8569418,5.6586066,3,70.0,,
4987050657,50.8562182,5.6602029,3,72.0,,
4987050659,50.856212,5.6599314,3,72.0,,
4987050662,50.8561044,5.6596347,3,72.0,,
4987050666,50.8561214,5.6585893,3,72.0,,
4987050669,50.8557987,5.6593695,3,72.0,,
4987050680,50.8531974,5.6602614,3,69.0,,
4987050682,50.8534915,5.6598331,3,69.0,,
4987050687,50.8538897,5.6602563,3,69.0,,
4987050690,50.8533897,5.6591315,3,69.0,,
4987050691,50.8534359,5.659702,3,69.0,,
4987050692,50.8533044,5.6596329,3,69.0,,
4987050693,50.8531721,5.6604106,3,69.0,,
4987050696,50.8530876,5.6609069,3,69.0,,
4987050723,50.8548064,5.6567682,3,74.0,,
4987050724,50.8544838,5.6572123,3,74.0,,
4998131472,50.8817109,5.7192052,1,48.0,,
4998131473,50.8815518,5.7176878,3,48.0,,
4998131481,50.8822322,5.71662,1,46.0,,
4998131484,50.8807745,5.7195179,3,51.0,,
5002887678,50.8422644,5.6710006,4,75.0,,
5002887681,50.8437587,5.6702989,3,81.0,,
5002887684,50.8439907,5.6701558,3,81.0,,
5002887686,50.8440423,5.6789957,3,64.0,,
5003232429,50.8439453,5.6636728,1,84.0,,
5003232435,50.84375,5.6619423,3,83.0,,
5003232438,50.8435934,5.6623876,3,83.0,,
5003232442,50.8436554,5.6624889,4,83.0,crossing,
5003761192,50.835339,5.6835184,3,95.0,,
5005567847,50.8479483,5.711656,3,49.0,,
5005776942,50.8477904,5.7072645,3,49.0,,
5006029668,50.8552521,5.6935359,3,49.0,,
5006029676,50.8554056,5.6919141,3,49.0,,
5006029679,50.8552281,5.6933856,3,49.0,,
5006029681,50.855343,5.6910568,3,50.0,,
5006029800,50.8552993,5.6919618,3,49.0,,
5006029805,50.8554055,5.6918746,3,49.0,,
5006029808,50.855922,5.6907229,3,50.0,,
5006029977,50.8554368,5.6910084,3,50.0,,
5006029983,50.8559155,5.6908763,3,50.0,,
5006029987,50.8548693,5.691532,3,50.0,,
5043492732,50.8322721,5.7145338,3,51.0,,
5043492733,50.832279,5.7140264,3,51.0,,
5043492735,50.8325853,5.7140605,3,51.0,,
5043492736,50.8324459,5.7140135,3,51.0,,
5043492737,50.8325413,5.7133362,3,51.0,,
5043492738,50.8324035,5.7132806,3,51.0,,
5043492739,50.8322731,5.713228,3,51.0,,
5043492740,50.8321627,5.7139588,3,51.0,,
5043492741,50.8321451,5.7131763,3,51.0,,
5043492742,50.8320355,5.7139168,3,51.0,,
5043492743,50.8320109,5.7131222,3,51.0,,
5043492744,50.8318977,5.7138713,3,51.0,,
5043492745,50.8318734,5.7130647,3,51.0,,
5043492746,50.8317586,5.7138253,3,51.0,,
5043492747,50.831739,5.7130126,3,51.0,,
5043492748,50.8316216,5.71378,3,51.0,,
5043492750,50.8314868,5.7137355,3,51.0,,
5043492751,50.831479,5.7141454,3,51.0,,
5043492752,50.832226,5.714186,3,51.0,,
5043492754,50.8322747,5.7144121,3,51.0,,
5043492756,50.8310918,5.7066196,3,51.0,,
5043492757,50.8310629,5.7060793,1,50.0,,
5066844477,50.8561699,5.6740224,3,67.0,,
5066844484,50.8561125,5.6719097,1,66.0,,
5069040372,50.8459831,5.7133737,3,49.0,,
5069040376,50.8467575,5.7123053,3,52.0,,
5069040378,50.8481281,5.7112394,3,49.0,,
5069040380,50.8462579,5.7136016,3,49.0,,
5069040382,50.8475228,5.7118125,1,52.0,,
5069040385,50.8449502,5.7149703,4,51.0,,
5069470310,50.8658518,5.7144329,3,44.0,,
5069568226,50.8498331,5.7095835,3,52.0,,
5069568227,50.8497322,5.7097042,3,52.0,,
5069642646,50.8498632,5.710848,4,49.0,,
5069642668,50.848391,5.7111266,3,49.0,,
5069642695,50.8484929,5.7110906,3,49.0,,
5069642696,50.8484365,5.7114071,3,49.0,,
5071464707,50.8412846,5.72039,1,48.0,,
5071738107,50.8480565,5.6632317,3,78.0,,
5073252676,50.8718099,5.7214956,1,49.0,,
5073252695,50.8750796,5.7300469,3,55.0,,
5073252740,50.8717022,5.7217371,1,49.0,,
5073252748,50.8697544,5.7196684,1,47.0,,
5073252760,50.8661472,5.7145428,1,44.0,,
5080926010,50.8387155,5.6745252,4,59.0,crossing,
5083374971,50.8426499,5.6648147,3,83.0,,
5109251337,50.8650187,5.7089669,4,47.0,crossing,
5116209672,50.8268653,5.7440366,1,84.0,,
5116209679,50.8260866,5.743814,3,84.0,,
5116209696,50.8231896,5.7289481,1,63.0,,
5116209901,50.8246502,5.7300615,3,64.0,,
5116209908,50.8244695,5.7294797,1,64.0,,
5116210217,50.827266,5.7418926,1,75.0,,
5116210218,50.8272198,5.7418855,3,75.0,,
5116210362,50.8225154,5.7380225,1,63.0,,
5116210366,50.8253975,5.7387813,3,67.0,,
5116210367,50.8253758,5.741653,1,69.0,,
5116210370,50.823248,5.7426887,1,77.0,,
5116210396,50.8252969,5.7419969,3,77.0,,
5116210470,50.8320423,5.7462183,3,103.0,,
5116210474,50.8320015,5.74466,1,83.0,,
5117500477,50.8368101,5.7435508,1,69.0,,
5117501590,50.8423946,5.7375292,1,58.0,,
5117501863,50.8333664,5.7393484,3,69.0,,
5117501865,50.8333173,5.7392329,3,67.0,,
5117502080,50.8314784,5.7463385,3,103.0,,
5117591700,50.8192805,5.723221,3,56.0,,
5117591707,50.8184473,5.7216674,4,52.0,,
5117592577,50.8161525,5.7251111,3,55.0,,
5118352734,50.8463214,5.7408819,1,59.0,,
5118352831,50.8424066,5.7409564,3,59.0,,
5120299401,50.8429112,5.7323492,1,58.0,,
5120300335,50.8424649,5.733479,3,58.0,,
5120300346,50.8427343,5.7338553,1,58.0,,
5120300376,50.8428226,5.7375335,1,58.0,,
5120630985,50.847346,5.7522537,3,76.0,,
5120633886,50.8469299,5.7468167,1,67.0,,
5120633899,50.8470457,5.7472417,3,67.0,,
5120633903,50.8474608,5.7519418,1,75.0,,
5123054815,50.8554554,5.7302663,3,49.0,,
5123057823,50.8549788,5.7294827,1,49.0,,
5123057880,50.85487,5.7237797,3,50.0,,
5123057883,50.8547049,5.7240068,3,50.0,,
5123057888,50.8548609,5.7237311,1,50.0,,
5123057891,50.854503,5.7240488,1,50.0,,
5135499521,50.8345558,5.6532744,3,80.0,,
5135514921,50.8316362,5.6589587,3,69.0,,
5135514922,50.8314674,5.6590552,3,69.0,,
5136328365,50.8506505,5.7459682,3,65.0,,
5142969202,50.8516438,5.691826,3,54.0,,
5142969203,50.85091,5.6908326,3,56.0,,
5142969204,50.8509614,5.6912191,3,56.0,,
5142969205,50.8508612,5.6904801,3,56.0,,
5142969206,50.8512443,5.6903597,3,56.0,,
5142969207,50.8510806,5.6920355,4,54.0,,
5147958820,50.8417648,5.7033814,1,49.0,,
5149935010,50.8611695,5.6889641,3,51.0,,
5149935013,50.8610693,5.6885652,1,51.0,,
5154796182,50.8302091,5.7009479,1,48.0,,
5154796184,50.830432,5.7004826,1,48.0,,
5154796189,50.8302228,5.7011896,3,48.0,,
5155951640,50.8564797,5.7293512,3,53.0,,
5155951644,50.8561972,5.7258778,1,48.0,,
5157808910,50.8495334,5.7486794,3,62.0,,
5161238250,50.8478713,5.7070321,4,49.0,crossing,
5161238251,50.8476783,5.7067938,1,49.0,,
5161238252,50.8476201,5.7062154,1,52.0,,
5181415593,50.8354716,5.6961647,3,43.0,,
5181433416,50.8361703,5.7138722,1,52.0,,
5181593310,50.8463519,5.740394,3,59.0,,
5182419122,50.8624891,5.7271529,1,49.0,,
5182419124,50.8617753,5.7269865,3,49.0,,
5182419132,50.8626701,5.7260873,4,51.0,,
5182419134,50.8628471,5.7261185,3,51.0,,
5182419135,50.8625138,5.7247404,1,51.0,,
5182419136,50.8617439,5.7221648,3,46.0,,
5182419137,50.8617738,5.7214824,3,46.0,,
5182419138,50.8615908,5.722145,3,46.0,,
5182419139,50.8616211,5.721472,3,46.0,,
5184269447,50.8592989,5.7007157,3,48.0,,
5184269448,50.8595864,5.7006966,1,48.0,,
5184269449,50.8596566,5.7012867,1,48.0,,
5184621549,50.850211,5.6896023,1,56.0,,
5188449878,50.8565081,5.6890398,3,51.0,,
5189148399,50.816889,5.7119441,3,47.0,,
5189148410,50.8168906,5.7101589,3,48.0,,
5189148436,50.8148747,5.7096473,3,48.0,,
5189148442,50.8168895,5.7094456,4,48.0,,
5189148446,50.816893,5.7091842,3,48.0,,
5191177589,50.8589892,5.6819788,3,48.0,,
5194945674,50.8569787,5.6802535,1,51.0,,
5196092595,50.8458803,5.7017824,1,52.0,,
5196104351,50.8530941,5.7033895,1,47.0,,
5196104374,50.8530347,5.7031949,1,47.0,,
5198073227,50.8607851,5.7120637,3,48.0,,
5198073228,50.8609197,5.7121709,3,48.0,,
5198073229,50.8607229,5.7122576,3,48.0,,
5198073230,50.8608468,5.712402,3,48.0,,
5198082489,50.8661945,5.7041599,3,48.0,,
5198082490,50.8667365,5.7042961,3,47.0,,
5202400811,50.8363045,5.6595679,1,78.0,,
5206185126,50.856591,5.6908289,3,51.0,,
5211197721,50.8220817,5.6887098,3,39.0,,
5230760770,50.8465292,5.6991819,3,52.0,,
5230760771,50.8460821,5.6992651,3,52.0,,
5230760773,50.8462651,5.7014818,4,52.0,,
5230874046,50.8470676,5.6994068,3,52.0,,
5230874047,50.8466731,5.6990505,3,52.0,,
5230874050,50.846389,5.6992085,3,52.0,,
5230874053,50.8463206,5.7015465,4,52.0,,
5230874054,50.8462056,5.6992423,3,52.0,,
5230884268,50.8468975,5.6992535,3,52.0,,
5230884269,50.8469824,5.6993303,5,52.0,,
5230884270,50.847225,5.698903,3,52.0,,
5230884271,50.8465186,5.6993024,3,52.0,,
5230884272,50.8468933,5.6993226,4,52.0,,
5239927493,50.8718362,5.7350654,1,49.0,,
5239927505,50.8717834,5.7361829,1,53.0,,
5239950958,50.8605764,5.7165309,3,47.0,,
5239950959,50.8619409,5.7186487,3,49.0,,
5239950979,50.8582264,5.7156072,3,49.0,,
5239960089,50.8499768,5.708077,3,49.0,,
5239960097,50.8494213,5.7070414,3,49.0,,
5240784757,50.8150796,5.7083258,1,47.0,,
5240784762,50.8150533,5.7087348,1,48.0,,
5241388827,50.8627483,5.7266934,1,51.0,,
5241388847,50.8619203,5.7198208,3,47.0,,
5244090512,50.8500647,5.7111118,3,48.0,,
5250064999,50.8490927,5.7128247,3,51.0,crossing,
5250065000,50.8495698,5.7127326,3,51.0,,
5250065001,50.8488667,5.7118458,3,49.0,,
5250065003,50.8487446,5.7118804,3,49.0,,
5250065004,50.8489711,5.7128423,3,51.0,,
5250065005,50.8488463,5.7128277,4,51.0,,
5250065006,50.8492114,5.7128066,3,51.0,,
5250065008,50.8492311,5.7117537,3,49.0,,
5250065009,50.8489846,5.71181,3,49.0,,
5250065010,50.8491076,5.7117814,3,49.0,,
5250065011,50.8493401,5.7127887,3,51.0,,
5254470692,50.8726524,5.7172924,3,50.0,,
5254470693,50.8724141,5.7177395,3,50.0,,
5254470696,50.87216,5.7174394,3,50.0,,
5254470698,50.8725224,5.7171351,3,50.0,,
5254470701,50.8725284,5.7178745,3,50.0,,
5254470702,50.8726429,5.7180098,3,50.0,,
5254470703,50.8722821,5.7175835,3,50.0,,
5254470704,50.8730153,5.7177316,3,46.0,,
5254470705,50.8728811,5.7175692,3,50.0,,
5254470706,50.8727685,5.7174329,3,50.0,,
5254470709,50.8727754,5.7181663,3,50.0,,
5254470711,50.8724031,5.7169907,3,50.0,,
5256134592,50.8897216,5.6951715,1,42.0,,
5268223440,50.8498128,5.7049976,3,52.0,,
5270215523,50.8179801,5.7175193,3,51.0,,
5270238330,50.8175174,5.7097951,4,48.0,,
5270238333,50.8189467,5.7102512,3,48.0,,
5270238336,50.8185179,5.710113,3,48.0,,
5270238337,50.8179054,5.7101626,3,48.0,,
5270238339,50.8175144,5.710034,3,48.0,,
5270238340,50.8174953,5.7114287,1,47.0,,
5270238343,50.8183346,5.7102825,3,48.0,,
5270238346,50.8175106,5.7103397,3,48.0,,
5270238350,50.8190704,5.7113781,3,48.0,,
5270238356,50.8183341,5.7103217,1,48.0,,
5272710308,50.8543104,5.6470586,3,88.0,,
5272710315,50.8550112,5.6452432,3,88.0,,
5272710316,50.854728,5.6450904,3,88.0,,
5272710317,50.8546969,5.6454657,3,88.0,,
5272710318,50.8545887,5.6459057,3,88.0,,
5272710722,50.8542343,5.6469659,3,88.0,,
5272710723,50.8552476,5.6453461,4,88.0,crossing,
5272710724,50.8548411,5.6459341,3,88.0,,
5272710725,50.855066,5.6460955,4,88.0,,
5272710726,50.8546553,5.6463894,3,88.0,,
5272710727,50.8548912,5.6465794,3,88.0,,
5273866757,50.8496401,5.7111801,3,49.0,,
5275602467,50.8314467,5.7263531,3,61.0,,
5278739844,50.8542409,5.6499343,3,78.0,,
5278739852,50.8545421,5.6511079,3,72.0,,
5278739860,50.8545647,5.653148,3,70.0,,
5278739864,50.8549626,5.6528011,3,70.0,,
5278739871,50.8549367,5.652992,3,70.0,,
5278739882,50.8546654,5.6527773,3,70.0,,
5278739891,50.8543373,5.6514006,3,72.0,,
5278739893,50.8544782,5.6516421,3,72.0,,
5285729659,50.856298,5.7158805,1,49.0,,
5286216505,50.8674396,5.6853497,1,43.0,,
5286216506,50.8671877,5.6854062,3,43.0,,
5286231374,50.8670001,5.6854581,3,43.0,,
5286231382,50.8668343,5.6859341,3,43.0,,
5286253715,50.8667161,5.6856696,3,43.0,,
5286253716,50.8666728,5.6856211,1,43.0,,
5286254021,50.8672446,5.6853923,3,43.0,,
5286254022,50.8672356,5.6851773,1,43.0,,
5286254024,50.867075,5.6854268,3,43.0,,
5286254025,50.8670526,5.6852079,1,43.0,,
5286254027,50.8668026,5.6853674,1,43.0,,
5286254029,50.8668387,5.6854641,3,43.0,,
5292341004,50.8556015,5.7232633,1,50.0,,
5294071731,50.856487,5.6870941,3,47.0,,
5294620008,50.8523231,5.712978,3,48.0,,
5294620010,50.8522583,5.7119599,3,48.0,,
5294620012,50.8522422,5.7117164,3,48.0,,
5297573823,50.8451004,5.7085776,1,50.0,,
5297573825,50.8451816,5.707383,3,50.0,,
5305007467,50.8619482,5.6521837,4,63.0,crossing,
5305008754,50.8606645,5.6472941,3,68.0,,
5307207330,50.8567459,5.6800282,4,51.0,,
5307207332,50.8574802,5.6790962,4,58.0,,
5307235952,50.8574573,5.6816776,1,51.0,,
5309234710,50.8617265,5.6509968,3,65.0,,
5309234713,50.8617856,5.6513838,3,65.0,,
5309234714,50.861838,5.6517461,3,65.0,,
5309234715,50.8617598,5.6519488,3,65.0,,
5309234716,50.861672,5.6506267,3,65.0,,
5309234717,50.8615325,5.6507639,3,65.0,,
5309234718,50.8610921,5.6485359,3,67.0,,
5309234719,50.8609702,5.6486465,3,67.0,,
5311097763,50.8442483,5.6816487,4,60.0,crossing,
5316974783,50.8390132,5.6508453,3,80.0,,
5323497251,50.8705317,5.7180389,3,45.0,,
5324248204,50.8442271,5.7266235,1,50.0,,
5324248208,50.8444733,5.7266317,1,50.0,,
5324372688,50.8424445,5.6475694,3,84.0,,
5324388897,50.8406824,5.6480065,3,82.0,,
5324388898,50.8406814,5.6465719,3,83.0,,
5331312224,50.8605609,5.6513018,3,65.0,,
5331312226,50.8602089,5.6519882,3,62.0,,
5331312227,50.860651,5.651518,3,65.0,,
5331434971,50.8618046,5.6521947,3,63.0,,
5331434972,50.8612544,5.6527706,4,63.0,crossing,
5331434973,50.8608871,5.6531519,4,63.0,,
5331434974,50.860512,5.6516705,3,65.0,,
5331434975,50.8610594,5.6529751,3,63.0,,
5331434976,50.8608468,5.6530518,1,63.0,,
5331434977,50.8609357,5.653279,1,63.0,,
5331434981,50.8604497,5.6536104,3,63.0,,
5331434982,50.8605022,5.6537332,1,63.0,,
5331434983,50.8603577,5.6537061,3,64.0,,
5331434984,50.8604094,5.6538313,1,64.0,,
5332135732,50.8593779,5.6547381,4,63.0,,
5332135733,50.8593058,5.6545647,1,63.0,,
5332135752,50.8573982,5.6552112,3,69.0,,
5332135754,50.8571555,5.6553494,3,69.0,,
5332135761,50.8578281,5.6573307,3,73.0,,
5335187805,50.8440155,5.6789015,4,64.0,,
5335187809,50.8434994,5.6768256,3,65.0,,
5335187814,50.8438275,5.6783895,4,64.0,,
5335187815,50.8437347,5.6784428,1,61.0,,
5335187818,50.8434765,5.6774259,1,61.0,,
5335187819,50.843046,5.6779509,1,61.0,,
5335187820,50.8429151,5.6781714,3,61.0,,
5335188321,50.8431035,5.6781668,1,61.0,,
5335188322,50.8430044,5.6783235,3,61.0,,
5335188323,50.8431771,5.6774741,4,61.0,,
5335188325,50.8432323,5.6776143,3,61.0,,
5335188326,50.843236,5.6776287,1,61.0,,
5335188327,50.8431963,5.6775201,3,61.0,,
5335188329,50.8431944,5.6776513,1,61.0,,
5339106865,50.8628391,5.6543969,3,70.0,,
5340857695,50.8391917,5.7079478,3,50.0,,
5340857696,50.8393029,5.7079515,1,50.0,,
5341519185,50.8591072,5.654506,1,63.0,,
5341519192,50.8583007,5.6559819,4,69.0,,
5348957739,50.8599741,5.6894668,3,50.0,,
5354384349,50.8532966,5.6863896,4,50.0,,
5354384350,50.8536532,5.686445,3,50.0,,
5354384351,50.8533583,5.686703,3,50.0,,
5354384353,50.8531267,5.6859064,3,50.0,,
5354424304,50.8531054,5.6878866,3,50.0,,
5354424305,50.8537409,5.6854238,3,50.0,,
5354424311,50.8536923,5.6867404,1,50.0,,
5354424312,50.8536546,5.6868884,3,50.0,,
5354424313,50.8533399,5.687163,3,50.0,,
5354424315,50.8535464,5.6869796,3,50.0,,
5354448491,50.8539736,5.688458,3,50.0,,
5354978680,50.8541223,5.6923479,3,54.0,,
5354978682,50.8540157,5.693219,4,54.0,,
5354978684,50.8546996,5.6932737,3,49.0,,
5354978703,50.8566174,5.6901686,3,51.0,,
5355019628,50.8574641,5.6871296,3,47.0,,
5355019629,50.8575753,5.6873491,3,47.0,,
5355019635,50.8582638,5.6886539,3,51.0,,
5355019659,50.8540035,5.6870239,1,50.0,,
5356267572,50.8445964,5.688862,3,52.0,,
5356267574,50.8443001,5.6880634,1,52.0,,
5356267575,50.8444811,5.6881587,3,52.0,,
5356267576,50.8442544,5.6882549,1,52.0,,
5356267579,50.8445227,5.687956,1,52.0,,
5356267588,50.8443269,5.6887776,1,52.0,,
5356267589,50.8442163,5.6888262,4,52.0,,
5356267590,50.8442197,5.6888515,1,52.0,,
5356267591,50.8441924,5.688679,5,52.0,,
5356267592,50.8443161,5.6887824,4,52.0,,
5356267593,50.8442922,5.6886364,6,52.0,,
5356267594,50.8442632,5.6884582,1,52.0,,
5356267595,50.8442685,5.6884906,4,52.0,,
5356267596,50.8441694,5.6885325,3,52.0,,
5356267597,50.8442552,5.6887289,4,52.0,,
5356267598,50.8442312,5.6885848,4,52.0,,
5356559592,50.8557282,5.693597,1,49.0,,
5356653352,50.8538137,5.6913456,3,53.0,,
5356653354,50.8542126,5.6913367,3,50.0,,
5356653356,50.8539182,5.6920251,3,54.0,,
5356653357,50.8540395,5.6920911,3,54.0,,
5356653358,50.8541131,5.6924513,3,54.0,,
5356653395,50.854096,5.6914244,3,53.0,,
5356653397,50.8542417,5.6910279,3,50.0,,
5356653398,50.854614,5.6912485,3,50.0,,
5356653400,50.8545015,5.6914237,3,50.0,,
5356653403,50.8545719,5.6912429,3,50.0,,
5356653406,50.8546083,5.6913566,3,50.0,,
5356677722,50.8552588,5.6890334,3,50.0,,
5359223742,50.8552298,5.6893879,3,50.0,,
5360410512,50.8511472,5.6860367,1,53.0,,
5360410514,50.8512151,5.6860943,1,53.0,,
5360410518,50.8510738,5.685626,1,53.0,,
5360410520,50.8511765,5.6860134,3,53.0,,
5361390573,50.8463457,5.7134393,3,49.0,,
5369762139,50.8519625,5.688005,1,57.0,,
5370677587,50.8485064,5.7127623,3,51.0,,
5370677593,50.8485327,5.7135005,3,51.0,,
5372357411,50.8543828,5.6924579,3,49.0,,
5372357415,50.8544797,5.6931083,3,49.0,,
5373720970,50.8509539,5.7310814,1,53.0,,
5373720971,50.8512273,5.7309569,3,53.0,,
5373720977,50.8513656,5.7308918,3,53.0,,
5373720978,50.8512619,5.7309406,3,53.0,,
5373720979,50.8512105,5.7306348,3,53.0,,
5373720980,50.851291,5.7304746,3,53.0,,
5373720985,50.8501805,5.7290287,1,50.0,,
5373720991,50.8510106,5.7290838,3,50.0,,
5373721009,50.8377972,5.7091774,3,53.0,crossing,
5373721013,50.8368874,5.7127788,1,52.0,,
5373721020,50.8363755,5.7165626,1,56.0,,
5373721321,50.8362956,5.7165606,3,56.0,crossing,
5373721332,50.8362675,5.715137,3,56.0,,
5373721336,50.83653,5.7134673,1,52.0,,
5373721337,50.836534,5.7143515,3,52.0,,
5373721338,50.8366613,5.7134646,1,52.0,,
5373721339,50.8366602,5.7143549,3,52.0,,
5373721340,50.8367805,5.7135082,1,52.0,,
5373721342,50.83639,5.7143501,3,52.0,,
5373721362,50.8357347,5.7132757,3,52.0,,
5373721371,50.8352631,5.7132408,4,53.0,crossing,
5373721374,50.8340672,5.7132526,3,53.0,,
5375629300,50.8441795,5.6793514,3,63.0,,
5389604017,50.8539536,5.6913901,3,53.0,,
5396182460,50.8602425,5.739269,1,57.0,,
5396182482,50.8601099,5.7389035,3,57.0,,
5396183971,50.8612392,5.7432718,1,59.0,,
5396183978,50.8614897,5.7432626,1,59.0,,
5396183983,50.8622985,5.7428934,1,59.0,,
5396183989,50.862121,5.7427424,3,59.0,,
5396183990,50.8618873,5.7388179,3,57.0,,
5396184006,50.8618079,5.7447718,3,61.0,,
5396184013,50.8613789,5.7439907,1,61.0,,
5396184087,50.8686501,5.7470738,3,63.0,,
5396184273,50.8641401,5.7383542,3,54.0,,
5396184282,50.8633803,5.7386357,3,54.0,,
5396184289,50.8629062,5.7386239,3,54.0,,
5396184292,50.8629153,5.7387386,3,54.0,,
5396184297,50.8623908,5.738687,3,57.0,,
5396184310,50.8623929,5.738833,3,57.0,,
5396184376,50.8722979,5.7399477,1,59.0,,
5396184383,50.8714943,5.7406584,1,59.0,,
5396184394,50.8698911,5.7401821,1,54.0,,
5396184396,50.8697014,5.7401486,1,54.0,,
5396184405,50.8697247,5.7480943,1,72.0,,
5396184468,50.864901,5.7389799,3,53.0,,
5396184544,50.8618096,5.7388915,1,57.0,,
5396796556,50.8675049,5.7574644,1,90.0,,
5396796558,50.8679479,5.7571407,3,90.0,,
5396796567,50.8679561,5.7570569,3,90.0,,
5396796618,50.8675483,5.7503921,1,72.0,,
5403473464,50.8585631,5.7130978,1,46.0,,
5403473469,50.8581993,5.7136706,1,48.0,,
5418158181,50.8498782,5.7111425,4,49.0,,
5431586341,50.8168883,5.7275635,1,56.0,,
5431586343,50.8169131,5.7275066,4,56.0,,
5431586346,50.8169518,5.7274198,4,56.0,,
5431586348,50.8169928,5.7273286,1,56.0,,
5431586352,50.8170254,5.7273418,3,56.0,,
5431586363,50.8209992,5.7290802,1,61.0,,
5431586366,50.8210057,5.7289048,3,61.0,,
5431586367,50.8215212,5.7291274,1,61.0,,
5431586369,50.8215269,5.7289517,3,61.0,,
5431586901,50.8174032,5.7279764,4,56.0,crossing,
5431586904,50.8174333,5.7278905,4,56.0,crossing,
5431586910,50.8175084,5.7276623,3,56.0,,
5431587241,50.8200685,5.7312742,1,57.0,,
5431587303,50.8175451,5.7268834,3,54.0,,
5436367719,50.8483124,5.6583312,4,79.0,,
5436368527,50.8488081,5.6617921,3,80.0,,
5436368528,50.848928,5.6621706,4,80.0,,
5436372893,50.8474323,5.6457451,3,88.0,,
5436372895,50.8475797,5.6457661,3,88.0,,
5436378051,50.8460602,5.6518086,1,81.0,,
5436378603,50.8442889,5.6817631,4,60.0,crossing,
5436382568,50.8461626,5.6600034,4,83.0,crossing,
5436382569,50.8462409,5.6595181,4,83.0,crossing,
5436382570,50.8465737,5.6596695,4,83.0,crossing,
5436382573,50.8492288,5.6660179,4,79.0,crossing,
5436382574,50.8494859,5.6667004,3,78.0,crossing,
5436382575,50.8500535,5.6677298,4,73.0,crossing,
5436382576,50.8490521,5.6719536,4,74.0,crossing,
5436382577,50.8488504,5.6725897,4,74.0,crossing,
5436382578,50.848919,5.6725283,4,74.0,crossing,
5436382579,50.8490674,5.6738295,4,72.0,crossing,
5452361833,50.8137274,5.7072923,3,49.0,,
5462625435,50.844563,5.715844,4,51.0,,
5462625437,50.8445991,5.7169229,3,52.0,,
5464773314,50.843009,5.7337881,1,58.0,,
5476578465,50.8592589,5.6548605,3,63.0,,
5476578466,50.8593085,5.6549716,3,63.0,,
5476578468,50.8594253,5.654851,1,63.0,,
5480718971,50.8457989,5.7025474,3,52.0,,
5490908591,50.8376937,5.7131925,3,52.0,,
5506634508,50.8161042,5.6871954,4,77.0,,
5506635555,50.813276,5.6807052,3,99.0,,
5506635588,50.8139104,5.6850365,4,111.0,,
5506635597,50.8137868,5.6869502,4,129.0,,
5506635623,50.81226,5.688388,3,112.0,,
5506635667,50.8130605,5.6820201,4,107.0,,
5506635671,50.8140662,5.6798396,3,99.0,,
5506635681,50.813953,5.6802628,4,99.0,,
5506635692,50.8146769,5.6802041,4,93.0,,
5506635877,50.8162185,5.6804707,4,93.0,,
5509285070,50.8558679,5.6768365,4,62.0,crossing,
5509285071,50.8557661,5.6800546,1,56.0,,
5509285072,50.855928,5.6768369,4,62.0,crossing,
5515626560,50.8257258,5.6949214,3,87.0,,
5515626565,50.825626,5.695044,3,87.0,,
5521318976,50.834735,5.7281517,1,62.0,,
5522554994,50.8465017,5.6791822,3,63.0,,
5522554995,50.8466398,5.679607,3,63.0,,
5522599221,50.847084,5.6799682,3,63.0,,
5522599223,50.8472602,5.6804,4,63.0,,
5522828943,50.8394154,5.6637088,4,84.0,,
5522828944,50.8398609,5.6648147,3,83.0,,
5522859131,50.8505797,5.6898209,1,56.0,,
5522859132,50.8504945,5.6896999,3,56.0,,
5522859138,50.8505794,5.6897034,3,56.0,,
5522859143,50.8504899,5.6903828,3,56.0,,
5522859144,50.8502743,5.689608,3,56.0,,
5536174760,50.8572053,5.6787069,3,58.0,,
5536174764,50.8571348,5.6788538,3,58.0,,
5536174765,50.8566313,5.678451,3,58.0,,
5543781578,50.856769,5.6852719,3,49.0,,
5548855365,50.8583127,5.691207,3,51.0,,
5548855372,50.857534,5.687565,3,51.0,,
5548855373,50.8569947,5.6856618,1,47.0,,
5570985505,50.8376144,5.7190399,3,49.0,,
5570987293,50.8392215,5.7198349,3,49.0,,
5570987399,50.8390674,5.7197785,3,49.0,,
5573360216,50.8579954,5.6849896,3,49.0,,
5608073993,50.8555662,5.6857705,3,47.0,,
5608080255,50.8555417,5.6859684,3,47.0,,
5643523072,50.8561871,5.7172374,3,48.0,,
5643523073,50.8561124,5.7170251,4,48.0,,
5643523074,50.8567417,5.7194944,3,47.0,,
5643523075,50.8568808,5.7193776,1,47.0,,
5643523076,50.8566749,5.7192861,3,47.0,,
5643523081,50.8564291,5.7185191,3,48.0,,
5647935530,50.8542137,5.6840612,4,48.0,,
5647935531,50.8543064,5.6839902,4,48.0,,
5647935532,50.8542439,5.6839003,4,48.0,,
5647993631,50.856152,5.6716106,4,66.0,,
5647993640,50.8562064,5.6715133,3,66.0,,
5651757504,50.8480111,5.7107386,1,49.0,,
5687879772,50.8443287,5.7185026,1,52.0,,
5706078961,50.8419311,5.7146567,3,51.0,,
5723964267,50.8875467,5.6946361,1,43.0,,
5723964269,50.8830237,5.6910608,1,43.0,,
5723964279,50.8832368,5.6889993,3,43.0,,
5727744558,50.8512025,5.6938939,3,47.0,,
5727744561,50.849859,5.6942893,3,50.0,,
5727744565,50.85067,5.6940558,4,47.0,,
5740045343,50.8566735,5.717852,1,48.0,,
5744600705,50.8412041,5.6762262,1,61.0,,
5744600707,50.8411253,5.6760465,3,61.0,,
5744600709,50.8414525,5.6755612,3,61.0,,
5744600711,50.8407792,5.6764359,3,61.0,,
5761496200,50.8520482,5.6752779,3,68.0,,
5761496988,50.8513801,5.6724365,3,72.0,,
5764171210,50.8461141,5.6874308,4,58.0,,
5764171211,50.8459942,5.6875465,4,56.0,,
5764171212,50.8460175,5.6876888,4,56.0,,
5764577674,50.8819628,5.6868435,3,44.0,,
5764577676,50.8814512,5.6867632,1,44.0,,
5774672200,50.8548433,5.6826461,3,51.0,,
5777717086,50.8557589,5.6457967,3,88.0,,
5777718487,50.8557602,5.645532,1,88.0,,
5777718489,50.8556933,5.6460102,3,88.0,,
5777718490,50.8553037,5.6457622,3,88.0,,
5777718491,50.8556304,5.6462096,3,88.0,,
5777718492,50.855254,5.6459649,3,88.0,,
5777718493,50.8555395,5.6464294,3,88.0,,
5777718495,50.8554237,5.646625,3,88.0,,
5777718496,50.8551527,5.6463513,3,88.0,,
5777718497,50.8553282,5.646814,3,88.0,,
5808697694,50.8746962,5.7152364,3,47.0,,
5808697701,50.8746488,5.7148408,3,47.0,,
5808697728,50.874874,5.7150182,3,47.0,,
5808814456,50.8744107,5.7107396,1,48.0,,
5808814461,50.8752748,5.7093454,3,45.0,,
5811948894,50.8209495,5.7239723,4,60.0,,
5811948900,50.8217654,5.7238239,4,60.0,,
5811957312,50.8248157,5.7233448,3,61.0,,
5825631349,50.8520305,5.6979639,3,52.0,crossing,
5842000281,50.8362578,5.7157848,3,56.0,,
5859723554,50.8432403,5.6800112,3,58.0,,
5894831985,50.8226998,5.6890281,3,39.0,,
5901395140,50.855438,5.6870084,3,47.0,,
5901395141,50.8550119,5.6869135,3,47.0,,
5901395143,50.855271,5.688906,3,50.0,,
5901395144,50.8543543,5.6885289,3,50.0,,
5901395148,50.8548584,5.6886389,3,50.0,,
5901416843,50.8549289,5.6878517,3,50.0,,
5901416844,50.8552869,5.6887285,3,50.0,,
5901416845,50.8544984,5.6885591,3,50.0,,
5901416846,50.8545651,5.6877759,3,50.0,,
5901416847,50.8550898,5.6860331,3,47.0,,
5901416848,50.85494,5.6877267,3,50.0,,
5901416849,50.8545182,5.6877639,3,50.0,,
5901416850,50.8546734,5.6859413,3,47.0,,
5901416851,50.8553679,5.6878218,3,50.0,,
5901416852,50.8538401,5.6876229,3,50.0,,
5901793930,50.8497276,5.7126749,1,51.0,,
5901793933,50.8506991,5.7110344,4,48.0,,
5901793935,50.8493509,5.7117206,3,49.0,,
5901793936,50.8495825,5.712537,3,51.0,,
5901793937,50.8495102,5.7118946,3,49.0,,
5901793941,50.849745,5.7124848,1,49.0,,
5901793943,50.8494603,5.7127701,3,51.0,,
5903462660,50.8496931,5.7126881,3,51.0,,
5909479146,50.8693586,5.6981191,1,42.0,,
5912313283,50.8539879,5.6840477,1,52.0,,
5921355994,50.8294482,5.729486,3,62.0,,
5921355999,50.8287784,5.7305647,3,63.0,,
5921356004,50.8291686,5.7307511,3,62.0,,
5921356008,50.8292758,5.7295414,3,62.0,,
5921356009,50.8291528,5.7309389,1,63.0,,
5921356011,50.8287215,5.7307206,1,63.0,,
5921356015,50.8294105,5.7294981,3,62.0,,
5921356016,50.8294854,5.7299949,3,62.0,,
5921356018,50.8301207,5.7301722,3,62.0,,
5921356020,50.8299522,5.7313374,3,63.0,,
5921356022,50.8300053,5.7313212,3,63.0,,
5921356023,50.8299416,5.7314308,1,63.0,,
5928376390,50.8562501,5.6687789,4,70.0,,
5928376391,50.8561941,5.6687898,4,66.0,,
5936373086,50.8318942,5.6540873,3,78.0,,
5954174798,50.859973,5.6791983,3,51.0,,
5954174827,50.8596953,5.6786249,3,60.0,,
5954174832,50.8595344,5.6782145,3,60.0,,
5954174844,50.8596021,5.6792377,3,51.0,,
5956659487,50.8452391,5.6727801,3,74.0,,
5962440673,50.8522545,5.7276878,3,50.0,,
5962442678,50.8532466,5.7270208,3,45.0,,
5962442683,50.8524234,5.7273291,3,50.0,,
5962448067,50.852048,5.7264608,4,49.0,,
5962450940,50.85286,5.72525,3,45.0,,
5962468892,50.8496255,5.7272203,1,53.0,,
5964483557,50.8478717,5.72328,3,51.0,,
5964483563,50.8476958,5.7240019,4,51.0,,
5964563986,50.8481606,5.7232148,3,54.0,,
5964563987,50.8478053,5.7230536,3,51.0,,
5964563988,50.8477036,5.7230887,3,51.0,,
5964563989,50.8475092,5.7234327,3,51.0,,
5964563990,50.8477745,5.7229526,3,51.0,,
5964563991,50.8476827,5.7230207,3,51.0,,
5964563992,50.8474926,5.7234242,3,51.0,,
5964563993,50.8474338,5.7236835,3,51.0,,
5964563994,50.8474551,5.7236947,3,51.0,,
5964563995,50.8474635,5.724172,3,51.0,,
5964604496,50.8477243,5.7241394,3,51.0,,
5964604497,50.8479532,5.7241341,3,54.0,,
5964604498,50.8479201,5.7242647,3,54.0,,
5964604499,50.8481189,5.7234082,3,54.0,,
5964604500,50.8480899,5.7235394,3,54.0,,
5964610371,50.8475814,5.7257,3,51.0,,
5964610373,50.8471355,5.7251889,1,51.0,,
5964622451,50.8461309,5.7228359,3,48.0,,
5964622452,50.8461985,5.7228712,1,48.0,,
5964622454,50.8465357,5.7229206,1,51.0,,
5964622455,50.846482,5.7231727,1,51.0,,
5964635748,50.8502179,5.7238774,1,47.0,,
5964635750,50.8502568,5.7231976,3,47.0,,
5964687650,50.8503295,5.7205803,3,49.0,,
5964687651,50.8508782,5.720175,3,49.0,,
5964687652,50.8510322,5.720167,3,49.0,,
5964696112,50.8496397,5.7209096,3,52.0,,
5964696114,50.8502847,5.720642,3,49.0,,
5964697339,50.8497179,5.7208052,3,51.0,,
5964697340,50.8499096,5.7211589,4,52.0,,
5964697341,50.850122,5.7215805,3,46.0,,
5964700913,50.8505105,5.7192976,1,49.0,,
5964700914,50.8501631,5.7193285,3,49.0,,
5964735988,50.853682,5.721521,3,48.0,,
5964747460,50.8525236,5.7232186,3,49.0,,
5964747461,50.8530705,5.7231672,3,49.0,,
5964747462,50.8533329,5.7225624,3,48.0,,
5964747464,50.8534299,5.7224914,3,48.0,,
5969249375,50.8643267,5.7098677,3,46.0,,
5969249376,50.8636435,5.7113862,4,46.0,,
5969273981,50.865077,5.7192171,3,46.0,,
6005236520,50.8555287,5.6817829,4,51.0,,
6007029121,50.8566039,5.6871221,1,47.0,,
6013212197,50.8560652,5.6716609,1,66.0,,
6017954233,50.8561046,5.6745887,3,67.0,,
6030119314,50.8540163,5.6931895,3,54.0,,
6030161741,50.8537983,5.6930395,1,54.0,,
6031634738,50.856492,5.689538,3,51.0,,
6044962882,50.8381551,5.6808118,3,51.0,,
6050710869,50.8565749,5.7114507,3,48.0,,
6050710882,50.8558785,5.7163393,1,47.0,,
6050889759,50.8566313,5.7159493,3,49.0,,
6050889760,50.8570255,5.7156005,3,49.0,,
6051662185,50.8682944,5.6763606,4,50.0,,
6051662187,50.8682328,5.6762541,3,50.0,,
6053324901,50.8995656,5.7079515,1,43.0,,
6053324904,50.897289,5.7062331,3,45.0,,
6053324906,50.898224,5.7031752,3,43.0,,
6060881370,50.8417242,5.6885323,4,50.0,crossing,
6060908748,50.8559785,5.7171349,3,48.0,,
6060908750,50.8557878,5.7165477,1,47.0,,
6060908751,50.8557357,5.7163894,1,47.0,,
6060908752,50.8554194,5.7153796,3,47.0,,
6076652892,50.8501989,5.7045596,3,47.0,,
6076958629,50.8578287,5.6914589,1,51.0,,
6077078955,50.8579676,5.6901278,4,51.0,,
6078681826,50.8579314,5.6909541,3,51.0,,
6079172365,50.8472365,5.6953139,4,51.0,,
6079172367,50.846845,5.6946987,3,51.0,,
6079172369,50.8465996,5.6950804,1,51.0,,
6079172375,50.846997,5.6946806,3,51.0,,
6090630793,50.8485159,5.7128793,4,51.0,,
6093637515,50.8493068,5.6863651,3,60.0,,
6093741979,50.8502937,5.6892957,1,57.0,,
6096731212,50.8517928,5.6934653,1,54.0,,
6096731219,50.8464624,5.6991911,3,52.0,,
6096731232,50.8459801,5.6992518,3,52.0,,
6098774392,50.8443315,5.6808939,4,63.0,,
6098774394,50.8441763,5.6815448,4,60.0,,
6098774397,50.8443188,5.6818863,3,60.0,crossing,
6098811902,50.8491979,5.6779548,3,70.0,,
6098905159,50.8431146,5.6849913,1,52.0,,
6103981947,50.8495915,5.6781039,3,70.0,,
6109085853,50.8394043,5.6770313,3,57.0,,
6109085854,50.8391378,5.6776262,3,53.0,,
6109085856,50.8395355,5.6764776,3,57.0,,
6109085860,50.8406102,5.678603,3,56.0,,
6109085862,50.8411251,5.6769751,3,61.0,,
6119304712,50.8715502,5.7173156,3,50.0,,
6119304713,50.8713179,5.7177211,3,50.0,,
6119304715,50.8722849,5.7181865,3,50.0,,
6119304722,50.8725674,5.7179219,3,50.0,,
6119304724,50.872364,5.7182788,3,50.0,,
6119304725,50.8721329,5.7174073,3,50.0,,
6119304728,50.8719016,5.7177393,3,50.0,,
6119304730,50.8717258,5.7168084,3,50.0,,
6119504364,50.8487677,5.6944706,3,50.0,,
6119504365,50.8487722,5.6945181,1,50.0,,
6122248295,50.8477506,5.6820832,3,63.0,,
6122248298,50.8451021,5.6835005,3,60.0,,
6122291120,50.8467598,5.7080174,1,49.0,,
6122291137,50.8470843,5.7093269,3,51.0,,
6122291140,50.8468364,5.709401,3,51.0,,
6122299728,50.8476871,5.706238,3,52.0,,
6135218138,50.8471788,5.7033559,1,51.0,,
6135218141,50.8474892,5.7031578,3,51.0,,
6135257892,50.847646,5.7059238,3,52.0,,
6135257895,50.8474935,5.7063117,3,49.0,,
6135663062,50.8694718,5.7005261,4,43.0,crossing,
6136817391,50.8649517,5.6913863,3,49.0,,
6136817396,50.8647284,5.6914372,1,49.0,,
6142670143,50.8368965,5.7164737,1,56.0,,
6142670144,50.8371865,5.7169755,3,53.0,,
6142670145,50.8373278,5.7163847,4,56.0,,
6142670146,50.8372542,5.7162433,3,56.0,,
6142670148,50.837047,5.7158386,1,56.0,,
6151755622,50.8731658,5.7255265,1,54.0,,
6151755625,50.8735846,5.7250819,3,54.0,,
6151755632,50.8706343,5.7221232,1,47.0,,
6151755647,50.8697981,5.7227411,1,47.0,,
6153770074,50.8682425,5.7048317,3,47.0,,
6153770077,50.869188,5.7054417,3,47.0,,
6153770078,50.8687901,5.705018,3,47.0,,
6153770080,50.8680456,5.7032925,3,48.0,,
6153879490,50.8509798,5.7065701,3,49.0,,
6153879495,50.8520435,5.7060597,3,47.0,,
6172740040,50.8606664,5.7102669,4,47.0,,
6172740041,50.8606422,5.7103398,3,47.0,,
6175190996,50.8337457,5.7096106,1,46.0,,
6176226432,50.8353637,5.7068772,3,48.0,,
6176226433,50.8353506,5.7068777,3,48.0,,
6192907553,50.8565895,5.6793571,3,51.0,,
6192907562,50.8567385,5.6795809,3,51.0,,
6192907567,50.8566888,5.6795418,3,51.0,,
6192907569,50.8565052,5.6791452,3,58.0,,
6192907570,50.8567481,5.6785447,3,58.0,,
6192907571,50.8568798,5.6786503,3,58.0,,
6192907572,50.857006,5.6787515,3,58.0,,
6192907578,50.8575699,5.6789274,1,58.0,crossing,
6192907582,50.8576335,5.6790559,4,58.0,crossing,
6192907583,50.857595,5.6789781,4,58.0,crossing,
6192909491,50.8564847,5.6802298,1,51.0,,
6197818709,50.8442181,5.7187653,3,52.0,,
6197818716,50.8450311,5.714764,3,51.0,,
6197818719,50.8458792,5.7140874,1,49.0,,
6198680589,50.8567164,5.6802343,4,51.0,,
6198680592,50.855722,5.6813377,4,51.0,,
6201985297,50.8487641,5.6880542,3,55.0,,
6201985298,50.8496473,5.6880981,3,55.0,,
6205885646,50.8463726,5.6694592,1,78.0,,
6205885649,50.8466579,5.6698356,3,78.0,,
6206306360,50.8615825,5.6806714,3,46.0,,
6206306362,50.8615112,5.681615,3,44.0,,
6206306363,50.8614908,5.6817291,3,44.0,,
6206306365,50.8631582,5.6803639,3,46.0,,
6206306367,50.8633507,5.6810011,3,46.0,,
6206306369,50.8634181,5.6810642,3,46.0,,
6207740838,50.8567159,5.6797803,3,51.0,,
6213615715,50.8480043,5.7099461,1,52.0,crossing,
6213615716,50.8480671,5.7099195,4,52.0,crossing,
6213615718,50.8482063,5.7098604,1,52.0,crossing,
6217063795,50.8791366,5.6825719,3,41.0,,
6217063800,50.8796155,5.6836063,3,43.0,,
6217063805,50.8821615,5.6876057,3,43.0,,
6217063818,50.8950342,5.6950791,3,42.0,,
6217063870,50.8858719,5.6885906,3,43.0,,
6217063884,50.8838939,5.6847083,3,42.0,,
6217064381,50.882524,5.6819257,3,42.0,,
6217064614,50.8761739,5.685078,3,41.0,,
6217064629,50.8742442,5.6875285,3,41.0,,
6217064641,50.8728339,5.6921538,3,43.0,,
6219462815,50.901629,5.7048094,4,40.0,,
6219489169,50.9014113,5.698313,1,43.0,,
6221409959,50.8975586,5.7170626,1,43.0,,
6221496190,50.8268182,5.7048771,3,48.0,,
6221537577,50.8332378,5.7037726,3,47.0,,
6221537580,50.8327125,5.7038278,3,47.0,,
6222582467,50.8891552,5.7008319,3,42.0,,
6222582944,50.891947,5.6989888,3,40.0,,
6222582969,50.8948325,5.6983719,3,41.0,,
6222582978,50.8949769,5.6996009,4,41.0,,
6222582980,50.8949075,5.6997736,3,41.0,,
6222582983,50.8910224,5.7012596,1,43.0,,
6222582986,50.8950366,5.697994,3,41.0,,
6222583057,50.8887018,5.7020034,3,42.0,,
6222583086,50.8912639,5.7008903,1,43.0,,
6222583594,50.8940647,5.705132,3,45.0,,
6222594807,50.8998599,5.7032308,4,43.0,,
6222594822,50.8995665,5.7054587,3,42.0,,
6222668053,50.8570559,5.6795074,1,51.0,,
6222668055,50.8569692,5.6793608,3,51.0,,
6222668060,50.8567326,5.6796464,4,51.0,,
6222668066,50.856611,5.6781963,3,58.0,,
6222668067,50.8553239,5.6763546,3,62.0,,
6222668068,50.8553131,5.6763131,3,62.0,,
6226651486,50.8346524,5.7095052,1,46.0,,
6230716342,50.8442311,5.7025856,1,52.0,,
6230716343,50.8441951,5.702185,1,52.0,,
6230949369,50.8597667,5.6933789,1,50.0,,
6230975033,50.8602915,5.7194565,1,47.0,,
6230975034,50.8605149,5.7194886,1,47.0,,
6230975035,50.8600782,5.7194259,1,47.0,,
6232629447,50.8393849,5.7190963,4,49.0,,
6232813706,50.8482589,5.7118692,1,49.0,,
6238071521,50.8563918,5.6906811,3,51.0,,
6238071522,50.8565506,5.6909306,3,51.0,,
6247179885,50.8507495,5.6994644,3,52.0,,
6247179886,50.8506392,5.6994599,3,52.0,,
6247179887,50.850636,5.6999886,3,52.0,,
6247628258,50.8772017,5.7048134,3,44.0,,
6247628264,50.8760308,5.7060082,3,43.0,,
6249253660,50.8453279,5.7300584,3,53.0,,
6249253661,50.846259,5.7303178,3,56.0,,
6253703044,50.8369312,5.7035203,1,47.0,,
6258221219,50.8458126,5.6994686,3,45.0,,
6258221220,50.8459956,5.6994306,3,52.0,,
6258221222,50.8457527,5.7000639,1,47.0,,
6260140525,50.8419783,5.7234964,3,49.0,,
6266729157,50.857826,5.6933425,3,50.0,,
6266729158,50.8560676,5.6931669,3,49.0,,
6271605040,50.8432211,5.6870054,1,52.0,,
6285729565,50.8488228,5.7188594,3,51.0,,
6301878948,50.8498042,5.7047401,4,52.0,crossing,
6301952495,50.8479077,5.6930756,3,55.0,,
6301952501,50.8471944,5.6928901,3,55.0,,
6316556420,50.848819,5.7125715,3,51.0,,
6316556421,50.8486099,5.71305,1,51.0,,
6318574163,50.8338461,5.6798761,3,55.0,,
6318574164,50.8515585,5.6547061,3,75.0,,
6328100146,50.8532645,5.6919663,3,54.0,,
6329464422,50.8520787,5.6880668,3,57.0,,
6329464424,50.8520505,5.6874393,1,53.0,,
6329635873,50.8464291,5.6873528,4,58.0,,
6331028930,50.8555773,5.6860184,4,47.0,crossing,
6331028931,50.8556492,5.6858908,4,47.0,crossing,
6331028935,50.8558408,5.6855704,4,47.0,,
6331028937,50.8558682,5.6856132,4,47.0,,
6331028939,50.8561191,5.6859703,3,47.0,,
6331028940,50.8562017,5.6858122,3,47.0,,
6338014843,50.8454218,5.7217476,3,50.0,,
6338014853,50.8454292,5.7188292,3,52.0,,
6341931174,50.8710985,5.717694,3,50.0,,
6341931176,50.8714678,5.7170497,3,50.0,,
6341980354,50.8744879,5.7183443,3,46.0,,
6342705338,50.8519754,5.68809,3,57.0,,
6343654631,50.8420082,5.7143558,3,48.0,,
6343654891,50.8498917,5.7113745,4,49.0,,
6343654896,50.8540742,5.7106902,1,48.0,,
6343654897,50.8540728,5.7108291,3,48.0,,
6343654899,50.8535173,5.7105401,3,48.0,,
6343654901,50.8535213,5.7108262,3,48.0,,
6343654903,50.8519596,5.7108982,4,48.0,,
6343654904,50.8519572,5.7107525,1,48.0,,
6343654906,50.8515864,5.7106335,3,48.0,,
6343654908,50.8515988,5.7109343,4,48.0,,
6343654910,50.850681,5.7107393,3,48.0,,
6343654913,50.8495239,5.710899,4,49.0,,
6343654920,50.8491579,5.7097447,4,52.0,,
6343654921,50.8491369,5.70962,3,52.0,,
6343654922,50.84968,5.7095562,3,52.0,,
6343654924,50.8481857,5.7101109,4,52.0,,
6343654925,50.8480676,5.7101479,4,52.0,,
6343654927,50.8478925,5.7102127,3,51.0,,
6343654928,50.8484424,5.71014,3,52.0,,
6343654933,50.8485422,5.7109169,3,49.0,,
6343654935,50.8483577,5.7100448,3,52.0,,
6343654936,50.8484881,5.7099986,3,52.0,,
6343654937,50.8496618,5.7094218,3,52.0,,
6343654938,50.8495085,5.7107595,4,49.0,,
6343654952,50.847776,5.7101031,3,51.0,,
6343654953,50.8477852,5.7104297,3,52.0,,
6343654956,50.8477643,5.7109814,3,52.0,,
6343654964,50.847474,5.7112891,3,52.0,,
6343654967,50.847483,5.711623,4,52.0,,
6343654976,50.8470402,5.7108302,3,52.0,,
6343654983,50.8468009,5.7114734,3,52.0,,
6343654987,50.8468969,5.7103242,3,51.0,,
6343654989,50.8565564,5.7123261,3,48.0,,
6343654990,50.8566803,5.712158,3,48.0,,
6343654991,50.8565326,5.7123599,3,48.0,,
6343654992,50.8482814,5.7108519,4,49.0,crossing,
6343654993,50.8485374,5.7110775,4,49.0,crossing,
6343654996,50.8483712,5.7117949,4,49.0,crossing,
6343654997,50.8483079,5.7118131,4,49.0,crossing,
6343655000,50.8480423,5.7115991,4,49.0,crossing,
6343655001,50.8479801,5.7113063,4,49.0,crossing,
6343655003,50.8481354,5.7109017,4,49.0,crossing,
6343662792,50.8495369,5.7111937,3,49.0,,
6345649190,50.8399333,5.7129025,1,51.0,,
6345649191,50.8400599,5.7130541,3,51.0,,
6345649192,50.8397957,5.7130456,3,51.0,,
6345681645,50.8389587,5.7132855,3,52.0,,
6345681648,50.8389718,5.7126311,3,52.0,,
6345681649,50.8389746,5.7124221,3,52.0,,
6345681650,50.8389786,5.7122045,3,52.0,,
6345681651,50.8391044,5.7122087,4,52.0,,
6345681652,50.8391775,5.712853,3,52.0,,
6345681655,50.8391016,5.7124333,3,52.0,,
6351868786,50.8385281,5.7132309,3,52.0,,
6352686525,50.8642955,5.6562895,3,67.0,,
6352735365,50.8628683,5.6543543,3,70.0,,
6352735368,50.8631065,5.6549716,3,70.0,,
6352735369,50.8629547,5.6551126,3,70.0,,
6381107926,50.859904,5.7193541,1,47.0,,
6390913975,50.8322993,5.7139636,3,51.0,,
6399532267,50.8556711,5.6838027,3,48.0,,
6400914312,50.8363549,5.7165621,3,56.0,,
6400914313,50.8363546,5.716636,1,56.0,,
6400914314,50.836333,5.7157885,3,56.0,,
6400946231,50.9000307,5.6976934,1,40.0,,
6400946232,50.8998523,5.6983013,3,43.0,,
6400946233,50.8994851,5.6978593,1,40.0,,
6400946235,50.8999446,5.6973639,3,40.0,,
6400946236,50.8999751,5.6978829,3,40.0,,
6400946248,50.8981659,5.6962577,1,40.0,,
6401028567,50.8778242,5.6864373,1,47.0,,
6401028582,50.8784707,5.6878249,1,44.0,,
6401039106,50.8795224,5.6859558,1,45.0,,
6401039108,50.878886,5.6870313,3,47.0,,
6401039109,50.879733,5.6865023,3,45.0,,
6401039110,50.879462,5.6860479,3,45.0,,
6401039111,50.8765529,5.6916175,1,44.0,,
6401039115,50.877147,5.6919172,3,45.0,,
6401039121,50.875242,5.6866777,1,41.0,,
6401039122,50.8755379,5.6875099,3,46.0,,
6407559316,50.8566481,5.6826804,3,51.0,,
6407559317,50.8560226,5.6833246,3,51.0,,
6407559321,50.8558332,5.6829311,3,51.0,,
6412634000,50.8590458,5.7273885,3,47.0,,
6412634007,50.8595553,5.7274197,3,47.0,,
6412823046,50.8572371,5.6851247,1,49.0,,
6412823054,50.8549123,5.6833622,3,48.0,,
6412823057,50.8562059,5.6865449,1,47.0,,
6412823062,50.8581826,5.6890066,3,51.0,,
6412823066,50.8564933,5.6873144,4,47.0,crossing,
6412823067,50.8565595,5.6871992,4,47.0,crossing,
6412827395,50.8546613,5.6831658,3,51.0,,
6416790359,50.8202682,5.7070518,3,48.0,,
6416790360,50.8199773,5.7069902,3,48.0,,
6416790361,50.8194959,5.7069201,4,48.0,,
6416790363,50.820259,5.7090102,3,48.0,,
6416822616,50.8215161,5.7067131,4,49.0,,
6416822617,50.821615,5.7056562,3,50.0,,
6416822619,50.8202669,5.7092289,4,48.0,,
6416822620,50.8221144,5.7082579,3,49.0,,
6416822627,50.8211512,5.7096284,3,49.0,,
6418391100,50.8989961,5.7073888,3,43.0,,
6418429256,50.8977768,5.6987006,1,44.0,,
6418429257,50.8976206,5.6976972,3,44.0,,
6418429264,50.8959905,5.6985801,3,44.0,,
6418429267,50.8967604,5.7012444,3,43.0,,
6418429269,50.8964313,5.7021989,3,44.0,,
6418429279,50.8907875,5.7034812,3,46.0,,
6418429282,50.898201,5.7017087,3,43.0,,
6418429388,50.8975791,5.7020059,1,43.0,,
6418429393,50.8979754,5.7023795,3,43.0,,
6418429394,50.8977636,5.7022294,3,44.0,,
6418429395,50.8976384,5.7024683,3,44.0,,
6418429399,50.8948609,5.6993859,1,41.0,,
6418429425,50.8866037,5.6871639,1,43.0,,
6418429433,50.886034,5.6886298,3,43.0,,
6418429437,50.8950763,5.694694,1,42.0,,
6418429446,50.899569,5.7017317,1,43.0,,
6418458270,50.9047548,5.7091295,3,41.0,,
6418458282,50.9052707,5.708807,3,41.0,,
6418458292,50.9056221,5.7086121,3,41.0,,
6418458297,50.9039008,5.7110592,3,40.0,,
6418458309,50.904931,5.7120094,4,41.0,,
6418458338,50.9073249,5.7135814,3,39.0,,
6418458517,50.9071994,5.7132337,3,39.0,,
6418458525,50.9025066,5.7051812,1,43.0,,
6432799206,50.8649869,5.7379613,4,53.0,,
6432799209,50.8667737,5.7369812,3,54.0,,
6432799210,50.8666979,5.7348091,3,53.0,,
6432799218,50.8635258,5.735871,3,56.0,,
6432799222,50.8640887,5.7359105,4,56.0,,
6432799225,50.8646729,5.7359954,3,53.0,,
6432799235,50.8628288,5.7348029,3,54.0,,
6432799236,50.8624031,5.7348184,4,55.0,,
6432799241,50.863511,5.7346938,4,54.0,,
6432799256,50.8590266,5.7296098,1,51.0,,
6432812040,50.8663304,5.7394358,3,53.0,,
6432812042,50.8664012,5.7391195,3,53.0,,
6432812043,50.8666523,5.7395494,3,53.0,,
6432812045,50.8666372,5.7391621,3,53.0,,
6435545561,50.8582786,5.6892191,1,51.0,,
6435806205,50.8527855,5.6865825,3,50.0,,
6435806208,50.8531141,5.6874995,3,50.0,,
6435806219,50.8531937,5.6874847,1,50.0,,
6435806220,50.8530801,5.6875051,3,50.0,,
6435806221,50.852839,5.6871897,1,50.0,,
6435806222,50.8529611,5.6875249,3,50.0,,
6435806223,50.8527695,5.6873748,1,50.0,,
6435806224,50.8528257,5.6875473,3,50.0,,
6435806225,50.852863,5.6868366,3,50.0,,
6436860008,50.8569673,5.7251907,1,46.0,,
6438996344,50.8578565,5.7151832,1,49.0,,
6438996345,50.8579439,5.715366,1,49.0,,
6440252755,50.8282558,5.6942418,3,62.0,,
6440589293,50.8557876,5.7287886,3,47.0,,
6440737770,50.8450398,5.6693899,3,81.0,,
6440737771,50.8450056,5.6696629,3,81.0,,
6461139659,50.8487746,5.6819672,3,62.0,,
6466198967,50.8527681,5.6865208,3,50.0,,
6468247280,50.8509571,5.7011106,3,50.0,,
6468325325,50.8509023,5.6656294,3,74.0,,
6468325326,50.8506506,5.6655441,3,74.0,,
6471044629,50.8492946,5.7317369,1,58.0,,
6475085472,50.8590962,5.6868159,1,51.0,,
6504196047,50.8410576,5.7037523,3,50.0,,
6504507184,50.8469366,5.6874111,1,58.0,,
6504507785,50.8469364,5.6867736,1,58.0,,
6518312319,50.8691454,5.7004569,1,43.0,,
6545016880,50.8491329,5.6720821,3,74.0,crossing,
6545016881,50.848753,5.6727199,3,74.0,crossing,
6555109959,50.8587786,5.6885819,1,50.0,,
6596215377,50.8391416,5.7193186,3,49.0,,
6596215378,50.8381761,5.7189283,3,49.0,,
6596215379,50.8391036,5.7195543,3,49.0,,
6596215380,50.8381385,5.7191669,4,49.0,,
6598642553,50.859237,5.7096081,1,48.0,,
6598642554,50.8590886,5.7094938,3,48.0,,
6629923323,50.8573844,5.6877033,3,51.0,,
6629923329,50.8577271,5.6855689,3,47.0,,
6629923332,50.8576505,5.6853984,3,49.0,,
6629923333,50.8579657,5.6857617,1,47.0,,
6629923335,50.8579699,5.6858512,1,47.0,,
6629923340,50.8571069,5.6873679,3,47.0,,
6629923344,50.858068,5.6892967,1,51.0,,
6735351678,50.8561947,5.6462163,1,88.0,,
6735382203,50.8542483,5.6456924,3,88.0,,
6749747590,50.8442965,5.7076959,3,50.0,,
6749747593,50.8449771,5.707456,4,50.0,,
6753379197,50.8498225,5.6775619,4,70.0,crossing,
6753379199,50.8494612,5.6783677,3,70.0,,
6753379203,50.8494722,5.6782557,1,70.0,,
6753379204,50.8494551,5.678297,3,70.0,,
6753379206,50.8494157,5.6782968,1,70.0,,
6753379207,50.8493202,5.6782604,1,70.0,,
6753379209,50.8492792,5.6782445,1,70.0,,
6753379246,50.8489035,5.677915,1,70.0,,
6753379274,50.849008,5.677764,3,70.0,crossing,
6753379284,50.8490498,5.678085,1,70.0,crossing,
6753379948,50.8494212,5.6767772,3,70.0,,
6753379957,50.8494802,5.6771308,3,70.0,,
6753379958,50.8494991,5.6770971,4,70.0,crossing,
6753379971,50.8496971,5.6777098,3,70.0,,
6753379981,50.8495586,5.677362,1,70.0,,
6753379982,50.849479,5.6772492,1,70.0,,
6753392688,50.8492584,5.6771341,3,70.0,crossing,
6753392708,50.8493584,5.6784342,4,70.0,crossing,
6753392714,50.8496034,5.6783881,3,70.0,,
6753392733,50.8499107,5.6775814,4,70.0,crossing,
6753392748,50.8494235,5.6772937,4,70.0,,
6753392759,50.849838,5.6775313,3,70.0,,
6753392764,50.8497575,5.6776868,3,70.0,,
6753392770,50.8496741,5.6775941,1,70.0,,
6753392771,50.8496264,5.6774416,1,70.0,,
6780740037,50.8444233,5.6937568,3,50.0,,
6780740039,50.8442574,5.6936745,1,49.0,,
6780767818,50.8651525,5.648262,3,64.0,,
6780767821,50.8660687,5.6546721,3,69.0,,
6783053279,50.8441392,5.693509,1,49.0,,
6783053280,50.8442722,5.6935117,1,49.0,,
6783892736,50.8473842,5.6814492,3,63.0,,
6783892741,50.8449095,5.6841578,1,60.0,,
6783892753,50.8443247,5.6855368,1,54.0,,
6783892755,50.8443695,5.6855067,3,54.0,,
6784491754,50.8310621,5.7042653,1,50.0,,
6784491755,50.8314141,5.7041257,3,47.0,,
6784491757,50.8406705,5.7010544,3,48.0,,
6786535608,50.8297658,5.7027321,3,48.0,,
6786535610,50.8305032,5.7031336,3,48.0,,
6786535611,50.8304069,5.7031529,1,48.0,,
6786535614,50.8306517,5.7032803,1,48.0,,
6786535615,50.8312489,5.7030562,3,48.0,,
6786535621,50.8309457,5.7031716,3,48.0,,
6789074021,50.8438024,5.6905145,3,50.0,,
6789074023,50.8436295,5.6906761,3,51.0,,
6789074024,50.8415798,5.6883584,4,53.0,crossing,
6789074025,50.8418275,5.6886523,4,50.0,crossing,
6789074034,50.8422556,5.6891406,4,50.0,,
6789074035,50.837122,5.6863133,1,70.0,,
6789272035,50.8469661,5.679248,3,63.0,crossing,
6789272036,50.8470471,5.6791815,3,63.0,crossing,
6789272037,50.8469128,5.6796175,4,63.0,crossing,
6789272038,50.846878,5.6795057,4,63.0,crossing,
6789272039,50.8471063,5.6796616,1,63.0,crossing,
6789272040,50.8471839,5.6795985,3,63.0,crossing,
6789272058,50.8494131,5.6868585,3,60.0,,
6789919079,50.847407,5.6978971,1,45.0,,
6789919081,50.8469883,5.6953972,1,51.0,,
6793472634,50.8445048,5.691954,3,49.0,,
6795700068,50.8351724,5.6849552,3,95.0,,
6795700070,50.847944,5.6867486,3,60.0,,
6795700072,50.8478651,5.6864829,1,58.0,,
6797535783,50.8342482,5.6931844,1,56.0,,
6797545686,50.8346709,5.6936499,3,56.0,,
6797545687,50.8341689,5.6939249,3,51.0,,
6799165665,50.8457575,5.6906861,3,50.0,,
6799165672,50.8455363,5.6905041,3,50.0,,
6799165680,50.8449547,5.6924321,1,49.0,,
6799165681,50.8451959,5.6929428,3,49.0,,
6799338857,50.8476534,5.7005565,1,52.0,,
6799338858,50.8479215,5.7005245,3,53.0,,
6808235124,50.8432933,5.6899179,1,51.0,,
6814168678,50.8435003,5.6679725,3,82.0,,
6814169320,50.8435023,5.6627577,4,82.0,crossing,
6814169321,50.843567,5.6628556,1,82.0,,
6814169322,50.8435364,5.6624661,4,83.0,crossing,
6815905165,50.8253543,5.676132,1,79.0,,
6815905173,50.8252976,5.6768904,3,79.0,,
6815925080,50.8252427,5.676435,3,79.0,,
6815969789,50.825249,5.6764744,4,79.0,,
6817221262,50.8245367,5.6880545,3,51.0,,
6817221270,50.8291085,5.6862828,3,105.0,,
6817221278,50.831367,5.6861734,3,99.0,,
6817221282,50.833406,5.6845687,3,95.0,,
6835346919,50.8549864,5.6834681,1,48.0,,
6840312659,50.8429351,5.6964545,4,53.0,crossing,
6840312661,50.8432087,5.69639,3,53.0,,
6840352285,50.8428552,5.6972612,3,53.0,,
6840352292,50.842981,5.697322,3,53.0,,
6840352293,50.8428995,5.6977534,3,53.0,,
6840352296,50.8430884,5.6975091,3,53.0,,
6840352297,50.8433286,5.6975356,3,53.0,,
6855335232,50.837855,5.7059078,3,51.0,,
6855335255,50.8389171,5.7060831,3,51.0,,
6857374333,50.8524447,5.6622355,3,69.0,,
6857374334,50.851771,5.6619637,3,72.0,,
6857374339,50.8517346,5.6621829,3,72.0,,
6857374341,50.8518094,5.6613157,1,72.0,,
6857374342,50.8519845,5.661613,3,72.0,,
6857374343,50.8517738,5.6615235,1,72.0,,
6857374344,50.8519523,5.6618175,3,72.0,,
6857374345,50.8517366,5.6617207,1,72.0,,
6861429892,50.8535519,5.6861582,3,50.0,,
6863399288,50.8578804,5.6538161,3,66.0,,
6902289165,50.8462367,5.683922,3,60.0,,
6902289166,50.846043,5.6840532,3,60.0,,
6909207122,50.8379603,5.7091025,3,53.0,,
6912217686,50.870358,5.7086957,1,45.0,,
6912251219,50.8715224,5.707491,1,45.0,,
6920478793,50.8054282,5.708849,3,48.0,,
6945426116,50.8259394,5.6970264,1,46.0,,
6945426147,50.824631,5.6966706,3,45.0,,
6945426148,50.8246279,5.6967433,1,45.0,,
6945426149,50.824979,5.6967719,1,45.0,,
6945426150,50.8249784,5.6967049,3,45.0,,
6945426151,50.8255226,5.6967285,3,46.0,,
6945426152,50.8255211,5.6967973,1,46.0,,
6945426154,50.8285075,5.6963779,3,46.0,,
6945426156,50.8285103,5.6964246,1,46.0,,
6947434577,50.833274,5.6945377,3,49.0,,
6947434578,50.833195,5.6944711,3,49.0,,
6947434579,50.8332001,5.6945349,3,49.0,,
6947434580,50.8332602,5.6944606,3,49.0,,
6947456085,50.8333634,5.694552,3,51.0,,
6947456089,50.8340641,5.6949098,3,51.0,,
6947456093,50.8344593,5.6949836,3,51.0,,
6947456094,50.8328215,5.6958785,1,45.0,,
6947456098,50.8344344,5.6960176,1,46.0,,
6947456099,50.8343832,5.6960119,3,46.0,,
6947456101,50.8350364,5.6943465,3,51.0,,
6947456102,50.8348086,5.6943483,1,51.0,,
6947456105,50.8350273,5.6944739,3,51.0,,
6947456112,50.8347769,5.6941361,1,51.0,,
6947456116,50.8348315,5.6939791,3,51.0,,
6951205864,50.845425,5.6833004,3,60.0,,
6951205866,50.8455604,5.6838479,1,60.0,,
7043850107,50.8476334,5.6724319,4,73.0,crossing,
7049658839,50.8484553,5.7130459,3,51.0,,
7054376922,50.8685168,5.7177302,3,44.0,,
7060753769,50.8277285,5.713959,3,45.0,,
7096522619,50.8332456,5.6794488,3,70.0,,
7096522621,50.8327827,5.6792684,3,70.0,,
7096522622,50.8323904,5.6789622,3,55.0,,
7096522624,50.8320656,5.6786972,3,55.0,,
7096522626,50.8317422,5.6783676,3,55.0,,
7096522627,50.8315763,5.6779595,3,55.0,,
7096522629,50.8321203,5.6785447,3,55.0,,
7096522630,50.8324357,5.6788442,3,55.0,,
7096522631,50.8328201,5.6791394,3,55.0,,
7108867874,50.848034,5.6835389,3,63.0,,
7112445672,50.8493265,5.6768905,3,70.0,,
7113161656,50.8725918,5.6560302,1,61.0,,
7113186022,50.8640974,5.6446605,3,73.0,,
7113186023,50.8635677,5.6437887,3,73.0,,
7113186029,50.8633822,5.6464008,3,72.0,,
7113186030,50.8638262,5.64762,3,72.0,,
7113186032,50.8641283,5.6483361,3,71.0,,
7113186033,50.8648266,5.647603,3,64.0,,
7113186034,50.8645419,5.6468345,3,72.0,,
7113186036,50.8641562,5.6460473,4,72.0,,
7113186037,50.8634875,5.6466964,3,72.0,,
7113186039,50.8641847,5.6456367,4,73.0,,
7113186040,50.8639455,5.6448838,3,73.0,,
7113186041,50.8630858,5.6455099,3,73.0,,
7113186042,50.8638692,5.644878,3,73.0,,
7113186043,50.863571,5.6440112,3,73.0,,
7113186044,50.8628259,5.6446462,3,73.0,,
7114854695,50.8557979,5.6740856,3,67.0,,
7114854696,50.8558245,5.6743232,3,67.0,,
7119947350,50.8433328,5.6851263,3,52.0,,
7119947355,50.8432146,5.6854185,1,52.0,,
7132680447,50.8667856,5.7367553,3,54.0,,
7132680450,50.867441,5.7370479,4,54.0,,
7132680451,50.8675629,5.7370188,3,54.0,,
7132680452,50.8675433,5.7374876,3,54.0,,
7132680453,50.8671864,5.7374313,1,54.0,,
7132680454,50.8674143,5.7374672,4,54.0,,
7132680455,50.867582,5.7374937,1,54.0,,
7132680456,50.8674074,5.7375765,1,51.0,,
7151546708,50.8560016,5.6904354,1,50.0,,
7151546711,50.8560096,5.6905387,1,50.0,,
7154010669,50.8423696,5.6957228,3,51.0,,
7154010671,50.842725,5.6957787,3,51.0,,
7154010672,50.8425157,5.6957173,3,51.0,,
7154456392,50.8473282,5.6954473,4,51.0,crossing,
7161142885,50.832801,5.6941346,4,49.0,,
7168212820,50.8519791,5.6791266,3,63.0,,
7168212821,50.8515795,5.6802275,3,62.0,,
7168212823,50.8542329,5.6790551,1,55.0,,
7168225255,50.8526993,5.6784419,3,62.0,,
7168361146,50.8584146,5.6850731,1,48.0,,
7184402314,50.8344185,5.6529625,3,80.0,,
7184402325,50.8344231,5.6519968,3,81.0,,
7184742746,50.8437493,5.6780266,4,61.0,,
7184757420,50.842999,5.6759642,3,65.0,,
7188226362,50.8458454,5.6878769,3,56.0,,
7188226366,50.845939,5.6885972,3,56.0,,
7188226374,50.8455733,5.6887965,1,52.0,,
7191337064,50.8428675,5.652586,3,82.0,,
7191337067,50.8429242,5.6528824,3,82.0,,
7191337068,50.8428429,5.6530976,3,82.0,,
7191344421,50.8430029,5.6494862,3,85.0,,
7191344422,50.8424491,5.649291,3,85.0,,
7191344424,50.8428746,5.649441,3,85.0,,
7191344425,50.8425861,5.6487854,3,85.0,,
7191344426,50.8422579,5.6486821,1,85.0,,
7191344427,50.8438744,5.6508432,3,81.0,,
7191344428,50.8433585,5.6505689,3,85.0,,
7191344429,50.8434043,5.6503517,3,85.0,,
7191344431,50.8437248,5.6507636,3,85.0,,
7191344434,50.8444275,5.651519,3,81.0,,
7191344435,50.8441553,5.6520099,3,81.0,,
7191344436,50.8446595,5.6523649,3,82.0,,
7191344438,50.8445181,5.6522654,3,82.0,,
7192894777,50.849057,5.6801914,3,65.0,,
7192894778,50.8491663,5.6810442,1,65.0,,
7197778953,50.8427285,5.7355596,3,58.0,,
7203800012,50.8534271,5.6856362,3,50.0,,
7203800018,50.8534845,5.6859687,4,50.0,,
7203800019,50.8532298,5.6861996,3,50.0,,
7208320909,50.8536621,5.6832345,3,53.0,,
7208320910,50.8537003,5.6832897,3,53.0,,
7208320919,50.8554802,5.6816945,3,51.0,,
7208400122,50.8557357,5.6715736,1,66.0,,
7208400136,50.8563137,5.6714991,1,66.0,,
7208400140,50.8563093,5.6717932,1,66.0,,
7236469411,50.8634429,5.6555203,4,70.0,,
7236469412,50.8639241,5.6548843,4,70.0,,
7236475788,50.8633662,5.6553387,3,70.0,,
7236475790,50.8636018,5.6550846,3,70.0,,
7236475793,50.8637416,5.6551928,3,70.0,,
7248150221,50.8559336,5.6854161,4,48.0,,
7248150222,50.8560243,5.6852692,4,48.0,,
7248150223,50.8561126,5.6851198,4,48.0,,
7248150224,50.8562031,5.6849717,4,48.0,,
7248150225,50.8562983,5.6848111,3,49.0,,
7252976827,50.842928,5.7192626,3,48.0,,
7253096811,50.8614152,5.7117736,3,48.0,,
7253096818,50.8613326,5.7120408,3,48.0,,
7253096819,50.8622227,5.712706,3,47.0,,
7253096820,50.8618129,5.7124006,3,48.0,,
7253096821,50.8615872,5.7131581,3,47.0,,
7253096823,50.8618416,5.7124222,3,48.0,,
7253112412,50.8610818,5.7127486,3,47.0,,
7253112413,50.8607673,5.7132764,3,47.0,,
7253112414,50.8604898,5.7138912,3,47.0,,
7255034029,50.8572294,5.7116378,4,48.0,,
7255034030,50.856997,5.7114976,1,48.0,,
7255034042,50.857421,5.7122386,4,48.0,,
7255034061,50.857813,5.7121716,1,48.0,,
7255817627,50.8622511,5.6685995,3,67.0,,
7255817629,50.8625782,5.6675345,4,65.0,,
7255817633,50.8626765,5.6672127,4,65.0,,
7255817634,50.8629064,5.6664829,4,63.0,,
7255845863,50.8616366,5.6685824,3,67.0,,
7255845864,50.8605662,5.6690923,3,69.0,,
7259187754,50.8476149,5.6683819,3,80.0,,
7259187755,50.8475029,5.6680251,3,80.0,,
7259187757,50.8471752,5.6693085,3,78.0,,
7259187758,50.8472457,5.6690096,1,78.0,,
7259187759,50.8470542,5.6683908,3,80.0,,
7259187760,50.8471824,5.6682864,3,80.0,,
7259187761,50.8473424,5.6687935,1,78.0,,
7285149750,50.8379303,5.7088824,1,53.0,,
7285153717,50.8433194,5.705461,3,48.0,,
7285153718,50.8434232,5.7050842,3,48.0,,
7285153719,50.8432835,5.704993,1,48.0,,
7285153720,50.8436823,5.7052505,1,48.0,,
7289147893,50.8958296,5.7034088,3,42.0,,
7292232751,50.8555834,5.6812778,1,51.0,,
7292260088,50.8559278,5.6798928,3,56.0,,
7296871347,50.8463502,5.713748,3,49.0,,
7296871348,50.846054,5.7143239,3,49.0,,
7296871351,50.845668,5.7149202,3,51.0,,
7296871353,50.8451401,5.7155222,4,51.0,,
7296871356,50.8445942,5.7160038,4,51.0,,
7296871363,50.8451996,5.7152411,4,51.0,,
7298931736,50.8502862,5.7235648,3,47.0,,
7298931737,50.8495999,5.7236391,3,54.0,crossing,
7299490865,50.8632415,5.6791055,1,52.0,,
7299490880,50.8633448,5.67989,3,46.0,,
7302348875,50.8689815,5.6861006,3,43.0,,
7302440938,50.8425172,5.6920636,4,53.0,,
7302440939,50.8421816,5.692747,3,53.0,,
7302440949,50.8418726,5.6923951,4,53.0,,
7302440951,50.8418544,5.6922357,3,53.0,,
7302440957,50.8419971,5.691778,3,53.0,,
7309477490,50.8449723,5.6963748,3,47.0,,
7315018594,50.8370071,5.7263156,4,57.0,crossing,
7315018596,50.8369783,5.726536,3,57.0,,
7315018610,50.8364761,5.7283859,3,59.0,,
7315028710,50.8434562,5.7324611,1,58.0,,
7315028711,50.8433914,5.7331429,4,58.0,,
7315028712,50.8433427,5.7336547,1,58.0,,
7319206115,50.8372883,5.6568241,3,77.0,,
7319206116,50.8371926,5.656916,3,77.0,,
7322227550,50.8400094,5.6493738,3,82.0,,
7322227570,50.8425538,5.6516792,3,85.0,,
7322227574,50.840255,5.6480456,3,82.0,,
7322227575,50.8397582,5.6493653,4,82.0,crossing,
7322227576,50.8401402,5.6483508,3,82.0,,
7322227577,50.840031,5.6486408,3,82.0,,
7322227578,50.839582,5.6488039,4,79.0,,
7322227579,50.8398402,5.6491478,4,82.0,,
7322227582,50.8405836,5.6479382,3,82.0,,
7322227583,50.8404654,5.6482482,3,82.0,,
7322233186,50.8411125,5.6484137,3,82.0,,
7322324834,50.8426607,5.6448674,3,85.0,,
7322324842,50.8411426,5.6453835,3,86.0,,
7325299016,50.8641132,5.6895618,3,49.0,,
7325299017,50.8641793,5.6896484,1,47.0,,
7326145889,50.8558819,5.6760795,1,62.0,,
7329132171,50.8514571,5.6624285,4,72.0,crossing,
7329201152,50.8513787,5.6578042,3,75.0,,
7329201154,50.8517247,5.6578547,4,75.0,,
7331288766,50.8461766,5.6719758,3,73.0,,
7331288777,50.8457394,5.6723385,3,74.0,,
7331288778,50.8456661,5.6727045,3,74.0,,
7331288779,50.8450106,5.6731517,3,69.0,,
7331299596,50.8447481,5.6718036,1,74.0,,
7331573355,50.843454,5.6684736,3,82.0,,
7331573359,50.844195,5.6690384,3,81.0,,
7331573360,50.8440822,5.6686431,3,82.0,,
7331573361,50.8437649,5.6688614,1,81.0,,
7331573362,50.8443458,5.6684617,1,82.0,,
7331573363,50.8440351,5.6682858,3,82.0,,
7331573364,50.8441563,5.6685921,3,82.0,,
7331573365,50.8437939,5.6665326,3,83.0,,
7331573366,50.8440274,5.6661819,3,83.0,,
7331573367,50.8443068,5.6666593,1,83.0,,
7331573368,50.8437852,5.6657769,1,83.0,,
7340041389,50.8561264,5.6885832,3,50.0,,
7342726825,50.8618266,5.6910087,3,50.0,,
7342726826,50.8619301,5.6908631,3,50.0,,
7342788142,50.859648,5.6738186,3,66.0,,
7350336548,50.8410335,5.6544127,3,79.0,,
7350336551,50.8406965,5.6540638,3,78.0,,
7354147954,50.8517212,5.6568477,3,75.0,,
7354147956,50.8518314,5.6571936,3,75.0,,
7354720227,50.8606385,5.6770233,4,66.0,,
7354720228,50.8607719,5.6769358,4,66.0,,
7358338487,50.8535652,5.6749826,3,68.0,,
7369147878,50.8359387,5.6668495,3,65.0,,
7369147879,50.8354775,5.6675767,3,65.0,,
7369270531,50.8353561,5.6613707,3,66.0,,
7369270534,50.8355018,5.6615034,3,78.0,,
7369270542,50.8354992,5.6615879,3,78.0,,
7370805303,50.8599563,5.6983296,1,46.0,,
7370805306,50.859927,5.6985888,3,46.0,,
7371240435,50.8602537,5.6992161,3,46.0,,
7371509052,50.8559888,5.6885509,3,50.0,,
7371946556,50.8550319,5.6889961,3,50.0,,
7371946557,50.8550963,5.6890068,3,50.0,,
7389191940,50.8523385,5.6645312,3,70.0,,
7389662284,50.8438164,5.660859,3,83.0,,
7391471108,50.8532739,5.7225177,3,48.0,,
7391471109,50.8521695,5.7226297,3,48.0,,
7391471110,50.8522167,5.7239155,3,49.0,,
7391471111,50.852539,5.723873,4,49.0,,
7391471112,50.8525076,5.7225962,4,48.0,,
7391471113,50.8524878,5.7221448,3,48.0,,
7391471114,50.8521451,5.7221834,3,48.0,,
7395007511,50.8359951,5.6684833,3,65.0,,
7395118930,50.8227344,5.6585489,3,106.0,,
7395118934,50.8215764,5.6606148,3,109.0,,
7395118937,50.8215089,5.6623053,3,109.0,,
7395118938,50.822209,5.662426,3,109.0,,
7395118943,50.821021,5.6620928,3,109.0,,
7395118944,50.8207188,5.6622776,3,106.0,,
7395118945,50.8206766,5.6622398,1,106.0,,
7395118946,50.8206079,5.6625176,3,113.0,,
7395118949,50.8212997,5.6626992,3,103.0,,
7395118950,50.8216687,5.6627398,3,103.0,,
7395118957,50.8227538,5.6629187,4,103.0,,
7395118967,50.8238491,5.6619106,3,105.0,,
7395118983,50.822813,5.6637033,3,103.0,,
7395118984,50.8228896,5.6615011,3,109.0,,
7398497658,50.9009441,5.7081564,3,42.0,,
7401175636,50.8528703,5.6856933,3,50.0,,
7402001510,50.8517426,5.6996006,3,52.0,,
7402436727,50.868591,5.6769694,1,50.0,,
7430305246,50.8435789,5.6582758,3,82.0,,
7430305247,50.8432473,5.6585759,3,83.0,,
7430305248,50.8434684,5.6592046,3,83.0,,
7430305249,50.8431185,5.6586977,3,83.0,,
7430305250,50.84334,5.6593208,3,83.0,,
7430305251,50.842873,5.6597438,4,83.0,,
7460916941,50.8546264,5.6573222,3,74.0,,
7502887206,50.8589307,5.6820976,3,48.0,,
7504264773,50.8324176,5.7037059,4,47.0,,
7512305759,50.8407083,5.6436675,3,87.0,,
7526081507,50.85613,5.6887882,4,50.0,,
7529466812,50.832551,5.7269858,4,61.0,,
7529466813,50.8326367,5.7275036,1,60.0,,
7531204928,50.8320876,5.7271762,3,60.0,,
7531204930,50.8325317,5.7268537,3,61.0,,
7531994464,50.8389909,5.6626608,3,84.0,,
7531994468,50.8402925,5.6658803,3,83.0,,
7532254844,50.8533208,5.6852043,3,52.0,,
7532254847,50.8533417,5.6852714,3,52.0,,
7541061935,50.8645701,5.6460109,3,72.0,,
7541061947,50.8643577,5.6456752,3,73.0,,
7541433098,50.8650827,5.6557402,3,69.0,,
7541433101,50.8662006,5.6562635,3,68.0,,
7541433102,50.8662621,5.6562007,3,69.0,,
7541433111,50.8667339,5.6560833,4,69.0,crossing,
7541433122,50.8669539,5.6550389,3,69.0,,
7547809276,50.8425898,5.6870683,4,52.0,,
7547809277,50.8429032,5.685695,3,52.0,,
7547809278,50.8426697,5.6867117,3,52.0,,
7547822474,50.8449745,5.6882253,3,52.0,,
7547822475,50.8448403,5.6882691,3,52.0,,
7547895551,50.8563279,5.6905293,3,51.0,,
7547895558,50.8563148,5.6905164,3,51.0,,
7548478392,50.8794256,5.6908079,3,45.0,,
7549079756,50.8529903,5.725134,1,45.0,,
7566474236,50.8481271,5.6807962,3,65.0,,
7566474237,50.8481926,5.6810604,3,65.0,,
7566474238,50.8484991,5.6809504,1,65.0,,
7566474239,50.8481412,5.6810926,1,65.0,,
7569945044,50.8530839,5.6987749,3,47.0,,
7575484578,50.8226043,5.6658602,3,71.0,,
7575484579,50.82337,5.6657899,3,73.0,,
7575484582,50.8225562,5.6650606,3,71.0,,
7575484584,50.8226324,5.6655259,3,71.0,,
7577243211,50.8389593,5.6655527,3,87.0,,
7577342669,50.8524601,5.6939394,3,47.0,,
7577342673,50.8538575,5.6942453,1,47.0,,
7577342675,50.8539767,5.6942501,3,47.0,,
7589879586,50.8221091,5.708353,3,49.0,,
7590011957,50.8555357,5.6889348,3,50.0,,
7594727946,50.8258273,5.7110072,3,46.0,,
7600432331,50.8221865,5.6634828,3,103.0,,
7600432347,50.8249913,5.6754339,3,96.0,,
7602851986,50.8456155,5.7000509,1,47.0,,
7602851987,50.8447004,5.7002675,1,47.0,,
7602931862,50.8598324,5.6832312,1,48.0,,
7603229967,50.855145,5.6854091,3,48.0,,
7606162375,50.8473824,5.6872946,3,58.0,,
7606162377,50.8475099,5.6875911,3,56.0,,
7612820567,50.8547395,5.6859559,3,47.0,,
7612820571,50.8547322,5.6856366,3,47.0,,
7612820572,50.8546744,5.6857376,3,47.0,,
7612820573,50.854655,5.6859372,3,47.0,,
7617630911,50.8546429,5.6862973,3,47.0,,
7617630912,50.8550578,5.6863821,3,47.0,,
7617630913,50.8548491,5.6863408,3,47.0,,
7617630914,50.8547532,5.6874573,3,47.0,,
7617630915,50.8549603,5.6874971,3,47.0,,
7617630916,50.8545469,5.6874162,3,47.0,,
7621956361,50.8548854,5.6857856,3,47.0,,
7643083643,50.8547967,5.685524,1,47.0,,
7643186270,50.8535888,5.685649,3,50.0,,
7643186271,50.8535658,5.6855836,3,50.0,,
7643186272,50.853504,5.6857197,3,50.0,,
7643186273,50.8534666,5.6857514,3,50.0,,
7643631821,50.8594704,5.6819991,3,48.0,,
7643631834,50.8608191,5.6809553,3,46.0,,
7643631841,50.8608999,5.6807856,3,46.0,,
7643631857,50.8599927,5.6810746,3,51.0,,
7643631858,50.8599683,5.6812968,3,48.0,,
7643657524,50.8603193,5.6818131,1,48.0,,
7643657525,50.8600607,5.6822769,1,48.0,,
7643657526,50.8603819,5.6820652,1,48.0,,
7643657527,50.8601797,5.6824454,1,48.0,,
7647219869,50.8507306,5.7311965,1,53.0,,
7647219872,50.8499241,5.7309075,3,54.0,,
7647219873,50.8501697,5.7309316,3,53.0,,
7647219876,50.8501609,5.731151,3,53.0,,
7671917839,50.8719071,5.7184954,3,50.0,,
7671917840,50.8721608,5.7180417,3,50.0,,
7671917841,50.8717819,5.7183309,3,50.0,,
7671917842,50.8720308,5.71789,3,50.0,,
7671917843,50.8716697,5.7181834,3,50.0,,
7671917844,50.8719133,5.7177529,3,50.0,,
7671917845,50.8715589,5.7180378,3,50.0,,
7671917846,50.8717964,5.7176165,3,50.0,,
7671917847,50.8714324,5.7178716,3,50.0,,
7671917848,50.8716623,5.7174602,3,50.0,,
7703230600,50.8296242,5.6554728,3,70.0,,
7773949467,50.8622874,5.7145937,3,47.0,,
7773949474,50.8625298,5.7143818,3,48.0,,
7773949477,50.8625456,5.7140884,3,48.0,,
7773949478,50.8626808,5.7140608,3,48.0,,
7792298795,50.8558051,5.6931507,3,49.0,,
7794536418,50.8731837,5.7169529,1,46.0,,
7844284775,50.8628124,5.6891598,3,49.0,,
7858440191,50.8623488,5.6531798,3,63.0,,
7891038470,50.8541741,5.6865781,1,47.0,,
7891038471,50.8539556,5.6870004,4,50.0,,
7911849394,50.8225094,5.6648264,1,71.0,,A350
7912069121,50.8132761,5.7084998,3,47.0,,
7934849867,50.8539324,5.6878011,1,50.0,,
7934849874,50.8542857,5.6877815,1,50.0,,
7934849875,50.8542894,5.6877163,3,50.0,,
7941944157,50.8630908,5.6713756,3,66.0,,
7964513684,50.8816308,5.7193795,3,48.0,,
7964516292,50.8808789,5.7191864,3,51.0,,
7964516312,50.8814966,5.7194009,3,48.0,,
7964516318,50.8812454,5.719472,3,51.0,,
7997463699,50.828118,5.7290429,3,64.0,,
7997463705,50.8281918,5.7284501,3,64.0,,
7997463711,50.8281118,5.7292863,3,63.0,,
7999256778,50.8137889,5.6801125,3,99.0,,
7999503424,50.8176173,5.6820131,3,94.0,,
7999590134,50.8120074,5.6875228,3,112.0,,
8002821073,50.8427789,5.6590043,3,83.0,,
8002821074,50.8429979,5.6596307,3,83.0,,
8003177783,50.845022,5.7034213,3,52.0,,
8003181488,50.8458673,5.7032404,4,51.0,crossing,
8003181489,50.8451482,5.7047462,3,49.0,,
8003181495,50.8453448,5.7023373,1,52.0,,
8003181496,50.8453693,5.7025852,3,52.0,,
8003181498,50.845296,5.703362,4,52.0,,
8003181499,50.845417,5.7046876,4,49.0,,
8003181500,50.8454808,5.7053861,3,49.0,,
8003181501,50.8457698,5.7053199,3,49.0,,
8003181502,50.8457063,5.7046246,4,49.0,,
8003181503,50.8455852,5.7032995,4,52.0,,
8003181505,50.8453056,5.7057854,3,49.0,,
8014763270,50.8290764,5.694094,3,62.0,,
8014763274,50.8289811,5.6941884,1,62.0,,
8014839288,50.8258041,5.6950328,3,87.0,,
8014839290,50.8256435,5.6950323,3,87.0,,
8014839298,50.8228123,5.6932328,3,64.0,,
8015721969,50.8240828,5.6964091,3,45.0,,
8015723787,50.8220542,5.6962006,1,51.0,,
8017492525,50.8263749,5.6864881,1,75.0,,
8017492552,50.8304145,5.6851682,1,87.0,,
8017492572,50.8306458,5.6852224,3,87.0,,
8017492575,50.8308499,5.6848116,3,87.0,,
8017512295,50.8351496,5.6854679,1,90.0,,
8017512297,50.8352407,5.6856556,3,90.0,,
8018166682,50.8363841,5.6836854,1,78.0,,
8018171710,50.8416216,5.6888247,1,53.0,,
8018171711,50.8416087,5.6886261,4,53.0,crossing,
8018171712,50.8416079,5.6883923,3,53.0,,
8018171713,50.841676,5.6889586,1,50.0,,
8018171715,50.8418413,5.6891383,4,50.0,crossing,
8018171716,50.8419539,5.6888437,1,50.0,,
8018171718,50.8419531,5.689043,4,50.0,crossing,
8018171722,50.8419746,5.6892615,4,50.0,crossing,
8018171723,50.8419525,5.6892055,3,50.0,,
8018215257,50.8451944,5.6946781,3,50.0,,
8018399873,50.8475314,5.6934695,3,55.0,,
8018399876,50.8474886,5.6936607,1,55.0,,
8018399882,50.8475653,5.6935732,3,55.0,,
8018405795,50.8475925,5.6934591,3,55.0,,
8018405796,50.8475944,5.6934934,3,55.0,,
8018405797,50.8476068,5.693646,3,55.0,,
8018405798,50.8476387,5.6935482,3,55.0,,
8018405799,50.8476724,5.6935428,4,55.0,,
8018405800,50.8474848,5.6935874,1,55.0,,
8018405896,50.8476049,5.6936124,3,55.0,,
8018405897,50.8476903,5.6935403,1,55.0,,
8018405899,50.8475379,5.6935781,4,55.0,,
8018405904,50.8475425,5.693654,4,55.0,,
8018405905,50.8475625,5.6936517,3,55.0,,
8018405906,50.8475639,5.6936759,3,55.0,,
8018405907,50.847621,5.6934259,3,55.0,,
8018405908,50.847623,5.6934542,3,55.0,,
8018405909,50.8476566,5.6934204,3,55.0,,
8018405910,50.8476584,5.6934485,3,55.0,,
8018405911,50.8476656,5.6934543,3,55.0,,
8018405912,50.847683,5.6934518,3,55.0,,
8018405913,50.8476791,5.6936303,3,55.0,,
8018405914,50.847694,5.6936281,3,55.0,,
8018405915,50.8476775,5.6936373,3,55.0,,
8018405916,50.8476791,5.6936604,3,55.0,,
8018405917,50.8476411,5.6936418,3,55.0,,
8018405918,50.847642,5.6936654,3,55.0,,
8018405920,50.8476886,5.6935405,4,55.0,,
8019058018,50.8481749,5.6952971,3,50.0,,
8019058019,50.8480971,5.6953212,3,50.0,,
8019058033,50.8481442,5.6953574,3,50.0,,
8019058058,50.848147,5.6953763,3,50.0,,
8019229034,50.8489639,5.6869727,3,60.0,,
8019229044,50.8490249,5.6869626,3,60.0,,
8019229048,50.8491407,5.6871358,3,60.0,,
8019229049,50.8491103,5.6867641,3,60.0,,
8019229050,50.8488979,5.6869854,1,60.0,,
8019229051,50.8489767,5.6867901,3,60.0,,
8019229052,50.8489913,5.6869218,3,60.0,,
8019229053,50.8490019,5.6870162,3,60.0,,
8019229054,50.8490162,5.6871589,3,60.0,,
8019229055,50.8491249,5.6869434,3,60.0,,
8019229133,50.8491433,5.6871692,1,60.0,,
8019229135,50.8491073,5.6867402,1,60.0,,
8022834376,50.8515415,5.6800299,3,62.0,crossing,
8022834378,50.851496,5.6801081,4,62.0,crossing,
8022834381,50.8514462,5.6801977,3,62.0,crossing,
8022847889,50.8543055,5.6855933,4,47.0,,
8022847911,50.8546044,5.6848673,1,48.0,,
8022847912,50.8547574,5.6850763,1,48.0,,
8022847913,50.8546961,5.6849935,4,48.0,crossing,
8026396906,50.8441858,5.6906045,1,50.0,,
8039346566,50.868536,5.6852098,1,43.0,,
8047759905,50.8656251,5.7057727,3,48.0,,
8050438804,50.8522535,5.681054,3,61.0,crossing,
8050438805,50.8522057,5.681133,4,61.0,crossing,
8050438806,50.8521559,5.6812151,3,61.0,crossing,
8059176551,50.8489262,5.7204761,3,51.0,,
8059176560,50.8488795,5.7202377,3,51.0,,
8059716359,50.8655335,5.6602882,3,67.0,,
8075524006,50.8538418,5.6875365,3,50.0,crossing,
8085780088,50.8510314,5.75722,3,69.0,,
8087839770,50.8224132,5.7076271,4,49.0,,
8087839776,50.8212609,5.7079711,3,49.0,,
8087839779,50.8208319,5.7087107,3,48.0,,
8087839784,50.821671,5.7076446,3,49.0,,
8087871768,50.8228098,5.7079526,3,49.0,,
8087871772,50.8228026,5.7078882,4,49.0,,
8087871775,50.8229307,5.7086344,4,48.0,,
8087871776,50.822678,5.7067782,4,49.0,,
8087871788,50.8221928,5.7068965,3,49.0,,
8087871795,50.8211957,5.7067214,3,49.0,,
8087871796,50.8212098,5.7065376,3,49.0,,
8087942029,50.8217705,5.7083578,3,49.0,,
8087942030,50.8217917,5.7084408,3,49.0,,
8087942031,50.8214782,5.708628,3,49.0,,
8087942032,50.8215247,5.7086876,3,49.0,,
8087942033,50.8212775,5.7090861,3,49.0,,
8087942034,50.8213291,5.7091327,3,49.0,,
8087942035,50.8212682,5.7096934,3,49.0,,
8087942036,50.8206353,5.7097549,4,48.0,,
8087942037,50.8217251,5.7068405,3,49.0,,
8087942038,50.8217338,5.7067436,3,49.0,,
8087942039,50.8227755,5.7076843,3,49.0,,
8111619382,50.8469214,5.6552614,3,82.0,,
8111619383,50.8471416,5.6558916,3,82.0,,
8112328885,50.838685,5.6524252,3,77.0,,
8112328886,50.838671,5.6521365,3,77.0,,
8112328887,50.8385535,5.6520261,3,80.0,,
8112328888,50.8393234,5.650499,3,80.0,,
8112328892,50.8390604,5.651186,4,80.0,,
8112328897,50.8389279,5.6510643,3,80.0,crossing,
8118952075,50.8175408,5.7075369,3,49.0,,
8118952076,50.8174921,5.7075612,4,49.0,,
8118952097,50.8150842,5.7078253,4,47.0,,
8118952114,50.8140414,5.7098296,1,47.0,,
8118952115,50.8138242,5.7101174,1,47.0,,
8119587637,50.9011797,5.708724,1,42.0,,
8119587679,50.9046303,5.7123564,4,41.0,,
8119587681,50.8967545,5.7165678,3,43.0,,
8151038260,50.8538153,5.6984356,3,47.0,,
8151038261,50.8524351,5.6974938,3,45.0,,
8151038267,50.8556335,5.699005,3,46.0,,
8187779361,50.8610423,5.6801715,1,46.0,,
8202169186,50.8576607,5.6791108,1,58.0,crossing,
8202169187,50.8566592,5.6798545,4,51.0,crossing,
8202169188,50.8565758,5.6799564,4,51.0,crossing,
8202169189,50.8564966,5.6800606,1,51.0,,
8202169190,50.8567385,5.6798293,1,51.0,,
8202169191,50.8565229,5.6803076,4,51.0,crossing,
8202169192,50.8565743,5.6804121,4,51.0,crossing,
8202169194,50.8568482,5.6804913,4,51.0,crossing,
8202169195,50.856927,5.6803915,4,51.0,crossing,
8206742691,50.8201569,5.6790909,3,87.0,,
8206742703,50.822503,5.6659641,3,71.0,,
8206744364,50.8410838,5.6830923,3,49.0,,
8206744381,50.8227863,5.6925921,1,64.0,,
8206744388,50.8276705,5.6922938,1,83.0,,
8206744442,50.8195035,5.6647758,3,100.0,,
8206744460,50.8168056,5.6678919,3,72.0,,
8206858243,50.8367221,5.685721,3,70.0,,
8213611616,50.8544468,5.6840069,1,48.0,,
8213619617,50.8543893,5.6841058,4,48.0,crossing,
8213619618,50.854323,5.68422,4,48.0,crossing,
8213619621,50.8546505,5.6847027,3,48.0,traffic_signals,
8245276973,50.818547,5.6590365,4,104.0,,
8252352101,50.8559248,5.6866562,1,47.0,,
8252352102,50.8558892,5.6867209,3,47.0,,
8258451457,50.8446305,5.6611452,4,83.0,,
8258451458,50.844355,5.6603713,3,83.0,,
8258451459,50.8439988,5.6606951,3,83.0,,
8258451460,50.8442767,5.6614634,3,83.0,,
8258466224,50.8431031,5.6603908,3,83.0,,
8261482610,50.8449511,5.6623723,3,83.0,,
8278906342,50.8619932,5.7045107,3,48.0,,
8278906343,50.8615899,5.7039117,3,49.0,,
8278906344,50.8620599,5.704338,3,48.0,,
8278906345,50.8622912,5.7039864,3,49.0,,
8278906350,50.8623902,5.7040925,3,49.0,,
8278906351,50.8622979,5.7044543,3,48.0,,
8283663045,50.8431748,5.6832654,4,54.0,,
8283663046,50.8431226,5.6831907,4,54.0,crossing,
8283663047,50.8430773,5.6831255,4,54.0,crossing,
8283663048,50.843022,5.683045,3,54.0,,
8297505857,50.8495696,5.7048539,4,52.0,crossing,
8300624859,50.8495642,5.6457055,1,85.0,,
8301439012,50.8805534,5.7277709,3,51.0,,
8301439013,50.8804764,5.7278278,3,51.0,,
8301439015,50.8801912,5.7278091,3,51.0,,
8301447173,50.8783899,5.7244596,1,49.0,,
8301447174,50.8789299,5.7246748,4,49.0,,
8301447175,50.8790202,5.724498,4,49.0,,
8301447176,50.8790897,5.7243616,4,49.0,,
8301447177,50.8792997,5.725146,3,55.0,,
8301447178,50.8785293,5.7241644,3,49.0,,
8301447179,50.8793872,5.7249707,3,51.0,,
8301447180,50.8786157,5.723977,3,49.0,,
8301447182,50.8784659,5.7243021,3,49.0,,
8301447183,50.8791855,5.7253303,3,55.0,,
8301447184,50.8788659,5.7248004,4,49.0,,
8301447185,50.8792562,5.7240352,1,51.0,,
8301447195,50.8798886,5.7188388,3,51.0,,
8301447196,50.8801172,5.7181333,3,48.0,,
8301447198,50.8792356,5.7183036,3,48.0,,
8302168965,50.8547036,5.6436354,3,75.0,,
8302168970,50.8542336,5.6435208,3,75.0,,
8302168984,50.8536401,5.6433542,1,84.0,,
8302168986,50.8543704,5.6436438,3,75.0,,
8302168989,50.8544434,5.6437683,1,88.0,,
8302168993,50.8545178,5.6435295,3,75.0,,
8302169015,50.8547642,5.6442252,3,88.0,,
8302193854,50.8544948,5.6441095,1,88.0,,
8302193857,50.8546961,5.6440443,1,88.0,,
8302193858,50.8547284,5.6440861,3,88.0,,
8302385262,50.8530798,5.6426879,1,84.0,,
8302385284,50.8517711,5.6446258,1,85.0,,
8302385308,50.8518339,5.6463652,1,83.0,,
8302385309,50.8539096,5.6504812,1,77.0,,
8302396022,50.8528964,5.6497311,1,88.0,,
8302396031,50.8506254,5.6486315,3,79.0,,
8302396040,50.8496987,5.6490133,1,80.0,,
8302396049,50.8506848,5.647903,1,83.0,,
8302396058,50.8505506,5.6486952,3,79.0,,
8302396081,50.8501604,5.6462066,1,83.0,,
8302396082,50.849697,5.6478411,1,83.0,,
8302396103,50.8478183,5.6462333,1,86.0,,
8308895877,50.8501752,5.7315569,1,54.0,,
8311256438,50.8448694,5.7035256,3,52.0,,
8311256439,50.8449334,5.7041942,3,49.0,,
8316045449,50.8491383,5.6738165,3,72.0,crossing,
8316045450,50.8489909,5.6738436,3,72.0,crossing,
8316178384,50.8437348,5.6751513,3,65.0,,
8316178385,50.8434138,5.6745741,1,70.0,,
8316203580,50.8453495,5.6698081,3,81.0,,
8316244932,50.8492603,5.6752464,3,70.0,crossing,
8316244933,50.8491156,5.6752721,3,70.0,crossing,
8316244934,50.8491855,5.6752597,4,70.0,crossing,
8325031513,50.8612513,5.6805032,3,46.0,,
8325047830,50.8611821,5.6806925,3,46.0,traffic_signals,
8331460831,50.8427692,5.6875124,3,50.0,,
8334458669,50.83603,5.6622761,3,78.0,,
8335637382,50.8543231,5.7294479,1,49.0,,
8354296284,50.8434111,5.7038392,3,49.0,,
8354296285,50.8436635,5.7037795,4,49.0,,
8387093819,50.8424118,5.6962842,1,53.0,,
8387093822,50.8422617,5.6965555,1,53.0,,
8391146512,50.8516504,5.6837339,1,56.0,,
8397374250,50.844821,5.6724714,3,74.0,,
8397374257,50.845026,5.6730216,3,69.0,,
8397374259,50.845047,5.6731374,3,69.0,,
8397374260,50.8452351,5.6738496,4,69.0,,
8422282262,50.8273631,5.713093,1,45.0,,
8439337615,50.833936,5.7129801,4,53.0,crossing,
8439337616,50.8339348,5.7130652,4,53.0,crossing,
8439338817,50.8339335,5.7131581,4,53.0,crossing,
8439338822,50.8332808,5.7114875,4,49.0,,
8439338823,50.8331308,5.7114793,4,49.0,,
8439338824,50.8329751,5.7114708,4,49.0,,
8439338825,50.8328112,5.7114619,4,49.0,,
8439338826,50.8326402,5.7114526,4,49.0,,
8439338827,50.8325151,5.7114458,4,49.0,,
8439338831,50.8326566,5.7106569,3,49.0,,
8439338836,50.8346092,5.7098628,1,46.0,,
8439338837,50.8335745,5.7100499,3,46.0,,
8439338838,50.8328251,5.7106656,3,49.0,,
8439338839,50.8327928,5.7125203,3,51.0,,
8439338840,50.8329514,5.7125375,3,51.0,,
8439338841,50.8331467,5.7106822,3,49.0,,
8439338842,50.8331096,5.7125467,3,51.0,,
8439338843,50.8332599,5.7125555,3,51.0,,
8439338848,50.8324625,5.7114429,1,49.0,,
8439406253,50.8367853,5.7138056,3,52.0,,
8439406254,50.8369502,5.7138079,1,52.0,,
8439406257,50.8362231,5.7122962,3,48.0,,
8439406259,50.83573,5.7124868,3,48.0,,
8439406260,50.8357205,5.7118165,1,48.0,,
8439406263,50.8361574,5.712081,3,48.0,,
8439406265,50.8362943,5.7120854,4,48.0,,
8439406266,50.8368132,5.7121023,3,48.0,,
8439406267,50.8362886,5.7122961,4,48.0,,
8439406268,50.8368096,5.7123119,3,48.0,,
8439406271,50.8368059,5.7125297,3,52.0,,
8439406273,50.8363465,5.7122978,3,48.0,,
8439406274,50.8357907,5.712069,1,48.0,,
8439406279,50.8334571,5.714143,3,53.0,,
8439406283,50.8336063,5.7136961,3,53.0,,
8439406284,50.8333105,5.7138175,3,51.0,,
8439406286,50.8336097,5.713302,3,53.0,,
8439406288,50.8340481,5.7148691,3,57.0,,
8439406290,50.8322738,5.7144551,3,51.0,,
8439406293,50.8327562,5.7144522,3,51.0,,
8439406297,50.8328795,5.7144577,5,51.0,crossing,
8458079764,50.8511164,5.6698343,3,72.0,,
8458079765,50.8505223,5.6687592,3,72.0,,
8458079766,50.8500128,5.6677826,4,73.0,crossing,
8458079767,50.850718,5.669155,4,72.0,,
8458079768,50.8507795,5.6692752,4,72.0,,
8458079781,50.8501699,5.6676617,1,73.0,,
8463461802,50.8434722,5.661167,3,83.0,,
8465512516,50.846618,5.6575123,3,82.0,,
8465520317,50.8468991,5.6583169,3,82.0,,
8465520318,50.8460984,5.6560685,3,82.0,,
8465520319,50.8463652,5.6568392,3,82.0,,
8465520320,50.8464222,5.6554423,3,82.0,,
8479593775,50.8505856,5.6672746,3,73.0,,
8479593781,50.8514777,5.6663179,3,74.0,,
8479593782,50.8513848,5.6664424,4,74.0,crossing,
8479593783,50.8511977,5.6660891,4,74.0,crossing,
8479593785,50.8513825,5.6661425,3,74.0,,
8479593786,50.8512907,5.6662646,4,74.0,,
8479593788,50.8509938,5.6666595,3,74.0,,
8508240247,50.8732083,5.6775225,3,57.0,,
8508268764,50.8717191,5.6790219,3,72.0,,
8516148541,50.8426074,5.6850245,3,52.0,,
8516261638,50.8425129,5.6849542,5,52.0,,
8516261645,50.8430768,5.6849048,1,52.0,,
8520611622,50.8506879,5.6669694,3,73.0,,
8526001394,50.8562226,5.6904012,1,50.0,,
8526001401,50.8562037,5.6904434,4,50.0,,
8526131969,50.8430074,5.7013695,1,49.0,,
8529673605,50.8418707,5.6698175,3,80.0,,
8529693017,50.8430075,5.6748977,1,70.0,,
8529693018,50.8426028,5.6730414,1,70.0,,
8537070816,50.8589696,5.6914818,1,46.0,,
8554162030,50.8524387,5.7056321,3,47.0,,
8571222285,50.8403442,5.7239719,3,50.0,,
8571222286,50.8400506,5.723898,3,50.0,,
8571222287,50.8399699,5.723764,3,50.0,,
8571222288,50.8400646,5.7234446,3,50.0,,
8571222292,50.8394923,5.7242307,3,50.0,,
8571222294,50.8391818,5.7243488,3,50.0,,
8571222295,50.8397791,5.7244995,3,50.0,,
8571222297,50.8397854,5.7248083,3,50.0,,
8571222300,50.8400081,5.7242798,3,50.0,,
8571222302,50.8403007,5.7243857,3,50.0,,
8571222303,50.8403696,5.7245429,3,50.0,,
8571222308,50.8400438,5.7239699,1,50.0,,
8571222309,50.8400172,5.7242118,1,50.0,,
8578452336,50.8355879,5.6968279,1,43.0,,
8592733994,50.8342271,5.6826694,3,79.0,,
8592734001,50.8329421,5.6816683,3,90.0,,
8592734003,50.8327669,5.6815745,1,90.0,,
8592734004,50.8332044,5.6818185,3,90.0,,
8592734005,50.8331754,5.6819147,3,90.0,,
8592734006,50.8334092,5.6819379,3,79.0,,
8592734007,50.8333703,5.6820361,4,79.0,,
8592734008,50.8341175,5.6825574,3,79.0,,
8592734011,50.8341402,5.6823635,4,79.0,,
8592734014,50.8342423,5.6821224,1,79.0,,
8593958385,50.8975319,5.7172384,3,43.0,,
8599795458,50.8392943,5.7131574,1,52.0,,
8599795460,50.8390963,5.7135169,3,52.0,,
8602377693,50.8521887,5.7108823,4,48.0,,
8602377694,50.8522043,5.7111043,3,48.0,,
8602377697,50.8526343,5.7120593,3,48.0,,
8602943673,50.8684417,5.7350445,3,53.0,,
8602943679,50.8684999,5.7350653,3,53.0,,
8602943680,50.8683961,5.7378795,4,51.0,,
8632012435,50.8643794,5.6910191,3,47.0,,
8632012443,50.8645957,5.6915823,3,49.0,,
8633102739,50.8473748,5.6790231,3,68.0,,
8633102740,50.8472359,5.6785931,3,68.0,,
8633203209,50.8527054,5.6833165,3,53.0,,
8639072549,50.866016,5.6610131,4,63.0,,
8639072556,50.8660573,5.6611277,4,63.0,,
8639072562,50.8634831,5.667911,3,65.0,,
8643816460,50.8452602,5.7326506,3,55.0,,
8643816462,50.8451986,5.7322517,3,55.0,,
8643816485,50.8479152,5.7321271,1,59.0,crossing,
8643816486,50.8479094,5.7320192,4,59.0,crossing,
8643816490,50.8472466,5.7318737,3,59.0,,
8643816491,50.8481049,5.7313945,3,58.0,,
8643816493,50.8479138,5.7314302,1,59.0,,
8645446669,50.8484066,5.7309955,3,54.0,,
8645446670,50.8485388,5.7309811,3,54.0,,
8645446674,50.848989,5.7307942,3,54.0,,
8645446677,50.8491849,5.7310245,3,54.0,,
8645446678,50.8493883,5.7318209,3,58.0,,
8645446688,50.8483649,5.7301635,3,54.0,,
8645446698,50.8492288,5.7299513,1,54.0,,
8645471333,50.8476948,5.7301677,3,56.0,,
8645471335,50.8476916,5.7304045,3,56.0,,
8645471340,50.8473987,5.7310678,1,56.0,turning_circle,
8645471359,50.8483833,5.7280471,3,53.0,,
8645471379,50.8472614,5.7283779,3,53.0,,
8645471380,50.8476569,5.7283991,3,53.0,,
8645471384,50.847902,5.7286551,1,53.0,,
8645471385,50.8479108,5.7284098,1,53.0,,
8645471423,50.8479872,5.7294077,3,54.0,,
8645471426,50.8480228,5.729146,3,53.0,,
8645471427,50.8480291,5.7288648,1,53.0,,
8645471428,50.8480428,5.7291451,1,53.0,,
8645471438,50.8492972,5.7315593,3,58.0,,
8645471441,50.8492463,5.7314981,1,58.0,,
8645471442,50.8485278,5.7309822,3,54.0,,
8645471443,50.84852,5.731491,3,58.0,,
8645471444,50.8488966,5.7315057,1,58.0,,
8645471445,50.8485609,5.7314926,3,58.0,,
8645471446,50.8485705,5.7310394,3,54.0,,
8645471448,50.8487398,5.7311142,1,54.0,,
8645471453,50.8485933,5.7299806,3,54.0,,
8645471457,50.8486072,5.7280929,3,53.0,,
8645471475,50.8477553,5.7308715,1,56.0,,
8645471478,50.8479161,5.7313206,3,59.0,,
8645471479,50.8479198,5.7311408,1,54.0,,
8645471489,50.8488676,5.7299582,3,54.0,,
8645471534,50.847808,5.7296316,3,56.0,,
8645471535,50.8475323,5.7296232,1,56.0,,
8645471536,50.8478518,5.7294116,3,56.0,,
8645471541,50.847678,5.7289521,1,53.0,,
8647149925,50.8437603,5.6523367,3,82.0,,
8647149929,50.8444689,5.6529834,3,82.0,,
8647149930,50.8444993,5.6530312,1,82.0,,
8647149931,50.843672,5.6525217,3,82.0,,
8647149934,50.8437135,5.6514783,3,85.0,,
8647149938,50.8428778,5.6501741,3,85.0,,
8647149939,50.8430974,5.6510797,3,85.0,,
8655211653,50.8488456,5.7170477,4,52.0,crossing,
8655211659,50.8485667,5.7187254,3,52.0,,
8655211668,50.8490084,5.7207687,3,51.0,,
8657311247,50.8639714,5.6701515,3,66.0,,
8663502003,50.8756182,5.6684451,1,51.0,,
8663502004,50.8762476,5.6677147,3,51.0,,
8664201646,50.8418582,5.6521476,3,82.0,,
8664201647,50.8414964,5.6530944,3,78.0,,
8664201648,50.8414347,5.651743,3,79.0,,
8664201649,50.8410783,5.6526914,3,78.0,,
8664201650,50.8410204,5.6513472,3,79.0,,
8664201651,50.8406573,5.6523004,3,78.0,,
8664201652,50.840606,5.6509512,3,79.0,,
8664201653,50.8402446,5.6518991,3,79.0,,
8678831500,50.8465437,5.65969,1,83.0,,
8678831508,50.8462555,5.6595561,1,83.0,,
8678831516,50.8461894,5.6599787,1,83.0,,
8678860911,50.8469381,5.6606564,3,82.0,,
8680305344,50.8576158,5.6902648,1,51.0,,
8680305346,50.8575893,5.690924,3,51.0,,
8680305364,50.8555447,5.6854386,1,47.0,,
8687461189,50.89372,5.7142559,3,45.0,,
8687461190,50.8936982,5.7143357,3,45.0,,
8687461196,50.8877196,5.7094497,3,43.0,,
8733760993,50.8666991,5.7121002,1,47.0,,
8761657180,50.8533769,5.681774,3,53.0,,
8818363926,50.8472264,5.6631368,1,82.0,,
8836147970,50.8548749,5.6851505,1,48.0,,
8836147971,50.8549116,5.6850828,4,48.0,crossing,
8836147972,50.8549868,5.6849475,4,48.0,crossing,
8836205843,50.8507833,5.6810604,3,62.0,,
8836205847,50.8504482,5.6811519,3,62.0,,
8836205848,50.8505309,5.6812745,3,60.0,,
8836205849,50.8510304,5.6811169,3,62.0,,
8836205855,50.8503556,5.681042,3,62.0,,
8836205857,50.8503336,5.680975,3,62.0,,
8836205859,50.8503048,5.6809509,3,62.0,,
8836205875,50.8502963,5.6809804,3,62.0,,
8836205877,50.8503039,5.68103,3,62.0,,
8836205883,50.8502353,5.6809897,3,62.0,,
8836205890,50.8504521,5.6808945,3,62.0,,
8836205895,50.8504775,5.6807296,1,62.0,,
8836205897,50.8504944,5.6809683,1,62.0,,
8836210999,50.8445828,5.6880126,1,52.0,,
8836211001,50.8441765,5.6878231,1,52.0,,
8836211002,50.844465,5.6880608,3,52.0,,
8836346118,50.8514789,5.6849682,3,56.0,,
8836346126,50.8511264,5.6851062,3,56.0,,
8838926135,50.8538955,5.6859715,1,50.0,,
8838926136,50.8537701,5.6861694,3,50.0,,
8838926137,50.8538594,5.686092,1,50.0,,
8838926142,50.8537192,5.6854436,3,50.0,,
8838944307,50.8406836,5.657895,3,80.0,,
8838944311,50.8405095,5.6584324,1,82.0,,
8838963116,50.8408006,5.6571695,3,80.0,,
8839131354,50.8399334,5.6567482,3,80.0,,
8839131363,50.8404952,5.6552093,3,79.0,,
8839131364,50.840428,5.6550318,3,79.0,,
8839131366,50.8404639,5.6549973,3,79.0,,
8839131372,50.8400746,5.6547317,3,79.0,,
8839131374,50.8398512,5.6553309,3,79.0,,
8839131381,50.8399554,5.6561038,3,79.0,,
8839131383,50.8393172,5.657307,3,79.0,,
8839131384,50.838844,5.6573268,3,79.0,,
8839131392,50.8382441,5.656736,3,79.0,,
8839131396,50.8379925,5.6564514,4,79.0,,
8839131400,50.8381762,5.6557729,3,75.0,,
8839131401,50.8383776,5.6566262,3,79.0,,
8839131405,50.8378483,5.6563835,3,79.0,,
8839131411,50.8418642,5.6534463,3,82.0,,
8839131412,50.8415877,5.6539777,3,78.0,,
8839131414,50.8409291,5.6534303,3,78.0,,
8839141418,50.8413941,5.6540593,3,78.0,,
8839141424,50.8435738,5.6530382,3,82.0,,
8839141433,50.8427802,5.6524612,3,82.0,,
8839141438,50.8432289,5.652983,3,82.0,,
8839141439,50.8431937,5.6528647,1,82.0,,
8839141440,50.8432867,5.6529912,3,82.0,,
8839141454,50.8431915,5.6523535,3,82.0,,
8839141455,50.8433317,5.6529984,3,82.0,,
8839141456,50.8432001,5.652286,3,82.0,,
8839141461,50.8429224,5.6527849,3,82.0,,
8883609596,50.8401672,5.7152243,3,50.0,,
8883699860,50.8454761,5.6952947,3,50.0,,
8888483901,50.8422603,5.6498463,3,85.0,,
8888483904,50.8420645,5.6502604,3,85.0,,
8888807756,50.8398861,5.6457504,3,86.0,,
8888807759,50.8406235,5.6458217,3,86.0,,
8888807762,50.8408687,5.6457319,3,86.0,,
8888807763,50.8405565,5.6459969,1,83.0,,
8888807764,50.8406284,5.6446247,3,86.0,,
8888807765,50.8406814,5.6449943,3,86.0,,
8888807766,50.8410825,5.6450096,3,86.0,,
8888863902,50.839348,5.6459685,3,79.0,,
8888863903,50.8398411,5.6463737,3,83.0,,
8888863904,50.8398892,5.6468152,3,83.0,,
8888863906,50.8399629,5.6458046,3,86.0,,
8888863913,50.8390456,5.6469224,3,79.0,,
8888863914,50.8390347,5.6467188,3,79.0,,
8888863915,50.8392863,5.646618,3,79.0,,
8888863916,50.8392836,5.6459869,3,79.0,,
8888899117,50.839346,5.64645,3,79.0,,
8888899118,50.839644,5.6461808,3,83.0,,
8888899119,50.83951,5.6465714,3,79.0,,
8888899120,50.8394792,5.6473459,3,79.0,,
8888899121,50.8396391,5.646884,3,83.0,,
8888899122,50.8397159,5.6457333,3,86.0,,
8888899123,50.8395772,5.6461156,3,79.0,,
8888899124,50.8396136,5.6450194,3,86.0,,
8888899125,50.839862,5.6455318,4,86.0,,
8888899126,50.8399711,5.6452049,3,86.0,,
8888899128,50.8400172,5.647816,3,83.0,,
8889024400,50.8419226,5.6492194,3,85.0,,
8889024401,50.8411687,5.6489298,3,82.0,,
8889024402,50.8420274,5.648803,3,85.0,,
8889040613,50.8415052,5.6454342,3,86.0,,
8889045217,50.8415345,5.6458438,3,83.0,,
8889045218,50.8417588,5.6459019,3,84.0,,
8889045220,50.8418102,5.6460712,3,84.0,,
8889045222,50.84174,5.6461659,1,84.0,,
8889045225,50.8419276,5.6463579,3,84.0,,
8889045227,50.841694,5.6466499,1,84.0,,
8889045228,50.8419622,5.6463508,3,84.0,,
8889045232,50.8419499,5.6460872,1,84.0,,
8889045233,50.8431992,5.6476533,1,84.0,,
8889045234,50.8433349,5.6473359,3,84.0,,
8889045235,50.8428491,5.6469235,3,84.0,,
8889045236,50.8427063,5.6472568,1,84.0,,
8889045237,50.843667,5.6465373,3,84.0,,
8889045241,50.8434159,5.6464467,3,84.0,,
8889045242,50.8435253,5.6455821,3,85.0,,
8889045245,50.842653,5.6458411,4,84.0,,
8889045249,50.8421587,5.6459514,3,84.0,,
8889045250,50.8433819,5.6444293,3,85.0,,
8889045252,50.8431006,5.642302,3,89.0,,
8889045254,50.8428525,5.6423892,3,89.0,,
8889045255,50.8421552,5.6423461,3,89.0,,
8889045257,50.8423176,5.6427446,3,89.0,,
8889506765,50.8376542,5.6458075,3,81.0,,
8889506766,50.8401922,5.6482127,3,82.0,,
8889506770,50.8408501,5.6486186,3,82.0,,
8894741627,50.8615813,5.7347579,3,55.0,,
8894741632,50.8623995,5.7357285,3,57.0,,
8894741634,50.8615786,5.7356448,3,57.0,,
8894741659,50.8626745,5.736535,3,56.0,,
8894741664,50.863316,5.7370553,3,56.0,,
8894741668,50.8627316,5.7365558,3,56.0,,
8894741690,50.8649098,5.7345231,3,56.0,,
8894741693,50.8646747,5.7359457,3,53.0,,
8894741694,50.8650134,5.7360188,3,53.0,,
8894741695,50.864958,5.7366385,3,53.0,,
8894741749,50.8657476,5.7392352,3,53.0,,
8894741752,50.8689707,5.7400647,1,54.0,,
8894741753,50.8690614,5.7377323,4,51.0,,
8894741754,50.8697838,5.7379907,4,51.0,,
8894741755,50.8704245,5.7402149,3,54.0,,
8894741756,50.8704997,5.738313,3,51.0,,
8894741757,50.8629305,5.7337397,3,54.0,,
8894741759,50.8630263,5.7323766,3,53.0,,
8894741760,50.8636556,5.7345951,3,54.0,,
8894741761,50.8636423,5.7349067,3,54.0,,
8894741762,50.861375,5.7310964,3,51.0,,
8894741774,50.8638312,5.7255181,3,51.0,,
8894741779,50.8639682,5.7267917,3,51.0,,
8894741811,50.8628363,5.7350693,3,54.0,,
8894741815,50.863093,5.7347641,3,54.0,,
8894753493,50.8659911,5.7352795,3,56.0,,
8894753495,50.8661751,5.7349453,3,56.0,,
8894753496,50.8661868,5.7347421,3,56.0,,
8894753497,50.8666652,5.7354451,3,53.0,,
8894753499,50.8663988,5.735377,3,56.0,,
8895164233,50.8638149,5.7302629,3,51.0,,
8895164234,50.8640731,5.730236,3,51.0,,
8904019656,50.8550045,5.6886694,3,50.0,,
8904125462,50.8442314,5.6631121,3,84.0,,
8904125464,50.8440858,5.663096,3,84.0,,
8904172035,50.8449623,5.6657238,3,83.0,,
8904172037,50.8449007,5.6649656,3,83.0,,
8904172042,50.8448897,5.6657988,3,83.0,,
8931192138,50.846393,5.7107893,1,52.0,,
8936207606,50.8242329,5.7121858,4,48.0,,
8946496911,50.8549014,5.6881629,3,50.0,,
8946496912,50.8553314,5.6882533,3,50.0,,
8972234645,50.863886,5.7002126,3,49.0,,
8972234650,50.862408,5.6994787,1,46.0,,
8972234651,50.8625977,5.7002402,3,49.0,,
8972234654,50.8624418,5.6999293,1,46.0,,
8972234659,50.8602856,5.6997697,3,46.0,,
8972234660,50.8603442,5.6997313,4,46.0,,
8972234664,50.8603789,5.7002517,1,48.0,,
8972272136,50.8651184,5.7000144,3,45.0,,
8972272141,50.8656254,5.7004429,1,45.0,,
8972272142,50.8692233,5.7006624,4,43.0,crossing,
8972272146,50.8700281,5.7018368,1,43.0,,
8972272148,50.8693427,5.7014179,3,43.0,,
8972272149,50.8694011,5.70121,3,43.0,,
8972272153,50.8701401,5.7013905,1,43.0,,
8972272156,50.8699698,5.7015533,1,43.0,,
8972272175,50.8701937,5.7011658,1,43.0,,
8972272181,50.8712219,5.7014353,3,46.0,,
8972272183,50.8710848,5.7020228,1,46.0,,
8974544274,50.8370767,5.722072,1,48.0,,
8974582651,50.8386792,5.7186915,1,48.0,,
8974582658,50.8390272,5.7186073,3,48.0,,
8974582666,50.8391629,5.7185749,3,48.0,,
8974582673,50.8399895,5.7188665,3,48.0,,
8975154998,50.8727538,5.7189417,3,48.0,,
8976597150,50.8435124,5.7307379,1,57.0,,
8976597167,50.8453151,5.7310564,1,53.0,,
8976672776,50.8407656,5.7316287,3,60.0,,
8976672777,50.8407724,5.7321055,3,60.0,,
8976672779,50.8406577,5.7321091,1,60.0,,
8976672780,50.8402017,5.731645,3,60.0,,
8976672785,50.8399887,5.7333858,3,61.0,crossing,
8976672805,50.8371658,5.726086,4,57.0,crossing,
8976672806,50.8370133,5.7258139,4,57.0,crossing,
8976672807,50.8368561,5.7260733,4,57.0,crossing,
8980682139,50.8958742,5.7211344,1,44.0,,
8988589566,50.8174351,5.7097944,3,48.0,,
8988695938,50.8276674,5.7139963,4,45.0,,
8988695943,50.8268764,5.7140359,1,49.0,,
8988695944,50.8327882,5.7152263,4,51.0,,
8988695946,50.8320844,5.7151727,1,51.0,,
8988695947,50.8322162,5.7151829,3,51.0,,
8988695949,50.8327289,5.7158008,1,51.0,,
8988695953,50.8322638,5.7151865,3,51.0,,
8988695954,50.8321822,5.7158866,3,51.0,,
8988695955,50.8316602,5.7158607,1,51.0,,
8988994733,50.8382434,5.7094684,3,53.0,,
8988994735,50.8382899,5.709749,1,53.0,,
9022797959,50.8456862,5.7131331,1,49.0,,
9022797960,50.8457535,5.7130355,3,49.0,,
9024423183,50.8591742,5.7335005,3,51.0,,
9024423184,50.8574967,5.7334847,3,53.0,,
9024423185,50.8580598,5.7334925,4,53.0,crossing,
9024423186,50.8586147,5.7334931,4,51.0,crossing,
9026506065,50.8566505,5.7352786,1,53.0,,
9026532008,50.8566651,5.7348129,1,53.0,,
9026532321,50.855045,5.7335987,1,53.0,,
9026537735,50.8551846,5.7336198,3,53.0,,
9026537741,50.8558,5.7306854,1,49.0,,
9044053526,50.8273464,5.6917458,1,83.0,,
9044252329,50.824235,5.6870218,1,49.0,,
9044368128,50.8119666,5.6875853,3,112.0,,
9053041601,50.8554285,5.6871154,3,47.0,,
9053041602,50.8555401,5.6871379,3,47.0,,
9057063484,50.8496691,5.7042625,3,52.0,,
9057063485,50.8495873,5.7022339,3,53.0,,
9057063486,50.8496341,5.703397,4,53.0,crossing,
9057063494,50.8496476,5.7022114,4,53.0,crossing,
9057063495,50.8495175,5.7022587,4,53.0,crossing,
9057063499,50.8496917,5.7018332,4,53.0,crossing,
9057063500,50.8496977,5.7020008,4,53.0,crossing,
9057063505,50.8494314,5.7022282,4,53.0,crossing,
9057063506,50.849424,5.7021179,4,53.0,crossing,
9057063507,50.8494155,5.7019775,4,53.0,crossing,
9057063508,50.84941,5.7018743,4,53.0,crossing,
9076443811,50.8497302,5.7042553,3,52.0,,
9076443812,50.8495984,5.7042694,3,52.0,,
9090921621,50.8520145,5.7274224,1,50.0,,
9090921623,50.851846,5.7275858,3,50.0,,
9116683698,50.8578643,5.6901457,4,51.0,,
9159612564,50.8250929,5.6955289,3,87.0,,
9159612570,50.8250737,5.6955837,3,87.0,,
9159627547,50.825302,5.6946545,3,87.0,,
9164488963,50.8556449,5.6799229,3,56.0,,
9170721860,50.8117898,5.6888673,3,112.0,,
9174598805,50.8323762,5.6536846,3,78.0,,
9174598807,50.8328143,5.6538797,3,78.0,,
9174636253,50.8318,5.6520836,1,78.0,,
9177313563,50.8259092,5.677462,3,93.0,,
9178341489,50.9005581,5.7152188,3,44.0,,
9178341496,50.9035267,5.7116675,3,40.0,,
9187644648,50.8463312,5.6956636,4,51.0,,
9230484460,50.8431261,5.7191366,4,48.0,crossing,
9268773064,50.8600935,5.689291,4,50.0,crossing,
9289980547,50.8694526,5.7006131,3,43.0,,
9306424670,50.8459389,5.6891914,3,56.0,,
9309466384,50.8680015,5.7163153,1,45.0,,
9316293941,50.8352276,5.6534657,3,80.0,,
9316293947,50.835119,5.6530296,3,80.0,,
9316295072,50.8417694,5.671155,1,75.0,,
9316295073,50.8416712,5.6706315,1,80.0,,
9316295080,50.8412583,5.671265,1,76.0,,
9316295081,50.8413781,5.6711588,4,76.0,,
9316295082,50.8413851,5.6717429,3,76.0,,
9316295083,50.8413513,5.6717171,3,76.0,,
9316295102,50.8421091,5.6711127,3,75.0,,
9316295109,50.8400456,5.6686179,1,83.0,,
9334648896,50.8503388,5.704693,4,47.0,crossing,
9334648897,50.8502861,5.704771,3,47.0,,
9334648901,50.8503642,5.7046527,1,47.0,,
9378976895,50.8307239,5.7277994,1,62.0,,
9378976899,50.8482672,5.7153331,1,51.0,,
9378976906,50.8629022,5.7053628,3,47.0,,
9378976909,50.8637595,5.7060216,3,47.0,,
9378976910,50.8643326,5.7065107,4,46.0,,
9378976911,50.8640471,5.7051837,3,47.0,,
9378976912,50.8645821,5.705593,3,47.0,,
9378976914,50.8635074,5.7053053,3,47.0,,
9379395024,50.855986,5.6714331,1,66.0,,
9379409074,50.8489494,5.6709649,3,74.0,,
9389280580,50.8491996,5.6610419,1,80.0,,
9389280582,50.8493069,5.6618928,3,80.0,,
9392629814,50.8428889,5.648232,3,85.0,,
9397551639,50.8560864,5.6706533,1,66.0,,
9397551640,50.8560382,5.6706219,3,66.0,,
9399345829,50.8409344,5.651265,3,79.0,,
9411244118,50.8341741,5.6522439,3,80.0,,
9411244119,50.8343948,5.6527747,3,80.0,,
9411253525,50.8413695,5.647209,3,83.0,,
9411253545,50.8433386,5.6456265,3,85.0,,
9411253549,50.8433147,5.6453213,3,85.0,,
9411253552,50.843483,5.6452711,3,85.0,,
9411253554,50.8431061,5.6423356,3,89.0,,
9411253558,50.841506,5.6427989,3,87.0,,
9411253559,50.8416011,5.6433491,3,87.0,,
9411977730,50.8387522,5.646432,1,79.0,,
9411977731,50.8387447,5.6466645,3,79.0,,
9411977735,50.8387275,5.6465517,3,79.0,,
9420423786,50.8587485,5.6445644,3,68.0,,
9489606002,50.8399223,5.7133285,3,51.0,,
9511162970,50.8552802,5.6531166,3,70.0,,
9513817063,50.856974,5.6452265,3,73.0,,
9537647070,50.8466378,5.7179997,3,49.0,,
9537647073,50.8462581,5.7182631,3,49.0,,
9537647083,50.8462469,5.7181892,3,49.0,,
9537678898,50.8460131,5.7179933,3,49.0,,
9537682623,50.8457801,5.7181684,1,52.0,,
9537682624,50.8455831,5.7182531,3,52.0,,
9537682631,50.8475184,5.7185726,4,49.0,crossing,
9537682632,50.8474557,5.7185679,3,49.0,,
9537682633,50.8471765,5.7163738,3,49.0,,
9537682638,50.8474569,5.7186072,3,49.0,,
9537682639,50.8471098,5.718626,3,49.0,,
9558926132,50.8713903,5.7223722,3,49.0,,
9558926133,50.8716349,5.721817,1,49.0,,
9558926134,50.8709307,5.72188,3,49.0,,
9558926136,50.8712376,5.7229467,3,49.0,,
9558926137,50.8706599,5.7223266,3,47.0,,
9558926138,50.8705634,5.722501,3,47.0,,
9558926139,50.8703533,5.722635,3,47.0,,
9558926140,50.8689533,5.7217419,1,47.0,,
9558926157,50.8698972,5.7204979,3,47.0,,
9558926158,50.8697636,5.7207542,3,47.0,,
9558926169,50.8693673,5.7211131,3,47.0,,
9558926176,50.8694945,5.720553,3,47.0,,
9558926195,50.8690739,5.7217379,4,47.0,,
9558926196,50.8689511,5.7220329,1,47.0,,
9558926213,50.8812701,5.7226753,1,45.0,,
9577435351,50.8232697,5.7291031,4,63.0,,
9577450326,50.8233202,5.7243563,3,61.0,,
9602285702,50.8610414,5.6569788,3,65.0,,
9602300362,50.8616763,5.6563137,3,65.0,,
9602303323,50.8623152,5.6556518,3,61.0,,
9605222711,50.8376753,5.7174572,1,48.0,,
9605244823,50.8376588,5.7176676,1,48.0,,
9605244825,50.837544,5.7177062,1,48.0,,
9605244826,50.8376786,5.7174821,3,48.0,,
9605244828,50.837688,5.7175534,1,48.0,,
9605244829,50.8375355,5.7176035,1,48.0,,
9605244830,50.8375042,5.719055,3,49.0,,
9605244832,50.837545,5.7177926,3,48.0,,
9605244836,50.8374494,5.7178304,3,53.0,,
9605244837,50.8374359,5.717586,3,53.0,,
9607882723,50.8473286,5.708926,1,51.0,,
9607882724,50.847375,5.7092911,3,51.0,,
9607882725,50.8471832,5.7089532,1,51.0,,
9607882726,50.8472276,5.7092883,3,51.0,,
9607882729,50.8474734,5.7089109,1,51.0,,
9609526098,50.8548414,5.7204857,3,49.0,,
9609526099,50.8549677,5.7205456,1,49.0,,
9609540975,50.8534211,5.71786,3,49.0,,
9609540977,50.853533,5.7182155,3,49.0,,
9609558216,50.8688629,5.7179281,3,45.0,,
9609564516,50.8543716,5.7185573,1,48.0,,
9609565017,50.8542746,5.7191179,3,49.0,,
9609565018,50.8542905,5.7191247,3,49.0,,
9609565019,50.8542443,5.7193901,1,49.0,,
9609565023,50.8540092,5.7189467,3,48.0,,
9609565033,50.8543515,5.7191013,1,49.0,,
9609574299,50.8539603,5.7201929,3,48.0,,
9609574302,50.8541869,5.7197415,1,49.0,,
9609574303,50.853288,5.7199923,3,48.0,,
9609574305,50.8533816,5.7202945,3,48.0,,
9609578848,50.8521947,5.720775,3,48.0,,
9609578850,50.8524623,5.7206657,1,48.0,,
9609578851,50.852838,5.717453,3,49.0,,
9609578852,50.8527244,5.7170728,3,49.0,,
9609578856,50.8529227,5.7168728,3,49.0,,
9609578859,50.8526405,5.7160053,3,47.0,,
9609578860,50.8531379,5.7166976,3,49.0,,
9609578863,50.8523665,5.7161068,3,47.0,,
9609578864,50.8526811,5.7159748,3,47.0,,
9609578865,50.8526741,5.7157742,1,47.0,,
9609598819,50.8690189,5.7178593,1,45.0,,
9609664809,50.8666123,5.7100489,3,47.0,,
9609664810,50.8659893,5.7101032,3,47.0,,
9609664812,50.8661893,5.709598,3,47.0,,
9609664814,50.8658079,5.7105612,4,46.0,,
9609664816,50.8649762,5.7097663,4,47.0,,
9609677217,50.8648117,5.7095841,3,47.0,,
9609677220,50.8647217,5.7095841,3,47.0,,
9609677223,50.8656819,5.7108949,4,46.0,,
9612298073,50.8707581,5.7177064,3,45.0,,
9612298074,50.8707659,5.7176874,3,45.0,,
9612298075,50.8707724,5.7176715,1,45.0,,
9612298076,50.8707508,5.7177241,1,45.0,,
9612298077,50.8709144,5.7178683,1,50.0,,
9612298078,50.8709246,5.717851,1,50.0,,
9612298113,50.8710022,5.7176992,1,50.0,,
9612298114,50.8707362,5.7178356,1,45.0,,
9612298115,50.8705819,5.717679,1,45.0,,
9612487542,50.8500023,5.7066847,3,49.0,,
9612487547,50.8497648,5.705462,3,52.0,,
9612487556,50.8499809,5.7059596,1,52.0,,
9612487559,50.8499717,5.7059104,3,52.0,,
9612487560,50.8499782,5.7059443,3,52.0,,
9612487567,50.8499331,5.7056922,3,52.0,,
9612487569,50.8499391,5.7057229,1,52.0,,
9612487579,50.8500821,5.7070394,3,49.0,,
9612487604,50.8506199,5.7067449,3,49.0,,
9612487608,50.8496542,5.7050735,3,52.0,,
9612487609,50.8495732,5.7050131,3,52.0,,
9612487611,50.8505174,5.705447,1,47.0,,
9612487613,50.8503447,5.7048109,3,47.0,,
9612609440,50.8499574,5.7058341,1,52.0,,
9680010089,50.8591137,5.7179669,3,48.0,,
9680010090,50.8590254,5.7176702,1,48.0,,
9708011937,50.8460241,5.7055896,1,52.0,,
9708011938,50.84593,5.7045758,1,52.0,,
9711390398,50.8537781,5.676155,3,66.0,,
9726546311,50.8767777,5.6862702,3,41.0,,
9726840940,50.8652975,5.711915,3,46.0,,
9730821158,50.8390148,5.7166084,1,49.0,,
9740678623,50.8499624,5.7376616,1,57.0,,
9740678627,50.850147,5.7377006,1,55.0,,
9740678631,50.8500365,5.7378711,3,55.0,,
9748616550,50.8471255,5.6950065,1,51.0,,
9762622602,50.8709167,5.6830313,1,43.0,,
9762622606,50.8710506,5.6844985,3,40.0,,
9762622608,50.8709164,5.6833142,3,43.0,,
9762622613,50.8631374,5.6874316,1,45.0,,
9762629841,50.8623649,5.6879171,1,51.0,,
9762629876,50.8657437,5.6861109,1,45.0,,
9762629899,50.8703116,5.6834557,1,45.0,,
9762629907,50.875762,5.6797332,3,43.0,,
9762629912,50.8770026,5.679328,3,43.0,,
9767619537,50.8559093,5.6688095,3,66.0,,
9778974252,50.8459252,5.7032292,1,51.0,,
9781508158,50.8361413,5.7118534,4,48.0,,
9783704665,50.8507657,5.7009671,3,50.0,,
9783704669,50.8508618,5.7008191,3,50.0,,
9783826434,50.8301729,5.6852773,1,87.0,,
9783826435,50.830181,5.6853483,3,87.0,,
9797091880,50.869007,5.7111715,3,46.0,,
9797091881,50.8688918,5.7123619,3,46.0,,
9797091884,50.8690308,5.7124033,3,46.0,,
9797091894,50.8691588,5.7120852,3,46.0,,
9797091895,50.8686222,5.7121497,3,47.0,,
9797091902,50.8692675,5.7115951,1,46.0,,
9797091905,50.8691723,5.7114347,1,46.0,,
9797091907,50.8691383,5.7117092,3,46.0,,
9797091910,50.8690943,5.7118705,3,46.0,,
9797113019,50.8695657,5.7128345,1,48.0,,
9797113020,50.869727,5.7124636,3,46.0,,
9797113021,50.8696907,5.7129892,1,48.0,,
9797113022,50.8698604,5.7126202,3,48.0,,
9797113023,50.8698205,5.7131467,1,48.0,,
9797113025,50.8696099,5.7123256,3,46.0,,
9797113031,50.8693325,5.7124752,3,46.0,,
9797113034,50.8693216,5.7122505,3,46.0,,
9797113040,50.8696017,5.7122633,3,46.0,,
9797113042,50.8697788,5.7120877,4,46.0,,
9797113043,50.8694013,5.7125376,3,48.0,,
9797113050,50.8694349,5.7143211,3,48.0,,
9799030994,50.8489798,5.72061,4,51.0,crossing,
9799030997,50.8489428,5.7206345,4,51.0,crossing,
9799030998,50.8487542,5.7206335,4,51.0,crossing,
9799030999,50.8487254,5.7205798,4,51.0,crossing,
9799031003,50.8488745,5.7188548,3,51.0,,
9799031005,50.848876,5.7200583,4,51.0,crossing,
9799031011,50.8486898,5.7187613,4,51.0,crossing,
9799031012,50.8486882,5.7186884,4,52.0,crossing,
9799031014,50.8487591,5.7187659,3,51.0,,
9799031016,50.8489302,5.7186876,3,52.0,,
9799031618,50.84911,5.7187286,3,52.0,,
9799031620,50.8489273,5.7187716,3,51.0,,
9799031621,50.8488243,5.7185847,3,52.0,,
9799031623,50.8488467,5.7182678,3,52.0,,
9802563613,50.8743286,5.7278849,1,46.0,,
9802574922,50.8732514,5.7286886,1,46.0,,
9802574923,50.8698461,5.7234471,4,47.0,,
9802574932,50.8697,5.7246365,3,47.0,,
9802574945,50.8683691,5.7224277,3,51.0,,
9802574951,50.869849,5.7197832,1,47.0,,
9802574956,50.8690736,5.723754,4,47.0,,
9802574957,50.8693682,5.7242252,3,47.0,,
9804184315,50.8467571,5.6959887,1,45.0,,
9804208919,50.8467307,5.6957969,3,51.0,,
9809397962,50.8292554,5.6962637,3,44.0,,
9810944543,50.8163105,5.7254474,3,55.0,,
9810944544,50.8166009,5.7260977,1,55.0,,
9810944546,50.8160953,5.725775,3,55.0,,
9813193051,50.814416,5.7192463,3,54.0,,
9816548439,50.8292358,5.7209654,3,62.0,,
9816549654,50.8298833,5.7198778,1,58.0,,
9816549655,50.8294173,5.7196094,3,58.0,,
9816549656,50.8295753,5.7197536,3,58.0,,
9816606001,50.8264061,5.7232605,3,65.0,,
9819770485,50.8498447,5.7057346,3,52.0,,
9819770486,50.8497898,5.7054497,3,52.0,,
9819770498,50.8504524,5.7051001,4,47.0,,
9819770499,50.8504047,5.7051222,3,47.0,,
9819770506,50.8501879,5.7065944,3,49.0,,
9819969352,50.8375295,5.717509,3,48.0,,
9819969353,50.8375187,5.7175094,3,48.0,,
9819969356,50.8374834,5.7175109,3,53.0,,
9819969359,50.837529,5.7175352,3,48.0,,
9860745453,50.8469601,5.6950695,1,51.0,,B
9866460340,50.8443047,5.6961719,4,47.0,,
9868327528,50.8494272,5.6866629,3,60.0,,
9890051960,50.8555455,5.6863615,1,47.0,,
9900732646,50.8479695,5.681999,1,62.0,,
9907709080,50.8586279,5.668456,4,70.0,,
9907709081,50.8584226,5.6676335,4,70.0,,
9964381003,50.8715126,5.6841933,3,40.0,,
9964402127,50.86858,5.6956029,3,44.0,,
9964402175,50.8657209,5.693008,1,44.0,,
9964417890,50.8645432,5.6883944,3,49.0,,
9964417898,50.864904,5.6866753,3,45.0,,
9964425620,50.8666849,5.6863218,1,43.0,,
10007461276,50.8519553,5.6912144,3,56.0,,
10007461312,50.8528671,5.6936493,3,54.0,,
10008646807,50.8498024,5.6943101,3,50.0,,
10008903837,50.8517008,5.6931164,3,54.0,,
10008903838,50.8518207,5.6931714,3,54.0,,
10008903841,50.8518033,5.6937061,3,54.0,,
10008903850,50.8511727,5.6939363,3,47.0,,
10008903854,50.8509126,5.6941703,3,47.0,,
10008903855,50.8509146,5.6942369,3,47.0,,
10008903856,50.8509115,5.6939991,3,47.0,,
10008921877,50.8516616,5.693478,1,54.0,,
10009080008,50.8522377,5.6937306,3,54.0,,
10009102120,50.8518855,5.6931063,3,54.0,,
10009102122,50.8521933,5.6929997,4,54.0,,
10009102126,50.8518384,5.6928719,3,54.0,,
10028158145,50.8346023,5.7103023,1,46.0,,
10028158146,50.8335695,5.7102941,3,46.0,,
10028158147,50.8335671,5.7104121,3,46.0,,
10028158148,50.8346023,5.710435,1,48.0,,
10056819334,50.816262,5.6867761,3,77.0,,
10056819386,50.8173767,5.6873015,1,49.0,,
10056819393,50.8265674,5.6867644,3,75.0,,
10056846931,50.8251807,5.6767901,3,79.0,,
10060978753,50.8484731,5.688324,3,55.0,,
10073489866,50.8391863,5.6632248,4,84.0,crossing,
10073592728,50.8383827,5.6609807,1,84.0,,
10073592736,50.834902,5.6525873,4,80.0,crossing,
10074897478,50.8530725,5.6626937,3,70.0,,
10074897479,50.8532218,5.6628053,4,70.0,,
10079785996,50.8445717,5.6552739,3,83.0,,
10079785997,50.8448866,5.6561621,4,83.0,,
10079785998,50.8452796,5.6572357,3,84.0,,
10079785999,50.8456109,5.658168,3,84.0,,
10079786000,50.845653,5.6582914,4,84.0,,
10079786001,50.8458905,5.6579195,3,82.0,,
10079786002,50.8453812,5.6571426,4,84.0,crossing,
10079786004,50.8453249,5.6557527,3,83.0,,
10079786005,50.8454998,5.6562572,3,84.0,,
10079786006,50.845374,5.6558942,4,83.0,,
10079786009,50.8451071,5.6562907,4,84.0,crossing,
10079786010,50.8449754,5.6564046,3,84.0,,
10081376098,50.8068112,5.7126169,1,48.0,,
10081376099,50.8068147,5.7113488,3,49.0,,
10081376101,50.8072634,5.7117038,1,49.0,,
10081376103,50.8069795,5.7113919,3,49.0,,
10081430395,50.8089383,5.7116451,3,48.0,,
10081430396,50.8089389,5.7119974,1,48.0,,
10081504438,50.8172708,5.7262723,1,54.0,,
10081504439,50.8170175,5.7247848,3,55.0,,
10081504441,50.8181803,5.7243157,3,55.0,,
10081504442,50.8182834,5.7249031,3,55.0,,
10081504443,50.8171205,5.72539,3,54.0,,
10081504444,50.8171982,5.7258462,3,54.0,,
10081504445,50.818363,5.7253568,3,54.0,,
10081537297,50.8391592,5.6632521,1,84.0,crossing,
10081537303,50.8384199,5.6610704,1,84.0,crossing,
10081537312,50.8347996,5.6523316,4,80.0,,
10081537315,50.833998,5.6501115,1,81.0,,
10081557125,50.833901,5.6502068,1,81.0,,
10081557127,50.8344305,5.6515259,1,81.0,,
10081557129,50.8348148,5.6525304,3,80.0,,
10081557130,50.834857,5.6526314,3,80.0,,
10081765854,50.8429698,5.6831396,3,54.0,,
10081781426,50.8435391,5.6909029,1,51.0,,
10081781427,50.8430762,5.6909987,3,51.0,,
10081942637,50.8173672,5.7197985,1,50.0,,
10081942638,50.8173808,5.7190347,3,50.0,,
10082404554,50.8395727,5.6579407,3,79.0,,
10082404555,50.8391485,5.6583512,4,82.0,,
10082404556,50.838697,5.6588114,3,82.0,,
10092067140,50.840837,5.7330072,3,60.0,,
10092313534,50.8518706,5.6712918,4,72.0,,
10092313535,50.8519662,5.6713599,4,72.0,crossing,
10101905054,50.8125374,5.6913828,3,131.0,,
10109159863,50.843588,5.6759524,3,65.0,,
10109810740,50.8221376,5.7003298,3,47.0,,
10113918389,50.8520733,5.6928491,3,54.0,,
10113918394,50.8522105,5.6929939,3,54.0,,
10129909607,50.8114658,5.6965894,3,46.0,,
10143361943,50.8493479,5.68664,3,60.0,,
10143489714,50.8471795,5.6562236,3,82.0,,
10143489715,50.8467309,5.656611,3,82.0,,
10143489716,50.8468179,5.6565353,4,82.0,,
10143622117,50.8470742,5.6572748,3,82.0,,
10143655953,50.8441709,5.6596312,3,83.0,,
10143655954,50.8444125,5.6603178,3,83.0,,
10143655956,50.8441404,5.6596583,3,83.0,,
10143655957,50.8431331,5.6567404,3,82.0,,
10143655958,50.8433972,5.657479,4,82.0,,
10143655959,50.8436565,5.6582071,3,82.0,,
10147087262,50.8445945,5.6626926,3,84.0,,
10147087265,50.8444613,5.6628122,3,84.0,,
10147087273,50.8438936,5.662553,1,84.0,,
10147087278,50.8455228,5.6602719,3,83.0,,
10147550451,50.8408329,5.6573322,3,80.0,,
10147550453,50.8404257,5.6573887,1,80.0,,
10147550454,50.840637,5.6574239,3,80.0,,
10147550456,50.8407209,5.6578753,3,80.0,,
10151340128,50.8175122,5.7079794,3,49.0,,
10154787059,50.8502403,5.6682068,3,73.0,,
10156781274,50.8552071,5.6882295,3,50.0,,
10156781275,50.8552552,5.6882374,3,50.0,,
10180583904,50.853006,5.7316735,1,54.0,,
10180583905,50.8530776,5.7317868,4,54.0,crossing,
10180583906,50.8531425,5.7318878,4,54.0,crossing,
10180583907,50.8531889,5.7319595,3,54.0,,
10180583908,50.8531944,5.7320462,1,54.0,,
10180583909,50.8531257,5.7321885,4,54.0,crossing,
10180583910,50.8530753,5.7322883,4,54.0,crossing,
10180583911,50.8530117,5.73241,1,54.0,,
10187444622,50.863618,5.7126645,1,48.0,,
10187444624,50.8636539,5.7125601,4,48.0,crossing,
10187444625,50.8636703,5.7121954,3,46.0,,
10187444626,50.8634597,5.7121091,3,46.0,,
10187444628,50.8635556,5.7121484,4,46.0,crossing,
10187444629,50.8627258,5.7105552,4,46.0,,
10187444630,50.861146,5.7090287,3,47.0,,
10187444632,50.8602459,5.7097965,1,48.0,,
10187444633,50.8629194,5.7114511,1,46.0,,
10187444634,50.8635286,5.7119247,4,46.0,,
10187444636,50.862856,5.7112672,1,46.0,,
10187444637,50.8626743,5.7118614,3,46.0,,
10187444639,50.8632956,5.7124419,1,46.0,,
10187444640,50.8633756,5.7121561,3,46.0,,
10187444644,50.863325,5.7123369,4,46.0,crossing,
10187444647,50.8640259,5.7098786,4,46.0,,
10187444648,50.8642059,5.7092328,3,46.0,,
10187444664,50.8645508,5.705712,3,47.0,,
10187444665,50.8639389,5.7055238,3,47.0,,
10187444670,50.8641343,5.7058687,3,47.0,,
10187444678,50.8638651,5.7057486,3,47.0,,
10187444679,50.8642778,5.7059126,3,47.0,,
10187444695,50.8651841,5.7118109,3,46.0,,
10187444696,50.8655694,5.7107879,3,46.0,,
10187444697,50.8651328,5.7114858,3,46.0,,
10187444698,50.8654448,5.7106694,3,46.0,,
10187444706,50.8652983,5.7092264,4,47.0,,
10187444707,50.865445,5.7093749,3,47.0,,
10187444708,50.8660369,5.7099696,4,47.0,,
10187444710,50.8656065,5.7089798,4,47.0,crossing,
10187444716,50.8643926,5.7101632,3,46.0,,
10187444717,50.864337,5.7100918,3,46.0,crossing,
10187444769,50.8667909,5.7083088,3,47.0,,
10187444770,50.8671923,5.708744,3,47.0,,
10187444775,50.8661993,5.7070907,3,46.0,,
10187444776,50.8665746,5.7065419,3,46.0,crossing,
10187444789,50.870759,5.7063931,3,46.0,,
10187444790,50.8697388,5.7094009,3,45.0,,
10187444815,50.8673722,5.710814,3,47.0,,
10187444821,50.8684077,5.7109148,4,47.0,,
10187444826,50.8687095,5.7095963,3,47.0,,
10187444829,50.8683455,5.7104887,3,47.0,,
10187444831,50.8679611,5.7104569,3,47.0,,
10187444832,50.8679295,5.7104195,3,47.0,,
10187444836,50.8648142,5.7094183,4,47.0,,
10187444841,50.8645948,5.7098625,4,47.0,crossing,
10203735454,50.8500748,5.6658149,4,74.0,,
10253142170,50.8703664,5.7212602,1,47.0,,
10260186431,50.8701598,5.720023,1,47.0,,
10260186435,50.8699969,5.7203169,3,47.0,,
10263418744,50.8433187,5.6438402,3,85.0,,
10263418745,50.8431227,5.6439495,3,85.0,,
10263418748,50.8432649,5.6442072,3,85.0,,
10263418749,50.843357,5.6441868,3,85.0,,
10263418750,50.8431951,5.6445049,3,85.0,,
10263418753,50.8437833,5.6512294,3,81.0,,
10263418756,50.8442553,5.6516707,3,81.0,,
10263418760,50.8446939,5.6556185,3,83.0,,
10263418761,50.8447517,5.6555602,1,83.0,,
10263418762,50.8461565,5.6552011,3,82.0,,
10263418763,50.8466502,5.6565898,3,82.0,,
10263418764,50.8457619,5.6555506,3,83.0,,
10263418765,50.8458875,5.6559151,3,82.0,,
10263418766,50.846285,5.6555627,4,82.0,,
10263418767,50.8463807,5.6558274,4,82.0,,
10266127341,50.842226,5.7408428,3,59.0,,
10266127348,50.842169,5.7414698,3,59.0,,
10266127355,50.8422601,5.7404711,3,59.0,,
10266127358,50.8423354,5.7405183,3,59.0,,
10266140978,50.8416662,5.7456969,3,62.0,,
10266144019,50.8432098,5.7377361,1,58.0,,
10266144061,50.8423774,5.7383635,1,58.0,,
10266144062,50.8423663,5.7383612,1,58.0,,
10266144077,50.842652,5.7375287,1,58.0,,
10266144098,50.8422955,5.7377682,1,58.0,,
10266144103,50.8423097,5.7375145,3,58.0,,
10269337816,50.8575981,5.6624093,3,71.0,crossing,
10269340798,50.8578976,5.6627193,3,71.0,crossing,
10269343640,50.8578811,5.6623559,4,71.0,crossing,
10269438333,50.8451788,5.7095625,3,50.0,,
10274170664,50.8631108,5.6706754,4,66.0,crossing,
10274195646,50.859509,5.667134,4,70.0,crossing,
10274205505,50.8604702,5.6704631,3,69.0,crossing,
10276310190,50.8559957,5.6935262,3,49.0,,
10295072050,50.8406673,5.7023187,3,50.0,,
10295072053,50.8406713,5.7013822,1,48.0,,
10295072056,50.8406996,5.7013642,3,48.0,,
10296799213,50.8682422,5.718832,3,48.0,,
10296799214,50.868293,5.7189492,1,48.0,,
10297297438,50.8155383,5.6810115,3,93.0,,
10302527464,50.8456577,5.6636531,3,84.0,,
10302527465,50.8459023,5.6643329,3,82.0,,
10304658708,50.8490579,5.6642526,3,78.0,,
10304711009,50.849058,5.6639323,1,78.0,,
10305029026,50.8688712,5.7052432,3,47.0,,
10305029038,50.8685991,5.7058706,3,47.0,,
10305029054,50.8677072,5.7046979,1,47.0,,
10305029062,50.8680084,5.7053593,3,47.0,,
10309038779,50.864636,5.7140077,1,44.0,,
10309038781,50.864205,5.7143693,3,48.0,,
10310782105,50.8660652,5.7045756,3,48.0,,
10310808734,50.8654351,5.7046967,3,48.0,,
10311179625,50.8593202,5.6670626,3,70.0,,
10311179629,50.8591291,5.6662598,3,68.0,,
10311179631,50.8582465,5.6667071,4,70.0,,
10311179632,50.8578307,5.6669351,3,70.0,,
10311179633,50.8580983,5.6657544,3,69.0,,
10311179635,50.8592521,5.6667763,3,70.0,,
10311179636,50.8583593,5.6673681,4,70.0,,
10311179637,50.8580054,5.6675946,3,70.0,,
10311179638,50.857928,5.6672849,3,70.0,,
10311179639,50.8574406,5.6675848,3,70.0,,
10311179640,50.8575803,5.6681679,3,70.0,,
10311179642,50.8573279,5.6673253,3,70.0,,
10311179643,50.8576926,5.6664529,3,69.0,,
10311179644,50.8571729,5.6669778,3,70.0,,
10311179648,50.8563096,5.6680869,1,70.0,,
10311179650,50.8563759,5.6680447,4,70.0,,
10311179651,50.8565046,5.6685632,3,70.0,,
10311179652,50.8563318,5.6686723,1,70.0,,
10311179653,50.8561193,5.6670264,3,68.0,,
10311179654,50.8561496,5.6671532,3,68.0,,
10311179656,50.8559251,5.6672985,4,68.0,,
10311179657,50.8558716,5.6673333,4,68.0,,
10311179658,50.8558351,5.667358,1,68.0,,
10311179660,50.8575198,5.6679154,3,70.0,,
10311179662,50.8601605,5.6692463,4,72.0,crossing,
10311179663,50.8602655,5.6691754,3,72.0,,
10311179664,50.8598468,5.6694416,3,72.0,,
10311179665,50.8596916,5.6687758,3,72.0,,
10311179668,50.8599593,5.6698029,3,72.0,,
10314662990,50.8542609,5.7105523,3,49.0,,
10314662991,50.854258,5.7107027,1,49.0,,
10314662992,50.8548451,5.710622,3,49.0,,
10314662994,50.8548178,5.7109267,3,49.0,,
10314662995,50.8551557,5.710712,3,49.0,,
10314662997,50.8560002,5.7110491,3,49.0,,
10314663000,50.8525066,5.7105706,3,48.0,,
10314663002,50.8525124,5.7108655,3,48.0,,
10314663004,50.8521784,5.7105898,4,48.0,,
10314663008,50.8512155,5.7108315,1,48.0,,
10314719209,50.8512203,5.7109715,3,48.0,,
10314719210,50.8503348,5.7107862,3,48.0,,
10314719212,50.850349,5.7110833,3,48.0,,
10314719217,50.8497013,5.7107478,3,49.0,,
10314719218,50.8497075,5.7108726,4,49.0,,
10314719219,50.8497137,5.7110235,1,49.0,,
10314719220,50.8498613,5.7106958,4,49.0,,
10314719223,50.849983,5.710834,4,49.0,,
10314719225,50.8499938,5.7111238,3,49.0,,
10314719226,50.849124,5.7111041,1,49.0,,
10314719227,50.8491303,5.7112456,3,49.0,,
10314719228,50.8472091,5.7120842,1,52.0,,
10314719229,50.84726,5.7122116,4,52.0,,
10314719230,50.8473203,5.7123646,3,52.0,,
10314719231,50.8466291,5.7128199,1,49.0,,
10314719232,50.8466797,5.7129099,4,49.0,,
10314719233,50.8467584,5.7130497,3,49.0,,
10314719234,50.8460807,5.713241,3,49.0,crossing,
10314719236,50.8462976,5.7135281,4,49.0,crossing,
10314719237,50.8463691,5.7136416,1,49.0,,
10314719238,50.8459478,5.7141796,4,49.0,,
10314719239,50.8455209,5.7146439,1,51.0,,
10314719240,50.8455817,5.714755,4,51.0,crossing,
10314719241,50.8445299,5.7157094,1,51.0,,
10314719242,50.8446241,5.7154462,3,51.0,,
10314719243,50.8441852,5.7157547,3,51.0,,
10314719244,50.8442108,5.7158977,1,51.0,,
10314719245,50.8431398,5.7158535,1,51.0,,
10314719246,50.8427473,5.7157619,4,51.0,,
10314719247,50.8424395,5.7151365,1,51.0,,
10314719248,50.8423624,5.7152679,4,51.0,,
10314719249,50.8422495,5.7148542,1,51.0,,
10314719250,50.8421711,5.7149854,4,51.0,,
10314734686,50.847944,5.711076,3,49.0,,
10539972750,50.8542864,5.7158297,3,47.0,,
10539972752,50.853425,5.7163525,3,47.0,,
10539972754,50.8531422,5.7167107,3,49.0,,
10539972756,50.8533254,5.7159674,1,47.0,,
10542777839,50.8634285,5.7133357,3,48.0,,
10542777841,50.8637628,5.713964,3,48.0,,
10559361340,50.8706097,5.7369653,3,49.0,,
10584934872,50.8476315,5.6853701,3,60.0,,
10584934875,50.8476156,5.6858071,3,58.0,,
10584934894,50.8485947,5.6859599,3,60.0,,
10584934897,50.8484941,5.6858694,3,60.0,,
10584934898,50.8484863,5.6853506,3,63.0,,
10584934899,50.8484565,5.6853082,3,63.0,,
10584934900,50.8481989,5.6854847,3,60.0,,
10584934903,50.8479646,5.68561,3,60.0,,
10584934904,50.8483489,5.6854045,3,63.0,,
10584952707,50.8483583,5.6854723,3,60.0,,
10584952708,50.8479795,5.6856751,3,60.0,,
10584952711,50.8478282,5.6856619,3,58.0,,
10584952712,50.8478607,5.6856226,3,58.0,,
10584952722,50.8478896,5.685593,3,58.0,,
10584952724,50.8479588,5.6853087,3,63.0,,
10584952727,50.8481302,5.6852907,3,63.0,,
10584952732,50.8483511,5.6853402,3,63.0,,
10584952734,50.8484476,5.6852355,3,63.0,,
10584952743,50.8480556,5.6852637,3,63.0,,
10584952751,50.847695,5.6854763,3,58.0,,
10600725020,50.8433936,5.7024932,4,49.0,crossing,
10600725021,50.8434095,5.7026622,4,49.0,crossing,
10600725022,50.8434207,5.702782,1,49.0,,
10600725023,50.8433811,5.702363,1,49.0,,
10600725024,50.8450281,5.7022961,4,52.0,crossing,
10600725025,50.8450389,5.702404,1,52.0,,
10600725026,50.844998,5.7019802,1,47.0,,
10600725027,50.8458552,5.7019178,4,52.0,crossing,
10600725028,50.8458709,5.7020924,4,51.0,crossing,
10600725029,50.8458815,5.7022114,1,51.0,,
10600725030,50.8458438,5.7017905,1,52.0,,
10600725038,50.8473659,5.7033429,4,51.0,crossing,
10600725039,50.8473041,5.7033749,4,51.0,crossing,
10600725040,50.8474367,5.7033095,3,51.0,crossing,
10600725041,50.8472341,5.7034105,1,51.0,,
10600725042,50.8471578,5.7030527,4,51.0,crossing,
10600725043,50.8474816,5.7030458,4,51.0,crossing,
10600725044,50.8474726,5.7029189,4,51.0,crossing,
10601735138,50.8573791,5.6882527,1,51.0,,
10601735139,50.8573399,5.6883195,4,51.0,crossing,
10601735140,50.8572742,5.6884311,4,51.0,crossing,
10601735141,50.8572157,5.6885232,1,51.0,,
10602178510,50.8246423,5.7111031,3,48.0,,
10602178511,50.8248284,5.7115647,4,48.0,,
10602178514,50.8249612,5.7120209,3,48.0,,
10604075127,50.8623071,5.6876787,3,51.0,,
10611793095,50.8558705,5.682396,3,51.0,,
10612009458,50.899003,5.7001728,3,43.0,,
10612009460,50.8988265,5.6999153,3,43.0,,
10612009469,50.8986304,5.6995724,3,43.0,,
10612009470,50.8986124,5.6995532,3,43.0,,
10612009476,50.8988279,5.7000744,3,43.0,,
10612009478,50.8990638,5.7002183,3,43.0,,
10618579804,50.8638848,5.655952,1,70.0,,
10639304625,50.8572114,5.6633195,3,71.0,,
10639304635,50.8574694,5.6629527,3,71.0,,
10639304636,50.8572448,5.6626652,3,71.0,,
10639304637,50.8570252,5.6629956,3,71.0,,
10639304638,50.8573555,5.6627793,3,71.0,,
10639304639,50.8571082,5.6631334,3,71.0,,
10639576455,50.8659509,5.6611611,4,63.0,,
10639576458,50.8663565,5.6614571,3,63.0,,
10639576466,50.8659946,5.6612389,3,63.0,,
10650743868,50.8486151,5.7113461,3,49.0,,
10650743869,50.848653,5.711648,1,49.0,,
10651654059,50.8393168,5.6756966,3,57.0,,
10670019675,50.8461768,5.7069347,3,49.0,crossing,
10670019677,50.8465029,5.7075892,3,49.0,crossing,
10676558223,50.8539502,5.690718,3,53.0,,
10679392582,50.842656,5.7354721,1,58.0,,
10679392584,50.8427161,5.7378259,1,58.0,,
10679392589,50.8427314,5.7375311,1,58.0,,
10679552479,50.8432615,5.7300901,3,57.0,,
10679552495,50.8431633,5.731809,1,58.0,,
10679552497,50.8430759,5.7318794,4,58.0,,
10679584078,50.8428338,5.7355819,4,58.0,,
10679584087,50.8429948,5.7332742,1,58.0,,
10679584103,50.8429866,5.7339225,3,58.0,,
10679589090,50.8427209,5.7334826,4,58.0,crossing,
10679589104,50.842877,5.7332443,4,58.0,crossing,
10679589921,50.8431326,5.7321118,1,58.0,,
10679590007,50.8428894,5.7338978,4,58.0,crossing,
10679590010,50.8428129,5.7338763,4,58.0,crossing,
10679590053,50.842685,5.7337776,1,58.0,,
10679590058,50.8427092,5.73358,4,58.0,crossing,
10679590105,50.842938,5.7332598,4,58.0,crossing,
10679590118,50.8428503,5.7335018,4,58.0,,
10679590150,50.8432391,5.7338874,1,58.0,,
10679590164,50.8429554,5.7356104,1,58.0,,
10681142656,50.8423297,5.7153252,3,51.0,,
10681176389,50.8431863,5.7319064,4,58.0,crossing,
10681176392,50.8431739,5.7320257,4,58.0,crossing,
10681180382,50.8433916,5.7277341,1,52.0,,
10681180386,50.8435362,5.7277312,1,52.0,,
10681180395,50.8435644,5.7274789,1,52.0,,
10681180401,50.8434179,5.7274808,1,52.0,,
10681180602,50.8440302,5.7234701,1,51.0,,
10681183431,50.8438425,5.7253259,1,50.0,,
10681183447,50.8436703,5.7250167,3,50.0,,
10681183450,50.8436991,5.7250105,1,50.0,,
10681183513,50.843427,5.7296596,3,57.0,,
10681183516,50.8433429,5.7306849,3,57.0,,
10681183521,50.8433768,5.7296484,3,57.0,,
10681183528,50.8431596,5.7315663,1,58.0,,
10681183534,50.8431956,5.7318246,3,58.0,,
10681183607,50.843154,5.7299595,1,57.0,,
10681954429,50.8430008,5.719487,4,48.0,,
10681954436,50.8429426,5.7193768,4,48.0,crossing,
10681954444,50.8429206,5.7205314,4,48.0,,
10681954448,50.8429384,5.7200329,4,48.0,,
10681954449,50.8429398,5.7197867,4,48.0,,
10681954469,50.842942,5.7194847,3,48.0,,
10681954485,50.842814,5.7191067,4,48.0,crossing,
10681954488,50.8428748,5.7190786,3,48.0,,
10681954497,50.8426742,5.7191617,3,48.0,,
10681954504,50.8431176,5.7190508,4,48.0,crossing,
10681969659,50.845099,5.7185368,3,52.0,,
10681969660,50.8451207,5.7185391,3,52.0,,
10681969663,50.8450632,5.7187822,4,52.0,,
10681969701,50.8455463,5.7187675,3,52.0,,
10681993313,50.8457161,5.718867,4,52.0,crossing,
10681993314,50.845712,5.7189564,4,52.0,crossing,
10681993315,50.8455456,5.7191503,4,52.0,crossing,
10681993316,50.8454777,5.719156,4,52.0,crossing,
10681993317,50.8453321,5.7189128,4,52.0,crossing,
10681993318,50.8453386,5.7188171,4,52.0,crossing,
10681993319,50.8454736,5.7186042,4,52.0,crossing,
10681993320,50.845536,5.7186028,4,52.0,crossing,
10681993618,50.8451124,5.7187876,4,52.0,,
10681993637,50.8444874,5.718711,3,52.0,,
10682119938,50.8398051,5.7033283,1,50.0,,
10682128472,50.8405092,5.7092744,1,49.0,,
10682147258,50.8414503,5.7043781,3,50.0,crossing,
10686885209,50.8449737,5.6886999,3,52.0,,
10687197384,50.8415098,5.704416,4,50.0,crossing,
10687197390,50.841559,5.7044474,1,50.0,crossing,
10687261332,50.8415878,5.7032733,1,50.0,,
10687261371,50.8400811,5.7035894,1,50.0,,
10687261377,50.8400433,5.7030437,3,50.0,,
10688447003,50.8374259,5.7053942,3,49.0,,
10688522246,50.8374736,5.7044248,4,49.0,,
10688522250,50.8374741,5.7048854,4,49.0,,
10688522261,50.837341,5.7067818,4,49.0,,
10688522268,50.837425,5.7073062,3,49.0,,
10688522272,50.8377044,5.7083406,3,53.0,,
10688532491,50.836592,5.7057678,3,49.0,,
10688537510,50.8383039,5.7035876,4,49.0,,
10688537536,50.8377567,5.709015,1,53.0,,
10688537538,50.8376464,5.7034163,3,49.0,,
10688537545,50.8374623,5.7038228,3,47.0,,
10688537555,50.8374749,5.7045777,3,49.0,,
10688537556,50.8374244,5.7045774,4,49.0,,
10688537558,50.8371687,5.7045824,1,49.0,,
10688537560,50.8374556,5.7034139,4,47.0,,
10688537613,50.8378357,5.7089415,1,53.0,,
10689574693,50.842164,5.6962329,4,53.0,crossing,
10689574700,50.8420447,5.6966971,3,53.0,,
10689578301,50.843674,5.6968436,4,53.0,,
10689581835,50.8417085,5.6971617,3,53.0,,
10689581843,50.8417078,5.6968361,3,53.0,,
10689581844,50.8416033,5.6966826,4,53.0,,
10689581848,50.8426599,5.696731,1,53.0,,
10689581852,50.8423879,5.6966117,1,53.0,,
10689581855,50.842346,5.6968388,3,53.0,,
10689581877,50.8424973,5.6973749,1,53.0,,
10689581878,50.842572,5.6969432,3,53.0,,
10689581881,50.8421719,5.6975787,3,53.0,,
10689581886,50.8424466,5.696883,3,53.0,,
10689581900,50.8420272,5.6976874,1,53.0,,
10689581901,50.8420272,5.6975704,3,53.0,,
10689584458,50.8436803,5.696742,3,53.0,,
10689599858,50.8468991,5.694831,3,51.0,,
10689600701,50.8425177,5.6980041,3,44.0,,
10689600702,50.8424657,5.6980076,3,44.0,,
10689608597,50.8421338,5.6964321,4,53.0,crossing,
10689609269,50.8469571,5.6949848,3,51.0,,
10689610734,50.8452867,5.6967407,1,47.0,,
10689610746,50.8450195,5.69658,3,47.0,,
10689610750,50.8446466,5.6968385,4,47.0,,
10689610814,50.8428388,5.6964389,4,53.0,crossing,
10689610818,50.8427023,5.696422,1,53.0,,
10689610833,50.8420095,5.6959139,3,53.0,,
10689610834,50.8420246,5.6960637,1,53.0,,
10689610845,50.8421876,5.6960823,3,53.0,,
10689610854,50.841637,5.696638,3,53.0,,
10689610856,50.8415544,5.6965077,3,53.0,,
10689610860,50.841423,5.6966052,4,53.0,,
10689610905,50.8421238,5.6964944,3,53.0,,
10689610908,50.8422175,5.6965755,4,53.0,crossing,
10689610913,50.8431062,5.697012,3,53.0,,
10689610916,50.8430714,5.6971433,3,53.0,,
10689610922,50.8427661,5.6968432,4,53.0,crossing,
10689610927,50.8429576,5.6969105,1,53.0,,
10689610941,50.8433537,5.6971917,3,53.0,,
10689611021,50.841907,5.6968047,3,53.0,,
10689611026,50.8420117,5.6969436,3,53.0,,
10689611106,50.8421318,5.6975729,3,53.0,,
10689611220,50.8432723,5.6978239,3,53.0,,
10689611222,50.8434079,5.6978043,1,53.0,,
10689611223,50.8434346,5.6971093,3,53.0,give_way,
10689611225,50.8434171,5.6972038,4,53.0,,
10689611250,50.8433395,5.6974695,3,53.0,,
10689611256,50.8432289,5.6973965,4,53.0,,
10689611260,50.8432015,5.6974661,3,53.0,,
10689611262,50.8425335,5.6979579,3,44.0,,
10689611272,50.8433858,5.6971945,4,53.0,,
10689611278,50.8433871,5.6977027,3,53.0,,
10689611319,50.842738,5.6967665,1,53.0,,
10689611419,50.8414285,5.6959363,3,53.0,,
10689611431,50.8402328,5.6945375,4,51.0,,
10689611469,50.8398751,5.6960613,1,53.0,,
10689611470,50.840058,5.6958968,4,53.0,,
10689611639,50.8415149,5.6965614,5,53.0,,
10692033741,50.8416346,5.703264,4,50.0,crossing,
10692033755,50.8416106,5.7039846,3,50.0,,
10692033756,50.8418539,5.7034612,4,49.0,,
10692033757,50.8421331,5.702233,3,49.0,,
10692033760,50.8421678,5.7030729,1,49.0,,
10692033772,50.8421278,5.7026536,1,49.0,,
10692033775,50.8421398,5.7027799,4,49.0,crossing,
10692033778,50.8421557,5.7029456,4,49.0,crossing,
10692041644,50.8418866,5.6885517,1,50.0,,
10692041645,50.8418817,5.688219,1,50.0,,
10692041684,50.8418901,5.6887258,3,50.0,,
10692041686,50.8419349,5.688728,3,50.0,,
10692041702,50.8422593,5.6930743,3,53.0,,
10692041811,50.8418042,5.7032256,1,49.0,,
10692041816,50.84175,5.7032377,4,49.0,crossing,
10692041963,50.8428958,5.6957792,3,51.0,,
10692041984,50.8425509,5.692211,3,53.0,,
10692041987,50.8420029,5.6893141,3,50.0,,
10692041988,50.8419264,5.6894881,1,50.0,,
10692042318,50.8416649,5.688437,1,53.0,,
10692042319,50.8416593,5.6884537,3,53.0,,
10692042351,50.8417446,5.6890284,4,50.0,crossing,
10692042359,50.8411538,5.6926154,4,51.0,,
10692042370,50.8421709,5.6924157,1,53.0,,
10692042375,50.8421218,5.6924448,4,53.0,,
10692042381,50.8419311,5.6925553,4,53.0,,
10692042384,50.8421188,5.692735,3,53.0,,
10692042411,50.8432716,5.6957479,3,51.0,,
10692042453,50.8424396,5.6952722,3,51.0,,
10692042458,50.8428882,5.6953038,3,51.0,,
10692042542,50.8427582,5.6940638,3,51.0,,
10692042544,50.843645,5.6935952,3,53.0,,
10692042545,50.8435894,5.6933442,3,53.0,,
10692042548,50.8427124,5.69382,3,51.0,,
10692042549,50.8423913,5.692393,3,53.0,,
10692042956,50.8425131,5.6957531,3,51.0,,
10692042957,50.8427084,5.6957219,3,51.0,,
10692712257,50.8455996,5.7185989,3,52.0,,
10692762342,50.8515404,5.7318481,3,54.0,,
10693993082,50.8451759,5.6811296,3,63.0,,
10694015988,50.8466232,5.679556,3,63.0,,
10694015996,50.8438889,5.6779378,4,64.0,,
10694015999,50.8433253,5.6763281,1,65.0,,
10694017016,50.8452245,5.6834331,3,60.0,,
10694017041,50.8451684,5.6811062,1,63.0,,
10694022145,50.8431545,5.6828463,3,54.0,,
10694022185,50.8418702,5.6881744,1,50.0,,
10694031434,50.8439083,5.678751,4,64.0,crossing,
10694031470,50.843874,5.6790684,3,64.0,crossing,
10694031752,50.8426453,5.6848673,3,52.0,,
10694032020,50.8436785,5.6780658,1,61.0,,
10694032050,50.8438599,5.6789619,4,64.0,crossing,
10694032052,50.8439489,5.6789276,4,64.0,,
10694032055,50.844122,5.6788605,4,64.0,crossing,
10694032061,50.8439631,5.6787171,4,64.0,crossing,
10694032067,50.8441071,5.6789653,1,64.0,,
10694032070,50.8444177,5.6786984,4,64.0,,
10694032080,50.8441406,5.6789503,3,64.0,crossing,
10694032082,50.8440628,5.6787093,3,64.0,,
10694032083,50.8440515,5.6786626,3,64.0,,
10694032128,50.8448915,5.6830928,3,60.0,,
10694032534,50.8440384,5.6817744,1,60.0,,
10694032541,50.8442307,5.6815991,3,60.0,,
10694722596,50.8561511,5.6904093,4,50.0,crossing,
10694882611,50.8569423,5.6793338,3,51.0,,
10695120573,50.8425845,5.6736498,1,70.0,,
10695120594,50.8432234,5.6759201,1,65.0,,
10695180067,50.8422003,5.6705137,1,80.0,,
10695206602,50.8432242,5.6760773,3,65.0,crossing,
10695210348,50.8421207,5.6705734,3,80.0,,
10695210352,50.842192,5.6710477,3,75.0,,
10695210385,50.8421625,5.6705425,4,80.0,,
10695210386,50.8420509,5.6703476,3,80.0,,
10695210396,50.8406514,5.6670821,1,83.0,,
10695210401,50.8409716,5.6673818,1,83.0,,
10695219322,50.8433645,5.6758462,1,65.0,,
10695219327,50.8435095,5.6762264,3,65.0,,
10695219332,50.843383,5.6762964,4,65.0,crossing,
10695219350,50.8434454,5.6759779,3,65.0,crossing,
10695219605,50.8433232,5.6760299,4,65.0,,
10695219622,50.8432439,5.6761696,3,65.0,crossing,
10695219632,50.843292,5.675885,4,65.0,crossing,
10695219638,50.8434702,5.676065,4,65.0,crossing,
10695354504,50.8408928,5.6668495,3,83.0,,
10695354583,50.8404664,5.6665624,1,83.0,,
10695360828,50.8404501,5.6667276,1,83.0,,
10695871953,50.8405373,5.6664891,4,83.0,crossing,
10695871960,50.84074,5.6669909,4,83.0,crossing,
10695871970,50.8405765,5.6670472,1,83.0,,
10695871974,50.840523,5.6669121,4,83.0,crossing,
10695871977,50.8404948,5.6668402,4,83.0,crossing,
10695872001,50.840725,5.6664561,1,83.0,,
10695878299,50.834943,5.6525461,3,80.0,crossing,
10695881801,50.8345055,5.6517109,1,81.0,,
10695881803,50.8345159,5.6517006,1,81.0,,
10695888642,50.8340953,5.6498403,1,76.0,,
10695888659,50.8339201,5.6500017,4,81.0,,
10695888661,50.8339752,5.6501339,4,81.0,crossing,
10695888666,50.8340307,5.6503621,3,81.0,,
10695888672,50.8337715,5.6497207,3,76.0,,
10695888691,50.8350596,5.6530917,3,80.0,,
10695888695,50.8349336,5.6528169,3,80.0,,
10695888697,50.8347551,5.6523796,4,80.0,,
10695894486,50.8390604,5.6625917,4,84.0,,
10695894494,50.8389311,5.6623792,1,84.0,,
10695895707,50.8348405,5.6522901,3,80.0,,
10695895805,50.8347511,5.6523212,1,80.0,,
10695895808,50.8346976,5.6520126,3,81.0,,
10695895881,50.838326,5.6610098,3,84.0,,
10695895886,50.8384165,5.6612333,3,84.0,,
10695895887,50.8388019,5.6605782,3,84.0,,
10695895894,50.8389617,5.6623501,3,84.0,,
10695895896,50.838853,5.6621445,1,84.0,,
10695895930,50.8392778,5.6631324,3,84.0,,
10695895934,50.8394834,5.6636424,4,84.0,,
10695895938,50.8399295,5.6647473,4,83.0,,
10695895943,50.8401962,5.6654339,1,83.0,,
10695895951,50.8392317,5.6631789,4,84.0,crossing,
10695895953,50.8393057,5.6633619,3,84.0,,
10695895960,50.8391407,5.6630334,3,84.0,,
10695895981,50.8385391,5.6617151,1,84.0,,
10695896005,50.8407708,5.6665718,4,83.0,crossing,
10695896008,50.8407988,5.6666402,4,83.0,crossing,
10699176325,50.8428246,5.6957678,3,51.0,,
10699176331,50.8428534,5.6953626,4,51.0,,
10699176333,50.8428537,5.6952969,3,51.0,,
10699176339,50.8429848,5.6904652,3,51.0,,
10702076025,50.8535764,5.6617421,3,69.0,,
10702076028,50.8531042,5.6625013,3,70.0,,
10702076029,50.8525981,5.6624922,3,69.0,,
10702076031,50.8522046,5.6628483,3,70.0,,
10702076032,50.8520889,5.6632207,4,70.0,,
10702076034,50.8525399,5.6623377,3,69.0,,
10702114672,50.8415589,5.7273851,1,57.0,,
10702162875,50.8402612,5.7273156,3,57.0,,
10702162897,50.8402136,5.7267374,3,55.0,,
10704411012,50.8419985,5.6699482,1,80.0,,
10708869726,50.8533938,5.67634,1,66.0,,
10708869763,50.8533643,5.6750302,1,66.0,,
10708886508,50.8525581,5.6750872,3,66.0,,
10708886513,50.8525486,5.6750124,3,66.0,,
10708886516,50.8521094,5.6757947,4,66.0,,
10708886520,50.8526489,5.6758339,3,66.0,,
10709211565,50.845237,5.6965722,3,47.0,,
10709351676,50.8536556,5.6916891,3,54.0,,
10709351677,50.8536368,5.692118,3,54.0,,
10712601259,50.8418511,5.6963343,3,53.0,,
10716115572,50.8416369,5.7042326,4,50.0,,
10716115573,50.8420828,5.7030928,1,49.0,,
10721138719,50.8427935,5.6843306,1,52.0,,
10721138723,50.8419862,5.6867241,3,52.0,,
10721250138,50.854216,5.6916408,3,50.0,,
10723169814,50.8448233,5.6787931,3,64.0,,
10723844296,50.8542987,5.6904293,3,50.0,,
10723844298,50.8539601,5.6904138,3,53.0,,
10723844301,50.8539989,5.6904156,3,53.0,,
10725695584,50.8537831,5.6694784,3,68.0,,
10725695585,50.8538473,5.6697621,3,68.0,,
10727652637,50.8538279,5.691347,3,53.0,,
10729832162,50.8462095,5.6846774,3,60.0,,
10729832164,50.8461887,5.6845995,3,60.0,,
10731023186,50.8469531,5.6949031,1,51.0,,
10737405231,50.854184,5.691704,1,49.0,,
10737405232,50.8542063,5.6917024,1,49.0,,
10743565559,50.853851,5.6911569,3,53.0,,
10743585036,50.8542102,5.6915932,3,50.0,,
10743591349,50.8543103,5.6930767,3,49.0,,
10744862811,50.8629901,5.6717577,4,66.0,crossing,
10748352982,50.879389,5.7290478,3,51.0,,
10748352990,50.8802715,5.7282788,4,51.0,,
10748352991,50.8803579,5.7280981,4,51.0,,
10748353001,50.8791849,5.725734,3,55.0,,
10748381133,50.8802085,5.72784,3,51.0,,
10748381146,50.8807139,5.7248254,8,51.0,,
10748381147,50.8803359,5.7255583,3,55.0,,
10748381153,50.8806933,5.725946,3,55.0,,
10748381156,50.8809395,5.7261084,3,55.0,,
10748381158,50.8809551,5.7263632,1,55.0,,
10748381159,50.8809629,5.7262048,3,55.0,,
10748381165,50.8809594,5.7259866,3,55.0,,
10748381168,50.8805737,5.7233589,1,51.0,,
10748381169,50.8815613,5.7247709,1,45.0,,
10748381171,50.8797946,5.7250556,3,55.0,,
10748381172,50.8801753,5.7240784,1,51.0,,
10748381173,50.8810533,5.7241529,1,51.0,,
10748381174,50.8821265,5.7279268,3,46.0,,
10748381175,50.8820365,5.727902,3,46.0,,
10748381181,50.8791649,5.7242142,3,49.0,,
10748381182,50.8810976,5.7266385,3,55.0,,
10748390719,50.878065,5.72525,3,52.0,,
10748390721,50.878472,5.7248481,1,49.0,,
10748390722,50.8781857,5.7249726,3,49.0,,
10748390723,50.878609,5.7255254,1,52.0,,
10748390724,50.8782983,5.7255467,3,52.0,,
10748390725,50.8784292,5.7252905,4,52.0,,
10748390726,50.878516,5.7251279,1,52.0,,
10748390727,50.8784008,5.7256771,3,52.0,,
10748390728,50.8785305,5.7254228,4,52.0,,
10758421865,50.8537185,5.6932805,1,54.0,,
10759005507,50.8629402,5.672218,3,66.0,,
10759005512,50.8628845,5.6719983,3,66.0,,
10759005516,50.8630878,5.6720118,3,66.0,,
10759005517,50.8629334,5.6725533,3,66.0,,
10759005548,50.8630476,5.6717741,4,66.0,crossing,
10759005549,50.863167,5.6706986,4,66.0,crossing,
10760307683,50.8712119,5.7320613,1,51.0,,
10769040620,50.853781,5.6986977,1,47.0,,
10769040637,50.8536448,5.6987961,4,47.0,crossing,
10769040639,50.8536191,5.6989663,3,47.0,crossing,
10771047479,50.8535037,5.6919874,3,54.0,,
10771194931,50.8536009,5.6920104,1,54.0,,
10771194932,50.8536408,5.6920282,3,54.0,,
10771194933,50.8535475,5.6920191,3,54.0,,
10771194934,50.8535826,5.6920225,3,54.0,,
10773485178,50.853539,5.692302,1,54.0,,
10773485179,50.8534607,5.6925334,3,54.0,,
10773518187,50.854861,5.6916877,3,49.0,,
10773528912,50.8534817,5.6925476,3,54.0,,
10773528913,50.8534235,5.693086,3,54.0,,
10773576820,50.8539204,5.6919124,3,54.0,,
10773576821,50.8540104,5.6919412,3,54.0,,
10779521681,50.8502133,5.6716895,3,72.0,,
10779521685,50.8508684,5.6725062,1,72.0,,
10779585655,50.8484367,5.6725204,3,74.0,,
10779585657,50.8486617,5.6725646,3,74.0,,
10779616879,50.8468966,5.6714671,3,73.0,,
10779616880,50.846541,5.6710095,3,73.0,,
10779616881,50.8464279,5.6708586,4,73.0,,
10779616882,50.846495,5.6710969,4,73.0,crossing,
10779616884,50.8468514,5.6715583,4,73.0,,
10779616885,50.8467866,5.6716931,3,73.0,,
10779616902,50.8451524,5.6692045,3,81.0,,
10779616903,50.8451438,5.6691942,3,81.0,,
10779621546,50.8483308,5.6690491,1,74.0,,
10779623974,50.8537719,5.6931042,1,54.0,,
10779641421,50.8453881,5.6666955,4,82.0,,
10779776296,50.8537888,5.6931091,3,54.0,,
10779802201,50.8532642,5.6921895,3,54.0,,
10779807508,50.8530906,5.6924751,3,54.0,,
10779828100,50.8539458,5.6926838,3,54.0,,
10779828101,50.854048,5.6921327,3,54.0,,
10781536327,50.8449636,5.6663046,3,83.0,,
10781536329,50.8451098,5.6665856,4,83.0,,
10781536330,50.845279,5.6667607,4,82.0,,
10781536335,50.8463732,5.6667809,3,80.0,,
10781536345,50.8480522,5.6666874,3,78.0,,
10781536346,50.8481258,5.6672909,1,78.0,,
10781536373,50.8464607,5.6651816,4,82.0,,
10781555447,50.8430164,5.6689938,3,80.0,,
10781555455,50.8438998,5.6702098,3,81.0,,
10781555456,50.8442274,5.6695641,3,81.0,,
10781555457,50.8443303,5.6699472,3,81.0,,
10781555458,50.8446547,5.669265,3,81.0,,
10781555459,50.8447733,5.6697136,3,81.0,,
10781555460,50.8448314,5.668982,3,81.0,,
10781555493,50.8433327,5.6662692,3,83.0,,
10781555494,50.8436808,5.6668796,3,82.0,,
10781604782,50.8462752,5.701599,4,52.0,,
10781838439,50.8657899,5.6975039,1,44.0,,
10781961040,50.8697215,5.697587,1,42.0,,
10784128777,50.8478073,5.6626151,3,82.0,,
10789660245,50.8525622,5.6835611,3,52.0,,
10789660266,50.8521546,5.6840633,3,52.0,,
10790181987,50.8531966,5.6913284,3,53.0,,
10790195050,50.8531107,5.6915403,3,53.0,,
10790195055,50.8528179,5.6914779,1,53.0,,
10790283118,50.8538856,5.6920358,3,54.0,,
10790332542,50.8534424,5.6925292,3,54.0,,
10790337456,50.8534184,5.6927983,3,54.0,,
10790379984,50.854512,5.6912349,3,50.0,,
10790422585,50.8559268,5.6919672,3,49.0,,
10792470381,50.8538722,5.6922172,3,54.0,,
10801341489,50.845615,5.676489,3,67.0,,
10801377887,50.8424903,5.6788483,3,61.0,,
10801377888,50.8423881,5.6794322,3,58.0,,
10801377889,50.8423541,5.67837,3,61.0,,
10801377892,50.8425538,5.6789159,3,61.0,,
10801377893,50.8426368,5.6787513,3,61.0,,
10801377894,50.8427371,5.6788913,3,61.0,,
10801377896,50.8427998,5.6791527,3,61.0,,
10801448859,50.8397792,5.6762487,3,61.0,,
10811630707,50.8447738,5.6610172,4,83.0,,
10811630724,50.8440166,5.6593074,3,83.0,,
10811630727,50.8432851,5.6602672,3,83.0,,
10811630739,50.8449473,5.6563278,3,84.0,,
10811630740,50.8435384,5.6575934,3,82.0,,
10811630741,50.8444735,5.6579467,1,84.0,,
10811630744,50.846138,5.6596386,3,83.0,,
10811630745,50.846079,5.6597609,3,83.0,,
10811630746,50.8462416,5.6602233,3,83.0,,
10811630748,50.8463873,5.660218,3,83.0,,
10811630751,50.8471512,5.6622996,4,82.0,crossing,
10811630757,50.8463806,5.6593886,3,83.0,,
10811630758,50.846262,5.6590399,3,83.0,,
10811630760,50.846493,5.6593854,3,83.0,,
10811630761,50.8466298,5.6598789,3,83.0,,
10811630762,50.8466088,5.6600184,3,83.0,,
10811630763,50.8456655,5.6607578,3,83.0,,
10814084901,50.8474449,5.6620363,3,82.0,,
10814084902,50.8471986,5.6613482,3,82.0,,
10814317779,50.8464425,5.6588731,3,83.0,,
10814317780,50.8460333,5.6577285,4,82.0,,
10814317781,50.8467064,5.658642,3,83.0,,
10814317782,50.8466674,5.6585267,3,83.0,,
10814317783,50.8468757,5.6591077,3,83.0,,
10814317784,50.8471629,5.6589146,4,83.0,crossing,
10814317785,50.8470334,5.6590017,3,83.0,,
10814317786,50.8471214,5.659297,4,83.0,crossing,
10814317787,50.8471636,5.6594274,3,83.0,,
10814317788,50.8471901,5.6594982,3,83.0,,
10814317789,50.8474417,5.6601889,3,83.0,,
10814317790,50.8473132,5.6594099,4,83.0,crossing,
10814317794,50.8478688,5.6588444,3,83.0,,
10814317797,50.8480348,5.6584296,3,81.0,,
10814317801,50.847686,5.6575977,3,82.0,,
10814317802,50.8491876,5.6580327,3,79.0,,
10814317803,50.8492551,5.6585248,3,81.0,,
10814329012,50.8484346,5.6591324,3,81.0,,
10814462216,50.8484202,5.6586343,3,81.0,,
10814478496,50.8465182,5.6557169,3,82.0,,
10814478499,50.846106,5.6550605,3,82.0,,
10814478500,50.8444439,5.6531235,1,82.0,,
10814478501,50.8444939,5.6531956,4,82.0,,
10814512314,50.8445962,5.6548123,3,83.0,,
10816193912,50.8476259,5.662832,3,82.0,,
10816193923,50.8448454,5.6648068,3,83.0,,
10816193924,50.8446068,5.6650226,4,83.0,,
10816193925,50.8445067,5.665116,3,83.0,,
10824030435,50.843295,5.690301,4,51.0,,
10839568297,50.8467219,5.6562655,3,82.0,,
10839576917,50.8454942,5.6568084,3,84.0,,
10839576918,50.8456506,5.656673,3,84.0,,
10840197779,50.8463328,5.692759,1,55.0,,
10845532163,50.8548152,5.6466329,1,88.0,,
10845934571,50.8334338,5.7022123,4,50.0,,
10845934572,50.833458,5.7020329,4,47.0,,
10845934573,50.8334743,5.7019146,1,47.0,,
10845957233,50.8341503,5.7055302,3,48.0,,
10845957240,50.8345251,5.7055241,3,48.0,,
10846252817,50.8358962,5.7068577,3,49.0,,
10852543921,50.8383472,5.7033368,4,49.0,,
10852543922,50.8384133,5.7031556,4,49.0,,
10852543923,50.8384702,5.7029998,1,49.0,,
10852544019,50.8378943,5.7034952,1,49.0,,
10852544021,50.8378965,5.7036356,3,49.0,,
10852544022,50.8382095,5.7040496,3,49.0,,
10856022198,50.8550481,5.686504,3,47.0,,
10856022199,50.8551732,5.6864683,3,47.0,,
10856022201,50.8554754,5.6866089,3,47.0,,
10856022203,50.8550763,5.6861858,3,47.0,,
10856051882,50.8431924,5.6915257,3,51.0,,
10856051883,50.8424692,5.6919002,3,53.0,,
10856105381,50.8572447,5.6826986,3,51.0,,
10860238163,50.8447503,5.714205,1,49.0,,
10862094597,50.8228796,5.7078637,3,49.0,,
10862140636,50.8235653,5.7093226,4,48.0,,
10862140638,50.8239709,5.7096445,3,48.0,,
10862140652,50.8235219,5.7051636,3,49.0,,
10864561402,50.8421315,5.6551267,3,81.0,,
10864561404,50.8424811,5.655404,3,81.0,,
10864579605,50.8424329,5.6559736,3,81.0,,
10864579607,50.8427022,5.6561556,3,81.0,,
10864579612,50.8442856,5.6542134,3,83.0,,
10864580834,50.8486475,5.6730632,3,72.0,,
10864580848,50.8486902,5.6743828,1,72.0,,
10867780306,50.85297,5.653072,3,77.0,,
10867780307,50.8526298,5.6550506,4,75.0,,
10867780310,50.8521477,5.6577005,3,72.0,,
10867780312,50.852032,5.657942,3,75.0,crossing,
10867780313,50.8522704,5.6577457,3,72.0,crossing,
10867780314,50.8523069,5.6569445,4,72.0,,
10867780315,50.8524675,5.6560028,4,75.0,,
10867780316,50.852796,5.6540842,4,77.0,,
10867780317,50.8528212,5.6561356,4,75.0,,
10867780318,50.8529785,5.6551942,4,75.0,,
10867780319,50.8531775,5.6542463,3,75.0,,
10867841311,50.8513841,5.6588946,3,73.0,,
10867841314,50.8520192,5.6591249,3,73.0,,
10867841316,50.8516076,5.6589421,3,73.0,,
10867841319,50.8515289,5.658311,3,75.0,,
10867841332,50.8522357,5.6573627,3,72.0,,
10867919196,50.8653546,5.6588348,4,67.0,crossing,
10867919197,50.8650999,5.6590975,3,67.0,,
10867919198,50.8642754,5.656239,3,70.0,,
10867919202,50.8621916,5.6573103,3,65.0,,
10867919204,50.8615544,5.6579688,4,65.0,,
10867952260,50.8589787,5.6607591,4,69.0,crossing,
10870988082,50.8591168,5.6622028,3,69.0,,
10870988085,50.8596683,5.6631692,3,69.0,,
10872916362,50.8469319,5.6573973,3,82.0,,
10872916363,50.8471673,5.6580728,3,82.0,,
10873296842,50.8506571,5.6938768,3,47.0,,
10873437712,50.8555572,5.6933292,3,49.0,,
10873437714,50.8555962,5.6935135,4,49.0,crossing,
10873437715,50.8556179,5.693598,4,49.0,crossing,
10873437716,50.8556342,5.6936577,1,49.0,,
10877906715,50.8432113,5.6800557,3,58.0,,
10878533218,50.843088,5.693891,4,51.0,,
10881134744,50.8567316,5.6450672,3,73.0,,
10881134745,50.8565703,5.6453134,3,73.0,,
10881134746,50.8561868,5.644983,3,88.0,,
10881134747,50.8566838,5.6451403,3,73.0,,
10881134748,50.856299,5.6448087,3,73.0,,
10881134765,50.8393256,5.6457134,3,81.0,,
10881134767,50.8648174,5.6884078,3,46.0,,
10881134779,50.8651518,5.6875263,3,46.0,,
10881134780,50.86498,5.6873956,3,45.0,,
10889680187,50.8568233,5.7311975,3,53.0,,
10915463298,50.8249533,5.7104183,3,48.0,,
10915523316,50.8257397,5.710346,3,48.0,,
10915523317,50.8258358,5.7103632,3,48.0,,
10915523319,50.8258635,5.7100194,5,48.0,,
10915523324,50.8267197,5.7097981,3,48.0,,
10915621384,50.8599248,5.7100895,1,48.0,,
10915621385,50.8596878,5.7110905,3,47.0,,
10915621386,50.8597969,5.7111665,3,47.0,,
10915621387,50.859404,5.7120668,1,47.0,,
10932080765,50.8464417,5.6902225,3,54.0,,
10932080768,50.8463105,5.6903558,1,54.0,,
10942082820,50.867014,5.7057486,3,47.0,,
10954739493,50.8223881,5.7006427,3,47.0,,
10955709906,50.8238101,5.700403,1,43.0,,
10955709919,50.8227815,5.700725,1,47.0,,
10955709921,50.8225378,5.7007026,1,47.0,,
10955709928,50.8218718,5.7011552,3,47.0,,
10957649465,50.822415,5.6943344,3,65.0,,
10957711715,50.8226742,5.6944559,1,65.0,,
10969126614,50.8481383,5.6719906,1,74.0,,
10990225453,50.8860277,5.704919,1,40.0,,
11007149939,50.8470163,5.6832882,3,63.0,,
11020748632,50.8456538,5.6818138,3,60.0,,
11020748633,50.8466528,5.6825043,3,63.0,,
11027748219,50.8543056,5.6916442,1,50.0,,
11027821786,50.8544004,5.6906429,1,50.0,,
11027821790,50.8547696,5.6917601,1,49.0,,
11027978402,50.8542468,5.6923172,3,49.0,,
11027978403,50.854126,5.6923042,3,54.0,,
11027996066,50.8541552,5.6932134,1,54.0,,
11027996068,50.8542501,5.6922096,3,49.0,,
11027996070,50.8545934,5.6930585,1,49.0,,
11027996071,50.8542041,5.6922034,1,49.0,,
11037510850,50.8606879,5.6477944,3,68.0,,
11037510851,50.8608259,5.6477376,3,68.0,,
11037510858,50.8652148,5.6526644,3,68.0,,
11037510866,50.8624967,5.6522334,3,63.0,,
11037510867,50.862607,5.6520466,3,69.0,,
11037510868,50.8621281,5.6522213,3,63.0,,
11037510869,50.862436,5.651894,3,65.0,,
11037510870,50.8627673,5.6514462,3,69.0,,
11037510871,50.8624042,5.6518177,3,65.0,,
11037510873,50.8627417,5.6537458,3,69.0,,
11037510874,50.8626804,5.6538052,3,69.0,,
11037510875,50.862169,5.6528186,3,63.0,,
11037510876,50.8621067,5.6526451,3,63.0,,
11037510877,50.8620472,5.6520253,3,65.0,,
11037510878,50.8622434,5.6525016,4,63.0,,
11037510881,50.862844,5.6526074,3,69.0,,
11037510884,50.8631269,5.6523233,3,69.0,,
11037510890,50.862892,5.6517505,3,69.0,,
11037510891,50.862532,5.6521246,3,69.0,,
11037510892,50.8623236,5.6516242,3,65.0,,
11043617758,50.8454828,5.6832636,3,60.0,,
11043617760,50.8462099,5.6827879,3,63.0,,
11073299856,50.8529805,5.7122649,3,48.0,,
11073305100,50.8526237,5.711229,1,48.0,,
11073341405,50.8527262,5.7115099,1,48.0,,
11081480886,50.8400823,5.695716,4,51.0,,
11081480889,50.8399029,5.6958509,4,53.0,,
11081480890,50.8399221,5.6956822,4,51.0,,
11081480899,50.8400676,5.6935334,3,51.0,,
11147951872,50.8505503,5.6509746,3,77.0,,
11160656803,50.8454572,5.7169936,3,52.0,,
11160818562,50.8487614,5.7200549,3,51.0,,
11186008895,50.86577,5.6539842,3,68.0,,
11188271906,50.8579255,5.7103896,3,49.0,,
11188271907,50.8583867,5.7104488,1,47.0,,
11199390527,50.8503825,5.6939566,3,47.0,,
11199487549,50.8498143,5.6888468,3,55.0,,
11199487550,50.8496926,5.6888411,4,55.0,,
11199798797,50.8521884,5.6911441,1,53.0,,
11199851438,50.8501431,5.6941437,1,47.0,,
11207110701,50.8283414,5.7104024,3,49.0,,
11208010537,50.8342129,5.6526093,3,80.0,,
11208010540,50.8337157,5.6527367,3,80.0,,
11217319227,50.8465523,5.6793379,3,63.0,,
11251769844,50.8241429,5.7066165,3,47.0,,
11251769846,50.8241942,5.7073433,3,47.0,,
11251769847,50.8236634,5.7074933,1,47.0,,
11251769850,50.8232766,5.7045082,3,49.0,,
11251769851,50.8233707,5.7052436,3,49.0,,
11251769852,50.8234202,5.7056302,3,49.0,,
11251769853,50.8232032,5.7056971,3,49.0,,
11251769854,50.8236796,5.7055519,3,49.0,,
11251769855,50.8238757,5.7060024,3,49.0,,
11251769857,50.8237913,5.7066267,3,47.0,,
11251769858,50.8240431,5.706387,3,47.0,,
11251769864,50.8237121,5.7069723,3,47.0,,
11251769865,50.8236774,5.7067229,3,47.0,,
11251769866,50.8235314,5.7065771,1,47.0,,
11253803490,50.8266913,5.7132552,3,49.0,,
11253803491,50.8260097,5.7133438,3,49.0,,
11253803495,50.8253246,5.7128936,4,49.0,,
11253803499,50.82445,5.7122004,3,48.0,,
11253803504,50.8233446,5.7122723,3,48.0,,
11253803519,50.8212781,5.7109159,3,48.0,,
11253803521,50.8211716,5.7111172,3,48.0,,
11253803522,50.8242103,5.7126119,1,49.0,,
11253803523,50.8311681,5.712721,1,48.0,,
11253803525,50.8302408,5.7123584,4,47.0,,
11253803527,50.8295936,5.7122149,4,47.0,,
11253803533,50.8282909,5.7125662,4,45.0,,
11253813838,50.8274699,5.7133265,5,45.0,,
11253813844,50.8266893,5.7138099,4,49.0,,
11253813848,50.8252251,5.7131927,4,49.0,,
11253813852,50.824216,5.7125528,4,49.0,,
11254980080,50.8199977,5.7061601,3,48.0,,
11254980081,50.8198921,5.7056914,1,48.0,,
11254980082,50.8198403,5.7061852,3,48.0,,
11254980083,50.8197425,5.7057716,1,48.0,,
11254980085,50.8227704,5.7068917,4,49.0,,
11254980086,50.8226924,5.7069119,3,49.0,,
11254980087,50.8228502,5.7068711,3,49.0,,
11254980088,50.8232267,5.7073362,3,47.0,,
11254980090,50.8227759,5.70623,3,50.0,,
11254980092,50.8225205,5.707644,4,49.0,,
11254980093,50.8225388,5.7081674,3,49.0,,
11254980096,50.8224341,5.7068044,3,49.0,,
11254980098,50.8228509,5.7076195,3,49.0,,
11254980099,50.8229804,5.7073381,3,47.0,,
11254980100,50.8231135,5.7074839,3,47.0,,
11254980101,50.8227975,5.7071377,3,49.0,,
11257392636,50.8437366,5.7027053,1,49.0,,
11257409737,50.8437726,5.7030845,3,52.0,,
11257409738,50.8439681,5.7037369,3,52.0,,
11257409739,50.8439943,5.704033,3,52.0,,
11257409741,50.8436687,5.7038357,3,49.0,,
11257409742,50.8443339,5.7049688,3,49.0,,
11257409745,50.8439402,5.7046911,3,49.0,,
11257409752,50.8437954,5.70462,3,49.0,,
11257409756,50.8436354,5.7046985,3,48.0,,
11262122642,50.8645043,5.6467173,3,72.0,,
11262122717,50.8658999,5.6494951,3,64.0,,
11262122718,50.8660403,5.6491608,3,64.0,,
11262122739,50.8645583,5.6468738,3,72.0,,
11262122740,50.8648796,5.6475582,3,64.0,,
11264479546,50.8330463,5.6700081,1,54.0,,
11264479548,50.8330692,5.6697348,3,54.0,,
11264925483,50.8644645,5.6563325,4,67.0,crossing,
11264925484,50.8653138,5.6583916,4,67.0,crossing,
11264925488,50.8659028,5.6599112,3,67.0,,
11265085466,50.861936,5.6868308,3,48.0,,
11267412810,50.871374,5.6835548,3,40.0,,
11267412811,50.8715723,5.6834346,3,40.0,,
11267412813,50.8715426,5.6841735,3,40.0,,
11267412814,50.871232,5.6831694,3,43.0,,
11267412820,50.8717372,5.6834946,3,40.0,,
11267412821,50.8716086,5.6835835,3,40.0,,
11267412822,50.8714753,5.683037,3,43.0,,
11267412823,50.8716308,5.682948,3,43.0,,
11267412824,50.8718163,5.6839007,3,40.0,,
11267412825,50.8716967,5.6839791,3,40.0,,
11267412830,50.871877,5.6828071,3,43.0,,
11267412831,50.8709272,5.6833509,3,40.0,,
11267412832,50.8719802,5.682748,1,43.0,,
11267662982,50.861572,5.6897099,3,50.0,,
11267662985,50.8611626,5.6899455,4,50.0,,
11267662986,50.8608261,5.6901572,3,50.0,,
11267662987,50.8615868,5.6896956,3,50.0,,
11267662990,50.8624538,5.6892941,3,51.0,,
11267662994,50.8616098,5.6897803,4,50.0,,
11267662995,50.8613316,5.6901476,3,50.0,,
11267662997,50.8619014,5.6905962,3,50.0,,
11267662999,50.8617221,5.6899515,3,50.0,,
11267663008,50.8625183,5.6896865,3,47.0,,
11267663010,50.8625488,5.6880266,3,49.0,,
11267663011,50.8631951,5.687524,1,49.0,,
11267663012,50.8632361,5.6876667,3,49.0,,
11267674903,50.8620307,5.6940374,1,45.0,,
11267674906,50.8616439,5.6940944,3,45.0,,
11267674915,50.8620892,5.6956137,1,45.0,,
11267674916,50.8615277,5.6955129,3,45.0,,
11289423799,50.8658623,5.7379371,3,53.0,,
11289423801,50.864831,5.738086,3,53.0,,
11289423802,50.8649748,5.7380404,3,53.0,,
11289423805,50.8657894,5.7379257,4,53.0,,
11289423809,50.8665288,5.7380393,4,53.0,,
11289423810,50.8667056,5.7380877,4,51.0,,
11289423814,50.8674032,5.7382356,4,51.0,,
11289423819,50.8681998,5.7380651,3,51.0,,
11289423820,50.868049,5.7398193,3,54.0,,
11289423822,50.868207,5.7379544,3,51.0,,
11289423824,50.8698942,5.7352335,3,50.0,,
11289423829,50.8691579,5.7355056,4,49.0,,
11289423830,50.8691689,5.7352005,3,50.0,,
11289423831,50.869196,5.7355036,3,49.0,,
11289423832,50.8684822,5.7355446,3,54.0,,
11289435559,50.8569665,5.7384262,1,56.0,,
11289435560,50.8569488,5.7387825,1,56.0,,
11289497549,50.8328108,5.7156685,4,51.0,,
11289540250,50.8316041,5.7087562,1,49.0,,
11289542780,50.8345274,5.7133259,4,53.0,,
11289542782,50.8345192,5.7130366,4,53.0,,
11289558750,50.8259279,5.7112211,3,46.0,,
11294882477,50.8415499,5.6581648,3,80.0,crossing,
11294926186,50.8398056,5.6552819,3,79.0,,
11296115799,50.824474,5.6966515,3,45.0,,
11296115800,50.8244936,5.6961667,1,45.0,,
11296115802,50.8244742,5.6965417,3,45.0,,
11296115805,50.823257,5.6967708,1,45.0,,
11296115813,50.8206594,5.6960801,1,51.0,,
11296115816,50.818446,5.6955385,3,49.0,,
11296115821,50.8170119,5.695001,3,49.0,,
11297486700,50.8523421,5.665495,3,67.0,,
11297517021,50.851986,5.6712799,3,72.0,crossing,
11297517029,50.8517845,5.6710927,3,72.0,crossing,
11297517031,50.8517527,5.6711573,3,72.0,crossing,
11297517046,50.8519351,5.6714831,3,72.0,,
11297538764,50.8552451,5.6864452,3,47.0,,
11297538765,50.8553213,5.6864203,1,47.0,,
11297540173,50.8510445,5.6692054,1,72.0,,
11313496414,50.8317909,5.6550455,3,76.0,,
11313496419,50.8315021,5.6552617,3,76.0,,
11313496421,50.8316893,5.6551668,3,76.0,,
11313496424,50.8315774,5.6552103,3,76.0,,
11313496427,50.8316399,5.6553822,3,76.0,,
11313496428,50.8315566,5.6553255,3,76.0,,
11313496429,50.8314197,5.6556338,3,76.0,,
11313496430,50.8314405,5.6556574,3,76.0,,
11313496431,50.8312993,5.6559854,3,76.0,,
11313496432,50.8312287,5.6562927,3,71.0,,
11327704019,50.8642845,5.6557515,3,70.0,,
11327704022,50.8636808,5.65638,3,67.0,,
11327704023,50.8638411,5.6567638,3,67.0,,
11327704026,50.866514,5.6555519,3,69.0,,
11327704027,50.8659108,5.6561824,4,69.0,,
11327704028,50.8654636,5.6566469,3,68.0,,
11327704031,50.865824,5.6539263,3,68.0,,
11327704032,50.8655326,5.6532298,3,68.0,,
11327704033,50.8661167,5.6536213,3,68.0,,
11327704034,50.866095,5.6535696,3,68.0,,
11327704035,50.8662212,5.6534393,3,68.0,,
11327704036,50.8664151,5.6543338,3,69.0,,
11327704037,50.8658261,5.6529273,3,68.0,,
11331074289,50.828594,5.6719805,1,55.0,,
11332699043,50.8730435,5.7113037,1,48.0,,
11332699044,50.8735473,5.711823,3,48.0,,
11333582947,50.8612408,5.6596092,3,64.0,,
11333582948,50.8617263,5.6607905,3,64.0,,
11333582949,50.8616076,5.6605106,3,64.0,,
11333582950,50.8617987,5.6603116,3,64.0,,
11333582951,50.8614334,5.6594082,3,64.0,,
11333582952,50.8620534,5.6600471,4,64.0,,
11333582953,50.8623101,5.6597777,3,64.0,,
11333582954,50.861934,5.658889,3,64.0,,
11333582955,50.8625499,5.6595327,4,62.0,,
11333582956,50.8627992,5.6592698,3,62.0,,
11333582957,50.862418,5.658376,3,64.0,,
11333582958,50.8630433,5.6590247,4,62.0,,
11333582959,50.8635858,5.6584596,3,62.0,,
11333582960,50.8632938,5.6587576,3,62.0,,
11333582961,50.8629215,5.6578585,3,67.0,,
11333582962,50.8639509,5.6584682,3,62.0,,
11333582963,50.8634226,5.6571942,3,67.0,,
11333582964,50.8643745,5.6580183,3,67.0,,
11333582965,50.8638527,5.6567519,3,67.0,,
11333582966,50.8650115,5.6537637,4,68.0,,
11333582967,50.8650424,5.653835,3,68.0,,
11333599172,50.865295,5.654425,3,69.0,,
11333599173,50.8652527,5.6543193,3,69.0,,
11333599175,50.8653087,5.653461,3,68.0,,
11333599176,50.8650171,5.6527572,3,68.0,,
11348175898,50.8618994,5.6538188,3,63.0,,
11348175899,50.8616772,5.6532827,3,63.0,,
11348175902,50.8621582,5.6499502,3,67.0,,
11348175903,50.862558,5.6495554,3,71.0,,
11348175904,50.8625125,5.6494383,3,71.0,,
11348175905,50.8629623,5.6490059,3,71.0,,
11348175906,50.8634641,5.6499729,3,71.0,,
11348175907,50.8632213,5.6493687,3,71.0,,
11348175908,50.8631401,5.6523554,3,69.0,,
11348175909,50.8635455,5.6519303,3,69.0,,
11348175910,50.8629594,5.6519149,3,69.0,,
11348175911,50.8633639,5.6514955,3,69.0,,
11348175912,50.8647233,5.6540677,3,68.0,,
11348175913,50.8644319,5.6533732,3,69.0,,
11348175914,50.8647235,5.6530663,3,68.0,,
11348175915,50.864772,5.6549758,3,69.0,,
11348175916,50.8644945,5.6543094,3,70.0,,
11348175917,50.8654566,5.6553095,3,69.0,,
11348175918,50.8651483,5.6545777,3,69.0,,
11348175919,50.8657468,5.6550073,3,69.0,,
11348175920,50.865442,5.654278,3,69.0,,
11348175921,50.8634907,5.651799,3,69.0,,
11348175922,50.8639329,5.6513498,3,69.0,,
11348175923,50.863322,5.6513951,3,69.0,,
11348175924,50.8637635,5.6509454,3,69.0,,
11348175925,50.8638858,5.6512373,3,69.0,,
11348175926,50.8643297,5.6507769,3,69.0,,
11348175927,50.8636948,5.6507813,3,69.0,,
11348175928,50.8642753,5.6506486,3,69.0,,
11348175929,50.8646753,5.6502396,3,67.0,,
11348175930,50.8641455,5.6503367,4,69.0,crossing,
11348175931,50.8645401,5.6499183,3,71.0,,
11348175932,50.8650572,5.651147,3,67.0,,
11348175933,50.8642298,5.6491812,3,71.0,,
11356757489,50.87989,5.6731244,3,51.0,,
11356757493,50.8794268,5.6730973,3,51.0,,
11372949747,50.8584113,5.6561074,4,63.0,,
11372949764,50.8601639,5.6520346,3,62.0,,
11372949765,50.8602025,5.652132,1,64.0,,
11372949766,50.8600093,5.6516581,3,62.0,,
11372983786,50.8599175,5.6504897,3,62.0,,
11372983787,50.8592297,5.6511907,3,62.0,,
11372983791,50.8591785,5.6510657,3,62.0,,
11372983793,50.8586282,5.650373,3,62.0,,
11372983795,50.8595613,5.6493971,3,63.0,,
11372983796,50.8597001,5.6492532,3,63.0,,
11381385173,50.8855932,5.7184269,1,46.0,,
11381385176,50.8856724,5.7187038,3,46.0,,
11381385177,50.8850769,5.7183585,1,48.0,,
11381385179,50.8852554,5.718999,3,47.0,,
11381394103,50.8764212,5.7156224,1,46.0,,
11381394106,50.8762952,5.7160059,3,46.0,,
11381394107,50.8765048,5.7156628,1,46.0,,
11381400415,50.877354,5.7164484,1,46.0,,
11381400418,50.8772515,5.7167583,3,45.0,,
11407019863,50.8207347,5.7077891,3,48.0,,
11407040694,50.8191744,5.7067732,3,48.0,,
11407040741,50.8210038,5.7075169,3,49.0,,
11407040742,50.8211022,5.7074319,3,49.0,,
11407040745,50.8214893,5.7070867,3,49.0,,
11407040746,50.8215099,5.706811,4,49.0,,
11407067369,50.8199802,5.7084358,3,48.0,,
11407067373,50.8205327,5.7077406,3,48.0,,
11407067374,50.8199817,5.7076683,3,48.0,,
11407067375,50.8204307,5.7082932,3,48.0,,
11407067376,50.8206724,5.7085915,3,48.0,,
11407067377,50.8207325,5.7086419,4,48.0,,
11407067378,50.8211447,5.7080963,3,49.0,,
11407067470,50.8210204,5.7079193,4,49.0,,
11407067479,50.8202611,5.7083452,4,48.0,,
11407067482,50.8204129,5.7077099,4,48.0,,
11407067484,50.8205821,5.7074401,3,48.0,,
11407067485,50.8207477,5.7089862,3,48.0,,
11407067489,50.8201949,5.707695,4,48.0,,
11408010320,50.8199547,5.7110872,1,48.0,,
11410453813,50.8561453,5.7100734,3,49.0,,
11410453818,50.8564465,5.7102646,3,49.0,,
11410453819,50.8568948,5.7103623,1,49.0,,
11410453820,50.8563679,5.7107077,1,48.0,,
11410453821,50.8566389,5.7103065,3,49.0,,
11410453822,50.8564952,5.7109191,1,48.0,,
11422704408,50.8327928,5.7148125,4,51.0,,
11422704427,50.8337077,5.7132724,1,53.0,,
11422704428,50.833896,5.713334,1,53.0,,
11422704429,50.8338967,5.7132788,3,53.0,,
11422704430,50.8339319,5.71328,3,53.0,,
11422704434,50.8341102,5.7129149,1,53.0,,
11422704439,50.833984,5.7132818,1,53.0,,
11422704445,50.8327972,5.7144546,3,51.0,crossing,
11422704449,50.8329958,5.7143647,1,51.0,,
11422704450,50.8334296,5.7132963,3,53.0,,
11422704451,50.8329563,5.7132876,3,51.0,,
11422704460,50.8329675,5.7129033,1,51.0,,
11426908528,50.838892,5.6487051,3,79.0,,
11428471764,50.8489192,5.6835635,3,63.0,,
11428471765,50.8489105,5.6844106,1,63.0,,
11428650428,50.8483002,5.6846772,1,63.0,,
11429320270,50.8590543,5.7377212,3,57.0,,
11431558537,50.8502047,5.7227724,1,46.0,,
11431774235,50.8485985,5.6537449,3,80.0,,
11431774240,50.8475257,5.6540453,3,84.0,,
11431774241,50.8523653,5.6593189,1,69.0,,
11431774243,50.8525825,5.6582069,3,72.0,,
11431774244,50.8633595,5.6631247,1,62.0,,
11431774249,50.8629782,5.6629423,3,62.0,,
11434994741,50.8545096,5.6914771,1,50.0,,
11434994743,50.8545066,5.6915538,1,50.0,,
11468817828,50.8408618,5.6731105,3,67.0,,
11468817837,50.8422399,5.6749978,4,70.0,,
11468817839,50.8424563,5.6754115,3,65.0,,
11468817841,50.8429608,5.6760722,3,65.0,,
11476114804,50.853964,5.7112663,1,48.0,,
11476114806,50.8549731,5.7112909,3,49.0,,
11478384357,50.8559619,5.716162,4,47.0,crossing,
11478384358,50.8560883,5.7163196,3,47.0,,
11478384360,50.855729,5.7160868,4,47.0,crossing,
11478384361,50.8556584,5.7161427,4,47.0,crossing,
11478384362,50.8555987,5.716189,1,47.0,,
11478384363,50.8556609,5.7163832,1,47.0,,
11478384364,50.8555755,5.7166187,3,47.0,,
11478384368,50.8557955,5.7167899,1,48.0,,
11478443371,50.8552114,5.7165966,3,47.0,,
11478827156,50.8575317,5.7109593,3,48.0,,
11478827160,50.85714,5.7107357,1,48.0,,
11478842591,50.8582602,5.710982,3,48.0,,
11478842597,50.8579216,5.7112164,1,48.0,,
11482621439,50.8651036,5.6680713,3,64.0,,
11482787881,50.8139967,5.7101816,4,47.0,,
11483005814,50.8223018,5.7125748,4,48.0,,
11483005820,50.8206659,5.7106157,4,48.0,,
11483005825,50.8191023,5.7098993,4,48.0,,
11483005827,50.8175217,5.7093769,4,48.0,,
11483005830,50.8168918,5.7092751,4,48.0,,
11483051224,50.8658599,5.6927299,3,44.0,,
11483101358,50.8657333,5.7123212,3,46.0,,
11483101363,50.8664085,5.7120865,3,46.0,,
11483101364,50.8656132,5.7113624,1,46.0,,
11483101365,50.8661185,5.7113141,3,46.0,,
11483101366,50.8659741,5.7116927,4,46.0,,
11483101367,50.8658448,5.7120298,4,46.0,,
11483101368,50.866243,5.7124078,3,46.0,,
11483109170,50.8653663,5.7115713,1,46.0,,
11483109171,50.8654103,5.711615,4,46.0,,
11483109175,50.8644707,5.7107111,4,46.0,,
11483109185,50.8646146,5.7110189,3,46.0,,
11483109187,50.8645436,5.7112145,3,46.0,,
11483109188,50.8641175,5.710704,3,46.0,,
11483109196,50.8652617,5.711605,3,46.0,,
11488243680,50.8687213,5.6874722,1,43.0,,
11497012784,50.8318458,5.7077135,4,48.0,crossing,
11508158072,50.8464891,5.6821466,3,63.0,,
11524456797,50.8667377,5.7114522,3,47.0,,
11524456801,50.8662464,5.7109814,3,46.0,,
11524456804,50.8664696,5.710403,4,47.0,,
11524456805,50.8670081,5.7109403,3,47.0,,
11524456806,50.8662304,5.710966,3,46.0,,
11524456807,50.8661003,5.7112966,3,46.0,,
11525048601,50.8523877,5.7075881,3,48.0,,
11525048602,50.8525439,5.708412,3,48.0,,
11528420253,50.8512424,5.6625834,4,73.0,crossing,
11528420254,50.8513472,5.6629839,4,73.0,crossing,
11528420255,50.8515905,5.6627972,4,73.0,crossing,
11528420256,50.8515521,5.6629057,4,73.0,crossing,
11528465178,50.8590603,5.6653449,3,68.0,crossing,
11530643060,50.8838158,5.7235503,3,45.0,,
11530643063,50.8833969,5.7240966,3,45.0,,
11530643064,50.8835353,5.7236772,3,45.0,,
11530643065,50.8832409,5.7231336,1,45.0,,
11530742442,50.8417988,5.662097,3,83.0,,
11530742443,50.8420768,5.6618169,3,83.0,,
11530742444,50.8418537,5.6612664,3,83.0,,
11530742445,50.8419658,5.661149,4,83.0,,
11530742446,50.8424902,5.6606247,3,83.0,,
11530742447,50.8412291,5.6606828,1,84.0,,
11540051350,50.8556921,5.6658476,4,69.0,crossing,
11540051351,50.8553461,5.6658761,4,69.0,crossing,
11540051352,50.855314,5.665979,4,69.0,crossing,
11540051353,50.8556267,5.6664535,4,69.0,crossing,
11540051354,50.8556785,5.6664159,4,69.0,crossing,
11540051355,50.8562057,5.6713513,4,66.0,crossing,
11540051356,50.8561442,5.6713485,4,66.0,crossing,
11540051359,50.8561651,5.6719084,4,66.0,crossing,
11540051360,50.8562188,5.6719071,4,66.0,crossing,
11540051364,50.860643,5.674291,4,70.0,,
11540051365,50.860984,5.6761432,3,66.0,,
11540051367,50.860694,5.6765934,4,66.0,,
11540313212,50.8541338,5.6837493,4,52.0,crossing,
11540313213,50.8540777,5.6838521,4,52.0,crossing,
11540347384,50.854256,5.6836222,1,48.0,,
11542779502,50.8634672,5.6936029,3,48.0,,
11542779503,50.8631065,5.6924329,4,48.0,,
11542779504,50.862912,5.6922268,3,48.0,,
11542779510,50.8642471,5.6935022,3,48.0,,
11542779514,50.8646491,5.6921441,3,44.0,,
11542900435,50.8455558,5.6828613,1,60.0,,
11542900436,50.8455702,5.6829058,4,60.0,,
11542900437,50.8456529,5.6831603,3,60.0,,
11542900438,50.8454996,5.682901,1,60.0,,
11542900439,50.8455152,5.6829522,4,60.0,,
11542900441,50.8455834,5.6829461,3,60.0,,
11543540603,50.8639312,5.6467812,1,72.0,,
11543540604,50.8641177,5.647239,3,72.0,,
11543557094,50.8634253,5.645236,3,73.0,,
11543557095,50.8632659,5.6447603,1,73.0,,
11543561489,50.86858,5.6576323,1,68.0,,
11543562774,50.8665749,5.6552172,1,69.0,,
11543562776,50.8669477,5.6550452,3,69.0,,
11543582037,50.8625104,5.6639001,3,62.0,,
11543582056,50.8627949,5.6650946,3,63.0,,
11543582057,50.8627965,5.664894,1,63.0,,
11543582058,50.8627956,5.6650057,3,63.0,,
11543582059,50.8626448,5.6650084,1,63.0,,
11543582060,50.8623658,5.665253,3,66.0,,
11543622871,50.8623054,5.6638661,4,64.0,,
11543622872,50.8622919,5.6644594,1,64.0,,
11543622873,50.8622035,5.6644596,3,64.0,,
11543622879,50.8626651,5.6636459,3,62.0,,
11543622880,50.8627277,5.6636341,4,62.0,,
11543622882,50.8627037,5.6637221,1,62.0,,
11543622883,50.8627235,5.6633583,3,62.0,,
11543622889,50.8629828,5.6644607,3,62.0,,
11543622894,50.8629015,5.6652536,3,63.0,,
11543622900,50.8622601,5.6637639,4,64.0,,
11543622905,50.863022,5.6630494,4,62.0,,
11543622908,50.8636247,5.6624152,3,61.0,,
11543622911,50.8641952,5.6634772,4,62.0,,
11543622931,50.8628509,5.6666299,4,63.0,,
11543622944,50.8631552,5.6698189,4,66.0,,
11543622946,50.8630313,5.6706472,4,66.0,,
11543622949,50.8626963,5.6705421,3,66.0,,
11543622952,50.8625076,5.6695573,4,66.0,,
11543622954,50.8624248,5.6691057,3,69.0,,
11543622964,50.8632686,5.6644021,3,62.0,,
11543622966,50.8633796,5.664567,4,62.0,,
11543622975,50.864082,5.6632681,4,62.0,,
11543622976,50.8634409,5.6642825,3,62.0,,
11543622985,50.8633344,5.6638538,1,62.0,,
11543622986,50.8628865,5.6641736,3,62.0,,
11543622996,50.8614476,5.6642513,3,64.0,,
11552529590,50.8427874,5.6874266,3,52.0,,
11552529591,50.8425443,5.6872982,3,52.0,,
11564715881,50.8486044,5.7208618,3,52.0,,
11564715888,50.8474545,5.7187231,3,49.0,crossing,
11564715889,50.8476407,5.7187232,3,49.0,crossing,
11569132543,50.8462656,5.7036435,1,51.0,,
11569132545,50.8460844,5.7043053,3,52.0,,
11573689129,50.8317002,5.7085408,1,49.0,,
11573689154,50.8322647,5.7082243,1,48.0,,
11581833688,50.8306875,5.724303,1,62.0,,
11581833706,50.8314226,5.7234528,3,61.0,,
11581839604,50.8273365,5.7130296,3,45.0,,
11581839615,50.8260039,5.7136648,4,49.0,,
11581839616,50.8259999,5.7137652,3,49.0,,
11585597069,50.8326696,5.7101904,3,49.0,,
11591247034,50.8394258,5.7029768,4,49.0,crossing,
11591247035,50.8394379,5.7031441,4,49.0,crossing,
11591247037,50.8394555,5.7033882,3,49.0,,
11591247038,50.839602,5.7033634,4,50.0,crossing,
11591247039,50.8396767,5.7033505,4,50.0,crossing,
11598412772,50.861085,5.7253963,1,49.0,,
11598412774,50.8615431,5.7252628,1,49.0,,
11598638119,50.869229,5.7125531,1,48.0,,
11598638120,50.869331,5.7118544,1,46.0,,
11598638121,50.8694123,5.7121551,3,46.0,,
11598686614,50.8569017,5.6747487,1,64.0,,
11598686617,50.8563016,5.6741647,1,64.0,,
11598686618,50.8567551,5.6744549,1,64.0,,
11598686619,50.8569033,5.674695,3,64.0,,
11598686620,50.8568691,5.6739529,3,64.0,,
11598686621,50.8567417,5.6740868,3,64.0,,
11598686622,50.857129,5.675432,1,64.0,,
11598686629,50.8577085,5.6750785,3,64.0,,
11598686641,50.8571875,5.6754231,3,64.0,,
11598686643,50.857208,5.6756309,1,64.0,,
11598918365,50.8382494,5.7140284,3,52.0,,
11598918367,50.8379237,5.7138659,3,52.0,,
11599004423,50.8444002,5.7133888,1,49.0,,
11599004426,50.8443965,5.7143244,3,49.0,,
11599004427,50.8439177,5.7142346,3,49.0,,
11599004430,50.8443756,5.714321,3,49.0,,
11599020172,50.8382065,5.7134795,3,52.0,,
11599020173,50.838252,5.7138764,3,52.0,,
11599020175,50.8379284,5.7136517,3,52.0,,
11599854743,50.837855,5.7067998,3,50.0,,
11599854746,50.8375332,5.7062189,1,51.0,,
11599863128,50.8372421,5.7119232,3,48.0,,
11599863129,50.8373469,5.7119273,3,48.0,,
11599863131,50.8375159,5.7102918,3,53.0,,
11599863133,50.838638,5.7093728,1,53.0,,
11599863134,50.8382962,5.709356,3,53.0,,
11599876212,50.8384434,5.7068263,3,50.0,,
11599876213,50.83844,5.707378,1,50.0,,
11599876214,50.8384405,5.7072968,3,50.0,,
11599876217,50.8386206,5.7071587,1,50.0,,
11599876219,50.8384401,5.7073582,3,50.0,,
11599876222,50.8386738,5.707161,1,50.0,,
11599880406,50.8373548,5.7061377,3,49.0,,
11599880409,50.8371968,5.705371,1,49.0,,
11599880413,50.8367466,5.7066393,1,49.0,,
11599880414,50.8370417,5.7059068,3,49.0,,
11599880418,50.8368902,5.7059149,3,49.0,,
11602256870,50.8643205,5.6627554,3,62.0,,
11602256871,50.8634383,5.664681,4,63.0,crossing,
11602256873,50.8647568,5.662726,4,61.0,,
11602305579,50.856401,5.6655018,3,69.0,,
11602305580,50.856082,5.6660663,1,69.0,,
11602305581,50.856506,5.6656508,3,69.0,,
11602305582,50.8564199,5.6658067,1,69.0,,
11602305583,50.856715,5.6659517,3,69.0,,
11602305586,50.8566488,5.6664526,3,69.0,,
11602305587,50.8568229,5.6661425,3,69.0,,
11602305588,50.856821,5.6660638,3,69.0,,
11602305590,50.8566833,5.6666676,4,70.0,,
11602305591,50.8567908,5.6675701,4,70.0,,
11602305594,50.8568408,5.6678226,4,70.0,,
11602305596,50.8569587,5.6664885,4,69.0,,
11603049476,50.8529368,5.6653755,3,67.0,,
11603049480,50.852588,5.6652294,1,67.0,,
11603049481,50.8524829,5.665751,3,67.0,,
11603049482,50.8527551,5.6653652,3,67.0,,
11603049483,50.8524176,5.6642972,3,70.0,,
11603049493,50.8524971,5.664062,3,70.0,,
11603049494,50.85284,5.6643421,1,70.0,,
11603049539,50.8533544,5.6726518,3,69.0,,
11603049540,50.8534069,5.6732755,3,68.0,,
11603049541,50.8533589,5.6727057,3,69.0,,
11603049543,50.853402,5.6732174,3,68.0,,
11603049544,50.8531692,5.6730127,4,68.0,,
11603049545,50.8530248,5.6728903,3,69.0,,
11603049546,50.853018,5.672839,3,69.0,,
11603049547,50.8530642,5.6731833,3,68.0,,
11603049548,50.8530702,5.6732278,3,68.0,,
11603049551,50.8544303,5.6740963,3,67.0,,
11603049553,50.8544391,5.6726789,1,66.0,,
11603049554,50.8544511,5.6731648,3,67.0,,
11603049555,50.8542264,5.6730684,1,67.0,,
11603177151,50.8586596,5.6759175,1,61.0,,
11603221804,50.8457526,5.6842757,1,60.0,,
11603221805,50.8458488,5.6846336,1,60.0,,
11603221806,50.8458279,5.6845556,3,60.0,,
11603221807,50.846128,5.6843718,3,60.0,,
11603227213,50.8464495,5.6858736,1,58.0,,
11603227214,50.8466168,5.68565,3,58.0,,
11603234417,50.854116,5.6828751,1,53.0,,
11603234421,50.8547002,5.6823206,3,51.0,,
11603234423,50.8544796,5.6823006,3,51.0,,
11603234424,50.8543573,5.6826815,1,51.0,,
11603234425,50.8542774,5.6826193,3,51.0,,
11603241407,50.8475365,5.688804,1,56.0,,
11603241412,50.8467535,5.6891603,3,56.0,,
11603241414,50.8474346,5.688966,3,56.0,,
11603241415,50.8473849,5.6887356,3,56.0,,
11603241416,50.8474735,5.6886897,1,56.0,,
11603241417,50.8470538,5.6889078,1,56.0,,
11603245700,50.8499806,5.6710938,3,74.0,,
11603245704,50.8508625,5.6699504,1,72.0,,
11603246376,50.8561423,5.6800589,3,56.0,,
11603246377,50.8559848,5.6797488,3,56.0,,
11603258590,50.8634254,5.6715329,1,66.0,,
11603258591,50.8632753,5.6713079,3,66.0,,
11603295490,50.8533199,5.6743346,1,68.0,,
11603295493,50.8532734,5.6740391,3,68.0,,
11603302450,50.8577839,5.7149073,1,49.0,,
11603302893,50.8671507,5.6890096,1,45.0,,
11603302899,50.8684937,5.6874608,1,43.0,,
11603302925,50.8536996,5.7033468,1,47.0,,
11603315251,50.8599573,5.6705107,3,72.0,,
11603315252,50.8603305,5.6702586,3,72.0,,
11603315253,50.8601845,5.6705538,3,72.0,,
11603315254,50.8601385,5.6703883,3,72.0,,
11603315255,50.8601693,5.6703675,3,72.0,,
11603315258,50.8599643,5.6697999,3,72.0,,
11603315636,50.8504916,5.709159,3,51.0,,
11603315646,50.850528,5.7096693,3,51.0,,
11603319775,50.8549638,5.6939416,3,49.0,,
11603319779,50.8548617,5.6947196,1,49.0,,
11603319780,50.8547503,5.6942144,1,49.0,,
11603319781,50.8549459,5.6942185,3,49.0,,
11603326382,50.8473791,5.7048074,3,52.0,,
11603326385,50.8471145,5.7046794,1,52.0,,
11603327290,50.8567388,5.7082211,1,51.0,,
11603327297,50.856564,5.7090725,3,49.0,,
11603330342,50.851336,5.7106639,3,48.0,,
11603330350,50.8512718,5.7091339,1,51.0,,
11603330351,50.8512235,5.7102322,3,51.0,,
11603330354,50.8517026,5.7101378,1,51.0,,
11603330878,50.8505902,5.7037023,1,52.0,,
11603330881,50.8505966,5.7043751,3,47.0,,
11603337965,50.8489659,5.7046086,1,52.0,,
11603337968,50.8487613,5.7047723,3,52.0,,
11603337970,50.851339,5.7066091,3,49.0,,
11603337973,50.8518228,5.7063173,1,49.0,,
11607291030,50.8541906,5.6895715,3,50.0,,
11609838857,50.8605863,5.6704017,3,69.0,,
11609838862,50.8625434,5.6706556,3,66.0,,
11609861203,50.8626116,5.6705353,3,66.0,,
11609861204,50.8623891,5.6708629,3,70.0,,
11609882998,50.8632467,5.6707186,4,66.0,,
11609882999,50.8636099,5.670815,3,66.0,,
11609883003,50.8630135,5.6707604,4,66.0,,
11609883004,50.8629941,5.6708796,3,66.0,,
11609883007,50.8627698,5.6727132,3,66.0,,
11609883008,50.8628786,5.6717259,3,66.0,,
11609883009,50.8631465,5.6718022,3,66.0,,
11609883011,50.8631846,5.6713991,4,66.0,,
11609883012,50.863237,5.6708257,4,66.0,,
11609883013,50.8633175,5.6699096,3,66.0,,
11609886847,50.862303,5.668481,3,67.0,,
11610073552,50.8588178,5.6604537,3,69.0,,
11610073555,50.8583695,5.6610214,3,69.0,,
11610073556,50.8585431,5.6613542,4,69.0,crossing,
11610073558,50.8586942,5.6616485,3,69.0,,
11610073559,50.85801,5.662547,3,71.0,,
11610073564,50.8649044,5.6573989,3,68.0,,
11610073565,50.8648046,5.6575032,3,68.0,,
11610073566,50.8654268,5.6587532,3,67.0,,
11610073567,50.8651403,5.6622091,3,63.0,,
11610073568,50.865319,5.6619602,3,63.0,,
11610120575,50.8651968,5.6623142,4,63.0,crossing,
11610120577,50.865491,5.6627735,3,61.0,,
11610120578,50.8648973,5.6609524,3,63.0,,
11610120579,50.8651639,5.6615894,3,63.0,,
11610120580,50.865105,5.6616544,3,63.0,,
11613302633,50.8434028,5.7215391,1,48.0,,
11613302648,50.8433331,5.7190316,3,48.0,,
11613302651,50.8433334,5.7192672,3,48.0,,
11613302654,50.8433337,5.7195236,3,48.0,,
11613302655,50.843499,5.7195289,3,48.0,,
11613302657,50.8433339,5.7197436,3,48.0,,
11613382670,50.8419997,5.7205804,1,48.0,,
11615120036,50.8118888,5.7139079,3,49.0,,
11615120040,50.8131091,5.713273,3,48.0,,
11615120045,50.813117,5.7129182,3,48.0,,
11615120047,50.8130878,5.7158298,3,49.0,,
11615120049,50.813043,5.7161015,3,49.0,,
11615120051,50.8141634,5.7159391,3,49.0,,
11615120057,50.813442,5.712852,3,48.0,,
11615120060,50.8140859,5.7162171,3,49.0,,
11615120062,50.813102,5.714264,3,48.0,,
11615120063,50.8123399,5.7147973,1,50.0,,
11615120064,50.8125557,5.7146463,3,49.0,,
11615120065,50.8125404,5.7158433,3,49.0,,
11615120067,50.812737,5.7158695,1,49.0,,
11615120068,50.8125803,5.7158695,3,49.0,,
11615147874,50.8156102,5.7179047,3,51.0,,
11615147879,50.8147441,5.7178953,1,51.0,,
11615148339,50.8156099,5.7179212,3,51.0,,
11615148344,50.8159621,5.7174285,3,51.0,,
11615656569,50.8125735,5.716087,3,49.0,,
11615656572,50.8122823,5.7156247,1,50.0,,
11615656573,50.8128567,5.7151021,1,49.0,,
11615656574,50.8128412,5.7160953,3,49.0,,
11618352115,50.8620199,5.6544447,3,61.0,,
11618352116,50.8622405,5.6549834,3,61.0,,
11618461356,50.8627244,5.6544696,3,70.0,,
11618461357,50.8631327,5.6550327,3,70.0,,
11622487461,50.8316592,5.7211156,1,58.0,,
11626602590,50.8583294,5.6574165,3,73.0,,
11626602600,50.8586895,5.6564242,3,64.0,,
11630236389,50.835227,5.7276201,3,62.0,,
11630378224,50.8601646,5.7255288,3,48.0,,
11630378225,50.8605117,5.7252942,1,49.0,,
11630378226,50.8602224,5.7250311,1,48.0,,
11630378227,50.8603273,5.7254188,3,48.0,,
11630378228,50.8603533,5.724952,1,47.0,,
11630378229,50.8604544,5.7253329,3,49.0,,
11630378647,50.8314761,5.7080216,1,48.0,,
11630378648,50.8312646,5.7080612,3,48.0,,
11630379767,50.8311489,5.7125643,4,48.0,crossing,
11630379768,50.8311713,5.7124301,4,47.0,crossing,
11630380553,50.8293339,5.7029341,3,48.0,,
11630380558,50.8297689,5.7013415,4,48.0,,
11630380561,50.8300736,5.7005146,1,48.0,,
11630380562,50.8300889,5.7007374,1,48.0,,
11630380563,50.8297311,5.7008103,3,48.0,,
11630387705,50.831778,5.6993073,1,47.0,,
11630394156,50.8320443,5.7251718,3,61.0,,
11630394159,50.8322932,5.7255282,1,61.0,,
11630394164,50.8394374,5.7194157,1,49.0,,
11630394165,50.8393223,5.7201464,3,49.0,,
11630394166,50.8406371,5.7206894,1,48.0,,
11630397500,50.8329217,5.719782,3,50.0,,
11630397537,50.8301955,5.700756,1,48.0,,
11630404811,50.8332791,5.7115789,3,49.0,,
11630404815,50.8326184,5.7124467,3,49.0,,
11630404816,50.8332837,5.7113428,3,49.0,,
11630412264,50.838177,5.6510366,3,80.0,,
11630412266,50.8386577,5.6508426,1,80.0,,
11630412267,50.8386145,5.650956,3,80.0,,
11630420386,50.8423285,5.7323788,3,58.0,,
11630420389,50.8426462,5.7328317,1,58.0,,
11630423328,50.8218809,5.6995193,1,47.0,,
11630426321,50.840939,5.6870777,3,52.0,,
11630426323,50.8411907,5.6872688,1,52.0,,
11630426324,50.8410268,5.6868965,3,52.0,,
11630426325,50.8412733,5.6870144,1,52.0,,
11630426326,50.8402503,5.686728,1,52.0,,
11630426328,50.8406102,5.6870821,3,52.0,,
11630426329,50.8403224,5.6865224,1,52.0,,
11630426330,50.8405819,5.6868235,3,52.0,,
11630426331,50.8404172,5.6863458,1,52.0,,
11630426332,50.8406361,5.6866008,3,52.0,,
11630426337,50.8404983,5.6861618,1,52.0,,
11630426338,50.8405872,5.6859907,1,52.0,,
11630426339,50.8408813,5.6863257,3,52.0,,
11630426342,50.8415911,5.6863,1,52.0,,
11630426343,50.841471,5.6861857,1,52.0,,
11630426344,50.8412511,5.6866487,3,52.0,,
11630426345,50.8413476,5.6860787,1,52.0,,
11630426346,50.84114,5.6865284,3,52.0,,
11630426347,50.8411282,5.6863233,1,52.0,,
11630426348,50.8406979,5.6858272,1,52.0,,
11630426349,50.8412186,5.6861148,1,52.0,,
11630426350,50.8407941,5.685662,1,52.0,,
11630426351,50.8408343,5.6862701,3,52.0,,
11630426352,50.8409226,5.6860865,3,52.0,,
11630426353,50.8409366,5.6861027,3,52.0,,
11630426354,50.8410267,5.6859113,3,52.0,,
11630426355,50.8417251,5.6862271,1,52.0,,
11630426356,50.8409067,5.6855282,1,52.0,,
11630426357,50.8410957,5.6856897,3,52.0,,
11630426359,50.8410136,5.6858973,3,52.0,,
11630426362,50.841711,5.6863982,1,52.0,,
11630436390,50.8634031,5.709352,1,46.0,,
11630436391,50.8638531,5.7073061,1,46.0,,
11630436393,50.8637553,5.7074993,3,46.0,,
11630436394,50.8635978,5.7072947,3,46.0,,
11630436396,50.8631682,5.7072245,1,46.0,,
11630441202,50.8222195,5.706174,1,50.0,,
11630441203,50.8221604,5.7067882,3,49.0,,
11630441237,50.8470688,5.6516633,1,81.0,,
11630441239,50.8470877,5.6513414,3,81.0,,
11630442982,50.8454791,5.6460201,3,84.0,,
11630442984,50.8458512,5.6452043,1,88.0,,
11630451607,50.846859,5.6634639,3,82.0,,
11630451612,50.8471836,5.6629905,1,82.0,,
11630451613,50.8470222,5.6631322,3,82.0,,
11630459770,50.8851625,5.718666,3,48.0,,
11630459771,50.8847968,5.7189223,1,47.0,,
11630459772,50.8850329,5.7187568,3,47.0,,
11630459776,50.8847485,5.7170485,1,48.0,,
11630459777,50.8847357,5.7177261,3,48.0,,
11630459782,50.8848012,5.719323,3,47.0,,
11630462970,50.8385454,5.6511374,3,80.0,,
11659092160,50.8290884,5.7016389,3,45.0,,
11660575726,50.8579727,5.6902371,4,51.0,,
11660575730,50.8566219,5.6900384,4,51.0,crossing,
11660575733,50.8561132,5.6901914,4,50.0,,
11660575735,50.8560608,5.6903552,4,50.0,crossing,
11663659243,50.8445482,5.6787406,3,64.0,,
11663659256,50.8447129,5.6784083,3,64.0,,
11663811173,50.8405616,5.6876026,3,53.0,,
11666254607,50.8559738,5.6903043,1,50.0,,
11666269902,50.8544109,5.6894089,1,50.0,,
11666269907,50.8547995,5.6886252,3,50.0,,
11666269908,50.8547927,5.688726,1,50.0,,
11666269909,50.8543476,5.6886234,1,50.0,,
11672611748,50.8375827,5.694799,3,52.0,,
11676701300,50.8464065,5.7035968,3,51.0,,
11676701303,50.846191,5.7041571,3,51.0,,
11676701304,50.8462368,5.703433,3,51.0,,
11676701306,50.8460212,5.7039932,3,51.0,,
11676701307,50.8460979,5.7040673,4,51.0,,
11676701308,50.8462028,5.704248,3,52.0,,
11676701309,50.8459959,5.7039992,1,51.0,,
11676701311,50.8465505,5.7032355,1,51.0,,
11676701314,50.8463793,5.7030447,1,51.0,,
11676701319,50.8459408,5.7033988,1,51.0,,
11676701322,50.8465959,5.7040579,3,51.0,,
11684540130,50.8638262,5.6653957,3,63.0,,
11684567558,50.863129,5.6633109,3,62.0,,
11684567559,50.8631482,5.6627637,3,62.0,,
11684567560,50.8631901,5.6628738,4,62.0,,
11684567561,50.8632175,5.6629424,3,62.0,,
11684588025,50.8471369,5.6797526,1,63.0,,
11684588028,50.8472043,5.6791492,1,68.0,,
11684588029,50.8472912,5.6794256,1,63.0,,
11687480290,50.8627218,5.7117041,3,46.0,,
11687480323,50.8646289,5.7319742,1,53.0,,
11687637859,50.8756566,5.7324651,1,50.0,,
11687689601,50.87269,5.7186484,3,50.0,,
11687689602,50.8726442,5.7187431,4,50.0,,
11687689605,50.8725224,5.7190328,3,48.0,,
11693580998,50.8601242,5.6894131,4,50.0,crossing,
11693581001,50.8611028,5.6886987,4,51.0,crossing,
11693581009,50.8600671,5.6891861,1,50.0,,
11693581010,50.8601561,5.6895399,1,50.0,,
11693714253,50.8613454,5.6901715,3,50.0,,
11693714254,50.8610488,5.6905714,3,50.0,,
11693803618,50.8603025,5.6894678,3,50.0,,
11693803628,50.861018,5.6891032,3,51.0,,
11697448126,50.8462554,5.6813383,3,63.0,,
11697754427,50.8350709,5.6566756,3,71.0,,
11697754435,50.8350044,5.6562015,1,76.0,,
11710803314,50.8190676,5.7115301,3,48.0,,
11710803316,50.8192626,5.7115314,4,48.0,,
11710803317,50.8190609,5.7118972,3,48.0,,
11710803318,50.8192041,5.7119039,3,48.0,,
11710803323,50.8192746,5.7121829,1,48.0,,
11710803324,50.8192772,5.711994,1,48.0,,
11710803325,50.8192024,5.7119914,3,48.0,,
11755804267,50.8713593,5.6805325,3,50.0,,
11755923785,50.8713124,5.6802629,3,50.0,,
11755923788,50.8714152,5.6803298,3,50.0,,
11757879807,50.8297554,5.7128371,3,48.0,,
11757879808,50.8297583,5.7123955,1,47.0,,
11757879809,50.8299074,5.7123949,1,47.0,,
11757879810,50.8298982,5.7129987,3,48.0,,
11764433017,50.8558377,5.7117688,3,49.0,,
11764433018,50.8567185,5.7121088,3,48.0,,
11764433030,50.854972,5.7100393,3,49.0,,
11764433031,50.8542396,5.7100425,1,49.0,,
11764433032,50.8549728,5.7099663,3,49.0,,
11764433039,50.8561426,5.7100864,3,49.0,,
11764433041,50.8527089,5.7093973,3,48.0,,
11764433043,50.8526994,5.7101927,1,48.0,,
11764447399,50.8531167,5.71005,3,48.0,,
11764447402,50.8533646,5.7100457,1,48.0,,
11764447403,50.8527936,5.7100533,1,48.0,,
11765688553,50.8537632,5.7105368,3,48.0,,
11765688554,50.8537645,5.7100563,3,48.0,,
11765688555,50.8540477,5.7100574,1,48.0,,
11765688556,50.8535261,5.7100574,1,48.0,,
11769489176,50.862747,5.656457,3,67.0,,
11769489177,50.8621135,5.6571174,3,65.0,,
11769489178,50.8614714,5.6577784,3,65.0,,
11769489179,50.8606106,5.6586878,3,64.0,,
11771121619,50.8292257,5.702956,3,48.0,,
11771121620,50.8291492,5.7022914,3,48.0,,
11772183360,50.8571083,5.6678884,3,70.0,,
11772183363,50.8569521,5.6675273,3,70.0,,
11772183364,50.8570459,5.6677363,4,70.0,,
11772183367,50.8566631,5.6681717,3,70.0,,
11772195370,50.856599,5.6678874,4,70.0,,
11772195372,50.8565281,5.6676478,3,70.0,,
11772195374,50.8564788,5.6679791,4,70.0,,
11772195377,50.8571136,5.6676403,4,70.0,,
11772195380,50.856851,5.6680521,3,70.0,,
11778841285,50.8512144,5.7009551,1,50.0,,
11778863016,50.8468619,5.7179714,1,49.0,,
11808066583,50.8682749,5.6761913,3,50.0,,
11808081501,50.8650714,5.6722082,3,66.0,,
11808081527,50.8680954,5.672384,3,63.0,,
11808081528,50.8678001,5.6723821,3,63.0,,
11808081533,50.8671037,5.6723263,3,63.0,,
11808114294,50.8631741,5.6720293,4,66.0,crossing,
11808114297,50.8631742,5.6721133,4,66.0,crossing,
11808114298,50.8629953,5.6722319,3,66.0,,
11808114307,50.8627442,5.6720818,3,66.0,,
11808114308,50.8627453,5.67201,3,66.0,,
11808114309,50.8628054,5.6720901,4,66.0,crossing,
11808114311,50.8626726,5.6720397,3,66.0,,
11808114313,50.8628075,5.6720034,4,66.0,crossing,
11808114314,50.8631726,5.6721873,1,66.0,crossing,
11808131812,50.8383474,5.6611447,4,84.0,crossing,
11813516309,50.8616046,5.6809285,3,46.0,,
11813516310,50.8614588,5.6809599,3,46.0,,
11813589330,50.8748737,5.7187199,3,46.0,,
11813589334,50.8745716,5.7178579,3,46.0,,
11822697808,50.8652174,5.6721799,4,66.0,,
11822697809,50.8652162,5.6722594,4,66.0,,
11822697810,50.8652156,5.672303,1,66.0,,
11822697811,50.8652181,5.6721319,1,66.0,,
11830953311,50.8710893,5.7369708,1,53.0,,
11831018640,50.8766945,5.7335786,1,50.0,,
11831018645,50.8759608,5.7334114,3,50.0,,
11837250794,50.8566702,5.6807073,3,51.0,,
11837250796,50.8564191,5.6819456,3,51.0,,
11871893958,50.8234993,5.6649906,3,73.0,,
11877070328,50.8528565,5.6977964,1,45.0,,
11878375501,50.858516,5.7002883,1,48.0,,
11959695200,50.8525728,5.7079084,1,48.0,,
11959695201,50.8524605,5.7079594,3,48.0,,
11968666371,50.8137873,5.6803309,3,99.0,,
11968666372,50.8131295,5.6806064,3,99.0,,
11968725431,50.8464443,5.6927121,3,55.0,,
11968834570,50.8559815,5.6830785,3,51.0,,
11969001504,50.8526682,5.6759841,1,66.0,,
11969108436,50.8337665,5.674786,1,54.0,,
11969108438,50.8337778,5.6751318,3,52.0,,
11969157238,50.8290847,5.6657332,1,75.0,,
11969157239,50.829033,5.6658106,3,75.0,,
11969157240,50.8290245,5.6651956,1,75.0,,
11981286401,50.8621442,5.6586681,3,64.0,,
11981286404,50.8617852,5.6578736,3,65.0,,
11981286405,50.8607363,5.6589683,3,64.0,,
11981286408,50.8615942,5.6580706,3,65.0,,
11981286412,50.8628679,5.6567366,3,67.0,,
11990886212,50.8403534,5.6799633,3,50.0,,
11990886228,50.8419434,5.6829217,3,54.0,,
12002776008,50.8588851,5.7177494,1,48.0,,
12042470049,50.8798967,5.6664683,1,56.0,,
12042470068,50.8795481,5.665437,3,56.0,,
12042502700,50.8751783,5.6550294,3,59.0,,
12042502703,50.8739935,5.6533026,1,58.0,,
12045471795,50.8736436,5.7200563,1,45.0,,
12057822289,50.856666,5.6994473,1,45.0,,
12077553838,50.8291023,5.7015514,3,45.0,,
12077553840,50.8282249,5.7019729,3,45.0,,
12077553841,50.8291142,5.7016267,3,45.0,,
12077553853,50.8112316,5.7091551,3,47.0,,
12077553859,50.8111629,5.7112619,1,48.0,,
12077553860,50.8112285,5.7093191,4,47.0,,
12116923556,50.8504535,5.6424976,1,85.0,,
12116923578,50.8497049,5.6416289,3,86.0,,
12116923588,50.8481536,5.6430817,1,88.0,,
12116925749,50.8497447,5.6459967,3,83.0,,
12116925750,50.8497934,5.645998,4,83.0,,
12116925751,50.8498366,5.6459668,4,83.0,,
12116925760,50.850024,5.6458015,1,85.0,,
12116925766,50.8500488,5.646887,3,83.0,,
12116925773,50.8497742,5.6447566,3,85.0,,
12116925777,50.8498888,5.6441604,1,85.0,,
12116925779,50.8496946,5.6444856,1,85.0,,
12116925780,50.851529,5.6461606,1,83.0,,
12116933903,50.8494508,5.6452323,1,85.0,,
12116933908,50.8478537,5.6479771,3,82.0,,
12116933923,50.8479971,5.6509872,1,78.0,,
12116933934,50.8501157,5.6506717,3,77.0,,
12116933935,50.8500983,5.6505493,1,77.0,,
12116933936,50.8499851,5.6507217,3,78.0,,
12116933937,50.8500021,5.6508299,1,77.0,,
12116933938,50.8495435,5.6509139,1,78.0,,
12116933939,50.849528,5.6508067,3,78.0,,
12116933944,50.8502536,5.6510751,3,77.0,,
12116933945,50.8503007,5.6513923,1,77.0,,
12116933946,50.8502387,5.650941,1,77.0,,
12133795586,50.8493992,5.6683271,3,78.0,,
12133795587,50.8498669,5.6676982,1,78.0,,
12133827160,50.8475587,5.6687474,3,80.0,,
12135910079,50.8475561,5.6681954,3,80.0,,
12135910095,50.8478298,5.6677706,3,80.0,,
12135910108,50.8488019,5.6677889,1,78.0,,
12135910114,50.848072,5.6684593,1,78.0,,
12135910161,50.8475485,5.668433,3,80.0,,
12135910164,50.8477854,5.6687958,1,78.0,,
12140247691,50.8164537,5.7256123,3,55.0,,
12141857145,50.8468071,5.6696297,3,78.0,,
12141857158,50.8472599,5.6707437,1,78.0,,
12141857159,50.8468919,5.6699489,3,78.0,,
12141857160,50.8470094,5.670346,1,78.0,,
12170270594,50.8393291,5.7026265,3,49.0,,
12170358311,50.8379476,5.7003875,1,46.0,,
12170358493,50.8372259,5.701623,3,45.0,,
12170358499,50.8371649,5.7015502,1,45.0,,
12189660510,50.8668802,5.7184916,4,44.0,,
12189660511,50.8665625,5.7191004,3,46.0,,
12189660513,50.8669639,5.7186424,4,44.0,,
12196605228,50.8546322,5.6849056,4,48.0,crossing,
12196605239,50.853908,5.68697,3,50.0,,
12196605240,50.8540109,5.6865686,3,50.0,,
12196605241,50.8540396,5.6864599,3,50.0,,
12196605246,50.8542358,5.6857421,3,47.0,,
12201483096,50.8497448,5.6875496,3,55.0,,
12201483098,50.8496873,5.6889947,3,55.0,,
12201483099,50.8484362,5.6889464,3,55.0,,
12201483100,50.848762,5.6889609,4,55.0,,
12201498702,50.8485544,5.6878737,3,55.0,,
12201498704,50.8487714,5.6881908,4,55.0,,
12206766641,50.8536562,5.6987186,1,47.0,,
12208616548,50.8457396,5.7022466,1,52.0,,
12208810387,50.8411889,5.7191326,3,48.0,,
12234724208,50.8453359,5.6668173,3,82.0,,
12258022613,50.8474655,5.6931273,3,55.0,,
12258022614,50.8471192,5.6931843,3,55.0,,
12296377151,50.8483996,5.7129365,3,51.0,,
12300334097,50.8498049,5.667914,1,78.0,,
12300334098,50.8499455,5.6681836,3,78.0,,
12300334100,50.8496991,5.6681527,1,78.0,,
12312180906,50.8473584,5.7123275,3,52.0,,
12312180908,50.8469563,5.7134433,1,49.0,,
12312180912,50.8469238,5.7136472,1,49.0,,
12312180913,50.8465761,5.7141278,3,49.0,,
12312236479,50.8421192,5.7228529,3,48.0,,
12320507319,50.8532222,5.7032314,4,47.0,,
12320507324,50.8531974,5.7028669,4,47.0,,
12320507337,50.8532022,5.7033163,3,47.0,,
12343766678,50.8378833,5.7088483,4,53.0,crossing,
12343766679,50.8378416,5.7088698,4,53.0,crossing,
12344053362,50.8566736,5.6549167,4,69.0,crossing,
12367530796,50.8228139,5.7045234,4,50.0,,
12367530797,50.8228294,5.704248,3,50.0,,
12378672121,50.8438001,5.7056692,3,49.0,,
12378672123,50.843928,5.7062391,3,49.0,,
12379244762,50.8454518,5.6745283,4,69.0,crossing,
12379344092,50.841569,5.6582297,3,80.0,,
12396679827,50.851823,5.6985558,3,52.0,,
12396679831,50.851961,5.6982596,3,52.0,,
12396679832,50.8517534,5.6989444,3,52.0,,
12396679849,50.8522099,5.69736,3,45.0,,
12400655096,50.8611252,5.6658939,3,66.0,,
12400655097,50.8616635,5.6655848,4,66.0,,
12400681801,50.8614464,5.6641134,3,64.0,,
12401869680,50.8380608,5.654119,3,77.0,,
12401869681,50.837923,5.6539922,1,77.0,,
12401869682,50.8383065,5.6534707,3,77.0,,
12401869683,50.8381798,5.6533484,1,77.0,,
12404511592,50.8427392,5.675804,3,65.0,,
12404584734,50.8422537,5.6770313,1,65.0,,
12404584741,50.8424078,5.6766377,1,65.0,,
12404584744,50.8421805,5.6771069,3,61.0,,
12404584745,50.8424121,5.6765672,3,65.0,,
12404584750,50.8427995,5.6765428,3,65.0,,
12404584752,50.8426553,5.6767427,3,65.0,,
12409157789,50.846032,5.6517883,3,81.0,,
12430454251,50.8464707,5.6523839,3,84.0,,
12430454256,50.8470246,5.6527228,1,84.0,,
12438632183,50.8687919,5.7105408,1,46.0,,
12438632184,50.8686879,5.7103985,3,47.0,,
12438646404,50.8703843,5.7226823,3,47.0,,
12438688625,50.8558825,5.6844908,3,48.0,,
12438688626,50.8555621,5.6840148,4,48.0,,
12438688627,50.8555238,5.6851032,4,48.0,,
12438688628,50.8556146,5.6849527,4,48.0,,
12438688629,50.8557029,5.6847992,4,48.0,,
12438688631,50.8554805,5.6852561,3,48.0,,
12438688634,50.8557934,5.6846454,4,48.0,,
12450106244,50.8693832,5.7001857,1,43.0,,
12450106254,50.858768,5.6985449,1,46.0,,
12471085043,50.8434543,5.7278635,3,52.0,,
12473130597,50.8559541,5.6887561,3,50.0,crossing,
12481042071,50.8612283,5.7003572,4,49.0,crossing,
12481042072,50.8612321,5.7004775,4,49.0,crossing,
12481042073,50.8622055,5.7033347,4,49.0,crossing,
12481042074,50.8623624,5.703468,4,49.0,crossing,
12481042076,50.8673364,5.7044299,4,47.0,crossing,
12481042087,50.8372414,5.7034052,4,47.0,crossing,
12481042088,50.8372503,5.7032188,4,47.0,crossing,
12504121677,50.8653357,5.6604947,3,63.0,,
12504121678,50.8655967,5.6611289,1,63.0,,
12532261770,50.9026158,5.7001195,1,42.0,,
12532261773,50.9023624,5.7005267,4,42.0,,
12533599069,50.8229446,5.6644266,3,101.0,,
12533599071,50.8230172,5.6652233,3,73.0,,
12535880276,50.9069057,5.7130604,3,39.0,,
12535880278,50.9073997,5.7145666,3,39.0,,
12535880285,50.9035237,5.711173,3,40.0,,
12535880297,50.902655,5.7009956,3,42.0,,
12535880299,50.90255,5.7008776,3,42.0,,
12546172261,50.8366676,5.6619481,3,78.0,,
12570798238,50.8511699,5.7008653,3,50.0,,
12598537565,50.8454908,5.6749518,3,69.0,,
12598537569,50.8456026,5.6750859,3,67.0,,
12598537572,50.8456859,5.6749944,1,69.0,,
12598537575,50.8459766,5.67632,3,68.0,,
12598537576,50.8454257,5.675044,3,67.0,,
12598537578,50.8451495,5.6747732,3,69.0,,
12598537579,50.845486,5.6752779,3,67.0,,
12598537582,50.8456303,5.675317,3,67.0,,
12598537584,50.8453375,5.6756133,3,67.0,,
12600998147,50.8517654,5.6982746,3,52.0,,
12600998148,50.8517865,5.698148,3,52.0,,
12612787767,50.8464652,5.6817376,3,63.0,,
12645250599,50.8562654,5.6856097,3,47.0,,
12645322079,50.8559777,5.6870819,1,47.0,,
12645322083,50.8561128,5.6871694,1,47.0,,
12647537610,50.8437541,5.7037706,3,52.0,,
12647537612,50.843756,5.7030889,3,52.0,,
12647537613,50.8437743,5.7032897,3,52.0,,
12647537617,50.8439713,5.7037728,3,52.0,,
12647537618,50.8439106,5.7037865,3,52.0,,
12648231923,50.8713931,5.7064411,1,45.0,,
12648231925,50.8711468,5.706043,3,46.0,,
12648231926,50.8714884,5.7062536,3,45.0,,
12648231930,50.8713974,5.7067893,3,45.0,,
12649200295,50.829225,5.723541,3,62.0,,
12649200300,50.8291118,5.722368,3,63.0,,
12649385001,50.8292421,5.7223488,3,62.0,,
12649385004,50.8288335,5.7223655,1,63.0,,
12649753580,50.84699,5.7019906,3,52.0,,
12649753586,50.8466612,5.7022731,3,51.0,,
12649753598,50.8469701,5.7025553,3,51.0,,
12649779302,50.8471524,5.7025714,1,51.0,,
12649779303,50.8469444,5.7020949,3,51.0,,
12653319244,50.8432359,5.6905504,1,51.0,,
12653319245,50.8432081,5.6908773,3,51.0,,
12658343340,50.821971,5.7140138,3,48.0,,
12658343345,50.8222716,5.7150393,1,48.0,,
12658343346,50.8218189,5.7139993,3,48.0,,
12658343348,50.8218211,5.7146311,1,48.0,,
12658352788,50.8700508,5.7059739,3,47.0,,
12658352795,50.8693083,5.7055157,3,47.0,,
12658352796,50.8693916,5.7051626,3,47.0,,
12658352797,50.8701459,5.7056328,3,47.0,,
12658352798,50.8694426,5.7049464,3,47.0,,
12658352799,50.8702056,5.7054188,3,47.0,,
12658352800,50.8702642,5.7052085,3,47.0,,
12658367601,50.869493,5.7047325,3,47.0,,
12666796470,50.8666559,5.7356268,3,53.0,,
12666796471,50.8668438,5.7356492,3,54.0,,
12666796472,50.8682279,5.7399569,1,54.0,,
12666796475,50.8682569,5.7380268,3,51.0,,
12666796476,50.8684069,5.7379599,4,51.0,,
12666796479,50.8690578,5.7378257,4,51.0,,
12666796483,50.8697793,5.7381084,4,51.0,,
12666796486,50.870496,5.7384066,3,51.0,,
12696818015,50.8545331,5.7068956,1,48.0,,
12698464145,50.8439194,5.7357663,1,59.0,,
12716835999,50.8540189,5.6827064,3,53.0,,
12716958259,50.8560066,5.6834534,3,48.0,,
12716958276,50.8561213,5.682928,3,51.0,,
12732983740,50.8558931,5.6662671,3,69.0,,
12732983741,50.855742,5.6663191,3,69.0,,
12762057012,50.8795088,5.7174474,3,48.0,,
12762057016,50.880049,5.7180789,3,48.0,,
12762057017,50.8794577,5.7176068,3,48.0,,
12762057018,50.8795987,5.7171669,3,48.0,,
12762057019,50.8802644,5.717687,3,48.0,,
12771537733,50.8211584,5.7099729,3,49.0,,
12771537734,50.821277,5.7100135,3,49.0,,
12771564920,50.8204087,5.7061538,3,48.0,,
12771564921,50.8204447,5.7063872,3,48.0,,
12771579112,50.8458156,5.6904994,3,50.0,,
12776899393,50.8451332,5.694873,3,50.0,,
12776899398,50.8448984,5.6949044,3,50.0,,
12776899400,50.8448447,5.6948136,3,50.0,,
12782428383,50.839404,5.7026196,3,49.0,,
12787193052,50.8427185,5.6855917,3,52.0,,
12787193054,50.842674,5.6857906,3,52.0,,
12787193055,50.8425623,5.6855044,3,52.0,,
12787193057,50.8425177,5.6857031,3,52.0,,
12787193058,50.8423334,5.6865235,3,52.0,,
12787193060,50.8424902,5.6866112,3,52.0,,
12787193062,50.8425352,5.6864103,3,52.0,,
12787193063,50.8423785,5.6863226,3,52.0,,
12787193064,50.8423484,5.6859583,3,52.0,,
12787193065,50.8424399,5.6860086,4,52.0,,
12787193067,50.8426171,5.686107,4,52.0,,
12787193071,50.8426012,5.6857499,3,52.0,,
12787193072,50.8425666,5.6859022,4,52.0,,
12787193073,50.8425309,5.686059,4,52.0,,
12787193074,50.842495,5.6862173,4,52.0,,
12787193075,50.8424606,5.6863686,3,52.0,,
12787193076,50.8426523,5.6859493,3,52.0,,
12787193077,50.8424753,5.6858501,3,52.0,,
12787193078,50.8425816,5.6862658,3,52.0,,
12787193079,50.8424047,5.6861666,3,52.0,,
12787193080,50.8422938,5.685885,3,52.0,,
12787193083,50.842278,5.6859549,3,52.0,,
12787651583,50.8363877,5.7145919,3,56.0,,
12797466124,50.8383548,5.6668187,3,83.0,,
12797513176,50.832747,5.6536986,3,78.0,,
12797513178,50.8330765,5.6540113,3,78.0,,
12797513181,50.833142,5.6541888,3,76.0,,
12802934953,50.8426777,5.6861404,1,52.0,,
12813651306,50.8554797,5.6841538,4,48.0,,
12813651311,50.8550376,5.683502,3,48.0,,
12813651313,50.855127,5.6845132,3,48.0,,
12813651315,50.855407,5.6842718,4,48.0,,
12813651320,50.8553036,5.684438,4,48.0,,
12813651322,50.8548686,5.683791,3,48.0,,
12819236359,50.8431737,5.7156916,1,51.0,,
12827792804,50.8518866,5.6968341,3,45.0,,
12839515450,50.8813688,5.7142485,1,49.0,,
12843940147,50.8334282,5.7096603,1,46.0,,
12843940164,50.8321537,5.7124738,1,49.0,,
12854264110,50.8505099,5.6856451,4,53.0,,
12854264112,50.8504379,5.6852218,3,56.0,,
12854264114,50.8503135,5.6852756,3,56.0,,
12854264115,50.8502259,5.6853059,1,56.0,,
12854264116,50.8503874,5.6851506,1,56.0,,
12854264117,50.8504054,5.68524,3,56.0,,
12854264123,50.8503697,5.6852567,3,56.0,,
12854264124,50.8503823,5.6853297,3,56.0,,
12854264126,50.8503518,5.6854603,3,53.0,,
12854264128,50.8502486,5.6853916,3,56.0,,
12854264129,50.8502319,5.6853033,3,56.0,,
12854264130,50.8503291,5.6853528,4,56.0,,
12854264131,50.8505301,5.6857318,3,53.0,,
12854264134,50.8505648,5.6859042,1,53.0,,
12854264135,50.8505368,5.6856456,1,53.0,,
12854264146,50.8503002,5.6856976,1,53.0,,
12854264149,50.8504759,5.6858402,1,53.0,,
12864538124,50.8596131,5.674305,3,66.0,,
12864538125,50.8593956,5.6745589,4,66.0,,
12864538126,50.8597016,5.6747229,3,66.0,,
12864538128,50.8590533,5.6753655,3,61.0,,
12864538129,50.8599314,5.6737423,3,66.0,,
12864538130,50.8600174,5.6743064,3,66.0,,
12864538131,50.8600016,5.6748752,3,66.0,,
12864538132,50.8600796,5.6742977,1,66.0,,
12864538133,50.8604229,5.6750703,3,66.0,,
12864958593,50.8602572,5.6735461,3,66.0,,
12864958594,50.8602875,5.6746831,1,66.0,,
12864995325,50.8595818,5.6729794,3,66.0,,
12864995326,50.8596926,5.6729745,3,66.0,,
12864995327,50.8597104,5.6733616,1,66.0,,
12875527146,50.868984,5.6545796,3,59.0,,
12896280357,50.8616222,5.6469576,3,68.0,,
12896280358,50.8611988,5.6473038,3,68.0,,
12896280359,50.861377,5.6478559,3,68.0,,
12896280360,50.8617997,5.6474983,3,68.0,,
12896280361,50.8615179,5.6482573,3,67.0,,
12896280362,50.8619332,5.6478879,3,68.0,,
12896280363,50.8619528,5.649418,3,67.0,,
12896280364,50.8623541,5.6490357,3,67.0,,
12896280365,50.8623142,5.6503325,3,65.0,,
12896280366,50.8627116,5.6499252,3,71.0,,
12896280367,50.8630975,5.6493453,3,71.0,,
12896280368,50.8626621,5.6498049,3,71.0,,
12896280369,50.8623138,5.6489277,3,67.0,,
12896280370,50.8627628,5.6485014,3,71.0,,
12896280371,50.8618965,5.647781,3,68.0,,
12896280372,50.8623501,5.647366,3,68.0,,
12896280373,50.8622311,5.6470132,3,68.0,,
12896280374,50.8617631,5.6473858,3,68.0,,
12896280375,50.8615868,5.6468431,3,68.0,,
12896280376,50.8620521,5.6464716,3,68.0,,
12942261503,50.8367944,5.6845855,3,78.0,,
12953761120,50.8385863,5.6645569,3,84.0,,
12998874064,50.8488431,5.7166348,3,51.0,,
12998874068,50.8495752,5.716604,1,51.0,,
12998936052,50.8515507,5.6659013,3,74.0,,
13004501094,50.855961,5.6889808,3,50.0,,
13028631709,50.8713412,5.7227517,3,49.0,,
13041391273,50.8515484,5.6979188,1,52.0,,
13043796309,50.8286379,5.7290865,1,64.0,,
13043796314,50.8277522,5.7288276,1,64.0,,
13043796317,50.8282042,5.7283318,1,64.0,,
13071416585,50.8477576,5.6857101,3,58.0,,
13071442626,50.8485768,5.6852165,3,63.0,,
13071442630,50.848686,5.6851309,1,63.0,,
13086582911,50.846474,5.6820999,3,63.0,,
13100862948,50.8448015,5.7102734,1,50.0,,
13100862949,50.8451262,5.709763,3,50.0,,
13100862953,50.8449829,5.7100023,3,50.0,,
13100862954,50.8448886,5.7099422,3,50.0,,
13100862955,50.8447496,5.7097884,3,50.0,,
13100905208,50.8436489,5.7161799,3,51.0,,
13100905211,50.8435767,5.7164273,3,51.0,,
13100905213,50.8434611,5.7165466,3,51.0,,
13111969451,50.8389798,5.7021683,1,49.0,,
13114345051,50.8422418,5.648803,1,85.0,,
13115874093,50.8450359,5.6662222,3,83.0,,
13125045325,50.836025,5.6649252,3,68.0,,
13125045326,50.8358739,5.6650617,3,68.0,,
13144685146,50.8454327,5.6709254,3,74.0,,
13144685148,50.8455518,5.6711636,3,74.0,,
13146746370,50.8397293,5.6487634,3,82.0,,
13146798220,50.8434849,5.6625312,4,82.0,crossing,
13146798221,50.8435471,5.6626732,3,82.0,,
13155715471,50.828167,5.7247709,3,63.0,,
13155715476,50.8282697,5.7252328,3,64.0,,
13185634280,50.8313143,5.6560018,3,76.0,,
13185634281,50.8312013,5.6562622,3,71.0,,
13192139377,50.8474637,5.702785,1,51.0,,
13197844836,50.8554923,5.6424785,4,75.0,,
13198458946,50.8364933,5.7151377,3,56.0,,
13198458947,50.8364889,5.7156445,3,56.0,,
13198458948,50.8363811,5.7156443,3,56.0,,
13198458950,50.8366488,5.7145653,1,52.0,,
13198458951,50.8366352,5.7151408,3,56.0,,
13198458953,50.8363838,5.7152145,3,56.0,,
13198458955,50.8334875,5.714181,3,53.0,,
13198458956,50.8334971,5.7133636,3,53.0,,
13198458963,50.8338596,5.714194,3,53.0,,
13198458967,50.8338605,5.7140527,3,53.0,,
13198458968,50.8337709,5.7141904,3,53.0,,
13198458969,50.8334176,5.7141787,3,53.0,,
13198458971,50.8339111,5.7143075,3,53.0,,
13198458972,50.8339162,5.7142588,3,53.0,,
13198458988,50.8362679,5.7151028,3,56.0,,
13198458989,50.8362254,5.7151032,1,56.0,,
13198458990,50.8362698,5.7149291,3,56.0,,
13198458993,50.8362559,5.7149077,3,56.0,,
13198458994,50.8362592,5.7146793,1,56.0,,
13200404561,50.8382077,5.7133378,1,52.0,,
13204746513,50.8339164,5.7143075,3,53.0,,
13204746514,50.8337458,5.7133711,3,53.0,,
13204746515,50.8337363,5.7141893,3,53.0,,
13204746522,50.8328507,5.7152295,3,51.0,,
13204746523,50.8334238,5.7137824,3,53.0,,
13204746528,50.8334934,5.7137742,3,53.0,,
13232487148,50.8451144,5.6835632,3,60.0,,
13234870402,50.8388003,5.6954514,4,52.0,crossing,
13234870403,50.8387963,5.6954833,4,52.0,crossing,
13234870404,50.8387753,5.6956549,3,52.0,,
13245446064,50.8483822,5.6723144,3,74.0,,
13245593411,50.834536,5.6804535,3,55.0,,
13247919155,50.8475508,5.6726875,1,73.0,,
13247934800,50.8425683,5.6649078,1,83.0,,
13247967502,50.8426238,5.6647848,3,83.0,,
13247967511,50.8427713,5.6650343,3,83.0,,
13248069711,50.8483115,5.672346,1,74.0,,
13248095548,50.8514683,5.6657498,3,74.0,,
13248095549,50.8513834,5.6658669,4,74.0,,
13248095551,50.8512976,5.6659865,3,74.0,,
13248095561,50.8519393,5.6650634,3,74.0,,
13248095572,50.8522402,5.6653056,3,67.0,,
13248095573,50.8520898,5.6655026,3,67.0,,
13249473073,50.8563551,5.6881593,1,51.0,,
13249939650,50.8305555,5.7197622,3,58.0,,
13249939652,50.8305523,5.7200144,3,58.0,,
13252351305,50.8219341,5.7210004,3,59.0,,
13252351310,50.8221852,5.721692,3,59.0,,
13252351326,50.8225946,5.7257314,3,62.0,,
13252351327,50.8225861,5.7257704,3,62.0,,
13252351337,50.8223832,5.7232552,3,60.0,,
13252365088,50.8246076,5.7219951,3,60.0,,
13252365089,50.8246117,5.7222951,3,60.0,,
13252444756,50.833136,5.7147796,3,51.0,,
13254175089,50.8497343,5.7313485,3,58.0,,
13254175090,50.8497198,5.7316636,1,58.0,,
13254189106,50.8494682,5.7316047,1,58.0,,
13254189115,50.8496229,5.7313382,3,58.0,,
13254189116,50.8496106,5.7316004,1,58.0,,
13274259477,50.8382,5.7049569,3,51.0,,
13274259479,50.8383051,5.7050384,1,51.0,,
13274259480,50.838299,5.7049408,1,51.0,,
13299266597,50.838452,5.6647659,3,87.0,,
13299266598,50.8384204,5.6647983,3,87.0,,
13299351302,50.838559,5.6616932,1,84.0,,
13299367651,50.8474545,5.6810141,1,63.0,,
13299367653,50.8475188,5.6809992,3,63.0,,
13299367668,50.8474614,5.6810393,3,63.0,,
13299544076,50.8490069,5.672515,1,74.0,,
13299544078,50.8488726,5.6716532,3,74.0,,
13299544080,50.8488812,5.6716387,1,74.0,,
13299785472,50.8646122,5.6913985,3,49.0,,
13299785487,50.8650171,5.6912145,3,49.0,,
13301468522,50.867328,5.7042846,1,47.0,,
13301468523,50.8673564,5.7042868,3,47.0,,
13301468524,50.8673108,5.7046086,1,47.0,,
13301468526,50.8673029,5.704497,1,47.0,,
13301468527,50.8673259,5.7045032,3,47.0,,
13301468533,50.8676214,5.7042302,3,47.0,crossing,
13301522461,50.8622046,5.7032303,1,49.0,,
13301807849,50.8349548,5.6808071,3,55.0,,
13301807850,50.8352272,5.6799851,1,55.0,,
13311769461,50.858052,5.7271306,3,48.0,,
13311769489,50.8568554,5.7252899,3,46.0,,
13311769500,50.857686,5.7265562,1,46.0,,
13311805809,50.8580074,5.7272422,3,48.0,,
13312038032,50.8592553,5.7222201,3,48.0,,
13312038033,50.8592451,5.7224534,3,48.0,,
13312038034,50.8596524,5.7224993,4,48.0,,
13312038035,50.8596637,5.7222302,3,48.0,,
13312038036,50.859351,5.7221983,3,48.0,,
13312038037,50.860402,5.7225883,3,48.0,,
13312038038,50.861122,5.72267,3,46.0,,
13312038043,50.860449,5.7225936,3,46.0,,
13312038044,50.8610498,5.7242326,3,49.0,,
13312038045,50.8606937,5.7226214,3,46.0,,
13312038048,50.8607036,5.722379,3,46.0,,
13312038052,50.8597037,5.7213253,3,48.0,,
13312038054,50.8597327,5.7222397,3,48.0,,
13312038057,50.8608498,5.7212647,3,46.0,,
13312038058,50.8609355,5.7196958,3,47.0,,
13312038060,50.8595625,5.7222199,3,48.0,,
13312038061,50.8603802,5.724044,3,47.0,,
13312038064,50.8597831,5.7239677,3,47.0,,
13312038065,50.8598493,5.7225227,3,48.0,,
13312038066,50.8595869,5.7239443,3,47.0,,
13312038067,50.8591141,5.723891,3,47.0,,
13312038069,50.8591575,5.7229559,3,47.0,,
13312038070,50.8591781,5.7224466,3,48.0,,
13312038072,50.8582276,5.7232236,4,48.0,,
13312038085,50.8591387,5.7233275,3,47.0,,
13312038088,50.859631,5.7230107,3,47.0,,
13312038089,50.8617705,5.7227499,3,46.0,,
13312038090,50.8617992,5.7221716,3,46.0,,
13312038091,50.861461,5.7221314,3,46.0,,
13312038092,50.8614506,5.722336,3,46.0,,
13312038096,50.8611453,5.7226729,3,46.0,,
13312038099,50.861558,5.7227237,3,46.0,,
13312038100,50.8617015,5.7227414,3,46.0,,
13312038101,50.8617768,5.7226222,3,46.0,,
13312038102,50.8593261,5.7239149,3,47.0,,
13312038103,50.8593145,5.7242034,1,47.0,,
13312038104,50.8581573,5.7232123,3,48.0,,
13312038122,50.8579642,5.7220807,3,48.0,,
13312038125,50.8576745,5.7221284,3,48.0,,
13312038126,50.8576133,5.7221693,1,48.0,,
13312038169,50.861459,5.7221718,3,46.0,,
13315321492,50.8596265,5.723106,3,47.0,,
13315321493,50.8596091,5.7231044,1,47.0,,
13315321494,50.8595907,5.7238631,3,47.0,,
13315321495,50.8595744,5.7238616,1,47.0,,
13315321496,50.8591176,5.723811,3,47.0,,
13315321497,50.8591347,5.7238119,1,47.0,,
13315321498,50.8591526,5.7230519,3,47.0,,
13315321499,50.8591699,5.7230531,1,47.0,,
13315321500,50.8590788,5.7233212,4,47.0,,
13315339601,50.8590778,5.723351,1,47.0,,
13315339602,50.8590797,5.7232939,1,47.0,,
13315339603,50.8582907,5.723232,4,48.0,,
13315339604,50.8582898,5.723257,1,48.0,,
13315339605,50.8582916,5.7232055,1,48.0,,
13315339606,50.8583315,5.7223495,3,48.0,,
13315339607,50.8583299,5.7223792,1,48.0,,
13315339608,50.8591186,5.7224398,3,48.0,,
13315339609,50.8591177,5.7224677,1,48.0,,
13315339610,50.8582486,5.7241155,3,48.0,,
13315339611,50.8582499,5.7240942,1,48.0,,
13315339612,50.8590379,5.7242087,3,47.0,,
13315339613,50.8590377,5.7241811,1,47.0,,
13315339614,50.8598443,5.7226329,3,48.0,,
13315339615,50.8598613,5.7226353,1,48.0,,
13315339616,50.8603369,5.7240313,3,47.0,,
13315339617,50.8603971,5.7226972,3,48.0,,
13315339618,50.8603867,5.7226958,1,48.0,,
13315339619,50.860529,5.7226027,3,46.0,,
13315339620,50.8605276,5.7226286,1,46.0,,
13315339621,50.8610422,5.7226609,3,46.0,,
13315339622,50.8610407,5.722689,1,46.0,,
13315339623,50.8610858,5.7234541,4,49.0,,
13315339624,50.8611041,5.7234551,1,49.0,,
13315339625,50.861068,5.7234529,1,49.0,,
13315339626,50.8617491,5.7235292,3,49.0,,
13315339627,50.8617388,5.7235282,1,49.0,,
13315989650,50.8613199,5.7212475,3,46.0,,
13315989651,50.8612533,5.7212412,3,46.0,,
13315989652,50.8612885,5.7204393,3,47.0,,
13315989654,50.861438,5.7212403,3,46.0,,
13315989656,50.8614981,5.7204615,3,47.0,,
13315989658,50.8609199,5.7212017,1,46.0,,
13315989659,50.8612842,5.7219694,1,46.0,,
13315989660,50.8614672,5.7204582,3,47.0,,
13315989661,50.8614703,5.7203885,1,47.0,,
13315989662,50.8613487,5.7204457,3,47.0,,
13315989663,50.8613521,5.7203731,1,47.0,,
13315989668,50.8612727,5.7207239,3,47.0,,
13315989669,50.86133,5.7207288,1,47.0,,
13316109672,50.8558504,5.7175032,3,48.0,,
13316118583,50.8564021,5.7191214,1,47.0,,
13318768005,50.8540228,5.724789,3,49.0,,
13318768006,50.8540974,5.7250525,3,45.0,,
13318768013,50.8543401,5.7256031,3,48.0,,
13318768014,50.8542667,5.7256514,3,48.0,,
13320022134,50.8641074,5.7073508,3,46.0,,
13320022135,50.8642072,5.7090009,3,46.0,,
13320022146,50.8640099,5.7068695,3,46.0,,
13320022149,50.8640229,5.7068277,3,46.0,,
13320052627,50.8643214,5.7102996,3,46.0,,
13320052632,50.8643244,5.7106193,3,46.0,,
13320053587,50.8701526,5.7148173,1,48.0,,
13320053589,50.8699606,5.7146203,4,48.0,,
13320110758,50.8448952,5.6949153,1,50.0,,
13324772878,50.8577852,5.7220627,3,48.0,,
13324772888,50.8579558,5.7240554,3,48.0,,
13326572555,50.8340409,5.7459761,3,109.0,,
13327915327,50.857557,5.7158838,3,49.0,,
13327915328,50.8576228,5.7160926,3,49.0,,
13342213342,50.8621058,5.7269705,3,49.0,,
13342213344,50.862113,5.7271994,3,49.0,,
13342816892,50.8433612,5.7360367,3,58.0,,
13342816896,50.8432561,5.7355317,3,58.0,,
13342824429,50.8428415,5.7375338,3,58.0,,
13354286699,50.8351719,5.7144298,3,53.0,,
13354288802,50.8369374,5.7144849,1,52.0,,
13391446120,50.8486683,5.7205332,3,51.0,,
13391446132,50.8489564,5.7200408,3,51.0,,
13391446215,50.8489761,5.7201726,3,51.0,,
13391547918,50.8658863,5.7143676,1,44.0,,
13391592941,50.8563271,5.6557975,1,69.0,,
13391592977,50.8647501,5.6663476,3,62.0,,
13391593002,50.8792056,5.6876525,4,44.0,,
13391593036,50.8643556,5.7351179,3,54.0,,
13391593076,50.8455323,5.7323494,1,55.0,,
13391593077,50.8456552,5.7323978,1,55.0,,
13391593078,50.8456535,5.7323382,1,55.0,,
13396213101,50.8325028,5.7102057,3,49.0,,
13396213125,50.8319326,5.7092149,3,49.0,,
13396213134,50.8321029,5.7086935,3,49.0,,
13396213149,50.8319903,5.7084216,3,49.0,,
13469258470,50.8973525,5.7171603,3,43.0,,
13469258471,50.8973618,5.7170299,3,43.0,,
13482157149,50.850104,5.6676642,1,73.0,crossing,
13482157150,50.8499538,5.6678602,1,78.0,crossing,
13526786707,50.833583,5.7248222,3,57.0,,
13528510808,50.9020833,5.7002884,3,42.0,,
13597608737,50.8535469,5.7242238,3,49.0,,
13597608738,50.8535298,5.7239489,3,49.0,,
13597608739,50.8537388,5.7239132,1,49.0,,
13597608740,50.8534386,5.7239636,1,49.0,,
13597608745,50.8529834,5.7243347,3,49.0,,
13597608746,50.852958,5.7239182,1,49.0,,
13629594406,50.8433562,5.6978021,3,53.0,,
13629962186,50.8519671,5.6785423,4,63.0,,
13629962198,50.8520137,5.6780903,3,63.0,,
13629962199,50.8516869,5.6777499,3,63.0,,
13629964332,50.8477904,5.6822903,3,63.0,,
13629964340,50.8470924,5.6825473,3,63.0,,
13629979105,50.8520674,5.6781574,3,63.0,,
13629979106,50.853365,5.6799131,3,61.0,,
13629979117,50.8534886,5.6806505,3,61.0,,
13629979119,50.8534744,5.6807264,3,61.0,,
13629979121,50.8535489,5.6807186,3,61.0,,
13629979122,50.8534757,5.6803354,3,61.0,,
13629979126,50.8533418,5.6804148,3,61.0,,
13629979127,50.8533392,5.680248,3,61.0,,
13629979131,50.8534494,5.6803431,3,61.0,,
13629979132,50.8538898,5.6807194,3,61.0,,
13629979134,50.8539185,5.6808134,3,61.0,,
13629979143,50.8526014,5.6784561,3,62.0,,
13629979144,50.8514995,5.6785175,3,63.0,,
13629979152,50.8517175,5.677776,3,63.0,,
13629982247,50.8366088,5.684951,4,78.0,,
13629982250,50.8367672,5.6848648,3,78.0,,
13629982255,50.836171,5.6834345,3,78.0,,
13630081107,50.8354519,5.6839636,3,78.0,,
13630081112,50.8356627,5.6846891,3,78.0,,
13630083732,50.826643,5.6869097,3,75.0,,
13630100395,50.8438517,5.6973499,3,47.0,,
13630100398,50.8438082,5.6978992,3,47.0,,
13630252641,50.8538466,5.6878098,3,50.0,,
13630969218,50.8434624,5.6530166,3,82.0,,
13630969228,50.8433526,5.6532923,3,82.0,,
13643680988,50.8189968,5.7254122,3,58.0,,
13646064221,50.8180576,5.7220993,1,52.0,,
13646064222,50.8184841,5.7244398,3,55.0,,
13646064226,50.8183036,5.7235982,3,55.0,,
13646064236,50.8190466,5.7242158,3,56.0,,
13646064241,50.8186543,5.7247171,3,55.0,,
13647308776,50.8540422,5.6835236,1,52.0,,
13647308779,50.8545415,5.6835752,1,48.0,,
13647308780,50.8545716,5.6836073,1,48.0,,
13647308783,50.8544608,5.6845265,1,48.0,,
13647308784,50.8544471,5.684549,1,48.0,,
13651644285,50.8525452,5.7242437,3,49.0,,
13651644286,50.8521686,5.7226131,3,48.0,,
13651644287,50.851601,5.7226608,3,46.0,,
13651644288,50.8521905,5.723203,3,49.0,,
13651644289,50.8516425,5.7232838,3,47.0,,
13651644290,50.8521952,5.7233311,3,49.0,,
13651644291,50.8516512,5.7234146,3,47.0,,
13651644292,50.851923,5.7233729,3,47.0,,
13651644293,50.8519165,5.7232434,3,47.0,,
13651644294,50.8518019,5.7240231,3,47.0,,
13651644296,50.8521336,5.7233405,3,49.0,,
13651644297,50.8521524,5.7239704,3,49.0,,
13651644298,50.8520641,5.7233512,3,47.0,,
13651644299,50.8520844,5.7239806,3,49.0,,
13651644300,50.852948,5.7225511,3,48.0,,
13651656501,50.8530919,5.7231178,3,49.0,,
13651656502,50.8528644,5.7225597,3,48.0,,
13651656503,50.8530176,5.7231722,3,49.0,,
13651656516,50.8521091,5.7226181,3,48.0,,
13651656517,50.8521287,5.7232121,3,49.0,,
13651656518,50.852043,5.7226236,3,46.0,,
13651656519,50.8520601,5.7232222,3,47.0,,
13651656520,50.8530363,5.7232575,3,49.0,,
13651656525,50.8532059,5.7232644,3,49.0,,
13651656531,50.8531325,5.7230244,3,49.0,,
13651656532,50.8531438,5.723319,3,49.0,,
13651656545,50.8532123,5.7231469,3,49.0,,
13651656558,50.8528318,5.7237969,3,49.0,,
13651656559,50.853514,5.7235532,3,49.0,,
13651656560,50.8533086,5.7237145,3,49.0,,
13651733173,50.8567097,5.7180724,3,48.0,,
13651733179,50.856781,5.7177291,3,48.0,,
13657929533,50.8386714,5.6746141,3,59.0,,
13658033163,50.8387447,5.6744666,1,59.0,,
13666914670,50.87327,5.72867,3,46.0,,
13667676578,50.8706067,5.6868773,4,43.0,,
13667705145,50.8703218,5.6852048,3,45.0,,
13674309900,50.8315742,5.6581022,3,72.0,,
13674313102,50.8312987,5.6585559,3,69.0,,
13674313103,50.8312318,5.6586539,3,79.0,,
13674313104,50.831486,5.65834,3,69.0,,
13678848780,50.8352699,5.7250102,1,58.0,,
13678848789,50.8355166,5.7243221,3,54.0,,
13678848800,50.8360073,5.7243607,3,54.0,,
13678872402,50.8360097,5.7244417,3,54.0,,
13678872408,50.8361541,5.7243361,3,54.0,,
13678872417,50.8370326,5.7253666,3,57.0,,
13698930522,50.8390374,5.6675983,1,83.0,,
13698930524,50.8390663,5.6675469,3,83.0,,
13698966769,50.8383715,5.6667769,1,83.0,,
13698966781,50.8365961,5.661697,1,78.0,,
13698966782,50.8365772,5.6617354,3,78.0,,
13698966787,50.8361949,5.6614835,3,78.0,,
13698966788,50.8365866,5.6618082,1,78.0,,
13698966789,50.8365731,5.6618366,3,78.0,,
13707377541,50.8699414,5.711923,3,46.0,,
13724243207,50.8406292,5.6663162,3,83.0,,
13729259817,50.8232305,5.7291609,1,63.0,,
13732366017,50.8578815,5.7291605,3,48.0,,
13732366039,50.8577152,5.7275115,3,48.0,,
13732366080,50.8576931,5.7265673,3,46.0,,
13733030669,50.8466092,5.6818329,3,63.0,,
13747921846,50.8602769,5.6743218,3,66.0,,
13747921847,50.8603339,5.6734998,3,66.0,,
13747921850,50.8603939,5.6743113,4,66.0,,
13747921854,50.8587795,5.6740968,3,66.0,,
13747921860,50.8590575,5.6739062,3,66.0,,
13747921873,50.8590016,5.6742794,4,66.0,,
13747921875,50.8590463,5.6747268,3,66.0,,
13747921876,50.8591289,5.6745766,3,66.0,,
13747921878,50.8592318,5.6745176,3,66.0,,
13747921879,50.8591608,5.6738766,3,66.0,,
13747921883,50.8591995,5.6742261,3,66.0,,
13747921884,50.8590953,5.674255,4,66.0,,
13749427096,50.8561006,5.6708558,1,66.0,,
13749427098,50.8559943,5.6708501,3,66.0,,
13749449585,50.8562788,5.6713548,1,66.0,,
13749449586,50.8560732,5.6713451,1,66.0,,
13749449587,50.8560366,5.671397,1,66.0,,
13749449588,50.8560316,5.6717792,1,66.0,,
13749449589,50.8562697,5.6719058,1,66.0,,
13749466301,50.8562862,5.6699094,1,70.0,,
13752376344,50.856297,5.6704284,1,70.0,,
13752376345,50.8562302,5.670425,4,66.0,crossing,
13752376346,50.8561655,5.6704218,4,66.0,crossing,
13752376347,50.8560926,5.6704181,1,66.0,,
13752376368,50.8563301,5.6687633,1,70.0,,
13752376369,50.8561242,5.6688034,1,66.0,,
13752376381,50.856153,5.669405,1,66.0,,
13781450743,50.8220927,5.6957303,1,65.0,,
13811069749,50.8311306,5.7126687,3,48.0,,
13811069762,50.8352185,5.7327103,3,65.0,,
13811069780,50.8370678,5.7263312,3,57.0,,
13811069790,50.8370767,5.7258276,3,57.0,,
13811069800,50.8349165,5.7214404,3,52.0,,
13811206605,50.8351763,5.7204886,4,47.0,,
13811206641,50.8302523,5.7201172,3,58.0,,
13811206646,50.8304976,5.7210231,3,62.0,,
13811407479,50.8318359,5.7077991,3,48.0,,
13811407485,50.8318414,5.7085294,1,49.0,,
13812932678,50.8370242,5.7127787,4,52.0,,
13812932690,50.8322436,5.708238,4,48.0,,
13812932691,50.8322226,5.708127,3,48.0,,
13813046414,50.8322337,5.7077956,3,48.0,,
13813046422,50.8371412,5.713081,4,52.0,,
13813046431,50.8398185,5.7096706,4,49.0,,
13813046436,50.8397805,5.7116003,4,50.0,,
13813046438,50.8398417,5.7116266,4,50.0,crossing,
13813046442,50.8399572,5.7119804,3,50.0,,
13813046443,50.8398901,5.7118627,3,50.0,,
13813046445,50.8399528,5.7118365,3,50.0,,
13813046452,50.8317161,5.7074123,3,48.0,,
13814325325,50.8416756,5.7040183,4,49.0,,
13814325328,50.8417988,5.7034118,4,49.0,,
13814325330,50.8418591,5.7031441,1,49.0,,
13814325331,50.8372883,5.7036662,1,47.0,,
13814325337,50.8341469,5.7001776,3,47.0,,
13817441865,50.8496132,5.7046267,3,52.0,,
13817441866,50.8485773,5.7113566,4,49.0,,
13817441867,50.8485477,5.7141973,4,51.0,,
13817441871,50.8451999,5.7154571,4,51.0,,
13817441874,50.8453775,5.7159977,4,51.0,,
13817441885,50.8486966,5.7188947,3,51.0,,
13817441896,50.8489281,5.717193,3,52.0,,
13817441898,50.8487702,5.7170467,3,52.0,,
13817463507,50.8486768,5.7151989,4,51.0,,
13817463510,50.8485813,5.7146599,4,51.0,,
13817463522,50.8484612,5.7130947,4,51.0,crossing,
13817463523,50.8485272,5.7130705,4,51.0,crossing,
13817463528,50.8480075,5.7111239,4,49.0,,
13817463546,50.8485177,5.711031,4,49.0,,
13817463565,50.8497393,5.7044859,3,52.0,,
13818108236,50.8393196,5.7192678,3,49.0,,
13818108240,50.8393888,5.7191791,3,49.0,,
13818108247,50.8406372,5.7192038,4,48.0,,
13818108251,50.8413288,5.7192181,4,48.0,,
13818108255,50.8415761,5.719279,4,48.0,,
13818108259,50.8423078,5.719287,4,48.0,,
13818108287,50.8428203,5.7192837,3,48.0,,
13818108288,50.8431264,5.7192019,3,48.0,,
13818108290,50.8433515,5.7191174,4,48.0,,
13818116501,50.844499,5.7188711,4,52.0,,
13818116513,50.8453472,5.7189631,3,52.0,,
13820572022,50.8750683,5.7031395,3,46.0,,
13820572026,50.8650539,5.708996,4,47.0,,
13820572031,50.8647724,5.7093494,3,47.0,crossing,
13820572032,50.8652054,5.7046393,3,48.0,,
13820572073,50.8624866,5.7034004,1,49.0,,
13820572076,50.8622898,5.703472,3,49.0,,
13820572080,50.8612125,5.7007697,1,49.0,,
13820572083,50.8612249,5.7002671,1,49.0,,
13821226423,50.8456555,5.695365,3,50.0,,
13823776733,50.8280142,5.6962855,4,46.0,,
13823776735,50.8280169,5.696442,3,46.0,,
13823776740,50.8398729,5.6973149,3,53.0,,
13823776742,50.8420215,5.6960334,3,53.0,,
13823776746,50.8424174,5.6962445,4,53.0,,
13823776747,50.8427066,5.6963907,4,53.0,,
13823776749,50.8429376,5.6955431,3,51.0,,
13823776776,50.8450245,5.6966411,4,47.0,,
13823776778,50.8429643,5.6964219,3,53.0,,
13823776780,50.8430434,5.6965084,3,53.0,,
13827695451,50.8403842,5.6935608,3,51.0,,
13827695454,50.8403363,5.6932857,4,51.0,,
13827695457,50.8401928,5.6931385,3,51.0,,
13828567180,50.8467884,5.679418,3,63.0,,
13830433322,50.8548201,5.6546093,3,70.0,,
13830433327,50.855065,5.6543811,4,70.0,,
13830433328,50.8551633,5.6540608,4,70.0,crossing,
13830433331,50.8552782,5.6539168,1,70.0,,
13830433341,50.8469384,5.6538171,3,84.0,,
13830433344,50.8467368,5.6529526,1,84.0,,
13830433345,50.8467973,5.6534935,3,84.0,,
13830433346,50.8460473,5.6541377,3,84.0,,
13830433347,50.8457691,5.65438,3,83.0,,
13830433348,50.8457249,5.6542475,3,83.0,,
13830433349,50.8452276,5.6546974,4,83.0,,
13830433353,50.8460039,5.6540027,3,84.0,,
13830433354,50.8462075,5.6538204,4,84.0,,
13830433356,50.8467397,5.6533409,3,84.0,,
13830433357,50.8468333,5.6532571,4,84.0,,
13830433359,50.8469828,5.6529682,1,84.0,,
13830817483,50.8489011,5.6621047,3,80.0,,
13830817486,50.849291,5.6618173,4,80.0,,
13830817492,50.8496141,5.6616921,4,80.0,,
13830828603,50.8507765,5.6620172,1,72.0,,
13830828604,50.8510623,5.6621452,1,72.0,,
13830828605,50.8509014,5.6620728,3,72.0,,
13830828606,50.8508649,5.6622914,3,72.0,,
13830828610,50.8508794,5.6622083,4,72.0,,
13830828632,50.8512858,5.6624537,3,72.0,,
13830828641,50.8516156,5.6627092,3,73.0,,
13830828644,50.8521141,5.6631396,4,70.0,,
13830828653,50.8530549,5.6637197,3,70.0,,
13830828654,50.8530589,5.6637558,1,70.0,,
13830828660,50.853844,5.6634222,4,70.0,crossing,
13830828662,50.8540331,5.663584,4,70.0,crossing,
13830828664,50.8520599,5.6633181,3,73.0,,
13830828665,50.8570646,5.6587037,3,70.0,,
13830828668,50.8544534,5.663717,3,69.0,,
13830828669,50.8552346,5.666393,1,69.0,,
13830828684,50.8553663,5.6663436,3,69.0,,
13830828702,50.8554331,5.6657749,3,69.0,,
13830828703,50.8556001,5.6652926,3,69.0,,
13830828705,50.8557636,5.6655263,3,69.0,,
13830828706,50.8556228,5.6657461,3,69.0,,
13830828711,50.8557557,5.666068,3,69.0,,
13830828721,50.8595868,5.6668867,3,70.0,,
13830828722,50.8615875,5.6656284,3,66.0,,
13830828730,50.8622667,5.6691847,4,69.0,,
13830828732,50.8623516,5.6696333,3,69.0,,
13831293781,50.8488261,5.6715799,3,74.0,,
13831293784,50.8487468,5.6716298,4,74.0,,
13831293794,50.8483786,5.6719635,3,74.0,,
13831308703,50.8476492,5.6723276,3,73.0,,
13831308711,50.8488552,5.6623286,4,80.0,,
13833710475,50.8518496,5.6744233,3,72.0,,
13833710486,50.8505164,5.6766741,4,68.0,,
13833710491,50.8499206,5.6777026,3,70.0,,
13833710492,50.8499582,5.6776417,3,70.0,,
13833710495,50.8493607,5.6786452,3,70.0,,
13833710496,50.8494843,5.6786205,4,70.0,,
13833812801,50.8494179,5.6792866,3,65.0,,
13833812802,50.8496353,5.6792005,3,65.0,,
13833812803,50.8495831,5.6785966,3,70.0,,
13833812805,50.8482906,5.6764475,3,70.0,,
13833812806,50.8482384,5.6763806,3,70.0,,
13833812809,50.8483784,5.6765498,3,70.0,,
13833812810,50.848261,5.6767643,3,70.0,,
13833812813,50.8481424,5.6765822,3,70.0,,
13833812815,50.8481102,5.6764897,3,70.0,,
13833812817,50.8436543,5.6628016,1,82.0,,
13833812827,50.8368698,5.6619538,3,78.0,,
13833812836,50.835866,5.6635138,3,74.0,,
13833812838,50.836167,5.6637964,3,74.0,,
13834688985,50.8658229,5.6894018,3,46.0,,
13834688994,50.854022,5.6839392,1,52.0,,
13834688999,50.8550805,5.6813183,3,51.0,,
13849685522,50.8564862,5.7242062,1,48.0,,
13862272949,50.8361668,5.714461,3,52.0,,
13866030430,50.8510624,5.7005195,3,50.0,,
