u,v,key,osmid,lanes,surface,ref,highway,oneway,reversed,length,grade,grade_abs,elevation_change,name,maxspeed,junction,lit,smoothness,bridge,service,sidewalk,access,incline,tactile_paving,width,footway
249893147,319991651,0,14201562,2,asphalt,EN 13,primary,False,False,198.98976951856645,0.0,0.0,0.0,,,,,,,,,,,,,
249893147,1460394769,0,222180813,,asphalt,EN 13-2,secondary,False,False,273.45826304335293,-0.018284325894395523,0.018284325894395523,-5.0,Rua da Estação,50,,,,,,,,,,,
249893147,269535343,0,"[1323690477, 1323690478]","['2', '3']",asphalt,EN 13,primary,False,True,247.17837753769095,0.004045661315369364,0.004045661315369364,1.0,,50,,,,,,,,,,,
269535105,1486919256,0,219535125,2,asphalt,EN 13,primary,False,False,12.142960835684743,0.0,0.0,0.0,,,roundabout,,,,,,,,,,
269535108,1486919256,0,219535125,2,asphalt,EN 13,primary,False,True,22.355345253553992,0.0,0.0,0.0,,,roundabout,,,,,,,,,,
269535343,249893147,0,"[1323690477, 1323690478]","['2', '3']",asphalt,EN 13,primary,False,False,247.17837753769095,-0.004045661315369364,0.004045661315369364,-1.0,,50,,,,,,,,,,,
319991651,4359281704,0,14201562,2,asphalt,EN 13,primary,False,False,187.3833355204011,-0.01600996156711801,0.01600996156711801,-3.0,,,,,,,,,,,,,
319991651,249893147,0,14201562,2,asphalt,EN 13,primary,False,True,198.98976951856645,0.0,0.0,0.0,,,,,,,,,,,,,
914326556,914327211,0,77740795,1,asphalt,EN 13,primary,False,False,45.71624446152879,0.0,0.0,0.0,,50,,,,,,,,,,,
914326556,914326685,0,219535399,2,asphalt,EN 13,primary,False,False,23.610047098433547,0.0,0.0,0.0,,50,roundabout,no,,,,,,,,,
914326556,1487705484,0,1349836823,2,asphalt,EN 13,primary,False,True,7.882236505029166,0.0,0.0,0.0,,50,roundabout,no,,,,,,,,,
914326592,914326803,0,219535399,2,asphalt,EN 13,primary,False,False,23.60968029149367,-0.33884406316515514,0.33884406316515514,-8.0,,50,roundabout,no,,,,,,,,,
914326592,1487705422,0,219535399,2,asphalt,EN 13,primary,False,True,7.839742460671744,0.0,0.0,0.0,,50,roundabout,no,,,,,,,,,
914326685,914327211,0,169055243,1,asphalt,EN 13,primary,False,True,46.90202586644355,0.0,0.0,0.0,,50,,,,,,,,,,,
914326685,1487705416,0,219535399,2,asphalt,EN 13,primary,False,False,7.858616047896771,0.0,0.0,0.0,,50,roundabout,no,,,,,,,,,
914326685,914326556,0,219535399,2,asphalt,EN 13,primary,False,True,23.610047098433544,0.0,0.0,0.0,,50,roundabout,no,,,,,,,,,
914326803,914326592,0,219535399,2,asphalt,EN 13,primary,False,True,23.60968029149367,0.33884406316515514,0.33884406316515514,8.0,,50,roundabout,no,,,,,,,,,
914326803,1802287902,0,1349836823,2,asphalt,EN 13,primary,False,False,7.8521715377169405,0.0,0.0,0.0,,50,roundabout,no,,,,,,,,,
914327211,13041426264,0,14201562,2,asphalt,EN 13,primary,False,True,13.189587021454757,0.0,0.0,0.0,,,,,,,,,,,,,
914327211,914326556,0,77740795,1,asphalt,EN 13,primary,False,True,45.71624446152879,0.0,0.0,0.0,,50,,,,,,,,,,,
914327211,914326685,0,169055243,1,asphalt,EN 13,primary,False,False,46.90202586644355,0.0,0.0,0.0,,50,,,,,,,,,,,
1428182433,3016736622,0,129447248,,,,residential,False,False,156.23615908757898,-0.03840340184397819,0.03840340184397819,-6.0,Rua Fernando Pessoa,,,,,,,,,,,,
1428182433,1428182437,0,129447248,,,,residential,False,True,72.76411193121676,0.0,0.0,0.0,Rua Fernando Pessoa,,,,,,,,,,,,
1428182433,2298908210,0,"[220801352, 220801353]",,,,"['service', 'footway']",False,"[False, True]",138.63740590104854,-0.04327836315894757,0.04327836315894757,-6.0,Travessa Fernando Pessoa,20,,,,,,,,,,,
1428182437,2297808419,0,221138844,,sett,,residential,False,True,28.134778452952347,0.0,0.0,0.0,Rua de Londres,,,,,,,,,,,,
1428182437,1428182433,0,129447248,,,,residential,False,False,72.76411193121676,0.0,0.0,0.0,Rua Fernando Pessoa,,,,,,,,,,,,
1428182439,2298908210,0,129447259,,,,residential,False,True,71.91092992307067,0.0,0.0,0.0,Rua Bartolomeu Dias,,,,,,,,,,,,
1428182439,13640879278,0,910469235,,,,residential,False,False,85.57532137234453,0.07011367183645806,0.07011367183645806,6.0,Avenida Atlântica,,,,,,,,,,,,
1428182439,3016736622,0,129447248,,,,residential,False,True,15.510269116156543,0.0,0.0,0.0,Rua Fernando Pessoa,,,,,,,,,,,,
1428182441,2298908210,0,129447259,,,,residential,False,False,39.3478472340766,-0.15248610589307646,0.15248610589307646,-6.0,Rua Bartolomeu Dias,,,,,,,,,,,,
1428182441,2297808418,0,129447259,,,,residential,False,True,53.2154726873739,0.0,0.0,0.0,Rua Bartolomeu Dias,,,,,,,,,,,,
1428182441,2295387441,0,910469233,,,,residential,False,True,68.34324872758386,0.0,0.0,0.0,Rua Álvares Cabral,,,,,,,,,,,,
1428182442,2297808418,0,129447259,,,,residential,False,False,31.686260962891385,0.0,0.0,0.0,Rua Bartolomeu Dias,,,,,,,,,,,,
1428182442,2295387774,0,221138844,,sett,,residential,False,True,64.47289666323265,0.0,0.0,0.0,Rua de Londres,,,,,,,,,,,,
1428182442,2297808419,0,221138844,,sett,,residential,False,False,102.81220753889386,0.0,0.0,0.0,Rua de Londres,,,,,,,,,,,,
1428182450,2297808417,0,220414642,,paved,,footway,False,True,61.584917767219096,0.0,0.0,0.0,Rua Vasco da Gama,,,,,,,,,,,,
1428182450,2295387441,0,910469233,,,,residential,False,False,59.888385410812006,0.0,0.0,0.0,Rua Álvares Cabral,,,,,,,,,,,,
1428182450,2298905791,0,"[910469234, 910469235]",,,,residential,False,True,145.08428454365304,0.0,0.0,0.0,"['Rua Vasco da Gama', 'Avenida Atlântica']",,,,,,,,,,,,
1428182464,2299051450,0,132749772,2,sett,EM 531-2,secondary,False,True,25.015433348389067,0.0,0.0,0.0,Rua da Praia,50,,yes,,,,,,,,,
1428182464,1460394571,0,132749772,2,sett,EM 531-2,secondary,False,False,68.7670192334491,0.11633483738537127,0.11633483738537127,8.0,Rua da Praia,50,,yes,,,,,,,,,
1428182464,2295387372,0,221138844,,sett,,residential,False,False,87.02263424116249,0.0,0.0,0.0,Rua de Londres,,,,,,,,,,,,
1428182464,1428182493,0,1485415585,,sett,,residential,False,True,265.5948110134087,0.0,0.0,0.0,Rua da Taloca,,,,,,,,,,,,
1428182479,2298905800,0,132756427,,,,residential,False,False,14.246443255048746,0.0,0.0,0.0,Rua de Sagres,50,,,,,,,,,,,
1428182479,2299042288,0,220816431,,,,residential,False,False,37.76667106813027,0.0,0.0,0.0,Rua de Sagres,20,,,,,,,,,,,
1428182479,1460476280,0,222180985,,sett,,residential,False,True,65.48396828954918,0.0,0.0,0.0,Rua do Norte,,,,,,,,,,,,
1428182479,2299038368,0,222180985,,sett,,residential,False,False,124.53245159307002,-0.07227031898005959,0.07227031898005959,-9.0,Rua do Norte,,,,,,,,,,,,
1428182483,2299042286,0,132756342,,,,residential,False,True,11.709917652815214,0.0,0.0,0.0,Rua Mares da Portela,,,,,,,,,,,,
1428182483,1460476280,0,222180985,,sett,,residential,False,False,27.90341951199316,0.0,0.0,0.0,Rua do Norte,,,,,,,,,,,,
1428182483,1460476322,0,222180985,,sett,,residential,False,True,24.500496838332264,0.0,0.0,0.0,Rua do Norte,,,,,,,,,,,,
1428182493,1428182510,0,129447249,,sett,,residential,False,True,144.44443268593784,0.0,0.0,0.0,Rua Dom João I,,,,,,,,,,,,
1428182493,1460476441,0,222180985,,sett,,residential,False,False,94.12659870695744,0.0,0.0,0.0,Rua do Norte,,,,,,,,,,,,
1428182493,1428182506,0,222180985,,sett,,residential,False,True,325.30275345409336,0.027666534956858512,0.027666534956858512,9.0,Rua do Norte,,,,,,,,,,,,
1428182493,1428182464,0,1485415585,,sett,,residential,False,False,265.5948110134087,0.0,0.0,0.0,Rua da Taloca,,,,,,,,,,,,
1428182504,1460394662,0,132749778,1,sett,EM 531,tertiary,False,False,65.78511496575899,0.0,0.0,0.0,Rua da Fonte,,,,,,,,,,,,
1428182504,1428182509,0,129447254,2,sett,CM 1061,tertiary,False,False,58.20533914929416,0.0,0.0,0.0,Rua da Estrada Velha,,,yes,intermediate,,,,,,,,
1428182504,13620771034,0,132749772,2,sett,EM 531-2,secondary,False,True,137.1846954346114,0.007289442869934762,0.007289442869934762,1.0,Rua da Praia,50,,yes,,,,,,,,,
1428182504,13633865071,0,343510661,,sett,EM 531,secondary,False,True,53.702007105104514,0.0,0.0,0.0,Rua da Estação,50,,,,,,,,,,,
1428182504,1460477127,0,"[132749761, 915863669, 915863670]",,,,residential,False,False,347.18913224287553,-0.025922470389148203,0.025922470389148203,-9.0,"['Rua da Lameira', 'Rua da Igreja']",,,,,yes,,,,,,,
1428182506,1460476985,0,132756409,,,,residential,False,False,56.167622239067086,0.0,0.0,0.0,Rua Fieiro d'Agra,,,,,,,,,,,,
1428182506,1428182493,0,222180985,,sett,,residential,False,False,325.3027534540934,-0.027666534956858505,0.027666534956858505,-9.0,Rua do Norte,,,,,,,,,,,,
1428182506,1460476866,0,222180985,,sett,,residential,False,True,77.5005320571165,0.0,0.0,0.0,Rua do Norte,,,,,,,,,,,,
1428182509,1428182526,0,221238677,2,sett,CM 1061,tertiary,False,True,57.85748059888333,0.0,0.0,0.0,,,,yes,intermediate,,,,,,,,
1428182509,1428182504,0,129447254,2,sett,CM 1061,tertiary,False,True,58.20533914929416,0.0,0.0,0.0,Rua da Estrada Velha,,,yes,intermediate,,,,,,,,
1428182509,1428182584,0,129447269,,,EM 531-1,residential,False,True,536.5457032327259,-0.007455096510697441,0.007455096510697441,-4.0,Rua do Covelo,,,,,,,,,,,,
1428182510,1428182493,0,129447249,,sett,,residential,False,False,144.44443268593784,0.0,0.0,0.0,Rua Dom João I,,,,,,,,,,,,
1428182510,1428182531,0,129447249,,sett,,residential,False,True,68.75545003254658,0.0,0.0,0.0,Rua Dom João I,,,,,,,,,,,,
1428182510,1460476887,0,132756407,,,,residential,False,False,149.2924621372228,0.033491309128549494,0.033491309128549494,5.0,Rua dos Navegadores,,,,,,,,,,,,
1428182510,1460476784,0,132756407,,,,residential,False,True,105.7069232032713,0.0,0.0,0.0,Rua dos Navegadores,,,,,,,,,,,,
1428182526,1428182509,0,221238677,2,sett,CM 1061,tertiary,False,False,57.85748059888333,0.0,0.0,0.0,,,,yes,intermediate,,,,,,,,
1428182526,1428182561,0,221238677,2,sett,CM 1061,tertiary,False,True,122.48808187360083,-0.008164059594238158,0.008164059594238158,-1.0,,,,yes,intermediate,,,,,,,,
1428182526,13319633437,0,"[1452391405, 1452329053]",,,,"['unclassified', 'track']",False,False,106.94121264471885,-0.02805279579133472,0.02805279579133472,-3.0,,,,,,,,,,,,,
1428182531,1428182510,0,129447249,,sett,,residential,False,False,68.75545003254658,0.0,0.0,0.0,Rua Dom João I,,,,,,,,,,,,
1428182531,1428182555,0,129447249,,sett,,residential,False,True,62.435027447405,-0.048049950847337854,0.048049950847337854,-3.0,Rua Dom João I,,,,,,,,,,,,
1428182531,1460476993,0,132756413,,,,residential,False,False,113.6369109944186,-0.008799957612796392,0.008799957612796392,-1.0,Rua Infante Dom Henrique,,,,,,,,,,,,
1428182531,1460476988,0,132756413,,,,residential,False,True,86.26231774579954,0.0,0.0,0.0,Rua Infante Dom Henrique,,,,,,,,,,,,
1428182555,1428182531,0,129447249,,sett,,residential,False,False,62.435027447405,0.048049950847337854,0.048049950847337854,3.0,Rua Dom João I,,,,,,,,,,,,
1428182555,1460477093,0,132756403,,,,residential,False,True,99.69524596208855,0.0,0.0,0.0,Rua dos Descobrimentos,,,,,,,,,,,,
1428182555,1460477116,0,422574262,,,,residential,False,False,99.61338558857972,0.020077622983926492,0.020077622983926492,2.0,Rua dos Descobrimentos,,,,,,,,,,,,
1428182555,1428182563,0,422574261,,,,residential,False,True,38.338365554768664,0.0,0.0,0.0,,,,,,,,,,,,,
1428182561,13319159574,0,1452329052,,,,unclassified,False,False,30.79123424420327,0.0,0.0,0.0,,,,,,,,,,,,,
1428182561,1428182526,0,221238677,2,sett,CM 1061,tertiary,False,False,122.48808187360083,0.008164059594238158,0.008164059594238158,1.0,,,,yes,intermediate,,,,,,,,
1428182561,2302861192,0,221238677,2,sett,CM 1061,tertiary,False,True,249.737865801423,-0.04004198549510877,0.04004198549510877,-10.0,,,,yes,intermediate,,,,,,,,
1428182563,1428182555,0,422574261,,,,residential,False,False,38.338365554768664,0.0,0.0,0.0,,,,,,,,,,,,,
1428182575,1428182582,0,129447250,,sett,,residential,False,False,23.185367416334522,0.0,0.0,0.0,Rua de Paredes,,,,,,,,,,,,
1428182575,1428182577,0,129447250,,sett,,residential,False,True,32.913841586126914,0.0,0.0,0.0,Rua de Paredes,,,,,,,,,,,,
1428182575,1460476864,0,132756322,,,,residential,False,False,287.8515208858841,0.006948026516743263,0.006948026516743263,2.0,Rua do Salgueiral,,,,,,,,,,,,
1428182577,1428182575,0,129447250,,sett,,residential,False,False,32.913841586126914,0.0,0.0,0.0,Rua de Paredes,,,,,,,,,,,,
1428182577,1428182584,0,129447250,,sett,,residential,False,True,180.12529730859762,0.022206764178976178,0.022206764178976178,4.0,Rua de Paredes,,,,,,,,,,,,
1428182577,1460477237,0,132756360,,,,residential,False,False,60.221136238635495,-0.08302732748493374,0.08302732748493374,-5.0,,,,,,,,,,,,,
1428182581,1460476866,0,129447255,,sett,,residential,False,False,390.39356994527554,-0.0076845527973745395,0.0076845527973745395,-3.0,Rua da Moimenta,,,,,,,,,,,,
1428182581,1428182582,0,129447255,,sett,,residential,False,True,49.96202918807508,0.0,0.0,0.0,Rua da Moimenta,,,,,,,,,,,,
1428182581,1460477201,0,132756405,,,,residential,False,False,50.852967568772215,-0.05899360732375901,0.05899360732375901,-3.0,Travessa da Moimenta,,,,,,,,,,,,
1428182582,1428182575,0,129447250,,sett,,residential,False,True,23.185367416334522,0.0,0.0,0.0,Rua de Paredes,,,,,,,,,,,,
1428182582,1428182581,0,129447255,,sett,,residential,False,False,49.962029188075086,0.0,0.0,0.0,Rua da Moimenta,,,,,,,,,,,,
1428182582,4223264883,0,"[1485415588, 422577933]",,sett,,"['residential', 'track']",False,"[False, True]",444.2505887156202,-0.015756872760119032,0.015756872760119032,-7.0,Rua da Manga,,,,,,,,,,,,
1428182584,1428182589,0,129447250,,sett,,residential,False,True,35.52391913727665,-0.08445014156256148,0.08445014156256148,-3.0,Rua de Paredes,,,,,,,,,,,,
1428182584,1428182577,0,129447250,,sett,,residential,False,False,180.12529730859762,-0.022206764178976178,0.022206764178976178,-4.0,Rua de Paredes,,,,,,,,,,,,
1428182584,1428182509,0,129447269,,,EM 531-1,residential,False,False,536.5457032327258,0.007455096510697443,0.007455096510697443,4.0,Rua do Covelo,,,,,,,,,,,,
1428182589,1428182584,0,129447250,,sett,,residential,False,False,35.52391913727665,0.08445014156256148,0.08445014156256148,3.0,Rua de Paredes,,,,,,,,,,,,
1428182589,13319870824,0,129447250,,sett,,residential,False,True,124.46369449143852,-0.01606894290075548,0.01606894290075548,-2.0,Rua de Paredes,,,,,,,,,,,,
1428182589,13319570913,0,1452379088,,,,track,False,False,60.47767174531451,0.0,0.0,0.0,,,,,,,,,,,,,
1428182605,1486919246,0,1362820034,,sett,CM 1061,tertiary,False,True,35.16631659457205,0.0,0.0,0.0,Rua da Estrada Velha,30,,,intermediate,,,,,,,,
1428182605,13658530535,0,129447250,,sett,,residential,False,False,26.81240755929933,0.0,0.0,0.0,Rua de Paredes,,,,,,,,,,,,
1428182605,2302857444,0,1362820034,,sett,CM 1061,tertiary,False,False,61.855118391577584,-0.03233362172777487,0.03233362172777487,-2.0,Rua da Estrada Velha,30,,,intermediate,,,,,,,,
1460394511,1460475704,0,745188308,,sett,,residential,False,True,79.26964205368577,0.10092135895582774,0.10092135895582774,8.0,,,,,,,,,,,,,
1460394511,1460394512,0,1413255347,2,sett,EM 531,tertiary,False,True,17.629401902001668,0.0,0.0,0.0,Rua da Fonte,,,,,,,,,,,,
1460394512,13319571271,0,132749778,1,sett,EM 531,tertiary,False,True,209.83107417034992,-0.009531476726732636,0.009531476726732636,-2.0,Rua da Fonte,,,,,,,,,,,,
1460394512,1460475704,0,331965397,,sett,,residential,False,False,79.83178685502865,0.10021070948252332,0.10021070948252332,8.0,,,,,,,,,,,,,
1460394512,1460394511,0,1413255347,2,sett,EM 531,tertiary,False,False,17.629401902001668,0.0,0.0,0.0,Rua da Fonte,,,,,,,,,,,,
1460394571,1460394587,0,132749772,2,sett,EM 531-2,secondary,False,False,56.964943941943076,0.0,0.0,0.0,Rua da Praia,50,,yes,,,,,,,,,
1460394571,1428182464,0,132749772,2,sett,EM 531-2,secondary,False,True,68.7670192334491,-0.11633483738537127,0.11633483738537127,-8.0,Rua da Praia,50,,yes,,,,,,,,,
1460394571,2297808420,0,132756381,,,,residential,False,True,326.2061643351338,-0.024524367944748757,0.024524367944748757,-8.0,Rua de Bruxelas,,,,,,,,,,,,
1460394572,1460394582,0,132749772,2,sett,EM 531-2,secondary,False,True,65.8670247765241,0.0,0.0,0.0,Rua da Praia,50,,yes,,,,,,,,,
1460394572,1460475753,0,132756384,,,,residential,False,False,217.009570170864,0.013824275112097264,0.013824275112097264,3.0,Rua de Munique,,,,,,,,,,,,
1460394572,1460394603,0,132749772,2,sett,EM 531-2,secondary,False,False,43.34534775881082,0.13842315981373984,0.13842315981373984,6.0,Rua da Praia,50,,yes,,,,,,,,,
1460394577,1460394599,0,132749772,2,sett,EM 531-2,secondary,False,False,56.972792842285344,0.0,0.0,0.0,Rua da Praia,50,,yes,,,,,,,,,
1460394577,2299042284,0,220691655,,sett,EM 531-2,residential,False,True,71.15350791911472,0.0,0.0,0.0,Rua da Praia,,,,,,,,,,,,
1460394577,2299042286,0,132756342,,,,residential,False,False,153.35238037694558,0.0,0.0,0.0,Rua Mares da Portela,,,,,,,,,,,,
1460394582,1460394572,0,132749772,2,sett,EM 531-2,secondary,False,False,65.8670247765241,0.0,0.0,0.0,Rua da Praia,50,,yes,,,,,,,,,
1460394582,1460475754,0,132756346,,asphalt,,residential,False,False,215.36716037641835,0.013929700306939113,0.013929700306939113,3.0,Rua de São Pedro (Norte),,,,,,,,,,,,
1460394582,1460394593,0,132749772,2,sett,EM 531-2,secondary,False,True,61.566044364483716,0.0,0.0,0.0,Rua da Praia,50,,yes,,,,,,,,,
1460394583,1460394593,0,132749772,2,sett,EM 531-2,secondary,False,False,87.66665900473186,0.034220535310214954,0.034220535310214954,3.0,Rua da Praia,50,,yes,,,,,,,,,
1460394583,13614748821,0,132749772,2,sett,EM 531-2,secondary,False,True,42.89780421547009,0.0,0.0,0.0,Rua da Praia,50,,yes,,,,,,,,,
1460394583,1460475649,0,132756348,,,,residential,False,True,330.3942264849426,-0.006053374543732072,0.006053374543732072,-2.0,Rua de Roma,,,,,,,,,,,,
1460394587,13614748821,0,132749772,2,sett,EM 531-2,secondary,False,False,17.331180636089012,0.0,0.0,0.0,Rua da Praia,50,,yes,,,,,,,,,
1460394587,1460394571,0,132749772,2,sett,EM 531-2,secondary,False,True,56.964943941943076,0.0,0.0,0.0,Rua da Praia,50,,yes,,,,,,,,,
1460394587,2297808421,0,132756376,,sett,,residential,False,False,328.9613948929797,-0.006079740756968324,0.006079740756968324,-2.0,Rua de Atenas,,,,,,,,,,,,
1460394593,1460394583,0,132749772,2,sett,EM 531-2,secondary,False,True,87.66665900473186,-0.034220535310214954,0.034220535310214954,-3.0,Rua da Praia,50,,yes,,,,,,,,,
1460394593,1460394582,0,132749772,2,sett,EM 531-2,secondary,False,False,61.566044364483716,0.0,0.0,0.0,Rua da Praia,50,,yes,,,,,,,,,
1460394593,1460475755,0,132756318,,,,residential,False,False,219.59380113997653,0.013661587824547463,0.013661587824547463,3.0,Rua Particular Alberto Mesquita,,,,,,,,,,,,
1460394599,2299051450,0,132749772,2,sett,EM 531-2,secondary,False,False,74.33277198799608,0.0,0.0,0.0,Rua da Praia,50,,yes,,,,,,,,,
1460394599,1460394577,0,132749772,2,sett,EM 531-2,secondary,False,True,56.972792842285344,0.0,0.0,0.0,Rua da Praia,50,,yes,,,,,,,,,
1460394599,6975638532,0,745188388,,,,service,False,False,77.19248447449733,0.0,0.0,0.0,,,,,,,driveway,,,,,,
1460394603,1460394606,0,132749772,2,sett,EM 531-2,secondary,False,False,45.49705382882724,0.0,0.0,0.0,Rua da Praia,50,,yes,,,,,,,,,
1460394603,1460394572,0,132749772,2,sett,EM 531-2,secondary,False,True,43.34534775881082,-0.13842315981373984,0.13842315981373984,-6.0,Rua da Praia,50,,yes,,,,,,,,,
1460394603,1460476143,0,132756399,,sett,,residential,False,False,113.51458783963442,-0.044047202171615646,0.044047202171615646,-5.0,Rua da Escola,,,,,,,,,,,,
1460394606,1460394612,0,132749772,2,sett,EM 531-2,secondary,False,False,11.554450499667558,0.0,0.0,0.0,Rua da Praia,50,,yes,,,,,,,,,
1460394606,1460475783,0,132756313,,,,residential,False,False,146.82200375453166,0.0,0.0,0.0,Rua de Viena,,,,,,,,,,,,
1460394606,1460394603,0,132749772,2,sett,EM 531-2,secondary,False,True,45.49705382882724,0.0,0.0,0.0,Rua da Praia,50,,yes,,,,,,,,,
1460394612,1460394606,0,132749772,2,sett,EM 531-2,secondary,False,True,11.554450499667558,0.0,0.0,0.0,Rua da Praia,50,,yes,,,,,,,,,
1460394612,13618090213,0,132749772,2,sett,EM 531-2,secondary,False,False,93.45233932100882,-0.021401283419241107,0.021401283419241107,-2.0,Rua da Praia,50,,yes,,,,,,,,,
1460394612,1460476137,0,132756365,,sett,,residential,False,False,80.92706718743266,-0.06178402571317278,0.06178402571317278,-5.0,Rua Nova,50,,,,,,,,,,,
1460394624,1460394627,0,132749772,2,sett,EM 531-2,secondary,False,False,43.57051057434733,0.0,0.0,0.0,Rua da Praia,50,,yes,,,,,,,,,
1460394624,1460475936,0,132749772,2,sett,EM 531-2,secondary,False,True,43.192301444477394,0.0,0.0,0.0,Rua da Praia,50,,yes,,,,,,,,,
1460394624,1460476146,0,132756377,,,,residential,False,False,139.64461524523898,-0.021483105486964214,0.021483105486964214,-3.0,Rua José Azevedo,,,,,,,,,,,,
1460394627,1460394637,0,132749772,2,sett,EM 531-2,secondary,False,False,67.59165948260465,0.0,0.0,0.0,Rua da Praia,50,,yes,,,,,,,,,
1460394627,1460394624,0,132749772,2,sett,EM 531-2,secondary,False,True,43.57051057434733,0.0,0.0,0.0,Rua da Praia,50,,yes,,,,,,,,,
1460394627,1460475887,0,132756321,,,,residential,False,False,84.5137667436667,0.04732956717137155,0.04732956717137155,4.0,Rua do Burgal,,,,,,,,,,,,
1460394637,1460394627,0,132749772,2,sett,EM 531-2,secondary,False,True,67.59165948260465,0.0,0.0,0.0,Rua da Praia,50,,yes,,,,,,,,,
1460394637,1460394640,0,132749772,2,sett,EM 531-2,secondary,False,False,34.53651354669243,0.05790972494360365,0.05790972494360365,2.0,Rua da Praia,50,,yes,,,,,,,,,
1460394637,6975637943,0,132756322,,,,residential,False,True,193.13957510407397,-0.015532808324671103,0.015532808324671103,-3.0,Rua do Salgueiral,,,,,,,,,,,,
1460394640,13299598621,0,132749772,2,sett,EM 531-2,secondary,False,False,182.81594164989454,0.0,0.0,0.0,Rua da Praia,50,,yes,,,,,,,,,
1460394640,1460394637,0,132749772,2,sett,EM 531-2,secondary,False,True,34.53651354669243,-0.05790972494360365,0.05790972494360365,-2.0,Rua da Praia,50,,yes,,,,,,,,,
1460394640,1460475837,0,132756323,2,sett,,tertiary,False,False,183.77537295253563,0.010882850992861529,0.010882850992861529,2.0,Rua do Revolto,30,,yes,intermediate,,,right,,,,,
1460394651,13319159461,0,132756358,,,,residential,False,False,34.14397815522403,0.0,0.0,0.0,Rua da Agra de Cima,,,,,,,,,,,,
1460394651,13319571264,0,132749778,1,sett,EM 531,tertiary,False,False,100.27819919211507,0.0,0.0,0.0,Rua da Fonte,,,,,,,,,,,,
1460394651,1460394654,0,132749778,1,sett,EM 531,tertiary,False,True,36.227125962902925,0.0,0.0,0.0,Rua da Fonte,,,,,,,,,,,,
1460394654,1460394651,0,132749778,1,sett,EM 531,tertiary,False,False,36.227125962902925,0.0,0.0,0.0,Rua da Fonte,,,,,,,,,,,,
1460394654,1460394662,0,132749778,1,sett,EM 531,tertiary,False,True,63.011237270099464,-0.0317403702362952,0.0317403702362952,-2.0,Rua da Fonte,,,,,,,,,,,,
1460394654,1460476695,0,132756352,,,,residential,False,False,37.505626216224314,-0.05332533280393097,0.05332533280393097,-2.0,Rua de Passos,,,,,,,,,,,,
1460394655,13620771069,0,132749772,2,sett,EM 531-2,secondary,False,False,96.2002711070178,0.0,0.0,0.0,Rua da Praia,50,,yes,,,,,,,,,
1460394655,13299598621,0,132749772,2,sett,EM 531-2,secondary,False,True,202.48992092002695,-0.019754069643692505,0.019754069643692505,-4.0,Rua da Praia,50,,yes,,,,,,,,,
1460394655,1460475704,0,132756316,,,,unclassified,False,False,620.6330426924994,0.019335096868094974,0.019335096868094974,12.0,,,,,,,,,,,,,
1460394662,1428182504,0,132749778,1,sett,EM 531,tertiary,False,True,65.78511496575899,0.0,0.0,0.0,Rua da Fonte,,,,,,,,,,,,
1460394662,1460394654,0,132749778,1,sett,EM 531,tertiary,False,False,63.01123727009947,0.031740370236295196,0.031740370236295196,2.0,Rua da Fonte,,,,,,,,,,,,
1460394662,1460476703,0,132756389,,,,residential,False,False,61.61153434096628,0.0,0.0,0.0,Rua Padre Joaquim Ferreira,,,,,,,,,,,,
1460394768,1460394769,0,222180813,,asphalt,EN 13-2,secondary,False,True,5.863330401375325,0.0,0.0,0.0,Rua da Estação,50,,,,,,,,,,,
1460394768,1486919213,0,222180813,,asphalt,EN 13-2,secondary,False,False,104.84489581984752,0.0,0.0,0.0,Rua da Estação,50,,,,,,,,,,,
1460394768,1487707367,0,1351568429,,paving_stones,,residential,False,True,86.26020271769528,0.0,0.0,0.0,Rua do Pinheiro,,,,,,,,,,,,
1460394769,1460394768,0,222180813,,asphalt,EN 13-2,secondary,False,False,5.863330401375325,0.0,0.0,0.0,Rua da Estação,50,,,,,,,,,,,
1460394769,1486919233,0,135383507,,,,residential,False,False,178.3434775105126,0.0,0.0,0.0,Rua Eça de Queirós,,,,,,,,,,,,
1460394769,249893147,0,222180813,,asphalt,EN 13-2,secondary,False,True,273.458263043353,0.01828432589439552,0.01828432589439552,5.0,Rua da Estação,50,,,,,,,,,,,
1460474682,1460475649,0,132756348,,,,residential,False,False,190.5714307768986,-0.010494752502233107,0.010494752502233107,-2.0,Rua de Roma,,,,,,,,,,,,
1460474702,2297808420,0,132756381,,,,residential,False,False,181.55137381785656,0.0,0.0,0.0,Rua de Bruxelas,,,,,,,,,,,,
1460474980,1460475629,0,132756313,,,,residential,False,True,107.98228878396637,-0.0219943152191223,0.0219943152191223,-5.0,Rua de Viena,,,,,,,,,,,,
1460474980,1460475629,1,132756327,,,,residential,False,False,227.33146952685752,-0.0219943152191223,0.0219943152191223,-5.0,Rua de Berna,,,,,,,,,,,,
1460474997,1460475668,0,132756429,,,,residential,False,True,165.46035830172355,-0.018131231134707087,0.018131231134707087,-3.0,Rua de São Pedro (Sul),,,,,,,,,,,,
1460475629,1460474980,0,132756313,,,,residential,False,False,107.98228878396637,0.021994315219122297,0.021994315219122297,5.0,Rua de Viena,,,,,,,,,,,,
1460475629,1460474980,1,132756327,,,,residential,False,True,227.33146952685757,0.021994315219122297,0.021994315219122297,5.0,Rua de Berna,,,,,,,,,,,,
1460475629,1460475783,0,132756313,,,,residential,False,True,204.1132114685572,-0.019596967639775652,0.019596967639775652,-4.0,Rua de Viena,,,,,,,,,,,,
1460475649,2297808421,0,220688256,,paved,,footway,False,True,59.34643006225805,0.0,0.0,0.0,Vereda de Mindelo,,,,,,,,,,,,
1460475649,1460394583,0,132756348,,,,residential,False,False,330.39422648494264,0.006053374543732071,0.006053374543732071,2.0,Rua de Roma,,,,,,,,,,,,
1460475649,1460474682,0,132756348,,,,residential,False,True,190.5714307768986,0.010494752502233107,0.010494752502233107,2.0,Rua de Roma,,,,,,,,,,,,
1460475668,1460475755,0,132756318,,,,residential,False,True,107.5716697123725,0.0,0.0,0.0,Rua Particular Alberto Mesquita,,,,,,,,,,,,
1460475668,1460474997,0,132756429,,,,residential,False,False,165.46035830172355,0.018131231134707087,0.018131231134707087,3.0,Rua de São Pedro (Sul),,,,,,,,,,,,
1460475704,1460394655,0,132756316,,,,unclassified,False,True,620.6330426924992,-0.01933509686809498,0.01933509686809498,-12.0,,,,,,,,,,,,,
1460475704,1460394512,0,331965397,,sett,,residential,False,True,79.83178685502865,-0.10021070948252332,0.10021070948252332,-8.0,,,,,,,,,,,,,
1460475704,1460394511,0,745188308,,sett,,residential,False,False,79.26964205368577,-0.10092135895582774,0.10092135895582774,-8.0,,,,,,,,,,,,,
1460475707,13618163784,0,220413948,,asphalt,,residential,False,False,14.56771440699401,0.0,0.0,0.0,Rua do Oásis,20,,,,,,no,,,,,
1460475707,2295378462,0,221619032,,asphalt,,residential,False,False,65.03511936530498,0.13838676837735353,0.13838676837735353,9.0,Rua do Oásis,20,,,,,,no,,,,,
1460475707,2295378480,0,221619032,,asphalt,,residential,False,True,113.15593624994814,-0.017674724510981336,0.017674724510981336,-2.0,Rua do Oásis,20,,,,,,no,,,,,
1460475753,1460475754,0,132756359,,,,residential,False,False,69.75214512006481,0.0,0.0,0.0,Travessa de São Pedro,,,,,,,,,,,,
1460475753,1460394572,0,132756384,,,,residential,False,True,217.009570170864,-0.013824275112097264,0.013824275112097264,-3.0,Rua de Munique,,,,,,,,,,,,
1460475754,1460394582,0,132756346,,asphalt,,residential,False,True,215.36716037641835,-0.013929700306939113,0.013929700306939113,-3.0,Rua de São Pedro (Norte),,,,,,,,,,,,
1460475754,1460475755,0,132756359,,,,residential,False,False,45.86638442347397,0.0,0.0,0.0,Travessa de São Pedro,,,,,,,,,,,,
1460475754,1460475753,0,132756359,,,,residential,False,True,69.75214512006481,0.0,0.0,0.0,Travessa de São Pedro,,,,,,,,,,,,
1460475755,1460475754,0,132756359,,,,residential,False,True,45.86638442347397,0.0,0.0,0.0,Travessa de São Pedro,,,,,,,,,,,,
1460475755,1460475668,0,132756318,,,,residential,False,False,107.5716697123725,0.0,0.0,0.0,Rua Particular Alberto Mesquita,,,,,,,,,,,,
1460475755,1460394593,0,132756318,,,,residential,False,True,219.59380113997653,-0.013661587824547463,0.013661587824547463,-3.0,Rua Particular Alberto Mesquita,,,,,,,,,,,,
1460475769,1460475895,0,1452391432,,,,track,False,True,169.15565187513081,0.01182342994649911,0.01182342994649911,2.0,,,,,,,,,,,,,
1460475783,1460394606,0,132756313,,,,residential,False,True,146.82200375453166,0.0,0.0,0.0,Rua de Viena,,,,,,,,,,,,
1460475783,13618275150,0,220413934,,asphalt,,residential,False,False,8.58909540197006,0.0,0.0,0.0,Rua de Madrid,20,,,,,,no,,,,,
1460475783,1460475629,0,132756313,,,,residential,False,False,204.1132114685572,0.019596967639775652,0.019596967639775652,4.0,Rua de Viena,,,,,,,,,,,,
1460475783,13618275156,0,220413948,,asphalt,,residential,False,True,19.23872375373514,0.0,0.0,0.0,Rua do Oásis,20,,,,,,no,,,,,
1460475806,1460475887,0,132756321,,,,residential,False,True,195.05631275107623,0.0,0.0,0.0,Rua do Burgal,,,,,,,,,,,,
1460475806,1460475837,0,132756362,,,,residential,False,False,76.59119557640292,0.0,0.0,0.0,Rua de Paris,,,,,,,,,,,,
1460475806,1460475849,0,1485415583,,,,residential,False,False,80.66291181774751,0.0,0.0,0.0,Rua de Paris,,,,,,,,,,,,
1460475837,2302835508,0,"[221234185, 132756323]",2,sett,,tertiary,False,False,200.27618102774386,0.044937944960880036,0.044937944960880036,9.0,"['Rua dos Lombos', 'Rua do Revolto']","['30', '5']",,yes,intermediate,,,right,,,,,
1460475837,1460394640,0,132756323,2,sett,,tertiary,False,True,183.77537295253563,-0.010882850992861529,0.010882850992861529,-2.0,Rua do Revolto,30,,yes,intermediate,,,right,,,,,
1460475837,1460475806,0,132756362,,,,residential,False,True,76.59119557640292,0.0,0.0,0.0,Rua de Paris,,,,,,,,,,,,
1460475849,13618275150,0,220413934,,asphalt,,residential,False,True,256.02566307798577,-0.007811716903515243,0.007811716903515243,-2.0,Rua de Madrid,20,,,,,,no,,,,,
1460475849,13618090202,0,1485415583,,,,residential,False,False,41.702638213789356,0.0,0.0,0.0,Rua de Paris,,,,,,,,,,,,
1460475849,1460475806,0,1485415583,,,,residential,False,True,80.66291181774751,0.0,0.0,0.0,Rua de Paris,,,,,,,,,,,,
1460475887,1460394627,0,132756321,,,,residential,False,True,84.5137667436667,-0.04732956717137155,0.04732956717137155,-4.0,Rua do Burgal,,,,,,,,,,,,
1460475887,1460475806,0,132756321,,,,residential,False,False,195.05631275107623,0.0,0.0,0.0,Rua do Burgal,,,,,,,,,,,,
1460475887,13618090202,0,1485415582,,,,residential,False,True,19.763766299835286,0.0,0.0,0.0,Rua de Paris,,,,,,,,,,,,
1460475895,7655602177,0,819776129,,,,track,False,False,907.106303301712,0.02535535241711355,0.02535535241711355,23.0,,,,,,,,,,,,,
1460475895,1460475769,0,1452391432,,,,track,False,False,169.15565187513081,-0.01182342994649911,0.01182342994649911,-2.0,,,,,,,,,,,,,
1460475895,13319611404,0,1452391433,,,,residential,False,True,35.98638094935032,0.0,0.0,0.0,Rua Alexandre Herculano,,,,,,,,,,,,
1460475936,13618090213,0,132749772,2,sett,EM 531-2,secondary,False,True,7.631214530973167,0.0,0.0,0.0,Rua da Praia,50,,yes,,,,,,,,,
1460475936,1460394624,0,132749772,2,sett,EM 531-2,secondary,False,False,43.192301444477394,0.0,0.0,0.0,Rua da Praia,50,,yes,,,,,,,,,
1460475936,13618163786,0,1485415586,,sett,,residential,False,True,29.49013695253234,-0.10172892736404833,0.10172892736404833,-3.0,Rua Almeida Garrett,,,,,,,,,,,,
1460476023,1460476116,0,1452391433,,,,residential,False,True,63.91154709436434,0.06258649933937707,0.06258649933937707,4.0,Rua Alexandre Herculano,,,,,,,,,,,,
1460476023,1460476251,0,132756387,,,,residential,False,False,127.64105346583645,0.0,0.0,0.0,Travessa Alexandre Herculano,,,,,,,,,,,,
1460476023,13319611404,0,1452391433,,,,residential,False,False,50.37221911676547,0.079408850158612,0.079408850158612,4.0,Rua Alexandre Herculano,,,,,,,,,,,,
1460476116,1460476147,0,132756352,,,,residential,False,True,28.166163172170307,0.0,0.0,0.0,Rua de Passos,,,,,,,,,,,,
1460476116,1460476023,0,1452391433,,,,residential,False,False,63.91154709436434,-0.06258649933937707,0.06258649933937707,-4.0,Rua Alexandre Herculano,,,,,,,,,,,,
1460476116,1460476251,0,132756317,,,,residential,False,False,100.66373874761523,-0.039736255078194796,0.039736255078194796,-4.0,Rua de Passos,,,,,,,,,,,,
1460476137,1460476177,0,132756436,,sett,,residential,False,True,39.78470670703031,0.0,0.0,0.0,Rua Nova,,,,,,,,,,,,
1460476137,13618163786,0,1485415586,,sett,,residential,False,False,104.17791057375565,0.0,0.0,0.0,Rua Almeida Garrett,,,,,,,,,,,,
1460476137,1460394612,0,132756365,,sett,,residential,False,True,80.92706718743266,0.06178402571317278,0.06178402571317278,5.0,Rua Nova,50,,,,,,,,,,,
1460476143,1460476177,0,132756347,,sett,,residential,False,False,51.21116087395283,0.0,0.0,0.0,Travessa da Escola,,,,,,,,,,,,
1460476143,1460476277,0,132756399,,sett,,residential,False,False,37.34443118322626,0.0,0.0,0.0,Rua da Escola,,,,,,,,,,,,
1460476143,1460394603,0,132756399,,sett,,residential,False,True,113.51458783963442,0.044047202171615646,0.044047202171615646,5.0,Rua da Escola,,,,,,,,,,,,
1460476146,13618163787,0,1485415587,,,,residential,False,False,17.914091485259647,0.0,0.0,0.0,Rua Leira da Pedra,,,,,,,,,,,,
1460476146,13618163786,0,1485415587,,,,residential,False,True,72.992684064087,0.0,0.0,0.0,Rua Leira da Pedra,,,,,,,,,,,,
1460476146,1460394624,0,132756377,,,,residential,False,True,139.64461524523895,0.021483105486964218,0.021483105486964218,3.0,Rua José Azevedo,,,,,,,,,,,,
1460476147,1460476116,0,132756352,,,,residential,False,False,28.166163172170307,0.0,0.0,0.0,Rua de Passos,,,,,,,,,,,,
1460476147,1460476446,0,132756352,,,,residential,False,True,214.28494011191282,-0.009333367053025175,0.009333367053025175,-2.0,Rua de Passos,,,,,,,,,,,,
1460476147,13319670850,0,132756408,,,,residential,False,False,58.449953669888494,0.0,0.0,0.0,Travessa de Passos,,,,,,,,,,,,
1460476175,1460476260,0,132756366,,,,residential,False,False,21.23880416715384,0.0,0.0,0.0,Rua da Escola,,,,,,,,,,,,
1460476177,1460476143,0,132756347,,sett,,residential,False,True,51.21116087395283,0.0,0.0,0.0,Travessa da Escola,,,,,,,,,,,,
1460476177,1460476137,0,132756436,,sett,,residential,False,False,39.78470670703031,0.0,0.0,0.0,Rua Nova,,,,,,,,,,,,
1460476177,1460476866,0,132756436,,sett,,residential,False,True,311.91515216319056,-0.009618000213181158,0.009618000213181158,-3.0,Rua Nova,,,,,,,,,,,,
1460476179,13300045621,0,"[132756410, 1450078267]",,,,"['residential', 'track']",False,False,141.38369539427438,-0.04951065948926583,0.04951065948926583,-7.0,,,,,,,,,,,,,
1460476179,1460476284,0,132756410,,,,residential,False,True,133.76290369205233,-0.05233139986341305,0.05233139986341305,-7.0,,,,,,,,,,,,,
1460476179,13300045616,0,1450078266,,,,track,False,False,124.69496834977383,0.0,0.0,0.0,,,,,,,,,,,,,
1460476251,1460476284,0,132756317,,,,residential,False,False,48.05172962888436,0.0,0.0,0.0,Rua de Passos,,,,,,,,,,,,
1460476251,1460476116,0,132756317,,,,residential,False,True,100.66373874761523,0.039736255078194796,0.039736255078194796,4.0,Rua de Passos,,,,,,,,,,,,
1460476251,1460476023,0,132756387,,,,residential,False,True,127.64105346583645,0.0,0.0,0.0,Travessa Alexandre Herculano,,,,,,,,,,,,
1460476260,1460476277,0,132756337,,,,residential,False,True,48.647962525457544,0.061667536403607774,0.061667536403607774,3.0,Rua da Escola,,,,,,,,,,,,
1460476260,1460476325,0,132756366,,,,residential,False,False,32.51618857859885,0.0,0.0,0.0,Rua da Escola,,,,,,,,,,,,
1460476260,1460476175,0,132756366,,,,residential,False,True,21.23880416715384,0.0,0.0,0.0,Rua da Escola,,,,,,,,,,,,
1460476277,1460476260,0,132756337,,,,residential,False,False,48.647962525457544,-0.061667536403607774,0.061667536403607774,-3.0,Rua da Escola,,,,,,,,,,,,
1460476277,1460476319,0,132756399,,sett,,residential,False,False,24.148957500589525,-0.12422896516037034,0.12422896516037034,-3.0,Rua da Escola,,,,,,,,,,,,
1460476277,1460476143,0,132756399,,sett,,residential,False,True,37.34443118322626,0.0,0.0,0.0,Rua da Escola,,,,,,,,,,,,
1460476280,1428182479,0,222180985,,sett,,residential,False,False,65.48396828954918,0.0,0.0,0.0,Rua do Norte,,,,,,,,,,,,
1460476280,1428182483,0,222180985,,sett,,residential,False,True,27.90341951199316,0.0,0.0,0.0,Rua do Norte,,,,,,,,,,,,
1460476280,1460476709,0,"[1485415584, 132756393]",,,,residential,False,False,212.16682365636228,-0.004713272239111512,0.004713272239111512,-1.0,"['Rua Infante Dom Fernando', 'Rua Diogo Cão']",,,,,,,,,,,,
1460476284,1460476472,0,"[915863672, 132756317, 915863671]",,,,residential,False,False,86.86723968084033,0.0,0.0,0.0,Rua de Passos,,,,,yes,,,,,,,
1460476284,1460476251,0,132756317,,,,residential,False,True,48.05172962888436,0.0,0.0,0.0,Rua de Passos,,,,,,,,,,,,
1460476284,1460476179,0,132756410,,,,residential,False,False,133.76290369205233,0.05233139986341305,0.05233139986341305,7.0,,,,,,,,,,,,,
1460476319,1460476277,0,132756399,,sett,,residential,False,True,24.148957500589525,0.12422896516037034,0.12422896516037034,3.0,Rua da Escola,,,,,,,,,,,,
1460476322,1460476709,0,132756339,,,,residential,False,True,140.40331946281904,-0.007122338729782064,0.007122338729782064,-1.0,Rua Infante Dom Duarte,,,,,,,,,,,,
1460476322,1428182483,0,222180985,,sett,,residential,False,False,24.500496838332264,0.0,0.0,0.0,Rua do Norte,,,,,,,,,,,,
1460476322,1460476441,0,222180985,,sett,,residential,False,True,79.51214173334402,0.0,0.0,0.0,Rua do Norte,,,,,,,,,,,,
1460476325,1460476260,0,132756366,,,,residential,False,True,32.51618857859885,0.0,0.0,0.0,Rua da Escola,,,,,,,,,,,,
1460476378,13319159129,0,132756408,,,,residential,False,True,27.45685968748483,0.0,0.0,0.0,Travessa de Passos,,,,,,,,,,,,
1460476441,1460476698,0,132756402,,,,residential,False,False,82.49537134827142,0.0,0.0,0.0,Rua Dom Manuel,,,,,,,,,,,,
1460476441,1460476322,0,222180985,,sett,,residential,False,False,79.51214173334402,0.0,0.0,0.0,Rua do Norte,,,,,,,,,,,,
1460476441,1428182493,0,222180985,,sett,,residential,False,True,94.12659870695744,0.0,0.0,0.0,Rua do Norte,,,,,,,,,,,,
1460476446,1460476147,0,132756352,,,,residential,False,False,214.2849401119128,0.009333367053025177,0.009333367053025177,2.0,Rua de Passos,,,,,,,,,,,,
1460476446,1460476695,0,132756352,,,,residential,False,True,127.30701171378931,-0.00785502688766423,0.00785502688766423,-1.0,Rua de Passos,,,,,,,,,,,,
1460476446,1460476705,0,132756406,,,,residential,False,False,90.3208688497477,-0.0996447456121337,0.0996447456121337,-9.0,,,,,,,,,,,,,
1460476472,1460476782,0,"[132756432, 1452413963]",,,,"['residential', 'track']",False,False,204.32203607149873,0.02447117352653212,0.02447117352653212,5.0,,,,,,,,,,,,,
1460476472,1460476690,0,915863671,,,,residential,False,False,31.809996073712426,0.2200566131406962,0.2200566131406962,7.0,,,,,,,,,,,,,
1460476472,1460476284,0,"[915863672, 132756317, 915863671]",,,,residential,False,True,86.86723968084033,0.0,0.0,0.0,Rua de Passos,,,,,yes,,,,,,,
1460476690,1487707280,0,135458012,,,,track,False,False,19.04833915278561,0.0,0.0,0.0,,,,,,,,,,,,,
1460476690,1487707051,0,135458004,,paving_stones,,residential,False,True,88.3010429020975,0.0,0.0,0.0,Rua das Pedras,,,,,,,,,,,,
1460476690,1460476472,0,915863671,,,,residential,False,True,31.809996073712426,-0.2200566131406962,0.2200566131406962,-7.0,,,,,,,,,,,,,
1460476690,1487707367,0,1351568429,,paving_stones,,residential,False,False,218.866504195603,0.0,0.0,0.0,Rua do Pinheiro,,,,,,,,,,,,
1460476695,1460476703,0,132756389,,,,residential,False,True,55.30456090487755,0.0,0.0,0.0,Rua Padre Joaquim Ferreira,,,,,,,,,,,,
1460476695,1460476446,0,132756352,,,,residential,False,False,127.30701171378931,0.00785502688766423,0.00785502688766423,1.0,Rua de Passos,,,,,,,,,,,,
1460476695,1460394654,0,132756352,,,,residential,False,True,37.505626216224314,0.05332533280393097,0.05332533280393097,2.0,Rua de Passos,,,,,,,,,,,,
1460476698,1460476708,0,132756402,,,,residential,False,False,17.535086726236642,0.0,0.0,0.0,Rua Dom Manuel,,,,,,,,,,,,
1460476698,1460476441,0,132756402,,,,residential,False,True,82.49537134827142,0.0,0.0,0.0,Rua Dom Manuel,,,,,,,,,,,,
1460476698,1460476768,0,132756392,,,,residential,False,True,102.31709631649939,0.0,0.0,0.0,Praceta D. Manuel,,,,,,,,,,,,
1460476703,1460476695,0,132756389,,,,residential,False,False,55.30456090487755,0.0,0.0,0.0,Rua Padre Joaquim Ferreira,,,,,,,,,,,,
1460476703,1460394662,0,132756389,,,,residential,False,True,61.61153434096628,0.0,0.0,0.0,Rua Padre Joaquim Ferreira,,,,,,,,,,,,
1460476703,1460476706,0,132756390,,,,service,False,False,96.0936400505134,-0.08325212777655891,0.08325212777655891,-8.0,,,,,,,,,,,,,
1460476705,1460476446,0,132756406,,,,residential,False,True,90.3208688497477,0.0996447456121337,0.0996447456121337,9.0,,,,,,,,,,,,,
1460476706,1460476703,0,132756390,,,,service,False,True,96.09364005051339,0.08325212777655892,0.08325212777655892,8.0,,,,,,,,,,,,,
1460476708,1460476768,0,132756402,,,,residential,False,False,22.091264803800566,0.0,0.0,0.0,Rua Dom Manuel,,,,,,,,,,,,
1460476708,1460476698,0,132756402,,,,residential,False,True,17.535086726236642,0.0,0.0,0.0,Rua Dom Manuel,,,,,,,,,,,,
1460476708,1460476709,0,1485415584,,,,residential,False,True,58.11065858215317,-0.017208547010119722,0.017208547010119722,-1.0,Rua Diogo Cão,,,,,,,,,,,,
1460476709,1460476322,0,132756339,,,,residential,False,False,140.40331946281904,0.007122338729782064,0.007122338729782064,1.0,Rua Infante Dom Duarte,,,,,,,,,,,,
1460476709,1460476708,0,1485415584,,,,residential,False,False,58.11065858215317,0.017208547010119722,0.017208547010119722,1.0,Rua Diogo Cão,,,,,,,,,,,,
1460476709,1460476280,0,"[1485415584, 132756393]",,,,residential,False,True,212.16682365636228,0.004713272239111512,0.004713272239111512,1.0,"['Rua Infante Dom Fernando', 'Rua Diogo Cão']",,,,,,,,,,,,
1460476768,1460476784,0,132756402,,,,residential,False,False,55.72502182117229,0.0,0.0,0.0,Rua Dom Manuel,,,,,,,,,,,,
1460476768,1460476708,0,132756402,,,,residential,False,True,22.091264803800566,0.0,0.0,0.0,Rua Dom Manuel,,,,,,,,,,,,
1460476768,1460476698,0,132756392,,,,residential,False,False,102.31709631649937,0.0,0.0,0.0,Praceta D. Manuel,,,,,,,,,,,,
1460476780,1460476783,0,132756407,,,,residential,False,False,124.06312244974083,0.0,0.0,0.0,Rua dos Navegadores,,,,,,,,,,,,
1460476780,1460476982,0,132756427,,,,residential,False,False,69.76430745744861,0.0,0.0,0.0,Rua de Sagres,50,,,,,,,,,,,
1460476780,2298905797,0,132756427,,,,residential,False,True,60.646771779320865,0.0,0.0,0.0,Rua de Sagres,50,,,,,,,,,,,
1460476782,1460476472,0,"[132756432, 1452413963]",,,,"['residential', 'track']",False,True,204.3220360714987,-0.02447117352653212,0.02447117352653212,-5.0,,,,,,,,,,,,,
1460476783,1460476987,0,132756341,,,,residential,False,True,66.26385508055566,0.0,0.0,0.0,Rua Gil Eanes,,,,,,,,,,,,
1460476783,1460476784,0,132756407,,,,residential,False,False,25.541465120671194,0.03915202183099046,0.03915202183099046,1.0,Rua dos Navegadores,,,,,,,,,,,,
1460476783,1460476780,0,132756407,,,,residential,False,True,124.06312244974083,0.0,0.0,0.0,Rua dos Navegadores,,,,,,,,,,,,
1460476784,1460476768,0,132756402,,,,residential,False,True,55.72502182117229,0.0,0.0,0.0,Rua Dom Manuel,,,,,,,,,,,,
1460476784,1428182510,0,132756407,,,,residential,False,False,105.7069232032713,0.0,0.0,0.0,Rua dos Navegadores,,,,,,,,,,,,
1460476784,1460476783,0,132756407,,,,residential,False,True,25.541465120671194,-0.03915202183099046,0.03915202183099046,-1.0,Rua dos Navegadores,,,,,,,,,,,,
1460476864,6975637943,0,132756322,,,,residential,False,False,172.7093923178596,-0.011580146123837547,0.011580146123837547,-2.0,Rua do Salgueiral,,,,,,,,,,,,
1460476864,1428182575,0,132756322,,,,residential,False,True,287.8515208858841,-0.006948026516743263,0.006948026516743263,-2.0,Rua do Salgueiral,,,,,,,,,,,,
1460476864,13092926521,0,1424450736,,,,track,False,False,263.0161599414972,0.007604095506697614,0.007604095506697614,2.0,,,,,,,,,,,,,
1460476866,1428182581,0,129447255,,sett,,residential,False,True,390.39356994527554,0.0076845527973745395,0.0076845527973745395,3.0,Rua da Moimenta,,,,,,,,,,,,
1460476866,1460476177,0,132756436,,sett,,residential,False,False,311.91515216319056,0.009618000213181158,0.009618000213181158,3.0,Rua Nova,,,,,,,,,,,,
1460476866,1428182506,0,222180985,,sett,,residential,False,False,77.5005320571165,0.0,0.0,0.0,Rua do Norte,,,,,,,,,,,,
1460476887,1460477053,0,132756336,,,,residential,False,False,64.06915394302608,-0.09364880961805021,0.09364880961805021,-6.0,Rua Fernão Magalhães,,,,,,,,,,,,
1460476887,1460476985,0,132756407,,,,residential,False,False,117.48126308127861,0.034047982589637524,0.034047982589637524,4.0,Rua dos Navegadores,,,,,,,,,,,,
1460476887,1428182510,0,132756407,,,,residential,False,True,149.2924621372228,-0.033491309128549494,0.033491309128549494,-5.0,Rua dos Navegadores,,,,,,,,,,,,
1460476982,1460476780,0,132756427,,,,residential,False,True,69.76430745744861,0.0,0.0,0.0,Rua de Sagres,50,,,,,,,,,,,
1460476982,2298905780,0,910469232,,,,residential,False,False,38.22711176651464,0.0,0.0,0.0,Avenida Marginal (Norte),50,,,,,,,,,,,
1460476982,1460476983,0,1318362554,,,,residential,False,False,25.03071754520786,0.0,0.0,0.0,Rua Infante Dom Henrique,,,,,,,,,,,,
1460476983,1460477070,0,132756367,,,,residential,False,False,64.971392632487,-0.06156555736193224,0.06156555736193224,-4.0,Rua Gonçalo Zarco,,,,,,,,,,,,
1460476983,1460476987,0,1318362554,,,,residential,False,False,90.30735467795229,0.0,0.0,0.0,Rua Infante Dom Henrique,,,,,,,,,,,,
1460476983,1460476982,0,1318362554,,,,residential,False,True,25.03071754520786,0.0,0.0,0.0,Rua Infante Dom Henrique,,,,,,,,,,,,
1460476985,1460476887,0,132756407,,,,residential,False,True,117.48126308127861,-0.034047982589637524,0.034047982589637524,-4.0,Rua dos Navegadores,,,,,,,,,,,,
1460476985,1428182506,0,132756409,,,,residential,False,True,56.167622239067086,0.0,0.0,0.0,Rua Fieiro d'Agra,,,,,,,,,,,,
1460476985,1460477066,0,132756409,,,,residential,False,False,62.45001328552708,-0.048038420524968185,0.048038420524968185,-3.0,Rua Fieiro d'Agra,,,,,,,,,,,,
1460476987,1460476783,0,132756341,,,,residential,False,False,66.26385508055566,0.0,0.0,0.0,Rua Gil Eanes,,,,,,,,,,,,
1460476987,1460476988,0,1318362554,,,,residential,False,False,59.00271791196561,0.01694837179351703,0.01694837179351703,1.0,Rua Infante Dom Henrique,,,,,,,,,,,,
1460476987,1460476983,0,1318362554,,,,residential,False,True,90.30735467795229,0.0,0.0,0.0,Rua Infante Dom Henrique,,,,,,,,,,,,
1460476988,1460477093,0,132756345,,,,residential,False,False,64.38662822474996,-0.04659352543711572,0.04659352543711572,-3.0,,,,,,,,,,,,,
1460476988,1428182531,0,132756413,,,,residential,False,False,86.26231774579954,0.0,0.0,0.0,Rua Infante Dom Henrique,,,,,,,,,,,,
1460476988,1460476987,0,1318362554,,,,residential,False,True,59.00271791196561,-0.01694837179351703,0.01694837179351703,-1.0,Rua Infante Dom Henrique,,,,,,,,,,,,
1460476990,1460477061,0,135383673,,,,residential,False,True,31.150053864844804,0.12841069287890713,0.12841069287890713,4.0,Rua do Carvalhal,,,,,,,,,,,,
1460476990,13319159211,0,343510661,,sett,EM 531,secondary,False,False,79.47477567638482,-0.08807826056035015,0.08807826056035015,-7.0,Rua da Estação,50,,,,,,,,,,,
1460476990,13319159495,0,343510661,,sett,EM 531,secondary,False,True,38.55754156354738,0.0,0.0,0.0,Rua da Estação,50,,,,,,,,,,,
1460476993,1460477116,0,132756335,,,,residential,False,False,62.76507733168886,0.0,0.0,0.0,Rua Pêro da Covilhã,,,,,,,,,,,,
1460476993,1460477053,0,132756413,,,,residential,False,False,21.078307777606994,0.0,0.0,0.0,Rua Infante Dom Henrique,,,,,,,,,,,,
1460476993,1428182531,0,132756413,,,,residential,False,True,113.6369109944186,0.008799957612796392,0.008799957612796392,1.0,Rua Infante Dom Henrique,,,,,,,,,,,,
1460477053,1460476887,0,132756336,,,,residential,False,True,64.06915394302608,0.09364880961805021,0.09364880961805021,6.0,Rua Fernão Magalhães,,,,,,,,,,,,
1460477053,1460477066,0,132756413,,,,residential,False,False,103.74890590099454,0.06747059103138839,0.06747059103138839,7.0,Rua Infante Dom Henrique,,,,,,,,,,,,
1460477053,1460476993,0,132756413,,,,residential,False,True,21.078307777606994,0.0,0.0,0.0,Rua Infante Dom Henrique,,,,,,,,,,,,
1460477058,1460477061,0,132756340,,,,unclassified,False,True,102.24345218591601,0.11736692906436305,0.11736692906436305,12.0,Travessa do Carvalhal,,,,,,,,,,,,
1460477061,1460477058,0,132756340,,,,unclassified,False,False,102.24345218591601,-0.11736692906436305,0.11736692906436305,-12.0,Travessa do Carvalhal,,,,,,,,,,,,
1460477061,1460476990,0,135383673,,,,residential,False,False,31.150053864844804,-0.12841069287890713,0.12841069287890713,-4.0,Rua do Carvalhal,,,,,,,,,,,,
1460477061,1460477119,0,135383673,,,,residential,False,True,60.61358678470056,0.0,0.0,0.0,Rua do Carvalhal,,,,,,,,,,,,
1460477066,1460477053,0,132756413,,,,residential,False,True,103.74890590099454,-0.06747059103138839,0.06747059103138839,-7.0,Rua Infante Dom Henrique,,,,,,,,,,,,
1460477066,1460477122,0,1318362555,,,,residential,False,False,61.24402599853282,0.0,0.0,0.0,Rua Fieiro d'Agra,,,,,,,,,,,,
1460477066,1460476985,0,132756409,,,,residential,False,True,62.45001328552708,0.048038420524968185,0.048038420524968185,3.0,Rua Fieiro d'Agra,,,,,,,,,,,,
1460477070,1460477115,0,132756367,,,,residential,False,False,35.640773165833025,0.0,0.0,0.0,Rua Gonçalo Zarco,,,,,,,,,,,,
1460477070,1460476983,0,132756367,,,,residential,False,True,64.971392632487,0.06156555736193224,0.06156555736193224,4.0,Rua Gonçalo Zarco,,,,,,,,,,,,
1460477070,1460477093,0,132756403,,,,residential,False,False,140.46775347464788,0.014238143278634888,0.014238143278634888,2.0,Rua dos Descobrimentos,,,,,,,,,,,,
1460477093,1460476988,0,132756345,,,,residential,False,True,64.38662822474996,0.04659352543711572,0.04659352543711572,3.0,,,,,,,,,,,,,
1460477093,1428182555,0,132756403,,,,residential,False,False,99.69524596208855,0.0,0.0,0.0,Rua dos Descobrimentos,,,,,,,,,,,,
1460477093,1460477070,0,132756403,,,,residential,False,True,140.46775347464788,-0.014238143278634888,0.014238143278634888,-2.0,Rua dos Descobrimentos,,,,,,,,,,,,
1460477093,4223264849,0,422577935,,sand,,track,False,True,24.71764850554039,0.0,0.0,0.0,,,,,,,,,,,,,
1460477113,1460477119,0,132756372,,,,residential,False,True,84.60879596412776,0.141829225475419,0.141829225475419,12.0,Rua Professor Guimarães,,,,,,,,,,,,
1460477115,1460477070,0,132756367,,,,residential,False,True,35.640773165833025,0.0,0.0,0.0,Rua Gonçalo Zarco,,,,,,,,,,,,
1460477116,1460476993,0,132756335,,,,residential,False,True,62.76507733168886,0.0,0.0,0.0,Rua Pêro da Covilhã,,,,,,,,,,,,
1460477116,1460477122,0,422574262,,,,residential,False,False,121.2833698297368,0.05771607442823302,0.05771607442823302,7.0,Rua dos Descobrimentos,,,,,,,,,,,,
1460477116,1428182555,0,422574262,,,,residential,False,True,99.61338558857972,-0.020077622983926492,0.020077622983926492,-2.0,Rua dos Descobrimentos,,,,,,,,,,,,
1460477119,1460477113,0,132756372,,,,residential,False,False,84.60879596412776,-0.141829225475419,0.141829225475419,-12.0,Rua Professor Guimarães,,,,,,,,,,,,
1460477119,1460477061,0,135383673,,,,residential,False,False,60.61358678470056,0.0,0.0,0.0,Rua do Carvalhal,,,,,,,,,,,,
1460477119,13319159137,0,135383673,,,,residential,False,True,55.33815717545006,0.0,0.0,0.0,Rua do Carvalhal,,,,,,,,,,,,
1460477122,1460477116,0,422574262,,,,residential,False,True,121.2833698297368,-0.05771607442823302,0.05771607442823302,-7.0,Rua dos Descobrimentos,,,,,,,,,,,,
1460477122,1460477066,0,1318362555,,,,residential,False,True,61.24402599853282,0.0,0.0,0.0,Rua Fieiro d'Agra,,,,,,,,,,,,
1460477122,2297813173,0,422574263,,,,residential,False,False,181.03406584205726,-0.038666755714955515,0.038666755714955515,-7.0,Rua Fieiro d'Agra,,,,,,,,,,,,
1460477127,1460477241,0,132749761,,,,residential,False,False,181.6915773534001,0.08255748680536894,0.08255748680536894,15.0,Rua da Lameira,,,,,,,,,,,,
1460477127,1428182504,0,"[132749761, 915863669, 915863670]",,,,residential,False,True,347.18913224287564,0.025922470389148192,0.025922470389148192,9.0,"['Rua da Lameira', 'Rua da Igreja']",,,,,yes,,,,,,,
1460477127,13319159137,0,1452328989,,,,service,False,False,111.59544297865799,0.10753127260129192,0.10753127260129192,12.0,,,,,,,,,,,,,
1460477136,1486919241,0,135383312,,,,residential,False,True,73.324817720645,0.04091384190588085,0.04091384190588085,3.0,Rua Eça de Queirós,,,,,,,,,,,,
1460477136,1486919232,0,135383348,,,,residential,False,True,71.54854994526605,0.0,0.0,0.0,Rua Eça de Queirós,,,,,,,,,,,,
1460477136,1486919233,0,135383383,,,,residential,False,False,26.18037165821605,0.0,0.0,0.0,Rua Eça de Queirós,,,,,,,,,,,,
1460477201,1460477235,0,132756344,,,,residential,False,False,17.390776210462846,-0.11500349241437172,0.11500349241437172,-2.0,,,,,,,,,,,,,
1460477201,1460477207,0,132756405,,,,residential,False,False,10.401703164576732,0.0,0.0,0.0,Travessa da Moimenta,,,,,,,,,,,,
1460477201,1428182581,0,132756405,,,,residential,False,True,50.85296756877221,0.058993607323759016,0.058993607323759016,3.0,Travessa da Moimenta,,,,,,,,,,,,
1460477207,1460477201,0,132756405,,,,residential,False,True,10.401703164576732,0.0,0.0,0.0,Travessa da Moimenta,,,,,,,,,,,,
1460477235,1460477201,0,132756344,,,,residential,False,True,17.390776210462846,0.11500349241437172,0.11500349241437172,2.0,,,,,,,,,,,,,
1460477237,1428182577,0,132756360,,,,residential,False,True,60.221136238635495,0.08302732748493374,0.08302732748493374,5.0,,,,,,,,,,,,,
1460477241,1460477127,0,132749761,,,,residential,False,True,181.69157735340013,-0.08255748680536892,0.08255748680536892,-15.0,Rua da Lameira,,,,,,,,,,,,
1460477241,1460477442,0,132756325,2,paving_stones,,residential,False,True,143.69301534448377,-0.0069592805022752205,0.0069592805022752205,-1.0,Rua do Outeiro,,,,,,,,,,,,
1460477241,13319159137,0,135383673,,,,residential,False,False,152.14790027649846,-0.01971765627095805,0.01971765627095805,-3.0,Rua do Carvalhal,,,,,,,,,,,,
1460477241,1486919241,0,"[1351568424, 135383681]",,paving_stones,,residential,False,False,279.66213915836954,0.010727229681602104,0.010727229681602104,3.0,Travessa do Outeiro,,,,,,,,,,,,
1460477442,1460477241,0,132756325,2,paving_stones,,residential,False,False,143.6930153444838,0.00695928050227522,0.00695928050227522,1.0,Rua do Outeiro,,,,,,,,,,,,
1460477442,1486919263,0,132756325,2,paving_stones,,residential,False,True,286.12774909166313,0.0,0.0,0.0,Rua do Outeiro,,,,,,,,,,,,
1460477442,3566908795,0,350968944,,,,residential,False,True,241.82041225747633,-0.020676501017111368,0.020676501017111368,-5.0,Rua Saul Dias,,,,,,,,,,,,
1486919210,13319159116,0,135383435,,,,unclassified,False,True,46.79478222103471,0.0,0.0,0.0,Rua 25 de Abril,,,,,,,,,,,,
1486919212,13319159116,0,135383435,,,,unclassified,False,False,46.396457355604134,0.0,0.0,0.0,Rua 25 de Abril,,,,,,,,,,,,
1486919212,13319159495,0,343510661,,sett,EM 531,secondary,False,False,4.420859443723545,0.0,0.0,0.0,Rua da Estação,50,,,,,,,,,,,
1486919212,6432885405,0,343510661,,sett,EM 531,secondary,False,True,109.69642144306034,0.04558033830297125,0.04558033830297125,5.0,Rua da Estação,50,,,,,,,,,,,
1486919213,6432885388,0,135383671,2,paving_stones,,residential,False,False,18.64380261291152,0.0,0.0,0.0,Rua Eça de Queirós,,,,,,,,,,,,
1486919213,1460394768,0,222180813,,asphalt,EN 13-2,secondary,False,True,104.84489581984751,0.0,0.0,0.0,Rua da Estação,50,,,,,,,,,,,
1486919213,6432885405,0,343510661,,sett,EM 531,secondary,False,False,17.682038864294697,-0.11310912815821232,0.11310912815821232,-2.0,Rua da Estação,50,,,,,,,,,,,
1486919218,1486919220,0,135383506,,,,service,False,False,20.95548516176804,0.0,0.0,0.0,,,,,,,parking_aisle,,,,,,
1486919218,6432885387,0,135383671,2,paving_stones,,residential,False,False,5.103592824721242,0.0,0.0,0.0,Rua Eça de Queirós,,,,,,,,,,,,
1486919218,6432885388,0,135383671,2,paving_stones,,residential,False,True,80.06583869261165,0.0,0.0,0.0,Rua Eça de Queirós,,,,,,,,,,,,
1486919220,1486919218,0,135383506,,,,service,False,True,20.95548516176804,0.0,0.0,0.0,,,,,,,parking_aisle,,,,,,
1486919220,1486919220,0,135383506,,,,service,False,False,158.55041630353494,0.0,0.0,0.0,,,,,,,parking_aisle,,,,,,
1486919220,1486919220,1,135383506,,,,service,False,True,158.55041630353494,0.0,0.0,0.0,,,,,,,parking_aisle,,,,,,
1486919232,1486919239,0,135383307,,,,residential,False,False,60.19988090312057,0.04983398563242821,0.04983398563242821,3.0,,,,,,,,,,,,,
1486919232,1460477136,0,135383348,,,,residential,False,False,71.54854994526605,0.0,0.0,0.0,Rua Eça de Queirós,,,,,,,,,,,,
1486919232,6432885387,0,135383671,2,paving_stones,,residential,False,True,179.2204875027361,0.0,0.0,0.0,Rua Eça de Queirós,,,,,,,,,,,,
1486919233,1460477136,0,135383383,,,,residential,False,True,26.18037165821605,0.0,0.0,0.0,Rua Eça de Queirós,,,,,,,,,,,,
1486919233,1486919244,0,135383301,,asphalt,,residential,False,False,285.6789760488532,0.02100259558118115,0.02100259558118115,6.0,Rua José Régio,,,,,,,,,,,,
1486919233,1460394769,0,135383507,,,,residential,False,True,178.3434775105126,0.0,0.0,0.0,Rua Eça de Queirós,,,,,,,,,,,,
1486919239,1486919232,0,135383307,,,,residential,False,True,60.19988090312057,-0.04983398563242821,0.04983398563242821,-3.0,,,,,,,,,,,,,
1486919241,1460477136,0,135383312,,,,residential,False,False,73.324817720645,-0.04091384190588085,0.04091384190588085,-3.0,Rua Eça de Queirós,,,,,,,,,,,,
1486919241,1486919244,0,135383501,,,,residential,False,False,227.33168352737454,0.01319657670875758,0.01319657670875758,3.0,Rua Luís Vaz de Camões,,,,,,,,,,,,
1486919241,1460477241,0,"[1351568424, 135383681]",,paving_stones,,residential,False,True,279.66213915836954,-0.010727229681602104,0.010727229681602104,-3.0,Travessa do Outeiro,,,,,,,,,,,,
1486919244,1486919245,0,135383301,,asphalt,,residential,False,False,65.43454713917308,0.0,0.0,0.0,Rua José Régio,,,,,,,,,,,,
1486919244,1486919233,0,135383301,,asphalt,,residential,False,True,285.67897604885314,-0.021002595581181154,0.021002595581181154,-6.0,Rua José Régio,,,,,,,,,,,,
1486919244,1486919241,0,135383501,,,,residential,False,True,227.3316835273746,-0.013196576708757577,0.013196576708757577,-3.0,Rua Luís Vaz de Camões,,,,,,,,,,,,
1486919245,1486919244,0,135383301,,asphalt,,residential,False,True,65.43454713917308,0.0,0.0,0.0,Rua José Régio,,,,,,,,,,,,
1486919245,7752766520,0,135383301,,asphalt,,residential,False,False,119.29509470001129,0.09220831776580131,0.09220831776580131,11.0,Rua José Régio,,,,,,,,,,,,
1486919245,13311375773,0,"[1451396088, 1451396087]",,,,"['service', 'track']",False,False,110.9182205830583,0.0,0.0,0.0,,,,,,,driveway,,,,,,
1486919246,1428182605,0,1362820034,,sett,CM 1061,tertiary,False,False,35.16631659457205,0.0,0.0,0.0,Rua da Estrada Velha,30,,,intermediate,,,,,,,,
1486919246,13319870741,0,135383678,,sett,,residential,False,False,141.89467649592518,0.02114244222605597,0.02114244222605597,3.0,Rua da Gândara Nova,,,,,,,,,,,,
1486919246,8514504765,0,1362820034,,sett,CM 1061,tertiary,False,True,131.55942241487728,-0.015202255857379257,0.015202255857379257,-2.0,Rua da Estrada Velha,30,,,intermediate,,,,,,,,
1486919256,7752766520,0,135383301,,asphalt,,residential,False,True,13.581278217051775,0.0,0.0,0.0,Rua José Régio,,,,,,,,,,,,
1486919256,269535108,0,219535125,2,asphalt,EN 13,primary,False,False,22.355345253553992,0.0,0.0,0.0,,,roundabout,,,,,,,,,,
1486919256,269535105,0,219535125,2,asphalt,EN 13,primary,False,True,12.142960835684743,0.0,0.0,0.0,,,roundabout,,,,,,,,,,
1486919261,1486919262,0,135383683,,,,track,False,True,19.55394068410675,0.0,0.0,0.0,,,,,,,,,no,,,,
1486919261,1486919291,0,135383683,,,,track,False,False,239.15936573611373,0.07944493388966598,0.07944493388966598,19.0,,,,,,,,,no,,,,
1486919261,13319870741,0,1452413991,,,,track,False,True,81.12283206905903,0.0,0.0,0.0,,,,,,,,,,,,,
1486919262,1486919261,0,135383683,,,,track,False,False,19.55394068410675,0.0,0.0,0.0,,,,,,,,,no,,,,
1486919262,1486919318,0,"[1163052250, 135383678]",,sett,,"['residential', 'track']",False,False,277.27949458576074,0.09016173387559195,0.09016173387559195,25.0,Rua da Gândara Nova,,,,,,,,,,,,
1486919262,13319870741,0,135383678,,sett,,residential,False,True,77.49041274467123,0.0,0.0,0.0,Rua da Gândara Nova,,,,,,,,,,,,
1486919263,1460477442,0,132756325,2,paving_stones,,residential,False,False,286.1277490916631,0.0,0.0,0.0,Rua do Outeiro,,,,,,,,,,,,
1486919263,1486919277,0,221238146,2,paving_stones,,tertiary,False,False,151.59600450641335,0.013192959844237774,0.013192959844237774,2.0,,,,,,,,,,,,,
1486919263,13658524551,0,221238146,2,paving_stones,,tertiary,False,True,308.6467774284106,-0.05183919344082942,0.05183919344082942,-16.0,,,,,,,,,,,,,
1486919263,6432885371,0,1452413992,,,,unclassified,False,True,141.05350051709098,0.056716068517779654,0.056716068517779654,8.0,,,,,,,,,no,,,,
1486919271,8449223833,0,686320163,,,,footway,False,True,6.5811343282298145,0.0,0.0,0.0,,,,,,,,,,,,,
1486919271,1486919282,0,1163052249,2,paving_stones,,unclassified,False,False,76.52312950761534,0.0,0.0,0.0,,,,,,,,,,,,,
1486919271,7656150104,0,1163052249,2,paving_stones,,unclassified,False,True,32.35737372380361,0.0,0.0,0.0,,,,,,,,,,,,,
1486919277,1486919287,0,221238146,2,paving_stones,,tertiary,False,False,75.23647432841892,0.0,0.0,0.0,,,,,,,,,,,,,
1486919277,1486919263,0,221238146,2,paving_stones,,tertiary,False,True,151.59600450641332,-0.013192959844237778,0.013192959844237778,-2.0,,,,,,,,,,,,,
1486919277,7656150104,0,1163052249,2,paving_stones,,unclassified,False,False,37.118269653869184,0.0,0.0,0.0,,,,,,,,,,,,,
1486919282,8449223812,0,686320160,,,,footway,False,False,4.3320776113532204,0.0,0.0,0.0,,,,,,,,,,,,,
1486919282,7656150103,0,1163052249,2,paving_stones,,unclassified,False,False,34.99118026347147,0.0,0.0,0.0,,,,,,,,,,,,,
1486919282,1486919271,0,1163052249,2,paving_stones,,unclassified,False,True,76.52312950761532,0.0,0.0,0.0,,,,,,,,,,,,,
1486919286,1486919293,0,135383405,,,,service,False,False,61.984577856790644,-0.061915474267528345,0.061915474267528345,-6.0,,,,,,,parking_aisle,,,,,,
1486919286,1486919293,1,135383484,,,,service,False,False,96.90630768771658,-0.061915474267528345,0.061915474267528345,-6.0,,,,,,,parking_aisle,,,,,,
1486919286,1486919290,0,135383484,,,,service,False,True,15.995884684690132,0.0,0.0,0.0,,,,,,,parking_aisle,,,,,,
1486919287,1486919288,0,135383433,2,asphalt,,tertiary,False,False,15.339334200286824,0.0,0.0,0.0,,,,,,,,,,,,,
1486919287,7656150103,0,1163052249,2,paving_stones,,unclassified,False,True,36.999244902606655,0.0,0.0,0.0,,,,,,,,,,,,,
1486919287,1486919277,0,221238146,2,paving_stones,,tertiary,False,True,75.23647432841894,0.0,0.0,0.0,,,,,,,,,,,,,
1486919288,1486919292,0,135383433,2,asphalt,,tertiary,False,False,24.329436489789256,0.0,0.0,0.0,,,,,,,,,,,,,
1486919288,1486919287,0,135383433,2,asphalt,,tertiary,False,True,15.339334200286824,0.0,0.0,0.0,,,,,,,,,,,,,
1486919288,8449223815,0,135383484,,,,service,False,False,4.187069805031554,0.0,0.0,0.0,,,,,,,parking_aisle,,,,,,
1486919290,1486919295,0,135383365,,,,service,False,False,61.974629564094265,-0.09681380981543085,0.09681380981543085,-6.0,,,,,,,parking_aisle,,,,,,
1486919290,1486919286,0,135383484,,,,service,False,False,15.995884684690132,0.0,0.0,0.0,,,,,,,parking_aisle,,,,,,
1486919290,1486919294,0,135383484,,,,service,False,True,16.921137928862883,0.0,0.0,0.0,,,,,,,parking_aisle,,,,,,
1486919291,1486919318,0,135383504,,,,track,False,True,201.00057394950863,0.029850661030983924,0.029850661030983924,6.0,,,,,,,,,,,,,
1486919291,1486919301,0,135383683,,,,track,False,False,74.6927581851044,0.0,0.0,0.0,,,,,,,,,no,,,,
1486919291,1486919261,0,135383683,,,,track,False,True,239.15936573611373,-0.07944493388966598,0.07944493388966598,-19.0,,,,,,,,,no,,,,
1486919292,1486919310,0,135383433,2,asphalt,,tertiary,False,False,197.02784402986484,0.020301699080631938,0.020301699080631938,4.0,,,,,,,,,,,,,
1486919292,1486919288,0,135383433,2,asphalt,,tertiary,False,True,24.329436489789256,0.0,0.0,0.0,,,,,,,,,,,,,
1486919292,8449223813,0,135383452,,,,service,False,False,4.797127290200225,0.0,0.0,0.0,,,,,,,,,,,,,
1486919293,1486919286,0,135383405,,,,service,False,True,61.984577856790644,0.061915474267528345,0.061915474267528345,6.0,,,,,,,parking_aisle,,,,,,
1486919293,1486919286,1,135383484,,,,service,False,True,96.90630768771658,0.061915474267528345,0.061915474267528345,6.0,,,,,,,parking_aisle,,,,,,
1486919293,1486919295,0,135383484,,,,service,False,False,16.51814375324897,0.0,0.0,0.0,,,,,,,parking_aisle,,,,,,
1486919294,1486919300,0,135383334,,,,service,False,False,81.08218249919801,-0.0739989947860536,0.0739989947860536,-6.0,,,,,,,parking_aisle,,,,,,
1486919294,1486919290,0,135383484,,,,service,False,False,16.921137928862883,0.0,0.0,0.0,,,,,,,parking_aisle,,,,,,
1486919294,1486919296,0,135383484,,,,service,False,True,18.660800983064068,0.0,0.0,0.0,,,,,,,parking_aisle,,,,,,
1486919295,1486919290,0,135383365,,,,service,False,True,61.974629564094265,0.09681380981543085,0.09681380981543085,6.0,,,,,,,parking_aisle,,,,,,
1486919295,1486919297,0,135383484,,,,service,False,False,18.675979457883805,0.0,0.0,0.0,,,,,,,parking_aisle,,,,,,
1486919295,1486919293,0,135383484,,,,service,False,True,16.51814375324897,0.0,0.0,0.0,,,,,,,parking_aisle,,,,,,
1486919296,1486919306,0,135383429,,,,service,False,False,81.09508047529802,-0.07398722542519248,0.07398722542519248,-6.0,,,,,,,parking_aisle,,,,,,
1486919296,1486919294,0,135383484,,,,service,False,False,18.660800983064068,0.0,0.0,0.0,,,,,,,parking_aisle,,,,,,
1486919296,1486919298,0,135383484,,,,service,False,True,16.761923065592242,0.0,0.0,0.0,,,,,,,parking_aisle,,,,,,
1486919297,1486919300,0,135383484,,,,service,False,False,18.326734263441626,0.0,0.0,0.0,,,,,,,parking_aisle,,,,,,
1486919297,8449223815,0,135383484,,,,service,False,True,38.60839912065883,0.0,0.0,0.0,,,,,,,parking_aisle,,,,,,
1486919297,1486919295,0,135383484,,,,service,False,True,18.675979457883805,0.0,0.0,0.0,,,,,,,parking_aisle,,,,,,
1486919298,1486919308,0,135383360,,,,service,False,False,81.09494663993327,-0.07398734753030152,0.07398734753030152,-6.0,,,,,,,parking_aisle,,,,,,
1486919298,1486919296,0,135383484,,,,service,False,False,16.761923065592242,0.0,0.0,0.0,,,,,,,parking_aisle,,,,,,
1486919298,1486919303,0,135383484,,,,service,False,True,17.96933884062115,0.0,0.0,0.0,,,,,,,parking_aisle,,,,,,
1486919300,1486919294,0,135383334,,,,service,False,True,81.08218249919801,0.0739989947860536,0.0739989947860536,6.0,,,,,,,parking_aisle,,,,,,
1486919300,1486919306,0,135383484,,,,service,False,False,18.778994972683428,0.0,0.0,0.0,,,,,,,parking_aisle,,,,,,
1486919300,1486919297,0,135383484,,,,service,False,True,18.326734263441626,0.0,0.0,0.0,,,,,,,parking_aisle,,,,,,
1486919301,1486919291,0,135383683,,,,track,False,True,74.6927581851044,0.0,0.0,0.0,,,,,,,,,no,,,,
1486919301,1486919467,0,135383499,,,,track,False,False,344.25948591828603,0.023238284861376027,0.023238284861376027,8.0,,,,,,,,,,,,,
1486919301,6432885371,0,1452413992,,,,unclassified,False,False,128.76114714236766,0.0,0.0,0.0,,,,,,,,,no,,,,
1486919302,1486919343,0,135383452,,,,service,False,False,201.77068087315246,0.0049561214526934756,0.0049561214526934756,1.0,,,,,,,,,,,,,
1486919302,8449223813,0,135383452,,,,service,False,True,49.581739521108254,0.0,0.0,0.0,,,,,,,,,,,,,
1486919303,1486919311,0,135383354,,,,service,False,False,81.12362396529544,-0.07396119288959269,0.07396119288959269,-6.0,,,,,,,parking_aisle,,,,,,
1486919303,1486919298,0,135383484,,,,service,False,False,17.96933884062115,0.0,0.0,0.0,,,,,,,parking_aisle,,,,,,
1486919303,1486919307,0,135383484,,,,service,False,True,15.025924442779361,0.0,0.0,0.0,,,,,,,parking_aisle,,,,,,
1486919306,1486919296,0,135383429,,,,service,False,True,81.09508047529802,0.07398722542519248,0.07398722542519248,6.0,,,,,,,parking_aisle,,,,,,
1486919306,1486919308,0,135383484,,,,service,False,False,16.76190654837824,0.0,0.0,0.0,,,,,,,parking_aisle,,,,,,
1486919306,1486919300,0,135383484,,,,service,False,True,18.778994972683428,0.0,0.0,0.0,,,,,,,parking_aisle,,,,,,
1486919307,1486919320,0,135383378,,,,service,False,False,81.09354900349102,-0.024662874230771445,0.024662874230771445,-2.0,,,,,,,parking_aisle,,,,,,
1486919307,1486919303,0,135383484,,,,service,False,False,15.025924442779361,0.0,0.0,0.0,,,,,,,parking_aisle,,,,,,
1486919307,1486919309,0,135383484,,,,service,False,True,19.365879907490818,0.0,0.0,0.0,,,,,,,parking_aisle,,,,,,
1486919308,1486919298,0,135383360,,,,service,False,True,81.09494663993327,0.07398734753030152,0.07398734753030152,6.0,,,,,,,parking_aisle,,,,,,
1486919308,1486919311,0,135383484,,,,service,False,False,14.866716050076493,0.0,0.0,0.0,,,,,,,parking_aisle,,,,,,
1486919308,1486919306,0,135383484,,,,service,False,True,16.76190654837824,0.0,0.0,0.0,,,,,,,parking_aisle,,,,,,
1486919309,1486919324,0,135383427,,,,service,False,False,81.11190333951897,-0.02465729341387023,0.02465729341387023,-2.0,,,,,,,parking_aisle,,,,,,
1486919309,1486919307,0,135383484,,,,service,False,False,19.365879907490818,0.0,0.0,0.0,,,,,,,parking_aisle,,,,,,
1486919309,1486919319,0,135383484,,,,service,False,True,16.40619249249984,-0.30476297302288574,0.30476297302288574,-5.0,,,,,,,parking_aisle,,,,,,
1486919310,1486919292,0,135383433,2,asphalt,,tertiary,False,True,197.02784402986484,-0.020301699080631938,0.020301699080631938,-4.0,,,,,,,,,,,,,
1486919310,7656099891,0,135383455,,,,service,False,False,5.638771239846494,0.0,0.0,0.0,,,,,,,,,,,,,
1486919311,1486919303,0,135383354,,,,service,False,True,81.12362396529544,0.07396119288959269,0.07396119288959269,6.0,,,,,,,parking_aisle,,,,,,
1486919311,1486919320,0,135383484,,,,service,False,False,17.45702370364484,0.22913413351010362,0.22913413351010362,4.0,,,,,,,parking_aisle,,,,,,
1486919311,1486919308,0,135383484,,,,service,False,True,14.866716050076493,0.0,0.0,0.0,,,,,,,parking_aisle,,,,,,
1486919318,1486919291,0,135383504,,,,track,False,False,201.00057394950863,-0.029850661030983924,0.029850661030983924,-6.0,,,,,,,,,,,,,
1486919318,1486919326,0,135383504,,,,track,False,True,188.80203414059454,-0.015889659312494486,0.015889659312494486,-3.0,,,,,,,,,,,,,
1486919318,1486919262,0,"[1163052250, 135383678]",,sett,,"['residential', 'track']",False,True,277.27949458576074,-0.09016173387559195,0.09016173387559195,-25.0,Rua da Gândara Nova,,,,,,,,,,,,
1486919319,1486919329,0,135383356,,,,service,False,False,81.1164402340991,0.03698387147342892,0.03698387147342892,3.0,,,,,,,parking_aisle,,,,,,
1486919319,1486919309,0,135383484,,,,service,False,False,16.40619249249984,0.30476297302288574,0.30476297302288574,5.0,,,,,,,parking_aisle,,,,,,
1486919319,1486919322,0,135383484,,,,service,False,True,16.25328325437843,0.0,0.0,0.0,,,,,,,parking_aisle,,,,,,
1486919320,1486919307,0,135383378,,,,service,False,True,81.09354900349102,0.024662874230771445,0.024662874230771445,2.0,,,,,,,parking_aisle,,,,,,
1486919320,1486919324,0,135383484,,,,service,False,False,17.602553916732056,0.0,0.0,0.0,,,,,,,parking_aisle,,,,,,
1486919320,1486919311,0,135383484,,,,service,False,True,17.45702370364484,-0.22913413351010362,0.22913413351010362,-4.0,,,,,,,parking_aisle,,,,,,
1486919322,1486919332,0,135383410,,,,service,False,False,81.10018972173998,0.03699128214487777,0.03699128214487777,3.0,,,,,,,parking_aisle,,,,,,
1486919322,1486919319,0,135383484,,,,service,False,False,16.25328325437843,0.0,0.0,0.0,,,,,,,parking_aisle,,,,,,
1486919322,1486919327,0,135383484,,,,service,False,True,16.92476387384537,0.0,0.0,0.0,,,,,,,parking_aisle,,,,,,
1486919324,1486919309,0,135383427,,,,service,False,True,81.11190333951897,0.02465729341387023,0.02465729341387023,2.0,,,,,,,parking_aisle,,,,,,
1486919324,1486919329,0,135383484,,,,service,False,False,16.31790432876156,0.0,0.0,0.0,,,,,,,parking_aisle,,,,,,
1486919324,1486919320,0,135383484,,,,service,False,True,17.602553916732056,0.0,0.0,0.0,,,,,,,parking_aisle,,,,,,
1486919326,1486919318,0,135383504,,,,track,False,False,188.80203414059454,0.015889659312494486,0.015889659312494486,3.0,,,,,,,,,,,,,
1486919326,13658425879,0,1362820038,,sett,CM 1061,tertiary,False,False,211.38874407755605,0.004730620849107802,0.004730620849107802,1.0,Rua da Estrada Velha,,,,intermediate,,,,,,,,
1486919327,1486919334,0,135383351,,,,service,False,False,81.10556044806866,0.0,0.0,0.0,,,,,,,parking_aisle,,,,,,
1486919327,1486919322,0,135383484,,,,service,False,False,16.92476387384537,0.0,0.0,0.0,,,,,,,parking_aisle,,,,,,
1486919327,1486919331,0,135383484,,,,service,False,True,17.80272760205567,0.0,0.0,0.0,,,,,,,parking_aisle,,,,,,
1486919329,1486919319,0,135383356,,,,service,False,True,81.1164402340991,-0.03698387147342892,0.03698387147342892,-3.0,,,,,,,parking_aisle,,,,,,
1486919329,1486919332,0,135383484,,,,service,False,False,17.4196972600699,0.0,0.0,0.0,,,,,,,parking_aisle,,,,,,
1486919329,1486919324,0,135383484,,,,service,False,True,16.31790432876156,0.0,0.0,0.0,,,,,,,parking_aisle,,,,,,
1486919331,1486919335,0,135383406,,,,service,False,False,81.11228484135705,0.0,0.0,0.0,,,,,,,parking_aisle,,,,,,
1486919331,1486919335,1,135383484,,,,service,False,True,113.89964263188135,0.0,0.0,0.0,,,,,,,parking_aisle,,,,,,
1486919331,1486919327,0,135383484,,,,service,False,False,17.80272760205567,0.0,0.0,0.0,,,,,,,parking_aisle,,,,,,
1486919332,1486919322,0,135383410,,,,service,False,True,81.10018972173998,-0.03699128214487777,0.03699128214487777,-3.0,,,,,,,parking_aisle,,,,,,
1486919332,1486919334,0,135383484,,,,service,False,False,16.514394801342974,-0.18165969967946,0.18165969967946,-3.0,,,,,,,parking_aisle,,,,,,
1486919332,1486919329,0,135383484,,,,service,False,True,17.4196972600699,0.0,0.0,0.0,,,,,,,parking_aisle,,,,,,
1486919334,1486919327,0,135383351,,,,service,False,True,81.10556044806866,0.0,0.0,0.0,,,,,,,parking_aisle,,,,,,
1486919334,1486919335,0,135383484,,,,service,False,False,18.219363868863137,0.0,0.0,0.0,,,,,,,parking_aisle,,,,,,
1486919334,1486919332,0,135383484,,,,service,False,True,16.514394801342974,0.18165969967946,0.18165969967946,3.0,,,,,,,parking_aisle,,,,,,
1486919335,1486919331,0,135383406,,,,service,False,True,81.11228484135705,0.0,0.0,0.0,,,,,,,parking_aisle,,,,,,
1486919335,1486919331,1,135383484,,,,service,False,False,113.89964263188135,0.0,0.0,0.0,,,,,,,parking_aisle,,,,,,
1486919335,1486919334,0,135383484,,,,service,False,True,18.219363868863137,0.0,0.0,0.0,,,,,,,parking_aisle,,,,,,
1486919343,1486919302,0,135383452,,,,service,False,True,201.77068087315246,-0.0049561214526934756,0.0049561214526934756,-1.0,,,,,,,,,,,,,
1486919343,11821884998,0,1273063430,,,,service,False,True,20.97146575678268,0.0,0.0,0.0,,,,,,,,,,,,,
1486919467,1486919301,0,135383499,,,,track,False,True,344.25948591828603,-0.023238284861376027,0.023238284861376027,-8.0,,,,,,,,,,,,,
1487705416,1487705422,0,219535399,2,asphalt,EN 13,primary,False,False,23.60989410596899,0.0,0.0,0.0,,50,roundabout,no,,,,,,,,,
1487705416,914326685,0,219535399,2,asphalt,EN 13,primary,False,True,7.858616047896771,0.0,0.0,0.0,,50,roundabout,no,,,,,,,,,
1487705422,914326592,0,219535399,2,asphalt,EN 13,primary,False,False,7.839742460671744,0.0,0.0,0.0,,50,roundabout,no,,,,,,,,,
1487705422,1487705416,0,219535399,2,asphalt,EN 13,primary,False,True,23.60989410596899,0.0,0.0,0.0,,50,roundabout,no,,,,,,,,,
1487705484,1487705525,0,169055267,1,asphalt,,tertiary,False,True,36.628546342677154,-0.2184088859316519,0.2184088859316519,-8.0,Rua Nova da Gândara,,,,,,,,,,,,
1487705484,914326556,0,1349836823,2,asphalt,EN 13,primary,False,False,7.882236505029166,0.0,0.0,0.0,,50,roundabout,no,,,,,,,,,
1487705484,1802287902,0,1349836823,2,asphalt,EN 13,primary,False,True,23.582524876482854,-0.3392342440812104,0.3392342440812104,-8.0,,50,roundabout,no,,,,,,,,,
1487705525,13041426259,0,135457918,,,,tertiary,False,False,28.79314441948678,0.0,0.0,0.0,Rua Nova da Gândara,,,no,,,,,,,,,
1487705525,1802287902,0,169055266,1,asphalt,,tertiary,False,True,34.76607774210439,0.0,0.0,0.0,Rua Nova da Gândara,,,yes,,,,,,,,,
1487705525,1487705484,0,169055267,1,asphalt,,tertiary,False,False,36.628546342677154,0.2184088859316519,0.2184088859316519,8.0,Rua Nova da Gândara,,,,,,,,,,,,
1487705613,1487706006,0,135457790,,,,unclassified,False,False,125.29280827154443,0.023943912195647846,0.023943912195647846,3.0,,,,,,,,,,,,,
1487706006,1487705613,0,135457790,,,,unclassified,False,True,125.29280827154443,-0.023943912195647846,0.023943912195647846,-3.0,,,,,,,,,,,,,
1487706006,1487706456,0,135458038,,,,unclassified,False,False,277.99751213384747,-0.021582926961990868,0.021582926961990868,-6.0,,,,,,,,,,,,,
1487706250,7762651287,0,14201562,2,asphalt,EN 13,primary,False,False,84.91622270217168,0.09421050236841735,0.09421050236841735,8.0,,,,,,,,,,,,,
1487706250,7762649051,0,14201562,2,asphalt,EN 13,primary,False,True,26.186087407589074,0.0,0.0,0.0,,,,,,,,,,,,,
1487706250,7762651298,0,1203519246,,asphalt,,unclassified,False,False,21.887224001698094,0.0,0.0,0.0,,,,,,,,,,,,,
1487706256,7762649051,0,14201562,2,asphalt,EN 13,primary,False,False,13.08943237594251,0.0,0.0,0.0,,,,,,,,,,,,,
1487706256,7852861135,0,14201562,2,asphalt,EN 13,primary,False,True,63.48354637342219,0.0,0.0,0.0,,,,,,,,,,,,,
1487706256,3566908153,0,135458004,,paving_stones,,residential,False,False,321.8244850289026,-0.021750986409164424,0.021750986409164424,-7.0,Rua das Pedras,,,,,,,,,,,,
1487706456,7762649048,0,135457787,,sett,,unclassified,False,True,100.54383575488004,0.0,0.0,0.0,,,,,,,,,,,,,
1487706456,1487706006,0,135458038,,,,unclassified,False,True,277.99751213384747,0.021582926961990868,0.021582926961990868,6.0,,,,,,,,,,,,,
1487706853,7852861143,0,14201562,2,asphalt,EN 13,primary,False,False,217.3371063066029,0.0644160596315746,0.0644160596315746,14.0,,,,,,,,,,,,,
1487706853,4359281699,0,14201562,2,asphalt,EN 13,primary,False,True,420.1856761037525,-0.019039202083663213,0.019039202083663213,-8.0,,,,,,,,,,,,,
1487706853,3566908153,0,350968945,,,,track,False,True,123.5532153207464,-0.01618735696038313,0.01618735696038313,-2.0,,,,,,,,,,,,,
1487706860,13319870874,0,135458004,,paving_stones,,residential,False,False,86.53468739995523,-0.057780297707559373,0.057780297707559373,-5.0,Rua das Pedras,,,,,,,,,,,,
1487706860,3566908153,0,135458004,,paving_stones,,residential,False,True,144.0074404012694,0.0,0.0,0.0,Rua das Pedras,,,,,,,,,,,,
1487706860,13319871001,0,1452414030,,,,track,False,False,137.02817229911557,0.0,0.0,0.0,,,,,,,,,,,,,
1487707051,1487707249,0,135457810,,,,track,False,False,123.54698149309925,0.0,0.0,0.0,,,,,,,,,,,,,
1487707051,1460476690,0,135458004,,paving_stones,,residential,False,False,88.3010429020975,0.0,0.0,0.0,Rua das Pedras,,,,,,,,,,,,
1487707051,13319870874,0,135458004,,paving_stones,,residential,False,True,310.28254790902906,0.009668606952652594,0.009668606952652594,3.0,Rua das Pedras,,,,,,,,,,,,
1487707249,13319870889,0,135457810,,,,track,False,False,63.9203554341406,0.0,0.0,0.0,,,,,,,,,,,,,
1487707249,1487707051,0,135457810,,,,track,False,True,123.54698149309925,0.0,0.0,0.0,,,,,,,,,,,,,
1487707249,13319870873,0,1452414012,,,,track,False,False,118.18573414032184,0.02538377429240404,0.02538377429240404,3.0,,,,,,,,,,,,,
1487707280,1460476690,0,135458012,,,,track,False,True,19.04833915278561,0.0,0.0,0.0,,,,,,,,,,,,,
1487707280,1487707345,0,135458012,,,,track,False,False,58.063526852651776,0.0,0.0,0.0,,,,,,,,,,,,,
1487707280,13319870885,0,1452414014,,,,track,False,False,39.86259802969907,0.0,0.0,0.0,,,,,,,,,,,,,
1487707280,13319870888,0,1452414015,,,,track,False,False,42.10607167800514,0.0,0.0,0.0,,,,,,,,,,,,,
1487707283,13319870889,0,135457810,,,,track,False,True,77.91915263977066,0.0,0.0,0.0,,,,,,,,,,,,,
1487707283,13319870889,1,1452414016,,,,track,False,True,97.18835828289278,0.0,0.0,0.0,,,,,,,,,,,,,
1487707283,13319870898,0,1452414017,,,,track,False,False,19.762024738772766,0.0,0.0,0.0,,,,,,,,,,,,,
1487707345,1487707280,0,135458012,,,,track,False,True,58.063526852651776,0.0,0.0,0.0,,,,,,,,,,,,,
1487707367,7741945441,0,829450088,,,,track,False,False,89.50153443699115,0.0,0.0,0.0,,,,,,,,,,,,,
1487707367,1460394768,0,1351568429,,paving_stones,,residential,False,False,86.26020271769528,0.0,0.0,0.0,Rua do Pinheiro,,,,,,,,,,,,
1487707367,1460476690,0,1351568429,,paving_stones,,residential,False,True,218.86650419560306,0.0,0.0,0.0,Rua do Pinheiro,,,,,,,,,,,,
1802287902,1487705525,0,169055266,1,asphalt,,tertiary,False,False,34.76607774210439,0.0,0.0,0.0,Rua Nova da Gândara,,,yes,,,,,,,,,
1802287902,1487705484,0,1349836823,2,asphalt,EN 13,primary,False,False,23.582524876482854,0.3392342440812104,0.3392342440812104,8.0,,50,roundabout,no,,,,,,,,,
1802287902,914326803,0,1349836823,2,asphalt,EN 13,primary,False,True,7.8521715377169405,0.0,0.0,0.0,,50,roundabout,no,,,,,,,,,
2286838820,3897693167,0,386440067,,asphalt,EN 13,primary,False,False,78.02634662870963,-0.16661038946063736,0.16661038946063736,-13.0,,,,,,,,,,,,,
2286838820,8450828114,0,386440363,,,,service,False,True,8.812260393400027,0.0,0.0,0.0,,,,,,,,,,,,,
2295378462,2295378477,0,220414138,,,,residential,False,False,68.44916850965268,0.0,0.0,0.0,Travessa do Oásis,20,,,,,,no,,,,,
2295378462,2295378471,0,221619032,,asphalt,,residential,False,False,151.30947371579182,0.0,0.0,0.0,Rua do Oásis,20,,,,,,no,,,,,
2295378462,1460475707,0,221619032,,asphalt,,residential,False,True,65.03511936530498,-0.13838676837735353,0.13838676837735353,-9.0,Rua do Oásis,20,,,,,,no,,,,,
2295378471,13618090574,0,220414566,,,,residential,False,False,112.6725669049182,-0.09762802341480911,0.09762802341480911,-11.0,Rua Nova do Oásis,20,,,,,,no,,,,,
2295378471,2295378477,0,221619032,,asphalt,,residential,False,False,99.175012523597,0.0,0.0,0.0,Rua do Oásis,20,,,,,,no,,,,,
2295378471,2295378462,0,221619032,,asphalt,,residential,False,True,151.30947371579182,0.0,0.0,0.0,Rua do Oásis,20,,,,,,no,,,,,
2295378477,2295378462,0,220414138,,,,residential,False,True,68.4491685096527,0.0,0.0,0.0,Travessa do Oásis,20,,,,,,no,,,,,
2295378477,2295378480,0,221619032,,asphalt,,residential,False,False,46.51581806224387,-0.23647869602724497,0.23647869602724497,-11.0,Rua do Oásis,20,,,,,,no,,,,,
2295378477,2295378471,0,221619032,,asphalt,,residential,False,True,99.175012523597,0.0,0.0,0.0,Rua do Oásis,20,,,,,,no,,,,,
2295378480,2295386642,0,220414566,,,,residential,False,True,88.58582071267904,0.0,0.0,0.0,Rua Nova do Oásis,20,,,,,,no,,,,,
2295378480,1460475707,0,221619032,,asphalt,,residential,False,False,113.15593624994813,0.01767472451098134,0.01767472451098134,2.0,Rua do Oásis,20,,,,,,no,,,,,
2295378480,2295378477,0,221619032,,asphalt,,residential,False,True,46.51581806224387,0.23647869602724497,0.23647869602724497,11.0,Rua do Oásis,20,,,,,,no,,,,,
2295386642,2295378480,0,220414566,,,,residential,False,False,88.58582071267904,0.0,0.0,0.0,Rua Nova do Oásis,20,,,,,,no,,,,,
2295386642,13618090574,0,220414566,,,,residential,False,True,59.6568511528719,0.0,0.0,0.0,Rua Nova do Oásis,20,,,,,,no,,,,,
2295386642,13618090574,1,1485406934,,,,residential,False,False,84.51938046440657,0.0,0.0,0.0,Rua Nova do Oásis,,,,,,,,,,,,
2295387372,2295387774,0,221138844,,sett,,residential,False,False,68.81948069153461,0.0,0.0,0.0,Rua de Londres,,,,,,,,,,,,
2295387372,2297808417,0,220414642,,paved,,footway,False,False,65.79865358219612,0.0,0.0,0.0,Rua Vasco da Gama,,,,,,,,,,,,
2295387372,1428182464,0,221138844,,sett,,residential,False,True,87.02263424116249,0.0,0.0,0.0,Rua de Londres,,,,,,,,,,,,
2295387439,2295387441,0,220414651,,,,service,False,False,53.44964425089252,0.0,0.0,0.0,Travessa Álvares Cabral,20,,,,,,,,,,,
2295387439,2295387773,0,220414654,,paved,,footway,False,False,2.745936607358577,0.0,0.0,0.0,,,,,,,,,,,,,
2295387439,2297808417,0,"[220414651, 220688254]",,paved,,"['service', 'footway']",False,True,64.00811256575292,0.0,0.0,0.0,Travessa Álvares Cabral,20,,,,,,,,,,,
2295387441,2295387439,0,220414651,,,,service,False,True,53.44964425089252,0.0,0.0,0.0,Travessa Álvares Cabral,20,,,,,,,,,,,
2295387441,1428182441,0,910469233,,,,residential,False,False,68.34324872758386,0.0,0.0,0.0,Rua Álvares Cabral,,,,,,,,,,,,
2295387441,1428182450,0,910469233,,,,residential,False,True,59.88838541081201,0.0,0.0,0.0,Rua Álvares Cabral,,,,,,,,,,,,
2295387773,2295387439,0,220414654,,paved,,footway,False,True,2.745936607358577,0.0,0.0,0.0,,,,,,,,,,,,,
2295387773,2297808418,0,220688255,,,,footway,False,False,66.21678789150009,0.0,0.0,0.0,,,,,,,,,,,,,
2295387773,2295387774,0,220414654,,paved,,footway,False,False,46.98043464521314,0.0,0.0,0.0,,,,,,,,,,,,,
2295387774,1428182442,0,221138844,,sett,,residential,False,False,64.47289666323265,0.0,0.0,0.0,Rua de Londres,,,,,,,,,,,,
2295387774,2295387372,0,221138844,,sett,,residential,False,True,68.81948069153461,0.0,0.0,0.0,Rua de Londres,,,,,,,,,,,,
2295387774,2295387773,0,220414654,,paved,,footway,False,True,46.98043464521314,0.0,0.0,0.0,,,,,,,,,,,,,
2297808417,1428182450,0,220414642,,paved,,footway,False,False,61.584917767219096,0.0,0.0,0.0,Rua Vasco da Gama,,,,,,,,,,,,
2297808417,2295387372,0,220414642,,paved,,footway,False,True,65.79865358219612,0.0,0.0,0.0,Rua Vasco da Gama,,,,,,,,,,,,
2297808417,2295387439,0,"[220414651, 220688254]",,paved,,"['service', 'footway']",False,False,64.00811256575292,0.0,0.0,0.0,Travessa Álvares Cabral,20,,,,,,,,,,,
2297808418,1428182441,0,129447259,,,,residential,False,False,53.2154726873739,0.0,0.0,0.0,Rua Bartolomeu Dias,,,,,,,,,,,,
2297808418,1428182442,0,129447259,,,,residential,False,True,31.686260962891385,0.0,0.0,0.0,Rua Bartolomeu Dias,,,,,,,,,,,,
2297808418,2295387773,0,220688255,,,,footway,False,True,66.21678789150009,0.0,0.0,0.0,,,,,,,,,,,,,
2297808419,2297808420,0,220688256,,paved,,footway,False,False,67.32954784460055,0.0,0.0,0.0,Vereda de Mindelo,,,,,,,,,,,,
2297808419,1428182437,0,221138844,,sett,,residential,False,False,28.134778452952347,0.0,0.0,0.0,Rua de Londres,,,,,,,,,,,,
2297808419,1428182442,0,221138844,,sett,,residential,False,True,102.81220753889386,0.0,0.0,0.0,Rua de Londres,,,,,,,,,,,,
2297808420,2297808421,0,220688256,,paved,,footway,False,False,67.64761892889389,0.0886949177960979,0.0886949177960979,6.0,Vereda de Mindelo,,,,,,,,,,,,
2297808420,2297808419,0,220688256,,paved,,footway,False,True,67.32954784460055,0.0,0.0,0.0,Vereda de Mindelo,,,,,,,,,,,,
2297808420,1460394571,0,132756381,,,,residential,False,False,326.2061643351338,0.024524367944748757,0.024524367944748757,8.0,Rua de Bruxelas,,,,,,,,,,,,
2297808420,1460474702,0,132756381,,,,residential,False,True,181.55137381785653,0.0,0.0,0.0,Rua de Bruxelas,,,,,,,,,,,,
2297808421,1460475649,0,220688256,,paved,,footway,False,False,59.34643006225805,0.0,0.0,0.0,Vereda de Mindelo,,,,,,,,,,,,
2297808421,2297808420,0,220688256,,paved,,footway,False,True,67.64761892889389,-0.0886949177960979,0.0886949177960979,-6.0,Vereda de Mindelo,,,,,,,,,,,,
2297808421,1460394587,0,132756376,,sett,,residential,False,True,328.9613948929797,0.006079740756968324,0.006079740756968324,2.0,Rua de Atenas,,,,,,,,,,,,
2297813173,9561185478,0,220689116,,,,track,False,False,160.9360301270732,-0.024854595933810765,0.024854595933810765,-4.0,,,,,,,,,,,,,
2297813173,1460477122,0,422574263,,,,residential,False,True,181.03406584205726,0.038666755714955515,0.038666755714955515,7.0,Rua Fieiro d'Agra,,,,,,,,,,,,
2297813173,13092919540,0,1135539421,,,,track,False,False,115.27334374415102,0.0,0.0,0.0,,,,,,,,,,,,,
2297813180,4223265019,0,220689116,,,,track,False,False,437.6109714385212,0.011425673317933338,0.011425673317933338,5.0,,,,,,,,,,,,,
2297813180,9561185478,0,220689116,,,,track,False,True,45.49611020546061,0.0,0.0,0.0,,,,,,,,,,,,,
2297813180,4223264993,0,422577931,,sand,,track,False,False,213.8211476999837,-0.014030417628331852,0.014030417628331852,-3.0,,,,,,,,,,,,,
2297813226,4223265029,0,1321456578,,sand,,track,False,False,37.73448853210212,0.0,0.0,0.0,,,,,,,,,,,,,
2297813226,4223265034,0,1321456578,,sand,,track,False,True,26.668720355982963,0.0,0.0,0.0,,,,,,,,,,,,,
2297813226,9561185463,0,1459121043,,,,track,False,True,27.46872451744524,0.0,0.0,0.0,,,,,,,,,,,,,
2298905780,1460476982,0,910469232,,,,residential,False,True,38.22711176651464,0.0,0.0,0.0,Avenida Marginal (Norte),50,,,,,,,,,,,
2298905780,8454098863,0,407379560,,,,residential,False,False,100.70591919043416,-0.03971961163907386,0.03971961163907386,-4.0,Avenida Marginal (Norte),50,,,,,,,,,,,
2298905780,2298905781,0,1318362553,,wood,,footway,False,False,17.27970942092444,-0.4629707482414372,0.4629707482414372,-8.0,,,,,,,,,,,,,
2298905781,8454098863,0,910469229,,,,footway,False,False,113.86114390527513,0.035130509520681905,0.035130509520681905,4.0,,,,,,,,,,,,,
2298905781,2298905782,0,1318362552,,wood,,footway,False,False,139.4645987204339,0.0,0.0,0.0,,,,,,,,,,,,,
2298905781,2298905780,0,1318362553,,wood,,footway,False,True,17.27970942092444,0.4629707482414372,0.4629707482414372,8.0,,,,,,,,,,,,,
2298905782,2298905783,0,220801020,,wood,,footway,False,False,75.06174275356904,0.0,0.0,0.0,,,,,,,,,,,,,
2298905782,2298905794,0,220801021,,,,footway,False,False,31.878189156087302,0.25095528358995134,0.25095528358995134,8.0,,,,,,,,,,,,,
2298905782,2298905781,0,1318362552,,wood,,footway,False,True,139.4645987204339,0.0,0.0,0.0,,,,,,,,,,,,,
2298905783,2298905782,0,220801020,,wood,,footway,False,True,75.06174275356904,0.0,0.0,0.0,,,,,,,,,,,,,
2298905783,2298905784,0,220801020,,wood,,footway,False,False,68.33707050550959,0.0,0.0,0.0,,,,,,,,,,,,,
2298905783,2298905801,0,"[220801025, 220801026, 220801027]",,"['asphalt', 'wood']",,"['steps', 'footway']",False,False,14.683334007927126,0.6129398129294852,0.6129398129294852,9.0,,,,no,,,,,,down,no,,
2298905784,8454098839,0,220801028,,wood,,footway,False,True,11.283373366630975,0.0,0.0,0.0,,,,no,,,,,,,,,
2298905784,3016736620,0,"[220801020, 1318362550]",,"['paving_stones', 'wood']",,footway,False,False,232.08411421636978,0.0,0.0,0.0,,,,no,,,,,,,,,
2298905784,2298905783,0,220801020,,wood,,footway,False,True,68.33707050550959,0.0,0.0,0.0,,,,,,,,,,,,,
2298905784,2298905808,0,"[220801028, 220801029, 220801030]",,wood,,"['steps', 'footway']",False,False,16.99716698427956,0.5295000048139772,0.5295000048139772,9.0,,,,no,,,,,,up,no,,
2298905790,2298905791,0,297774421,,,,path,False,False,23.459691961390106,0.0,0.0,0.0,,,,,,,,,,,,,
2298905790,3016736621,0,297774421,,,,path,False,True,21.024532266300678,0.0,0.0,0.0,,,,,,,,,,,,,
2298905790,3016736612,0,220817639,,wood,,footway,False,False,109.70669645153956,-0.05469128315836549,0.05469128315836549,-6.0,,,,no,,,,,,,,,
2298905790,3016736620,0,"[1318362550, 220817639]",,"['paving_stones', 'wood']",,footway,False,True,143.08521954558978,-0.06289957850700591,0.06289957850700591,-9.0,,,,no,,,,,,,,,
2298905791,2298905790,0,297774421,,,,path,False,True,23.459691961390106,0.0,0.0,0.0,,,,,,,,,,,,,
2298905791,13640879278,0,910469235,,,,residential,False,True,13.760796641708705,0.0,0.0,0.0,Avenida Atlântica,,,,,,,,,,,,
2298905791,1428182450,0,"[910469234, 910469235]",,,,residential,False,False,145.08428454365304,0.0,0.0,0.0,"['Avenida Atlântica', 'Rua Vasco da Gama']",,,,,,,,,,,,
2298905794,2298905801,0,220801022,,asphalt,,service,False,True,85.45920314157445,0.011701489871645165,0.011701489871645165,1.0,,,,,,,parking_aisle,,,,,,
2298905794,2298905782,0,220801021,,,,footway,False,True,31.878189156087302,-0.25095528358995134,0.25095528358995134,-8.0,,,,,,,,,,,,,
2298905794,2298905796,0,220801022,,asphalt,,service,False,False,21.062080410674277,0.0,0.0,0.0,,,,,,,parking_aisle,,,,,,
2298905796,2298905797,0,220801022,,asphalt,,service,False,False,14.123382697252723,0.0,0.0,0.0,,,,,,,parking_aisle,,,,,,
2298905796,2298905802,0,220801023,,asphalt,,service,False,False,89.39635873667086,0.011186137938186454,0.011186137938186454,1.0,,,,,,,parking_aisle,,,,,,
2298905796,2298905794,0,220801022,,asphalt,,service,False,True,21.062080410674277,0.0,0.0,0.0,,,,,,,parking_aisle,,,,,,
2298905797,1460476780,0,132756427,,,,residential,False,False,60.646771779320865,0.0,0.0,0.0,Rua de Sagres,50,,,,,,,,,,,
2298905797,2298905796,0,220801022,,asphalt,,service,False,True,14.123382697252723,0.0,0.0,0.0,,,,,,,parking_aisle,,,,,,
2298905797,2298905803,0,132756427,,,,residential,False,True,89.26089429789594,0.011203114284992908,0.011203114284992908,1.0,Rua de Sagres,50,,,,,,,,,,,
2298905798,2298905800,0,220801022,,asphalt,,service,False,True,14.357471354058188,0.0,0.0,0.0,,,,,,,parking_aisle,,,,,,
2298905798,2298905802,0,220801023,,asphalt,,service,False,True,89.05176644077048,0.0,0.0,0.0,,,,,,,parking_aisle,,,,,,
2298905798,2298905808,0,220801022,,asphalt,,service,False,False,35.93132973402071,0.0,0.0,0.0,,,,,,,parking_aisle,,,,,,
2298905800,2298905803,0,132756427,,,,residential,False,False,88.6810193777612,0.0,0.0,0.0,Rua de Sagres,50,,,,,,,,,,,
2298905800,1428182479,0,132756427,,,,residential,False,True,14.246443255048746,0.0,0.0,0.0,Rua de Sagres,50,,,,,,,,,,,
2298905800,2298905798,0,220801022,,asphalt,,service,False,False,14.357471354058188,0.0,0.0,0.0,,,,,,,parking_aisle,,,,,,
2298905801,2298905794,0,220801022,,asphalt,,service,False,False,85.45920314157445,-0.011701489871645165,0.011701489871645165,-1.0,,,,,,,parking_aisle,,,,,,
2298905801,2298905808,0,220801022,,asphalt,,service,False,True,70.2275187282828,0.0,0.0,0.0,,,,,,,parking_aisle,,,,,,
2298905801,2298905802,0,220801024,,asphalt,,service,False,False,16.7745945053209,0.0,0.0,0.0,,,,,,,parking_aisle,,,,,,
2298905801,2298905783,0,"[220801025, 220801026, 220801027]",,"['asphalt', 'wood']",,"['steps', 'footway']",False,True,14.683334007927128,-0.6129398129294851,0.6129398129294851,-9.0,,,,no,,,,,,down,no,,
2298905802,2298905798,0,220801023,,asphalt,,service,False,False,89.05176644077048,0.0,0.0,0.0,,,,,,,parking_aisle,,,,,,
2298905802,2298905796,0,220801023,,asphalt,,service,False,True,89.39635873667086,-0.011186137938186454,0.011186137938186454,-1.0,,,,,,,parking_aisle,,,,,,
2298905802,2298905803,0,220801024,,asphalt,,service,False,False,14.203058716943518,0.0,0.0,0.0,,,,,,,parking_aisle,,,,,,
2298905802,2298905801,0,220801024,,asphalt,,service,False,True,16.7745945053209,0.0,0.0,0.0,,,,,,,parking_aisle,,,,,,
2298905803,2298905800,0,132756427,,,,residential,False,True,88.6810193777612,0.0,0.0,0.0,Rua de Sagres,50,,,,,,,,,,,
2298905803,2298905802,0,220801024,,asphalt,,service,False,True,14.203058716943518,0.0,0.0,0.0,,,,,,,parking_aisle,,,,,,
2298905803,2298905797,0,132756427,,,,residential,False,False,89.26089429789594,-0.011203114284992908,0.011203114284992908,-1.0,Rua de Sagres,50,,,,,,,,,,,
2298905808,2298905801,0,220801022,,asphalt,,service,False,False,70.2275187282828,0.0,0.0,0.0,,,,,,,parking_aisle,,,,,,
2298905808,2298905798,0,220801022,,asphalt,,service,False,True,35.93132973402071,0.0,0.0,0.0,,,,,,,parking_aisle,,,,,,
2298905808,2298905784,0,"[220801028, 220801029, 220801030]",,wood,,"['steps', 'footway']",False,True,16.997166984279563,-0.5295000048139771,0.5295000048139771,-9.0,,,,no,,,,,,up,no,,
2298908210,1428182439,0,129447259,,,,residential,False,False,71.91092992307067,0.0,0.0,0.0,Rua Bartolomeu Dias,,,,,,,,,,,,
2298908210,1428182441,0,129447259,,,,residential,False,True,39.3478472340766,0.15248610589307646,0.15248610589307646,6.0,Rua Bartolomeu Dias,,,,,,,,,,,,
2298908210,1428182433,0,"[220801352, 220801353]",,,,"['service', 'footway']",False,"[False, True]",138.63740590104854,0.04327836315894757,0.04327836315894757,6.0,Travessa Fernando Pessoa,20,,,,,,,,,,,
2299038368,9646064636,0,1052078509,,,,residential,False,True,22.465059850201833,0.0,0.0,0.0,,,,,,,,,,,,,
2299038368,2299038384,0,220816290,,,,residential,False,False,25.17982492799931,0.0,0.0,0.0,,,,,,,,,,,,,
2299038368,1428182479,0,222180985,,sett,,residential,False,True,124.53245159307002,0.07227031898005959,0.07227031898005959,9.0,Rua do Norte,,,,,,,,,,,,
2299038379,9646064636,0,220922273,,asphalt,,residential,False,False,3.2734317480080586,0.0,0.0,0.0,,,roundabout,,,,,right,,,,,
2299038379,2299042285,0,220816432,,,,residential,False,True,91.328548764145,0.09854530835962809,0.09854530835962809,9.0,Rua das Caravelas,20,,,,,,,,,,,
2299038379,2299038386,0,220922273,,asphalt,,residential,False,True,28.1914626800573,0.0,0.0,0.0,,,roundabout,,,,,right,,,,,
2299038384,2299038368,0,220816290,,,,residential,False,True,25.17982492799931,0.0,0.0,0.0,,,,,,,,,,,,,
2299038384,2299038386,0,220922273,,asphalt,,residential,False,False,25.51991558798436,0.0,0.0,0.0,,,roundabout,,,,,right,,,,,
2299038384,9646064636,0,220922273,,asphalt,,residential,False,True,12.997959463510284,0.0,0.0,0.0,,,roundabout,,,,,right,,,,,
2299038386,2299051452,0,220691655,,sett,EM 531-2,residential,False,False,35.362348792047804,0.25450798115604517,0.25450798115604517,9.0,Rua da Praia,,,,,,,,,,,,
2299038386,2299038379,0,220922273,,asphalt,,residential,False,False,28.191462680057295,0.0,0.0,0.0,,,roundabout,,,,,right,,,,,
2299038386,2299038384,0,220922273,,asphalt,,residential,False,True,25.519915587984357,0.0,0.0,0.0,,,roundabout,,,,,right,,,,,
2299042284,1460394577,0,220691655,,sett,EM 531-2,residential,False,False,71.15350791911472,0.0,0.0,0.0,Rua da Praia,,,,,,,,,,,,
2299042284,2299051452,0,220691655,,sett,EM 531-2,residential,False,True,48.58671135702902,0.0,0.0,0.0,Rua da Praia,,,,,,,,,,,,
2299042284,2299042285,0,220816431,,,,residential,False,True,82.0819808379857,0.0,0.0,0.0,Rua de Sagres,20,,,,,,,,,,,
2299042285,2299042284,0,220816431,,,,residential,False,False,82.0819808379857,0.0,0.0,0.0,Rua de Sagres,20,,,,,,,,,,,
2299042285,2299042288,0,220816431,,,,residential,False,True,4.198438261041363,0.0,0.0,0.0,Rua de Sagres,20,,,,,,,,,,,
2299042285,2299038379,0,220816432,,,,residential,False,False,91.328548764145,-0.09854530835962809,0.09854530835962809,-9.0,Rua das Caravelas,20,,,,,,,,,,,
2299042286,1428182483,0,132756342,,,,residential,False,False,11.709917652815214,0.0,0.0,0.0,Rua Mares da Portela,,,,,,,,,,,,
2299042286,1460394577,0,132756342,,,,residential,False,True,153.35238037694558,0.0,0.0,0.0,Rua Mares da Portela,,,,,,,,,,,,
2299042286,2299042288,0,220816433,,,,service,False,False,104.98668995327739,0.0,0.0,0.0,Rua das Caravelas,20,,,,,,,,,,,
2299042288,2299042285,0,220816431,,,,residential,False,False,4.198438261041363,0.0,0.0,0.0,Rua de Sagres,20,,,,,,,,,,,
2299042288,1428182479,0,220816431,,,,residential,False,True,37.76667106813027,0.0,0.0,0.0,Rua de Sagres,20,,,,,,,,,,,
2299042288,2299042286,0,220816433,,,,service,False,True,104.98668995327739,0.0,0.0,0.0,Rua das Caravelas,20,,,,,,,,,,,
2299051450,1428182464,0,132749772,2,sett,EM 531-2,secondary,False,False,25.015433348389067,0.0,0.0,0.0,Rua da Praia,50,,yes,,,,,,,,,
2299051450,1460394599,0,132749772,2,sett,EM 531-2,secondary,False,True,74.33277198799608,0.0,0.0,0.0,Rua da Praia,50,,yes,,,,,,,,,
2299051450,2299051451,0,220817641,,,,service,False,True,256.17066460310383,0.0,0.0,0.0,Rua da Gafa,20,,,,,,,,,,,
2299051451,3016736620,0,220817641,,,,service,False,True,31.53824879669553,-0.28536777859850576,0.28536777859850576,-9.0,Rua da Gafa,20,,,,,,,,,,,
2299051451,2299051452,0,220817642,,,,service,False,False,55.41461472204951,0.0,0.0,0.0,Travessa da Gafa,20,,,,,,,,,,,
2299051451,2299051450,0,220817641,,,,service,False,False,256.17066460310383,0.0,0.0,0.0,Rua da Gafa,20,,,,,,,,,,,
2299051452,2299042284,0,220691655,,sett,EM 531-2,residential,False,False,48.58671135702902,0.0,0.0,0.0,Rua da Praia,,,,,,,,,,,,
2299051452,2299051451,0,220817642,,,,service,False,True,55.41461472204951,0.0,0.0,0.0,Travessa da Gafa,20,,,,,,,,,,,
2299051452,2299038386,0,220691655,,sett,EM 531-2,residential,False,True,35.36234879204781,-0.2545079811560451,0.2545079811560451,-9.0,Rua da Praia,,,,,,,,,,,,
2302835508,1460475837,0,"[221234185, 132756323]",2,sett,,tertiary,False,True,200.27618102774386,-0.044937944960880036,0.044937944960880036,-9.0,"['Rua dos Lombos', 'Rua do Revolto']","['30', '5']",,yes,intermediate,,,right,,,,,
2302835508,2302835513,0,221235903,,,,footway,False,False,68.09373573531263,-0.11748510951281663,0.11748510951281663,-8.0,,5,,,,,,,permissive,,,,
2302835513,2302835508,0,221235903,,,,footway,False,True,68.09373573531263,0.11748510951281663,0.11748510951281663,8.0,,5,,,,,,,permissive,,,,
2302851699,2302857450,0,221236646,1,sett,,tertiary,False,True,17.644359716969696,0.0,0.0,0.0,,,roundabout,yes,intermediate,,,,,,,,
2302851699,2302857444,0,686429548,,,,tertiary,False,True,19.257501378921532,0.0,0.0,0.0,,,,yes,,,,,,,,,
2302851699,2302857437,0,686429549,1,sett,,tertiary,False,False,29.674453012502767,0.0,0.0,0.0,,,roundabout,yes,intermediate,,,,,,,,
2302851709,2302857433,0,221236646,1,sett,,tertiary,False,True,3.2987657708239393,0.0,0.0,0.0,,,roundabout,yes,intermediate,,,,,,,,
2302851709,2302857448,0,221236646,1,sett,,tertiary,False,False,19.94364233697315,0.0,0.0,0.0,,,roundabout,yes,intermediate,,,,,,,,
2302851709,2302860055,0,1248286977,,,,tertiary,False,False,19.2925941345106,0.0,0.0,0.0,,,,,,,,,,,,,
2302857433,2302851709,0,221236646,1,sett,,tertiary,False,False,3.2987657708239393,0.0,0.0,0.0,,,roundabout,yes,intermediate,,,,,,,,
2302857433,2302857437,0,221236646,1,sett,,tertiary,False,True,23.560671878294347,0.0,0.0,0.0,,,roundabout,yes,intermediate,,,,,,,,
2302857433,2302861192,0,686429550,,,,tertiary,False,True,19.442624795576503,0.0,0.0,0.0,,,,yes,,,,,,,,,
2302857437,2302861192,0,221236645,,,,tertiary,False,False,20.268779424005764,0.0,0.0,0.0,,,,yes,,,,,,,,,
2302857437,2302857433,0,221236646,1,sett,,tertiary,False,False,23.560671878294347,0.0,0.0,0.0,,,roundabout,yes,intermediate,,,,,,,,
2302857437,2302851699,0,686429549,1,sett,,tertiary,False,True,29.67445301250277,0.0,0.0,0.0,,,roundabout,yes,intermediate,,,,,,,,
2302857444,2302857450,0,221237472,,,,tertiary,False,True,15.202954709315447,0.0,0.0,0.0,,,,yes,,,,,,,,,
2302857444,2302851699,0,686429548,,,,tertiary,False,False,19.257501378921532,0.0,0.0,0.0,,,,yes,,,,,,,,,
2302857444,1428182605,0,1362820034,,sett,CM 1061,tertiary,False,True,61.85511839157759,0.03233362172777487,0.03233362172777487,2.0,Rua da Estrada Velha,30,,,intermediate,,,,,,,,
2302857448,2302860055,0,221236644,,,,tertiary,False,True,20.11224805138147,0.0,0.0,0.0,,,,,,,,,,,,,
2302857448,2302857450,0,221236646,1,sett,,tertiary,False,False,14.786155953745855,0.0,0.0,0.0,,,roundabout,yes,intermediate,,,,,,,,
2302857448,2302851709,0,221236646,1,sett,,tertiary,False,True,19.94364233697315,0.0,0.0,0.0,,,roundabout,yes,intermediate,,,,,,,,
2302857450,2302851699,0,221236646,1,sett,,tertiary,False,False,17.644359716969696,0.0,0.0,0.0,,,roundabout,yes,intermediate,,,,,,,,
2302857450,2302857448,0,221236646,1,sett,,tertiary,False,True,14.786155953745855,0.0,0.0,0.0,,,roundabout,yes,intermediate,,,,,,,,
2302857450,2302857444,0,221237472,,,,tertiary,False,False,15.202954709315447,0.0,0.0,0.0,,,,yes,,,,,,,,,
2302860055,2302857448,0,221236644,,,,tertiary,False,False,20.11224805138147,0.0,0.0,0.0,,,,,,,,,,,,,
2302860055,13658524551,0,221238146,2,paving_stones,,tertiary,False,False,151.75784343330793,0.0,0.0,0.0,,,,,,,,,,,,,
2302860055,2302851709,0,1248286977,,,,tertiary,False,True,19.2925941345106,0.0,0.0,0.0,,,,,,,,,,,,,
2302861192,2302857437,0,221236645,,,,tertiary,False,True,20.268779424005764,0.0,0.0,0.0,,,,yes,,,,,,,,,
2302861192,1428182561,0,221238677,2,sett,CM 1061,tertiary,False,False,249.737865801423,0.04004198549510877,0.04004198549510877,10.0,,,,yes,intermediate,,,,,,,,
2302861192,2302857433,0,686429550,,,,tertiary,False,False,19.442624795576503,0.0,0.0,0.0,,,,yes,,,,,,,,,
3016736612,3016736623,0,297774424,,wood,,path,False,False,19.055847470823004,0.0,0.0,0.0,,,,no,,,,,,,,,
3016736612,3016736624,0,220817639,,wood,,footway,False,False,172.35927950741316,-0.01740550325212383,0.01740550325212383,-3.0,,,,no,,,,,,,,,
3016736612,2298905790,0,220817639,,wood,,footway,False,True,109.70669645153956,0.05469128315836549,0.05469128315836549,6.0,,,,no,,,,,,,,,
3016736612,3016736622,0,297774424,,wood,,path,False,True,31.93403288658001,0.0,0.0,0.0,,,,no,,,,,,,,,
3016736620,2299051451,0,220817641,,,,service,False,False,31.53824879669553,0.28536777859850576,0.28536777859850576,9.0,Rua da Gafa,20,,,,,,,,,,,
3016736620,2298905790,0,"[1318362550, 220817639]",,"['paving_stones', 'wood']",,footway,False,False,143.08521954558978,0.06289957850700591,0.06289957850700591,9.0,,,,no,,,,,,,,,
3016736620,2298905784,0,"[220801020, 1318362550]",,"['paving_stones', 'wood']",,footway,False,True,232.08411421636978,0.0,0.0,0.0,,,,no,,,,,,,,,
3016736621,2298905790,0,297774421,,,,path,False,False,21.024532266300678,0.0,0.0,0.0,,,,,,,,,,,,,
3016736622,1428182439,0,129447248,,,,residential,False,False,15.510269116156543,0.0,0.0,0.0,Rua Fernando Pessoa,,,,,,,,,,,,
3016736622,1428182433,0,129447248,,,,residential,False,True,156.23615908757898,0.03840340184397819,0.03840340184397819,6.0,Rua Fernando Pessoa,,,,,,,,,,,,
3016736622,3016736612,0,297774424,,wood,,path,False,False,31.93403288658001,0.0,0.0,0.0,,,,no,,,,,,,,,
3016736623,3016736612,0,297774424,,wood,,path,False,True,19.055847470823004,0.0,0.0,0.0,,,,no,,,,,,,,,
3016736624,3016736625,0,297774426,,wood,,footway,False,False,37.78372653908625,0.0,0.0,0.0,,,,no,,,,,,,,,
3016736624,3016736612,0,220817639,,wood,,footway,False,True,172.35927950741313,0.01740550325212383,0.01740550325212383,3.0,,,,no,,,,,,,,,
3016736625,3016736624,0,297774426,,wood,,footway,False,True,37.78372653908625,0.0,0.0,0.0,,,,no,,,,,,,,,
3050546705,3050546713,0,300948023,,wood,,footway,False,False,47.46789480575892,0.0,0.0,0.0,,,,no,,boardwalk,,,,,,2,
3050546705,8454098863,0,300948023,,wood,,footway,False,True,327.20084218669257,0.009168680557027038,0.009168680557027038,3.0,,,,no,,boardwalk,,,,,,2,
3050546705,13092919555,0,422577935,,sand,,track,False,False,124.66432797788664,0.0,0.0,0.0,,,,,,,,,,,,,
3050546713,10586725711,0,300948023,,wood,,footway,False,False,467.4912465158231,0.00855630994122713,0.00855630994122713,4.0,,,,no,,boardwalk,,,,,,2,
3050546713,3050546705,0,300948023,,wood,,footway,False,True,47.46789480575892,0.0,0.0,0.0,,,,no,,boardwalk,,,,,,2,
3050546713,4223264993,0,422577931,,sand,,track,False,True,53.78223959806261,0.0,0.0,0.0,,,,,,,,,,,,,
3566908153,1487706860,0,135458004,,paving_stones,,residential,False,False,144.00744040126943,0.0,0.0,0.0,Rua das Pedras,,,,,,,,,,,,
3566908153,1487706256,0,135458004,,paving_stones,,residential,False,True,321.8244850289026,0.021750986409164424,0.021750986409164424,7.0,Rua das Pedras,,,,,,,,,,,,
3566908153,1487706853,0,350968945,,,,track,False,False,123.5532153207464,0.01618735696038313,0.01618735696038313,2.0,,,,,,,,,,,,,
3566908795,1460477442,0,350968944,,,,residential,False,False,241.82041225747633,0.020676501017111368,0.020676501017111368,5.0,Rua Saul Dias,,,,,,,,,,,,
3897693135,3897693140,0,386440292,,,,service,False,False,40.02271961331646,0.32481550793151515,0.32481550793151515,13.0,,,,,,,,,,,,,
3897693135,3897693162,0,386440292,,,,service,False,True,78.83180852707508,0.0,0.0,0.0,,,,,,,,,,,,,
3897693135,3897693162,1,386440331,,,,service,False,True,61.124137242745746,0.0,0.0,0.0,,,,,,,,,,,,,
3897693140,8450828114,0,386440363,,,,service,False,False,4.680211577755126,0.0,0.0,0.0,,,,,,,,,,,,,
3897693140,3897693166,0,386440363,,,,service,False,True,65.92011411898085,-0.19720839646205676,0.19720839646205676,-13.0,,,,,,,,,,,,,
3897693140,3897693135,0,386440292,,,,service,False,True,40.02271961331646,-0.32481550793151515,0.32481550793151515,-13.0,,,,,,,,,,,,,
3897693162,3897693166,0,386440292,,,,service,False,True,32.637270161635136,0.0,0.0,0.0,,,,,,,,,,,,,
3897693162,3897693135,0,386440292,,,,service,False,False,78.83180852707508,0.0,0.0,0.0,,,,,,,,,,,,,
3897693162,3897693135,1,386440331,,,,service,False,False,61.124137242745746,0.0,0.0,0.0,,,,,,,,,,,,,
3897693166,3897693162,0,386440292,,,,service,False,False,32.637270161635136,0.0,0.0,0.0,,,,,,,,,,,,,
3897693166,3897693140,0,386440363,,,,service,False,False,65.92011411898085,0.19720839646205676,0.19720839646205676,13.0,,,,,,,,,,,,,
3897693166,8450828201,0,386440363,,,,service,False,True,6.331502219427132,0.0,0.0,0.0,,,,,,,,,,,,,
3897693167,7741990102,0,386440067,,asphalt,EN 13,primary,False,False,16.927130057396905,0.0,0.0,0.0,,,,,,,,,,,,,
3897693167,2286838820,0,386440067,,asphalt,EN 13,primary,False,True,78.02634662870963,0.16661038946063736,0.16661038946063736,13.0,,,,,,,,,,,,,
3897693167,8450828201,0,386440363,,,,service,False,False,12.16806029178981,0.0,0.0,0.0,,,,,,,,,,,,,
4223264849,1460477093,0,422577935,,sand,,track,False,False,24.71764850554039,0.0,0.0,0.0,,,,,,,,,,,,,
4223264849,4223264857,0,422577935,,sand,,track,False,True,118.13552583820268,-0.016190829046689684,0.016190829046689684,-2.0,,,,,,,,,,,,,
4223264849,4223264857,1,1424450623,,,,track,False,True,123.52671961593668,-0.016190829046689684,0.016190829046689684,-2.0,,,,,,,,,,,,,
4223264857,4223264849,0,422577935,,sand,,track,False,False,118.13552583820268,0.016190829046689687,0.016190829046689687,2.0,,,,,,,,,,,,,
4223264857,4223264849,1,1424450623,,,,track,False,False,123.52671961593667,0.016190829046689687,0.016190829046689687,2.0,,,,,,,,,,,,,
4223264857,13092919555,0,422577935,,sand,,track,False,True,86.23029216339744,-0.03479055822187535,0.03479055822187535,-3.0,,,,,,,,,,,,,
4223264883,1428182582,0,"[1485415588, 422577933]",,sett,,"['residential', 'track']",False,"[False, True]",444.2505887156202,0.015756872760119032,0.015756872760119032,7.0,Rua da Manga,,,,,,,,,,,,
4223264993,3050546713,0,422577931,,sand,,track,False,False,53.7822395980626,0.0,0.0,0.0,,,,,,,,,,,,,
4223264993,2297813180,0,422577931,,sand,,track,False,True,213.82114769998367,0.014030417628331855,0.014030417628331855,3.0,,,,,,,,,,,,,
4223264993,13092919564,0,1424450621,,,,track,False,False,123.77948038237867,0.0,0.0,0.0,,,,,,,,,,,,,
4223265011,4223265019,0,422577938,,,,track,False,True,57.699534551202035,0.0,0.0,0.0,,,,,,,,,,,,,
4223265012,4223265026,0,1459121042,,dirt,,track,False,False,92.54398343419449,0.0,0.0,0.0,,,,,,,,,,,,,
4223265019,12228186220,0,220689116,,,,track,False,False,30.200835041127952,0.0,0.0,0.0,,,,,,,,,,,,,
4223265019,2297813180,0,220689116,,,,track,False,True,437.610971438521,-0.011425673317933344,0.011425673317933344,-5.0,,,,,,,,,,,,,
4223265019,4223265011,0,422577938,,,,track,False,False,57.699534551202035,0.0,0.0,0.0,,,,,,,,,,,,,
4223265026,4223265029,0,1135697006,,sand,,track,False,True,66.29342321441145,-0.1659289785718702,0.1659289785718702,-11.0,,,,,,,,,,,,,
4223265026,4223265012,0,1459121042,,dirt,,track,False,True,92.54398343419449,0.0,0.0,0.0,,,,,,,,,,,,,
4223265029,4223265026,0,1135697006,,sand,,track,False,False,66.29342321441145,0.1659289785718702,0.1659289785718702,11.0,,,,,,,,,,,,,
4223265029,9561185463,0,1135697006,,sand,,track,False,True,48.5184983425545,0.0,0.0,0.0,,,,,,,,,,,,,
4223265029,2297813226,0,1321456578,,sand,,track,False,True,37.73448853210212,0.0,0.0,0.0,,,,,,,,,,,,,
4223265034,12228186206,0,1135697005,,sand,,path,False,True,90.3388162127479,0.0,0.0,0.0,,,,,,,,,,,,,
4223265034,2297813226,0,1321456578,,sand,,track,False,False,26.668720355982963,0.0,0.0,0.0,,,,,,,,,,,,,
4223265034,10586725712,0,"[1321456578, 422577932]",,sand,,"['path', 'track']",False,True,175.14531612787115,-0.02283817853901189,0.02283817853901189,-4.0,,,,,,,,,,,,,
4359281699,4359281704,0,14201562,2,asphalt,EN 13,primary,False,True,48.29288523463053,0.0,0.0,0.0,,,,,,,,,,,,,
4359281699,4359281704,1,438194958,,sett,,service,False,True,57.30466861478567,0.0,0.0,0.0,,,,,,,,,,,,,
4359281699,1487706853,0,14201562,2,asphalt,EN 13,primary,False,False,420.1856761037525,0.019039202083663213,0.019039202083663213,8.0,,,,,,,,,,,,,
4359281704,4359281699,0,14201562,2,asphalt,EN 13,primary,False,False,48.29288523463053,0.0,0.0,0.0,,,,,,,,,,,,,
4359281704,4359281699,1,438194958,,sett,,service,False,False,57.30466861478566,0.0,0.0,0.0,,,,,,,,,,,,,
4359281704,319991651,0,14201562,2,asphalt,EN 13,primary,False,True,187.3833355204011,0.01600996156711801,0.01600996156711801,3.0,,,,,,,,,,,,,
6432885371,6432885373,0,686320160,,,,footway,False,True,26.852120171681918,0.0,0.0,0.0,,,,,,,,,,,,,
6432885371,1486919263,0,1452413992,,,,unclassified,False,False,141.05350051709098,-0.056716068517779654,0.056716068517779654,-8.0,,,,,,,,,no,,,,
6432885371,1486919301,0,1452413992,,,,unclassified,False,True,128.76114714236766,0.0,0.0,0.0,,,,,,,,,no,,,,
6432885373,6432885374,0,686320161,,,,footway,False,False,7.745475783471617,0.0,0.0,0.0,,,,,,,,,,,,,
6432885373,6432885371,0,686320160,,,,footway,False,False,26.852120171681918,0.0,0.0,0.0,,,,,,,,,,,,,
6432885373,6432885375,0,686320160,,,,footway,False,True,9.406770222068161,0.0,0.0,0.0,,,,,,,,,,,,,
6432885374,6432885373,0,686320161,,,,footway,False,True,7.745475783471617,0.0,0.0,0.0,,,,,,,,,,,,,
6432885375,6432885376,0,686320162,,,,footway,False,False,7.818260781756557,0.0,0.0,0.0,,,,,,,,,,,,,
6432885375,6432885373,0,686320160,,,,footway,False,False,9.406770222068161,0.0,0.0,0.0,,,,,,,,,,,,,
6432885375,8449223812,0,686320160,,,,footway,False,True,15.27513913650445,-0.39279511278959356,0.39279511278959356,-6.0,,,,,,,,,,,,,
6432885376,6432885375,0,686320162,,,,footway,False,True,7.818260781756557,0.0,0.0,0.0,,,,,,,,,,,,,
6432885377,6432885383,0,686320163,,,,footway,False,False,17.654716538137308,0.0,0.0,0.0,,,,,,,,,,,,,
6432885382,6432885383,0,686320165,,,,footway,False,False,7.787421646005622,0.0,0.0,0.0,,,,,,,,,,,,,
6432885383,6432885382,0,686320165,,,,footway,False,True,7.787421646005622,0.0,0.0,0.0,,,,,,,,,,,,,
6432885383,8449223833,0,686320163,,,,footway,False,False,14.6835460870401,0.0,0.0,0.0,,,,,,,,,,,,,
6432885383,6432885377,0,686320163,,,,footway,False,True,17.654716538137308,0.0,0.0,0.0,,,,,,,,,,,,,
6432885387,1486919218,0,135383671,2,paving_stones,,residential,False,True,5.103592824721242,0.0,0.0,0.0,Rua Eça de Queirós,,,,,,,,,,,,
6432885387,6432885400,0,686320169,,,,footway,False,False,4.857463741092029,0.0,0.0,0.0,,,,,,,,,,,,,
6432885387,1486919232,0,135383671,2,paving_stones,,residential,False,False,179.22048750273612,0.0,0.0,0.0,Rua Eça de Queirós,,,,,,,,,,,,
6432885388,1486919218,0,135383671,2,paving_stones,,residential,False,False,80.06583869261165,0.0,0.0,0.0,Rua Eça de Queirós,,,,,,,,,,,,
6432885388,1486919213,0,135383671,2,paving_stones,,residential,False,True,18.64380261291152,0.0,0.0,0.0,Rua Eça de Queirós,,,,,,,,,,,,
6432885388,6432885406,0,686320171,,,,footway,False,False,3.6225541619822796,0.0,0.0,0.0,,,,,,,,,,,,,
6432885399,6432885400,0,686320169,,,,footway,False,True,16.83392564652363,0.0,0.0,0.0,,,,,,,,,,,,,
6432885400,6432885387,0,686320169,,,,footway,False,True,4.857463741092029,0.0,0.0,0.0,,,,,,,,,,,,,
6432885400,6432885401,0,686320170,,,,footway,False,False,6.679307995566757,0.0,0.0,0.0,,,,,,,,,,,,,
6432885400,6432885399,0,686320169,,,,footway,False,False,16.83392564652363,0.0,0.0,0.0,,,,,,,,,,,,,
6432885401,6432885400,0,686320170,,,,footway,False,True,6.679307995566757,0.0,0.0,0.0,,,,,,,,,,,,,
6432885405,1486919212,0,343510661,,sett,EM 531,secondary,False,False,109.69642144306034,-0.04558033830297125,0.04558033830297125,-5.0,Rua da Estação,50,,,,,,,,,,,
6432885405,1486919213,0,343510661,,sett,EM 531,secondary,False,True,17.682038864294697,0.11310912815821232,0.11310912815821232,2.0,Rua da Estação,50,,,,,,,,,,,
6432885405,6432885408,0,686320171,,,,footway,False,True,18.6072569624542,0.10748494547238253,0.10748494547238253,2.0,,,,,,,,,,,,,
6432885406,6432885388,0,686320171,,,,footway,False,True,3.6225541619822796,0.0,0.0,0.0,,,,,,,,,,,,,
6432885406,6432885407,0,686320172,,,,footway,False,False,8.80232633287772,0.0,0.0,0.0,,,,,,,,,,,,,
6432885406,6432885408,0,686320171,,,,footway,False,False,10.157675974636732,0.0,0.0,0.0,,,,,,,,,,,,,
6432885407,6432885406,0,686320172,,,,footway,False,True,8.80232633287772,0.0,0.0,0.0,,,,,,,,,,,,,
6432885408,6432885409,0,686320173,,,,footway,False,False,8.249394567502977,0.0,0.0,0.0,,,,,,,,,,,,,
6432885408,6432885405,0,686320171,,,,footway,False,False,18.6072569624542,-0.10748494547238253,0.10748494547238253,-2.0,,,,,,,,,,,,,
6432885408,6432885406,0,686320171,,,,footway,False,True,10.157675974636732,0.0,0.0,0.0,,,,,,,,,,,,,
6432885409,6432885408,0,686320173,,,,footway,False,True,8.249394567502977,0.0,0.0,0.0,,,,,,,,,,,,,
6975637943,1460394637,0,132756322,,,,residential,False,False,193.13957510407397,0.015532808324671103,0.015532808324671103,3.0,Rua do Salgueiral,,,,,,,,,,,,
6975637943,1460476864,0,132756322,,,,residential,False,True,172.70939231785957,0.011580146123837549,0.011580146123837549,2.0,Rua do Salgueiral,,,,,,,,,,,,
6975637943,8514504956,0,916721288,,,,service,False,True,45.326347406354564,0.044124446694762974,0.044124446694762974,2.0,,,,,,,driveway,,,,,,
6975638532,1460394599,0,745188388,,,,service,False,True,77.19248447449733,0.0,0.0,0.0,,,,,,,driveway,,,,,,
7655602177,1460475895,0,819776129,,,,track,False,True,907.1063033017119,-0.025355352417113553,0.025355352417113553,-23.0,,,,,,,,,,,,,
7656098776,7752766520,0,819832169,,paving_stones,,footway,False,False,65.45061931336446,0.16806563658831405,0.16806563658831405,11.0,,,,,,,,,,,,,sidewalk
7656099890,8450828201,0,819832169,,paving_stones,,footway,False,True,501.5312301984045,-0.0019938937792655554,0.0019938937792655554,-1.0,,,,,,,,,,,,,sidewalk
7656099891,1486919310,0,135383455,,,,service,False,True,5.638771239846494,0.0,0.0,0.0,,,,,,,,,,,,,
7656099891,8449223813,0,909982611,,,,footway,False,False,196.5391525524071,-0.020352178932558494,0.020352178932558494,-4.0,,,,,,,,,,,,,sidewalk
7656150103,8449223820,0,819837158,,,,service,False,False,4.907832787110424,0.0,0.0,0.0,,,,,,,parking_aisle,,,,,,
7656150103,1486919287,0,1163052249,2,paving_stones,,unclassified,False,False,36.999244902606655,0.0,0.0,0.0,,,,,,,,,,,,,
7656150103,1486919282,0,1163052249,2,paving_stones,,unclassified,False,True,34.99118026347147,0.0,0.0,0.0,,,,,,,,,,,,,
7656150104,8449223819,0,819837158,,,,service,False,True,4.796025845470698,0.0,0.0,0.0,,,,,,,parking_aisle,,,,,,
7656150104,1486919271,0,1163052249,2,paving_stones,,unclassified,False,False,32.35737372380361,0.0,0.0,0.0,,,,,,,,,,,,,
7656150104,1486919277,0,1163052249,2,paving_stones,,unclassified,False,True,37.118269653869184,0.0,0.0,0.0,,,,,,,,,,,,,
7656150105,7656150108,0,819837158,,,,service,False,False,41.01938799485052,0.0,0.0,0.0,,,,,,,parking_aisle,,,,,,
7656150105,7656150108,1,819837159,,,,service,False,False,71.58807548306098,0.0,0.0,0.0,,,,,,,parking_aisle,,,,,,
7656150105,8449223820,0,819837158,,,,service,False,True,12.834760750257313,0.0,0.0,0.0,,,,,,,parking_aisle,,,,,,
7656150105,7656150124,0,819837159,,,,service,False,True,3.0488566858343855,0.0,0.0,0.0,,,,,,,parking_aisle,,,,,,
7656150108,8449223819,0,819837158,,,,service,False,False,12.351855475006314,0.0,0.0,0.0,,,,,,,parking_aisle,,,,,,
7656150108,7656150105,0,819837158,,,,service,False,True,41.01938799485052,0.0,0.0,0.0,,,,,,,parking_aisle,,,,,,
7656150108,7656150105,1,819837159,,,,service,False,True,71.58807548306098,0.0,0.0,0.0,,,,,,,parking_aisle,,,,,,
7656150108,7656150125,0,819837159,,,,service,False,False,2.7850416620862766,0.0,0.0,0.0,,,,,,,parking_aisle,,,,,,
7656150123,8449223820,0,819837160,,,,footway,False,False,2.968668011708563,0.0,0.0,0.0,,,,,,,,,,,,,sidewalk
7656150123,7656150124,0,819837161,,,,footway,False,False,12.790546064527655,0.0,0.0,0.0,,,,,,,,,,,,,sidewalk
7656150123,7656150126,0,819837160,,,,footway,False,True,120.9726203404191,0.0,0.0,0.0,,,,,,,,,,,,,sidewalk
7656150124,7656150105,0,819837159,,,,service,False,False,3.0488566858343855,0.0,0.0,0.0,,,,,,,parking_aisle,,,,,,
7656150124,7656150123,0,819837161,,,,footway,False,True,12.790546064527655,0.0,0.0,0.0,,,,,,,,,,,,,sidewalk
7656150124,7656150125,0,819837159,,,,service,False,True,70.14465041815805,0.0,0.0,0.0,,,,,,,parking_aisle,,,,,,
7656150125,7656150108,0,819837159,,,,service,False,True,2.7850416620862766,0.0,0.0,0.0,,,,,,,parking_aisle,,,,,,
7656150125,7656150126,0,819837162,,,,footway,False,False,12.417527538763832,0.0,0.0,0.0,,,,,,,,,,,,,sidewalk
7656150125,7656150124,0,819837159,,,,service,False,False,70.14465041815805,0.0,0.0,0.0,,,,,,,parking_aisle,,,,,,
7656150126,8449223819,0,819837160,,,,footway,False,True,2.736138587816101,0.0,0.0,0.0,,,,,,,,,,,,,sidewalk
7656150126,7656150125,0,819837162,,,,footway,False,True,12.417527538763832,0.0,0.0,0.0,,,,,,,,,,,,,sidewalk
7656150126,7656150123,0,819837160,,,,footway,False,False,120.97262034041908,0.0,0.0,0.0,,,,,,,,,,,,,sidewalk
7741945441,7741945445,0,829450088,,,,track,False,False,57.873835682087936,0.0,0.0,0.0,,,,,,,,,,,,,
7741945441,1487707367,0,829450088,,,,track,False,True,89.50153443699115,0.0,0.0,0.0,,,,,,,,,,,,,
7741945441,7741945452,0,829450089,,,,track,False,False,167.32788720067,0.011952580251022207,0.011952580251022207,2.0,,,,,,,,,,,,,
7741945445,7741945441,0,829450088,,,,track,False,True,57.873835682087936,0.0,0.0,0.0,,,,,,,,,,,,,
7741945452,7741945441,0,829450089,,,,track,False,True,167.32788720067,-0.011952580251022207,0.011952580251022207,-2.0,,,,,,,,,,,,,
7741990102,7741990105,0,386440067,,asphalt,EN 13,primary,False,False,33.70501581895174,0.08900752386869233,0.08900752386869233,3.0,,,,,,,,,,,,,
7741990102,3897693167,0,386440067,,asphalt,EN 13,primary,False,True,16.927130057396905,0.0,0.0,0.0,,,,,,,,,,,,,
7741990102,7741990103,0,829450106,,sett,,service,False,False,20.796806107693953,0.0,0.0,0.0,,,,,,,,,,,,,
7741990103,7741990104,0,829450106,,sett,,service,False,False,6.081944420597217,0.0,0.0,0.0,,,,,,,,,,,,,
7741990103,7741990102,0,829450106,,sett,,service,False,True,20.796806107693953,0.0,0.0,0.0,,,,,,,,,,,,,
7741990104,7741990105,0,829450106,,sett,,service,False,False,23.540045972365128,0.12744240191891956,0.12744240191891956,3.0,,,,,,,,,,,,,
7741990104,7741990103,0,829450106,,sett,,service,False,True,6.081944420597217,0.0,0.0,0.0,,,,,,,,,,,,,
7741990105,7741990102,0,386440067,,asphalt,EN 13,primary,False,True,33.70501581895174,-0.08900752386869233,0.08900752386869233,-3.0,,,,,,,,,,,,,
7741990105,7741990104,0,829450106,,sett,,service,False,True,23.540045972365128,-0.12744240191891956,0.12744240191891956,-3.0,,,,,,,,,,,,,
7752766520,1486919256,0,135383301,,asphalt,,residential,False,False,13.581278217051775,0.0,0.0,0.0,Rua José Régio,,,,,,,,,,,,
7752766520,1486919245,0,135383301,,asphalt,,residential,False,True,119.29509470001129,-0.09220831776580131,0.09220831776580131,-11.0,Rua José Régio,,,,,,,,,,,,
7752766520,8450828114,0,819832169,,paving_stones,,footway,False,False,108.04167924215511,0.0,0.0,0.0,,,,,,,,,,,,,sidewalk
7752766520,7656098776,0,819832169,,paving_stones,,footway,False,True,65.45061931336446,-0.16806563658831405,0.16806563658831405,-11.0,,,,,,,,,,,,,sidewalk
7762649048,7762651298,0,1203519246,,asphalt,,unclassified,False,True,7.417938254950806,0.0,0.0,0.0,,,,,,,,,,,,,
7762649048,1487706456,0,135457787,,sett,,unclassified,False,False,100.54383575488004,0.0,0.0,0.0,,,,,,,,,,,,,
7762649048,7762649051,0,831408039,,asphalt,,unclassified,False,False,30.84129965885505,0.0,0.0,0.0,,,,,,,,,,,,,
7762649051,1487706250,0,14201562,2,asphalt,EN 13,primary,False,False,26.186087407589074,0.0,0.0,0.0,,,,,,,,,,,,,
7762649051,1487706256,0,14201562,2,asphalt,EN 13,primary,False,True,13.08943237594251,0.0,0.0,0.0,,,,,,,,,,,,,
7762649051,7762649048,0,831408039,,asphalt,,unclassified,False,True,30.84129965885505,0.0,0.0,0.0,,,,,,,,,,,,,
7762651287,13041426260,0,14201562,2,asphalt,EN 13,primary,False,False,78.00822707553496,0.0,0.0,0.0,,,,,,,,,,,,,
7762651287,1487706250,0,14201562,2,asphalt,EN 13,primary,False,True,84.91622270217168,-0.09421050236841735,0.09421050236841735,-8.0,,,,,,,,,,,,,
7762651287,7762651288,0,831408045,,,,service,False,False,16.732190553402802,-0.4781203019692512,0.4781203019692512,-8.0,,,,,,,,,,,,,
7762651288,7762651287,0,831408045,,,,service,False,True,16.732190553402802,0.4781203019692512,0.4781203019692512,8.0,,,,,,,,,,,,,
7762651288,7762651297,0,831408045,,,,service,False,False,90.80393007696814,0.0,0.0,0.0,,,,,,,,,,,,,
7762651288,7762651297,1,831408046,,,,service,False,False,67.47085702358999,0.0,0.0,0.0,,,,,,,,,,,,,
7762651297,7762651298,0,831408045,,,,service,False,False,18.463606790638067,0.0,0.0,0.0,,,,,,,,,,,,,
7762651297,7762651288,0,831408045,,,,service,False,True,90.80393007696816,0.0,0.0,0.0,,,,,,,,,,,,,
7762651297,7762651288,1,831408046,,,,service,False,True,67.47085702358999,0.0,0.0,0.0,,,,,,,,,,,,,
7762651298,7762649048,0,1203519246,,asphalt,,unclassified,False,False,7.417938254950806,0.0,0.0,0.0,,,,,,,,,,,,,
7762651298,7762651297,0,831408045,,,,service,False,True,18.463606790638067,0.0,0.0,0.0,,,,,,,,,,,,,
7762651298,1487706250,0,1203519246,,asphalt,,unclassified,False,True,21.887224001698094,0.0,0.0,0.0,,,,,,,,,,,,,
7852861135,1487706256,0,14201562,2,asphalt,EN 13,primary,False,False,63.48354637342219,0.0,0.0,0.0,,,,,,,,,,,,,
7852861135,7852861143,0,14201562,2,asphalt,EN 13,primary,False,True,21.842660554673532,0.41203771754234986,0.41203771754234986,9.0,,,,,,,,,,,,,
7852861135,7852861144,0,841685884,,,,service,False,False,46.622222942398366,0.0,0.0,0.0,,,,,,,,,,,,,
7852861138,7852861144,0,841685884,,,,service,False,True,8.329329766143166,0.0,0.0,0.0,,,,,,,,,,,,,
7852861139,7852861143,0,841685885,,,,service,False,False,57.75604030412949,0.155827857183563,0.155827857183563,9.0,,,,,,,,,,,,,
7852861143,7852861135,0,14201562,2,asphalt,EN 13,primary,False,False,21.842660554673532,-0.41203771754234986,0.41203771754234986,-9.0,,,,,,,,,,,,,
7852861143,1487706853,0,14201562,2,asphalt,EN 13,primary,False,True,217.3371063066029,-0.0644160596315746,0.0644160596315746,-14.0,,,,,,,,,,,,,
7852861143,7852861139,0,841685885,,,,service,False,True,57.75604030412949,-0.155827857183563,0.155827857183563,-9.0,,,,,,,,,,,,,
7852861144,7852861138,0,841685884,,,,service,False,False,8.329329766143166,0.0,0.0,0.0,,,,,,,,,,,,,
7852861144,7852861135,0,841685884,,,,service,False,True,46.62222294239837,0.0,0.0,0.0,,,,,,,,,,,,,
7852861144,7852861150,0,841685886,,,,service,False,False,17.548960438003153,0.0,0.0,0.0,,,,,,,,,,,,,
7852861150,7852861151,0,841685886,,,,service,False,True,14.669973481820692,0.0,0.0,0.0,,,,,,,,,,,,,
7852861150,7852861152,0,841685886,,,,service,False,False,79.50545733028481,0.0,0.0,0.0,,,,,,,,,,,,,
7852861150,7852861144,0,841685886,,,,service,False,True,17.548960438003153,0.0,0.0,0.0,,,,,,,,,,,,,
7852861151,7852861150,0,841685886,,,,service,False,False,14.669973481820692,0.0,0.0,0.0,,,,,,,,,,,,,
7852861151,7852861152,0,841685887,,,,service,False,False,63.449477535804135,0.0,0.0,0.0,,,,,,,parking_aisle,,,,,,
7852861151,7852861152,1,841685886,,,,service,False,True,88.34497052293774,0.0,0.0,0.0,,,,,,,,,,,,,
7852861152,7852861151,0,841685887,,,,service,False,True,63.449477535804135,0.0,0.0,0.0,,,,,,,parking_aisle,,,,,,
7852861152,7852861151,1,841685886,,,,service,False,False,88.34497052293774,0.0,0.0,0.0,,,,,,,,,,,,,
7852861152,7852861150,0,841685886,,,,service,False,True,79.50545733028481,0.0,0.0,0.0,,,,,,,,,,,,,
8449223812,1486919282,0,686320160,,,,footway,False,True,4.3320776113532204,0.0,0.0,0.0,,,,,,,,,,,,,
8449223812,6432885375,0,686320160,,,,footway,False,False,15.27513913650445,0.39279511278959356,0.39279511278959356,6.0,,,,,,,,,,,,,
8449223812,8449223815,0,909982611,,,,footway,False,True,91.80256324005818,0.0,0.0,0.0,,,,,,,,,,,,,sidewalk
8449223812,8449223833,0,909982612,,,,footway,False,False,80.99967012175249,0.0,0.0,0.0,,,,,,,,,,,,,sidewalk
8449223813,1486919302,0,135383452,,,,service,False,False,49.581739521108254,0.0,0.0,0.0,,,,,,,,,,,,,
8449223813,1486919292,0,135383452,,,,service,False,True,4.797127290200225,0.0,0.0,0.0,,,,,,,,,,,,,
8449223813,8449223815,0,909982611,,,,footway,False,False,24.502503828544363,0.0,0.0,0.0,,,,,,,,,,,,,sidewalk
8449223813,7656099891,0,909982611,,,,footway,False,True,196.5391525524071,0.020352178932558494,0.020352178932558494,4.0,,,,,,,,,,,,,sidewalk
8449223815,1486919297,0,135383484,,,,service,False,False,38.60839912065883,0.0,0.0,0.0,,,,,,,parking_aisle,,,,,,
8449223815,1486919288,0,135383484,,,,service,False,True,4.187069805031554,0.0,0.0,0.0,,,,,,,parking_aisle,,,,,,
8449223815,8449223813,0,909982611,,,,footway,False,True,24.502503828544363,0.0,0.0,0.0,,,,,,,,,,,,,sidewalk
8449223815,8449223812,0,909982611,,,,footway,False,False,91.80256324005818,0.0,0.0,0.0,,,,,,,,,,,,,sidewalk
8449223819,7656150104,0,819837158,,,,service,False,False,4.796025845470698,0.0,0.0,0.0,,,,,,,parking_aisle,,,,,,
8449223819,7656150108,0,819837158,,,,service,False,True,12.351855475006314,0.0,0.0,0.0,,,,,,,parking_aisle,,,,,,
8449223819,7656150126,0,819837160,,,,footway,False,False,2.736138587816101,0.0,0.0,0.0,,,,,,,,,,,,,sidewalk
8449223819,8449223820,0,819837160,,,,footway,False,True,123.23534254311846,0.0,0.0,0.0,,,,,,,,,,,,,sidewalk
8449223820,7656150105,0,819837158,,,,service,False,False,12.834760750257313,0.0,0.0,0.0,,,,,,,parking_aisle,,,,,,
8449223820,7656150103,0,819837158,,,,service,False,True,4.907832787110424,0.0,0.0,0.0,,,,,,,parking_aisle,,,,,,
8449223820,7656150123,0,819837160,,,,footway,False,True,2.968668011708563,0.0,0.0,0.0,,,,,,,,,,,,,sidewalk
8449223820,8449223819,0,819837160,,,,footway,False,False,123.23534254311846,0.0,0.0,0.0,,,,,,,,,,,,,sidewalk
8449223833,1486919271,0,686320163,,,,footway,False,False,6.5811343282298145,0.0,0.0,0.0,,,,,,,,,,,,,
8449223833,6432885383,0,686320163,,,,footway,False,True,14.6835460870401,0.0,0.0,0.0,,,,,,,,,,,,,
8449223833,8449223839,0,909982612,,,,footway,False,False,76.93145416321957,0.0,0.0,0.0,,,,,,,,,,,,,sidewalk
8449223833,8449223812,0,909982612,,,,footway,False,True,80.9996701217525,0.0,0.0,0.0,,,,,,,,,,,,,sidewalk
8449223839,8449223833,0,909982612,,,,footway,False,True,76.93145416321956,0.0,0.0,0.0,,,,,,,,,,,,,sidewalk
8450828114,2286838820,0,386440363,,,,service,False,False,8.812260393400027,0.0,0.0,0.0,,,,,,,,,,,,,
8450828114,3897693140,0,386440363,,,,service,False,True,4.680211577755126,0.0,0.0,0.0,,,,,,,,,,,,,
8450828114,8450828201,0,819832169,,paving_stones,,footway,False,False,70.0621782013148,-0.18554946953898788,0.18554946953898788,-13.0,,,,,,,,,,,,,sidewalk
8450828114,7752766520,0,819832169,,paving_stones,,footway,False,True,108.0416792421551,0.0,0.0,0.0,,,,,,,,,,,,,sidewalk
8450828201,3897693166,0,386440363,,,,service,False,False,6.331502219427132,0.0,0.0,0.0,,,,,,,,,,,,,
8450828201,3897693167,0,386440363,,,,service,False,True,12.16806029178981,0.0,0.0,0.0,,,,,,,,,,,,,
8450828201,8450828114,0,819832169,,paving_stones,,footway,False,True,70.0621782013148,0.18554946953898788,0.18554946953898788,13.0,,,,,,,,,,,,,sidewalk
8450828201,7656099890,0,819832169,,paving_stones,,footway,False,False,501.5312301984045,0.0019938937792655554,0.0019938937792655554,1.0,,,,,,,,,,,,,sidewalk
8454098839,2298905784,0,220801028,,wood,,footway,False,False,11.283373366630975,0.0,0.0,0.0,,,,no,,,,,,,,,
8454098863,3050546705,0,300948023,,wood,,footway,False,False,327.20084218669257,-0.009168680557027038,0.009168680557027038,-3.0,,,,no,,boardwalk,,,,,,2,
8454098863,2298905780,0,407379560,,,,residential,False,True,100.70591919043416,0.03971961163907386,0.03971961163907386,4.0,Avenida Marginal (Norte),50,,,,,,,,,,,
8454098863,2298905781,0,910469229,,,,footway,False,True,113.86114390527513,-0.035130509520681905,0.035130509520681905,-4.0,,,,,,,,,,,,,
8514504765,1486919246,0,1362820034,,sett,CM 1061,tertiary,False,False,131.55942241487728,0.015202255857379257,0.015202255857379257,2.0,Rua da Estrada Velha,30,,,intermediate,,,,,,,,
8514504765,12617913450,0,1362820034,,sett,CM 1061,tertiary,False,True,164.97599041268202,0.16972166634647212,0.16972166634647212,28.0,Rua da Estrada Velha,30,,,intermediate,,,,,,,,
8514504956,6975637943,0,916721288,,,,service,False,False,45.326347406354564,-0.044124446694762974,0.044124446694762974,-2.0,,,,,,,driveway,,,,,,
9561185463,12228186220,0,220689116,,,,track,False,True,23.24942040955364,0.0,0.0,0.0,,,,,,,,,,,,,
9561185463,4223265029,0,1135697006,,sand,,track,False,False,48.5184983425545,0.0,0.0,0.0,,,,,,,,,,,,,
9561185463,2297813226,0,1459121043,,,,track,False,False,27.46872451744524,0.0,0.0,0.0,,,,,,,,,,,,,
9561185478,2297813180,0,220689116,,,,track,False,False,45.49611020546062,0.0,0.0,0.0,,,,,,,,,,,,,
9561185478,2297813173,0,220689116,,,,track,False,True,160.9360301270732,0.024854595933810765,0.024854595933810765,4.0,,,,,,,,,,,,,
9561185478,13092919540,0,1135539421,,,,track,False,True,50.46228341211639,0.07926712248299823,0.07926712248299823,4.0,,,,,,,,,,,,,
9646064636,2299038379,0,220922273,,asphalt,,residential,False,True,3.2734317480080586,0.0,0.0,0.0,,,roundabout,,,,,right,,,,,
9646064636,2299038368,0,1052078509,,,,residential,False,False,22.465059850201833,0.0,0.0,0.0,,,,,,,,,,,,,
9646064636,2299038384,0,220922273,,asphalt,,residential,False,False,12.997959463510284,0.0,0.0,0.0,,,roundabout,,,,,right,,,,,
10586725711,3050546713,0,300948023,,wood,,footway,False,True,467.49124651582315,-0.008556309941227129,0.008556309941227129,-4.0,,,,no,,boardwalk,,,,,,2,
10586725711,10586725712,0,422577932,,sand,,path,False,False,160.57432146244736,0.0,0.0,0.0,,,,,,,,,,,,,
10586725712,4223265034,0,"[1321456578, 422577932]",,sand,,"['track', 'path']",False,False,175.1453161278712,0.02283817853901188,0.02283817853901188,4.0,,,,,,,,,,,,,
10586725712,10586725711,0,422577932,,sand,,path,False,True,160.57432146244733,0.0,0.0,0.0,,,,,,,,,,,,,
10586725712,12228186206,0,1135697005,,sand,,path,False,False,61.60553830673567,0.06492922730556935,0.06492922730556935,4.0,,,,,,,,,,,,,
11821884998,1486919343,0,1273063430,,,,service,False,False,20.97146575678268,0.0,0.0,0.0,,,,,,,,,,,,,
12228186206,4223265034,0,1135697005,,sand,,path,False,False,90.33881621274789,0.0,0.0,0.0,,,,,,,,,,,,,
12228186206,10586725712,0,1135697005,,sand,,path,False,True,61.60553830673567,-0.06492922730556935,0.06492922730556935,-4.0,,,,,,,,,,,,,
12228186206,12228186220,0,1321456577,,sand,,path,False,False,122.08162982673315,0.0,0.0,0.0,,,,,,,,,,,,,
12228186220,9561185463,0,220689116,,,,track,False,False,23.249420409553636,0.0,0.0,0.0,,,,,,,,,,,,,
12228186220,4223265019,0,220689116,,,,track,False,True,30.200835041127952,0.0,0.0,0.0,,,,,,,,,,,,,
12228186220,12228186206,0,1321456577,,sand,,path,False,True,122.08162982673316,0.0,0.0,0.0,,,,,,,,,,,,,
12617913450,13658425879,0,1362820038,,sett,CM 1061,tertiary,False,True,31.73673797071068,0.0,0.0,0.0,Rua da Estrada Velha,,,,intermediate,,,,,,,,
12617913450,8514504765,0,1362820034,,sett,CM 1061,tertiary,False,False,164.975990412682,-0.16972166634647215,0.16972166634647215,-28.0,Rua da Estrada Velha,30,,,intermediate,,,,,,,,
12617913450,13658425890,0,1490170764,,,,service,False,False,77.13510649394414,0.0,0.0,0.0,,,,,,,,,,,,,
13041426256,13041426258,0,1419184405,,,,service,False,False,21.725852285940494,0.0,0.0,0.0,,,,,,,parking_aisle,,,,,,
13041426258,13041426269,0,1419184405,,,,service,False,False,29.852522100822622,0.0,0.0,0.0,,,,,,,parking_aisle,,,,,,
13041426258,13041426256,0,1419184405,,,,service,False,True,21.725852285940494,0.0,0.0,0.0,,,,,,,parking_aisle,,,,,,
13041426258,13041426259,0,1419184406,,,,service,False,False,18.661314841504296,0.0,0.0,0.0,,,,,,,parking_aisle,,,,,,
13041426259,13041426258,0,1419184406,,,,service,False,True,18.661314841504296,0.0,0.0,0.0,,,,,,,parking_aisle,,,,,,
13041426259,1487705525,0,135457918,,,,tertiary,False,True,28.79314441948678,0.0,0.0,0.0,Rua Nova da Gândara,,,no,,,,,,,,,
13041426260,13041426264,0,14201562,2,asphalt,EN 13,primary,False,False,12.341448489558113,0.0,0.0,0.0,,,,,,,,,,,,,
13041426260,7762651287,0,14201562,2,asphalt,EN 13,primary,False,True,78.00822707553496,0.0,0.0,0.0,,,,,,,,,,,,,
13041426260,13041426263,0,1419184407,,,,service,False,True,28.48601615990054,0.0,0.0,0.0,,,,,,,parking_aisle,,,,,,
13041426263,13041426272,0,1419184409,,,,service,False,False,32.986995352789286,0.0,0.0,0.0,,,,,,,parking_aisle,,,,,,
13041426263,13041426260,0,1419184407,,,,service,False,False,28.486016159900537,0.0,0.0,0.0,,,,,,,parking_aisle,,,,,,
13041426263,13041426264,0,1419184408,,,,service,False,True,22.054787824772717,0.0,0.0,0.0,,,,,,,parking_aisle,,,,,,
13041426264,914327211,0,14201562,2,asphalt,EN 13,primary,False,False,13.189587021454757,0.0,0.0,0.0,,,,,,,,,,,,,
13041426264,13041426260,0,14201562,2,asphalt,EN 13,primary,False,True,12.341448489558113,0.0,0.0,0.0,,,,,,,,,,,,,
13041426264,13041426263,0,1419184408,,,,service,False,False,22.054787824772717,0.0,0.0,0.0,,,,,,,parking_aisle,,,,,,
13041426269,13041426270,0,1419184405,,,,service,False,False,12.463326408734375,0.0,0.0,0.0,,,,,,,parking_aisle,,,,,,
13041426269,13041426258,0,1419184405,,,,service,False,True,29.852522100822622,0.0,0.0,0.0,,,,,,,parking_aisle,,,,,,
13041426269,13041426271,0,1419184409,,,,service,False,True,49.394250654649824,0.16196216956369403,0.16196216956369403,8.0,,,,,,,parking_aisle,,,,,,
13041426270,13041426269,0,1419184405,,,,service,False,True,12.463326408734375,0.0,0.0,0.0,,,,,,,parking_aisle,,,,,,
13041426270,13041426271,0,1419184410,,,,service,False,False,38.89691329098465,0.2056718470217071,0.2056718470217071,8.0,,,,,,,parking_aisle,,,,,,
13041426270,13041426272,0,"[1419184411, 1419184405]",,,,service,False,False,55.7498069064054,0.14349825486266996,0.14349825486266996,8.0,,,,,,,parking_aisle,,,,,,
13041426271,13041426270,0,1419184410,,,,service,False,True,38.89691329098465,-0.2056718470217071,0.2056718470217071,-8.0,,,,,,,parking_aisle,,,,,,
13041426271,13041426269,0,1419184409,,,,service,False,False,49.394250654649824,-0.16196216956369403,0.16196216956369403,-8.0,,,,,,,parking_aisle,,,,,,
13041426271,13041426272,0,1419184409,,,,service,False,True,19.489778127066977,0.0,0.0,0.0,,,,,,,parking_aisle,,,,,,
13041426272,13041426263,0,1419184409,,,,service,False,True,32.986995352789286,0.0,0.0,0.0,,,,,,,parking_aisle,,,,,,
13041426272,13041426271,0,1419184409,,,,service,False,False,19.489778127066977,0.0,0.0,0.0,,,,,,,parking_aisle,,,,,,
13041426272,13041426270,0,"[1419184411, 1419184405]",,,,service,False,True,55.7498069064054,-0.14349825486266996,0.14349825486266996,-8.0,,,,,,,parking_aisle,,,,,,
13092919540,9561185478,0,1135539421,,,,track,False,False,50.46228341211639,-0.07926712248299823,0.07926712248299823,-4.0,,,,,,,,,,,,,
13092919540,2297813173,0,1135539421,,,,track,False,True,115.273343744151,0.0,0.0,0.0,,,,,,,,,,,,,
13092919540,13092919553,0,1424450620,,,,track,False,False,194.98695001423064,-0.03589983842246428,0.03589983842246428,-7.0,,,,,,,,,,,,,
13092919553,13092919554,0,1424450620,,,,track,False,False,27.298283068360657,0.0,0.0,0.0,,,,,,,,,,,,,
13092919553,13092919540,0,1424450620,,,,track,False,True,194.98695001423062,0.03589983842246429,0.03589983842246429,7.0,,,,,,,,,,,,,
13092919553,13092919564,0,1424450622,,,,track,False,True,29.40253084987647,0.0,0.0,0.0,,,,,,,,,,,,,
13092919554,13092919555,0,1424450620,,,,track,False,False,6.625690386911603,0.0,0.0,0.0,,,,,,,,,,,,,
13092919554,13092919553,0,1424450620,,,,track,False,True,27.298283068360657,0.0,0.0,0.0,,,,,,,,,,,,,
13092919554,13092919564,0,1424450621,,,,track,False,True,20.158270082394818,0.0,0.0,0.0,,,,,,,,,,,,,
13092919555,13092919554,0,1424450620,,,,track,False,True,6.625690386911603,0.0,0.0,0.0,,,,,,,,,,,,,
13092919555,4223264857,0,422577935,,sand,,track,False,False,86.23029216339742,0.03479055822187535,0.03479055822187535,3.0,,,,,,,,,,,,,
13092919555,3050546705,0,422577935,,sand,,track,False,True,124.66432797788664,0.0,0.0,0.0,,,,,,,,,,,,,
13092919564,13092919554,0,1424450621,,,,track,False,False,20.158270082394818,0.0,0.0,0.0,,,,,,,,,,,,,
13092919564,4223264993,0,1424450621,,,,track,False,True,123.77948038237865,0.0,0.0,0.0,,,,,,,,,,,,,
13092919564,13092919553,0,1424450622,,,,track,False,False,29.40253084987647,0.0,0.0,0.0,,,,,,,,,,,,,
13092926521,1460476864,0,1424450736,,,,track,False,True,263.0161599414973,-0.007604095506697613,0.007604095506697613,-2.0,,,,,,,,,,,,,
13299598621,1460394655,0,132749772,2,sett,EM 531-2,secondary,False,False,202.48992092002695,0.019754069643692505,0.019754069643692505,4.0,Rua da Praia,50,,yes,,,,,,,,,
13299598621,1460394640,0,132749772,2,sett,EM 531-2,secondary,False,True,182.81594164989454,0.0,0.0,0.0,Rua da Praia,50,,yes,,,,,,,,,
13299598621,13299598628,0,1450023747,,,,track,False,False,169.32043944283868,-0.01771788456179136,0.01771788456179136,-3.0,,,,,,,,,,,,,
13299598628,13299598621,0,1450023747,,,,track,False,True,169.32043944283865,0.017717884561791363,0.017717884561791363,3.0,,,,,,,,,,,,,
13300045616,1460476179,0,1450078266,,,,track,False,True,124.69496834977383,0.0,0.0,0.0,,,,,,,,,,,,,
13300045621,1460476179,0,"[132756410, 1450078267]",,,,"['residential', 'track']",False,True,141.3836953942744,0.049510659489265814,0.049510659489265814,7.0,,,,,,,,,,,,,
13311375773,1486919245,0,"[1451396088, 1451396087]",,,,"['service', 'track']",False,True,110.91822058305829,0.0,0.0,0.0,,,,,,,driveway,,,,,,
13319159116,1486919212,0,135383435,,,,unclassified,False,True,46.396457355604134,0.0,0.0,0.0,Rua 25 de Abril,,,,,,,,,,,,
13319159116,1486919210,0,135383435,,,,unclassified,False,False,46.79478222103471,0.0,0.0,0.0,Rua 25 de Abril,,,,,,,,,,,,
13319159116,13319159129,0,"[1452329067, 1452328987, 1452328988, 1452329066]",,,,"['unclassified', 'track']",False,False,216.6530653956025,0.01846269745916639,0.01846269745916639,4.0,,,,,,yes,,,,,,,
13319159129,1460476378,0,132756408,,,,residential,False,False,27.45685968748483,0.0,0.0,0.0,Travessa de Passos,,,,,,,,,,,,
13319159129,13319670850,0,132756408,,,,residential,False,True,50.84695783993731,0.0,0.0,0.0,Travessa de Passos,,,,,,,,,,,,
13319159129,13319159116,0,"[1452328987, 1452329066, 1452329067, 1452328988]",,,,"['unclassified', 'track']",False,True,216.6530653956025,-0.01846269745916639,0.01846269745916639,-4.0,,,,,,yes,,,,,,,
13319159137,1460477119,0,135383673,,,,residential,False,False,55.33815717545005,0.0,0.0,0.0,Rua do Carvalhal,,,,,,,,,,,,
13319159137,1460477241,0,135383673,,,,residential,False,True,152.14790027649846,0.01971765627095805,0.01971765627095805,3.0,Rua do Carvalhal,,,,,,,,,,,,
13319159137,1460477127,0,1452328989,,,,service,False,True,111.59544297865799,-0.10753127260129192,0.10753127260129192,-12.0,,,,,,,,,,,,,
13319159211,13319159268,0,343510661,,sett,EM 531,secondary,False,False,109.57832808186745,0.0,0.0,0.0,Rua da Estação,50,,,,,,,,,,,
13319159211,1460476990,0,343510661,,sett,EM 531,secondary,False,True,79.47477567638482,0.08807826056035015,0.08807826056035015,7.0,Rua da Estação,50,,,,,,,,,,,
13319159211,13319159215,0,1452328991,,,,unclassified,False,False,44.723090542034015,-0.022359814312477515,0.022359814312477515,-1.0,Rua dos Moinhos,,,,,,,,,,,,
13319159215,13319159211,0,1452328991,,,,unclassified,False,True,44.723090542034015,0.022359814312477515,0.022359814312477515,1.0,Rua dos Moinhos,,,,,,,,,,,,
13319159268,13633865050,0,343510661,,sett,EM 531,secondary,False,False,41.333654663585,0.0,0.0,0.0,Rua da Estação,50,,,,,,,,,,,
13319159268,13319159211,0,343510661,,sett,EM 531,secondary,False,True,109.57832808186745,0.0,0.0,0.0,Rua da Estação,50,,,,,,,,,,,
13319159268,13319159271,0,1452329001,,,,track,False,False,52.29164274140652,0.0,0.0,0.0,,,,,,,,,,,,,
13319159271,13319159268,0,1452329001,,,,track,False,True,52.29164274140652,0.0,0.0,0.0,,,,,,,,,,,,,
13319159461,1460394651,0,132756358,,,,residential,False,True,34.14397815522403,0.0,0.0,0.0,Rua da Agra de Cima,,,,,,,,,,,,
13319159461,13319159472,0,"[1452329042, 132756358]",,,,"['residential', 'track']",False,False,137.34319849487179,0.0,0.0,0.0,Rua da Agra de Cima,,,,,,,,,,,,
13319159461,13319159466,0,1452329041,,,,track,False,False,175.68541631286652,0.0,0.0,0.0,,,,,,,,,,,,,
13319159466,13319159461,0,1452329041,,,,track,False,True,175.68541631286652,0.0,0.0,0.0,,,,,,,,,,,,,
13319159471,13319159472,0,1452329042,,,,track,False,True,43.95670950325914,0.0,0.0,0.0,,,,,,,,,,,,,
13319159472,13319159473,0,1452329043,,,,track,False,False,27.08820137428505,0.0,0.0,0.0,,,,,,,,,,,,,
13319159472,13319159471,0,1452329042,,,,track,False,False,43.95670950325915,0.0,0.0,0.0,,,,,,,,,,,,,
13319159472,13319159461,0,"[1452329042, 132756358]",,,,"['residential', 'track']",False,True,137.34319849487179,0.0,0.0,0.0,Rua da Agra de Cima,,,,,,,,,,,,
13319159473,13319159472,0,1452329043,,,,track,False,True,27.08820137428505,0.0,0.0,0.0,,,,,,,,,,,,,
13319159495,1486919212,0,343510661,,sett,EM 531,secondary,False,True,4.420859443723545,0.0,0.0,0.0,Rua da Estação,50,,,,,,,,,,,
13319159495,1460476990,0,343510661,,sett,EM 531,secondary,False,False,38.55754156354738,0.0,0.0,0.0,Rua da Estação,50,,,,,,,,,,,
13319159495,13319159507,0,"[1452391436, 1452329045]",,,,"['unclassified', 'track']",False,False,126.94220243334206,0.03151040334360371,0.03151040334360371,4.0,Rua das Regadas,,,,,,,,,,,,
13319159507,13319159495,0,"[1452391436, 1452329045]",,,,"['unclassified', 'track']",False,True,126.94220243334206,-0.03151040334360371,0.03151040334360371,-4.0,Rua das Regadas,,,,,,,,,,,,
13319159574,1428182561,0,1452329052,,,,unclassified,False,True,30.79123424420327,0.0,0.0,0.0,,,,,,,,,,,,,
13319570913,13319570963,0,1452379088,,,,track,False,False,556.236223470002,-0.012584581342673942,0.012584581342673942,-7.0,,,,,,,,,,,,,
13319570913,1428182589,0,1452379088,,,,track,False,True,60.47767174531451,0.0,0.0,0.0,,,,,,,,,,,,,
13319570913,13319571073,0,1452379106,,,,track,False,False,31.0048868903216,0.0,0.0,0.0,,,,,,,,,,,,,
13319570963,13319570913,0,1452379088,,,,track,False,True,556.236223470002,0.012584581342673942,0.012584581342673942,7.0,,,,,,,,,,,,,
13319571072,13319571073,0,1452379106,,,,track,False,True,244.30011202782413,0.036839933986501656,0.036839933986501656,9.0,,,,,,,,,,,,,
13319571073,13319571072,0,1452379106,,,,track,False,False,244.30011202782416,-0.03683993398650165,0.03683993398650165,-9.0,,,,,,,,,,,,,
13319571073,13319570913,0,1452379106,,,,track,False,True,31.004886890321604,0.0,0.0,0.0,,,,,,,,,,,,,
13319571073,13319571075,0,1452379107,,,,track,False,False,120.3182693316084,-0.01662257952271415,0.01662257952271415,-2.0,,,,,,,,,,,,,
13319571075,13319870827,0,1452414006,,,,track,False,False,9.111084561498421,0.0,0.0,0.0,,,,,,,,,,,,,
13319571075,13319571073,0,1452379107,,,,track,False,True,120.3182693316084,0.01662257952271415,0.01662257952271415,2.0,,,,,,,,,,,,,
13319571075,13319870824,0,1452414006,,,,track,False,True,46.85804926020487,0.0,0.0,0.0,,,,,,,,,,,,,
13319571264,13319571265,0,1452379141,,,,service,False,False,52.71020745715891,-0.018971657450082443,0.018971657450082443,-1.0,,,,,,,driveway,,,,,,
13319571264,13319571266,0,132749778,1,sett,EM 531,tertiary,False,False,66.92435860308754,-0.014942242568670135,0.014942242568670135,-1.0,Rua da Fonte,,,,,,,,,,,,
13319571264,1460394651,0,132749778,1,sett,EM 531,tertiary,False,True,100.27819919211507,0.0,0.0,0.0,Rua da Fonte,,,,,,,,,,,,
13319571265,13319571264,0,1452379141,,,,service,False,True,52.71020745715891,0.018971657450082443,0.018971657450082443,1.0,,,,,,,driveway,,,,,,
13319571266,13319571271,0,132749778,1,sett,EM 531,tertiary,False,False,52.315092105509365,0.03822988586097467,0.03822988586097467,2.0,Rua da Fonte,,,,,,,,,,,,
13319571266,13319571264,0,132749778,1,sett,EM 531,tertiary,False,True,66.92435860308754,0.014942242568670135,0.014942242568670135,1.0,Rua da Fonte,,,,,,,,,,,,
13319571266,13319571270,0,1452379142,,,,track,False,False,82.14133854117453,0.0,0.0,0.0,,,,,,,,,,,,,
13319571270,13319571266,0,1452379142,,,,track,False,True,82.14133854117453,0.0,0.0,0.0,,,,,,,,,,,,,
13319571271,13319571266,0,132749778,1,sett,EM 531,tertiary,False,True,52.315092105509365,-0.03822988586097467,0.03822988586097467,-2.0,Rua da Fonte,,,,,,,,,,,,
13319571271,13319571272,0,1452379143,,,,track,False,False,32.248787246333926,0.0,0.0,0.0,,,,,,,,,,,,,
13319571271,1460394512,0,132749778,1,sett,EM 531,tertiary,False,False,209.83107417034995,0.009531476726732635,0.009531476726732635,2.0,Rua da Fonte,,,,,,,,,,,,
13319571272,13319571271,0,1452379143,,,,track,False,True,32.248787246333926,0.0,0.0,0.0,,,,,,,,,,,,,
13319611404,13319611420,0,1452383753,,,,track,False,False,120.92982939551655,0.0,0.0,0.0,,,,,,,,,,,,,
13319611404,1460475895,0,1452391433,,,,residential,False,False,35.98638094935032,0.0,0.0,0.0,Rua Alexandre Herculano,,,,,,,,,,,,
13319611404,1460476023,0,1452391433,,,,residential,False,True,50.37221911676547,-0.079408850158612,0.079408850158612,-4.0,Rua Alexandre Herculano,,,,,,,,,,,,
13319611419,13319611420,0,1452383753,,,,track,False,True,40.07979681287767,0.0,0.0,0.0,,,,,,,,,,,,,
13319611420,13319611419,0,1452383753,,,,track,False,False,40.07979681287766,0.0,0.0,0.0,,,,,,,,,,,,,
13319611420,13319611404,0,1452383753,,,,track,False,True,120.92982939551653,0.0,0.0,0.0,,,,,,,,,,,,,
13319611420,13319611422,0,1452383754,,,,track,False,False,21.244083143550377,0.0,0.0,0.0,,,,,,,,,,,,,
13319611422,13319611420,0,1452383754,,,,track,False,True,21.244083143550377,0.0,0.0,0.0,,,,,,,,,,,,,
13319633436,13319633437,0,1452391405,,,,track,False,True,62.69281402724774,0.0,0.0,0.0,,,,,,,,,,,,,
13319633437,13319633436,0,1452391405,,,,track,False,False,62.69281402724775,0.0,0.0,0.0,,,,,,,,,,,,,
13319633437,1428182526,0,"[1452329053, 1452391405]",,,,"['unclassified', 'track']",False,True,106.94121264471883,0.028052795791334722,0.028052795791334722,3.0,,,,,,,,,,,,,
13319633437,13319633439,0,1452391406,,,,track,False,False,56.00168179479013,0.0,0.0,0.0,,,,,,,,,,,,,
13319633439,13319633437,0,1452391406,,,,track,False,True,56.00168179479013,0.0,0.0,0.0,,,,,,,,,,,,,
13319670850,13319670853,0,1452391434,,,,unclassified,False,False,27.82454685007677,0.0,0.0,0.0,Rua da Alegria,,,,,,,,,,,,
13319670850,13319159129,0,132756408,,,,residential,False,False,50.84695783993731,0.0,0.0,0.0,Travessa de Passos,,,,,,,,,,,,
13319670850,1460476147,0,132756408,,,,residential,False,True,58.449953669888494,0.0,0.0,0.0,Travessa de Passos,,,,,,,,,,,,
13319670853,13319670850,0,1452391434,,,,unclassified,False,True,27.82454685007677,0.0,0.0,0.0,Rua da Alegria,,,,,,,,,,,,
13319670853,13319858452,0,"[1452413952, 1452413953, 1452391434, 1452413954]",,,,"['unclassified', 'track']",False,False,198.43631970634874,0.005039400052771721,0.005039400052771721,1.0,Rua da Alegria,,,,,yes,,,,,,,
13319670853,13319670857,0,1452391435,,,,unclassified,False,False,58.18086197365634,0.0,0.0,0.0,Travessa da Vilarinha,,,,,,,,,,,,
13319670857,13319670853,0,1452391435,,,,unclassified,False,True,58.18086197365635,0.0,0.0,0.0,Travessa da Vilarinha,,,,,,,,,,,,
13319858452,13319670853,0,"[1452413952, 1452413953, 1452413954, 1452391434]",,,,"['unclassified', 'track']",False,True,198.43631970634874,-0.005039400052771721,0.005039400052771721,-1.0,Rua da Alegria,,,,,yes,,,,,,,
13319870741,1486919262,0,135383678,,sett,,residential,False,False,77.49041274467123,0.0,0.0,0.0,Rua da Gândara Nova,,,,,,,,,,,,
13319870741,1486919246,0,135383678,,sett,,residential,False,True,141.89467649592518,-0.02114244222605597,0.02114244222605597,-3.0,Rua da Gândara Nova,,,,,,,,,,,,
13319870741,1486919261,0,1452413991,,,,track,False,False,81.12283206905903,0.0,0.0,0.0,,,,,,,,,,,,,
13319870824,13658530540,0,129447250,,sett,,residential,False,True,22.63241485172833,0.0,0.0,0.0,Rua de Paredes,,,,,,,,,,,,
13319870824,1428182589,0,129447250,,sett,,residential,False,False,124.46369449143852,0.01606894290075548,0.01606894290075548,2.0,Rua de Paredes,,,,,,,,,,,,
13319870824,13319571075,0,1452414006,,,,track,False,False,46.858049260204865,0.0,0.0,0.0,,,,,,,,,,,,,
13319870827,13319571075,0,1452414006,,,,track,False,True,9.111084561498421,0.0,0.0,0.0,,,,,,,,,,,,,
13319870873,1487707249,0,1452414012,,,,track,False,True,118.18573414032184,-0.02538377429240404,0.02538377429240404,-3.0,,,,,,,,,,,,,
13319870874,1487707051,0,135458004,,paving_stones,,residential,False,False,310.28254790902906,-0.009668606952652594,0.009668606952652594,-3.0,Rua das Pedras,,,,,,,,,,,,
13319870874,1487706860,0,135458004,,paving_stones,,residential,False,True,86.53468739995523,0.057780297707559373,0.057780297707559373,5.0,Rua das Pedras,,,,,,,,,,,,
13319870874,13319870881,0,1452414013,,,,track,False,False,111.43661259402455,0.0,0.0,0.0,,,,,,,,,,,,,
13319870881,13319870874,0,1452414013,,,,track,False,True,111.43661259402455,0.0,0.0,0.0,,,,,,,,,,,,,
13319870885,1487707280,0,1452414014,,,,track,False,True,39.86259802969907,0.0,0.0,0.0,,,,,,,,,,,,,
13319870888,1487707280,0,1452414015,,,,track,False,True,42.10607167800514,0.0,0.0,0.0,,,,,,,,,,,,,
13319870889,1487707283,0,135457810,,,,track,False,False,77.91915263977064,0.0,0.0,0.0,,,,,,,,,,,,,
13319870889,1487707283,1,1452414016,,,,track,False,False,97.18835828289278,0.0,0.0,0.0,,,,,,,,,,,,,
13319870889,1487707249,0,135457810,,,,track,False,True,63.9203554341406,0.0,0.0,0.0,,,,,,,,,,,,,
13319870898,1487707283,0,1452414017,,,,track,False,True,19.762024738772766,0.0,0.0,0.0,,,,,,,,,,,,,
13319871000,13319871001,0,1452414030,,,,track,False,True,35.40724139759598,0.056485620484847836,0.056485620484847836,2.0,,,,,,,,,,,,,
13319871001,13319871002,0,1452414031,,,,track,False,False,9.226349046816315,-0.21677046791223759,0.21677046791223759,-2.0,,,,,,,,,,,,,
13319871001,13319871000,0,1452414030,,,,track,False,False,35.40724139759598,-0.056485620484847836,0.056485620484847836,-2.0,,,,,,,,,,,,,
13319871001,1487706860,0,1452414030,,,,track,False,True,137.02817229911557,0.0,0.0,0.0,,,,,,,,,,,,,
13319871002,13319871001,0,1452414031,,,,track,False,True,9.226349046816315,0.21677046791223759,0.21677046791223759,2.0,,,,,,,,,,,,,
13614748821,1460394587,0,132749772,2,sett,EM 531-2,secondary,False,True,17.331180636089012,0.0,0.0,0.0,Rua da Praia,50,,yes,,,,,,,,,
13614748821,1460394583,0,132749772,2,sett,EM 531-2,secondary,False,False,42.89780421547009,0.0,0.0,0.0,Rua da Praia,50,,yes,,,,,,,,,
13614748821,13614748825,0,1484982120,,,,residential,False,False,198.55988938442312,-0.015108791656263623,0.015108791656263623,-3.0,Rua Joaquim Gomes da Silva,,,,,,,,,,,,
13614748825,13614748821,0,1484982120,,,,residential,False,True,198.55988938442312,0.015108791656263623,0.015108791656263623,3.0,Rua Joaquim Gomes da Silva,,,,,,,,,,,,
13618090202,13618090213,0,1485406924,,,,residential,False,False,189.98277337906515,-0.02105454051888672,0.02105454051888672,-4.0,Rua de Kiev,,,,,,,,,,,,
13618090202,1460475887,0,1485415582,,,,residential,False,False,19.763766299835286,0.0,0.0,0.0,Rua de Paris,,,,,,,,,,,,
13618090202,1460475849,0,1485415583,,,,residential,False,True,41.702638213789356,0.0,0.0,0.0,Rua de Paris,,,,,,,,,,,,
13618090213,1460475936,0,132749772,2,sett,EM 531-2,secondary,False,False,7.631214530973167,0.0,0.0,0.0,Rua da Praia,50,,yes,,,,,,,,,
13618090213,1460394612,0,132749772,2,sett,EM 531-2,secondary,False,True,93.45233932100882,0.021401283419241107,0.021401283419241107,2.0,Rua da Praia,50,,yes,,,,,,,,,
13618090213,13618090202,0,1485406924,,,,residential,False,True,189.98277337906512,0.021054540518886722,0.021054540518886722,4.0,Rua de Kiev,,,,,,,,,,,,
13618090574,2295386642,0,220414566,,,,residential,False,False,59.656851152871894,0.0,0.0,0.0,Rua Nova do Oásis,20,,,,,,no,,,,,
13618090574,2295386642,1,1485406934,,,,residential,False,True,84.51938046440658,0.0,0.0,0.0,Rua Nova do Oásis,,,,,,,,,,,,
13618090574,2295378471,0,220414566,,,,residential,False,True,112.6725669049182,0.09762802341480911,0.09762802341480911,11.0,Rua Nova do Oásis,20,,,,,,no,,,,,
13618163779,13618275156,0,220413948,,asphalt,,residential,False,False,47.08160299666596,0.0,0.0,0.0,Rua do Oásis,20,,,,,,no,,,,,
13618163779,13618163784,0,220413948,,asphalt,,residential,False,True,77.04413404919013,0.051941401826185354,0.051941401826185354,4.0,Rua do Oásis,20,,,,,,no,,,,,
13618163779,13618163784,1,1485415581,,,,residential,False,False,77.00985840515898,0.051941401826185354,0.051941401826185354,4.0,Rua do Oásis,,,,,,,,,,,,
13618163784,13618163779,0,220413948,,asphalt,,residential,False,False,77.04413404919015,-0.05194140182618536,0.05194140182618536,-4.0,Rua do Oásis,20,,,,,,no,,,,,
13618163784,13618163779,1,1485415581,,,,residential,False,True,77.00985840515897,-0.05194140182618536,0.05194140182618536,-4.0,Rua do Oásis,,,,,,,,,,,,
13618163784,1460475707,0,220413948,,asphalt,,residential,False,True,14.56771440699401,0.0,0.0,0.0,Rua do Oásis,20,,,,,,no,,,,,
13618163786,1460476137,0,1485415586,,sett,,residential,False,True,104.17791057375565,0.0,0.0,0.0,Rua Almeida Garrett,,,,,,,,,,,,
13618163786,1460476146,0,1485415587,,,,residential,False,False,72.992684064087,0.0,0.0,0.0,Rua Leira da Pedra,,,,,,,,,,,,
13618163786,1460475936,0,1485415586,,sett,,residential,False,False,29.49013695253234,0.10172892736404833,0.10172892736404833,3.0,Rua Almeida Garrett,,,,,,,,,,,,
13618163787,1460476146,0,1485415587,,,,residential,False,True,17.914091485259647,0.0,0.0,0.0,Rua Leira da Pedra,,,,,,,,,,,,
13618275150,1460475783,0,220413934,,asphalt,,residential,False,True,8.58909540197006,0.0,0.0,0.0,Rua de Madrid,20,,,,,,no,,,,,
13618275150,1460475849,0,220413934,,asphalt,,residential,False,False,256.0256630779858,0.007811716903515242,0.007811716903515242,2.0,Rua de Madrid,20,,,,,,no,,,,,
13618275150,13618275156,0,1485431067,,,,residential,False,False,21.542141536317242,0.0,0.0,0.0,,,,,,,,,,,,,
13618275156,1460475783,0,220413948,,asphalt,,residential,False,False,19.238723753735137,0.0,0.0,0.0,Rua do Oásis,20,,,,,,no,,,,,
13618275156,13618163779,0,220413948,,asphalt,,residential,False,True,47.08160299666596,0.0,0.0,0.0,Rua do Oásis,20,,,,,,no,,,,,
13618275156,13618275150,0,1485431067,,,,residential,False,True,21.54214153631724,0.0,0.0,0.0,,,,,,,,,,,,,
13620771034,13620771069,0,132749772,2,sett,EM 531-2,secondary,False,True,37.09043189936797,0.0,0.0,0.0,Rua da Praia,50,,yes,,,,,,,,,
13620771034,13620771035,0,1485748482,,,,service,False,False,52.7078894776931,0.0,0.0,0.0,,,,,,,parking_aisle,,,,,,
13620771034,1428182504,0,132749772,2,sett,EM 531-2,secondary,False,False,137.1846954346114,-0.007289442869934762,0.007289442869934762,-1.0,Rua da Praia,50,,yes,,,,,,,,,
13620771035,13620771034,0,1485748482,,,,service,False,True,52.7078894776931,0.0,0.0,0.0,,,,,,,parking_aisle,,,,,,
13620771066,13620771073,0,1485748493,,,,footway,False,False,3.5895736183408453,0.0,0.0,0.0,,,,,,,,,,,,,
13620771067,13620771068,0,1485748493,,,,footway,False,True,16.39064851445291,-0.06101039865007307,0.06101039865007307,-1.0,,,,,,,,,,,,,
13620771067,13620771070,0,1485748496,,,,footway,False,True,22.60569086055708,-0.04423664846911724,0.04423664846911724,-1.0,,,,,,,,,,,,,
13620771067,13620771099,0,"[1485748496, 1485748497]",,,,footway,False,False,19.766482199744647,0.0,0.0,0.0,,,,,,,,,,,,,
13620771068,13620771067,0,1485748493,,,,footway,False,False,16.39064851445291,0.06101039865007307,0.06101039865007307,1.0,,,,,,,,,,,,,
13620771068,13620771073,0,1485748493,,,,footway,False,True,16.781776829464366,0.0,0.0,0.0,,,,,,,,,,,,,
13620771068,13620771077,0,1485748494,,,,footway,False,False,21.599814454086328,0.0,0.0,0.0,,,,,,,,,,,,,
13620771068,13620771074,0,1485748498,,,,footway,False,False,18.556740539501828,0.05388877415574653,0.05388877415574653,1.0,,,,,,,,,,,,,
13620771069,13620771034,0,132749772,2,sett,EM 531-2,secondary,False,False,37.09043189936797,0.0,0.0,0.0,Rua da Praia,50,,yes,,,,,,,,,
13620771069,1460394655,0,132749772,2,sett,EM 531-2,secondary,False,True,96.2002711070178,0.0,0.0,0.0,Rua da Praia,50,,yes,,,,,,,,,
13620771069,13620771090,0,"[1485748494, 1485748495]",,,,footway,False,True,9.896267974322841,0.0,0.0,0.0,,,,,,,,,,,,,
13620771070,13620771067,0,1485748496,,,,footway,False,False,22.60569086055708,0.04423664846911724,0.04423664846911724,1.0,,,,,,,,,,,,,
13620771070,13620771077,0,1485748500,,,,footway,False,True,16.452416727657358,0.0,0.0,0.0,,,,,,,,,,,,,
13620771070,13620771096,0,1485748505,,,,footway,False,False,7.854698707631451,0.0,0.0,0.0,,,,,,,,,,,,,
13620771073,13620771068,0,1485748493,,,,footway,False,False,16.781776829464366,0.0,0.0,0.0,,,,,,,,,,,,,
13620771073,13620771066,0,1485748493,,,,footway,False,True,3.5895736183408453,0.0,0.0,0.0,,,,,,,,,,,,,
13620771073,13620771078,0,1485748499,,,,footway,False,False,6.639423313110934,0.0,0.0,0.0,,,,,,,,,,,,,
13620771073,13620771074,0,1485748497,,,,footway,False,True,37.13422100166887,0.026929338303745713,0.026929338303745713,1.0,,,,,,,,,,,,,
13620771074,13620771099,0,1485748497,,,,footway,False,True,13.451005922228745,0.0,0.0,0.0,,,,,,,,,,,,,
13620771074,13620771068,0,1485748498,,,,footway,False,True,18.556740539501828,-0.05388877415574653,0.05388877415574653,-1.0,,,,,,,,,,,,,
13620771074,13620771073,0,1485748497,,,,footway,False,False,37.13422100166887,-0.026929338303745713,0.026929338303745713,-1.0,,,,,,,,,,,,,
13620771075,13620771076,0,1485748499,,,,footway,False,True,4.931597487398259,0.0,0.0,0.0,,,,,,,,,,,,,
13620771076,13620771075,0,1485748499,,,,footway,False,False,4.931597487398259,0.0,0.0,0.0,,,,,,,,,,,,,
13620771076,13620771078,0,1485748499,,,,footway,False,True,13.936700380020767,0.0,0.0,0.0,,,,,,,,,,,,,
13620771076,13620771077,0,1485748500,,,,footway,False,False,16.699061983309583,0.0,0.0,0.0,,,,,,,,,,,,,
13620771077,13620771083,0,1485748494,,,,footway,False,False,7.392557656579888,0.0,0.0,0.0,,,,,,,,,,,,,
13620771077,13620771068,0,1485748494,,,,footway,False,True,21.599814454086328,0.0,0.0,0.0,,,,,,,,,,,,,
13620771077,13620771070,0,1485748500,,,,footway,False,False,16.452416727657358,0.0,0.0,0.0,,,,,,,,,,,,,
13620771077,13620771076,0,1485748500,,,,footway,False,True,16.699061983309583,0.0,0.0,0.0,,,,,,,,,,,,,
13620771078,13620771076,0,1485748499,,,,footway,False,False,13.936700380020767,0.0,0.0,0.0,,,,,,,,,,,,,
13620771078,13620771073,0,1485748499,,,,footway,False,True,6.639423313110934,0.0,0.0,0.0,,,,,,,,,,,,,
13620771078,13620771082,0,1485748501,,,,footway,False,False,29.30934791008334,0.0,0.0,0.0,,,,,,,,,,,,,
13620771080,13620771081,0,1485748501,,,,footway,False,False,23.107912450575295,0.0,0.0,0.0,,,,,,,,,,,,,
13620771080,13620771084,0,1485748501,,,,footway,False,True,6.272157895666353,0.0,0.0,0.0,,,,,,,,,,,,,
13620771080,13620771090,0,1485748505,,,,footway,False,True,29.45621242899977,0.0,0.0,0.0,,,,,,,,,,,,,
13620771081,13620771086,0,1485748494,,,,footway,False,False,1.2845315248047242,0.0,0.0,0.0,,,,,,,,,,,,,
13620771081,13620771093,0,1485748494,,,,footway,False,True,4.9297605504904505,0.0,0.0,0.0,,,,,,,,,,,,,
13620771081,13620771080,0,1485748501,,,,footway,False,True,23.107912450575295,0.0,0.0,0.0,,,,,,,,,,,,,
13620771082,13620771084,0,1485748501,,,,footway,False,False,5.993458561274271,0.0,0.0,0.0,,,,,,,,,,,,,
13620771082,13620771083,0,1485748502,,,,footway,False,False,23.049109007194616,0.0,0.0,0.0,,,,,,,,,,,,,
13620771082,13620771078,0,1485748501,,,,footway,False,True,29.30934791008334,0.0,0.0,0.0,,,,,,,,,,,,,
13620771083,13620771095,0,1485748494,,,,footway,False,False,1.8406135505566714,0.0,0.0,0.0,,,,,,,,,,,,,
13620771083,13620771077,0,1485748494,,,,footway,False,True,7.392557656579888,0.0,0.0,0.0,,,,,,,,,,,,,
13620771083,13620771082,0,1485748502,,,,footway,False,True,23.049109007194616,0.0,0.0,0.0,,,,,,,,,,,,,
13620771084,13620771080,0,1485748501,,,,footway,False,False,6.272157895666353,0.0,0.0,0.0,,,,,,,,,,,,,
13620771084,13620771082,0,1485748501,,,,footway,False,True,5.993458561274271,0.0,0.0,0.0,,,,,,,,,,,,,
13620771084,13620771085,0,1485748503,,,,footway,False,False,23.077116130766726,0.0,0.0,0.0,,,,,,,,,,,,,
13620771085,13620771093,0,1485748494,,,,footway,False,False,1.5397682414251526,0.0,0.0,0.0,,,,,,,,,,,,,
13620771085,13620771095,0,1485748494,,,,footway,False,True,4.466162112301845,0.0,0.0,0.0,,,,,,,,,,,,,
13620771085,13620771084,0,1485748503,,,,footway,False,True,23.077116130766726,0.0,0.0,0.0,,,,,,,,,,,,,
13620771086,13620771090,0,1485748494,,,,footway,False,False,4.864907097730024,0.0,0.0,0.0,,,,,,,,,,,,,
13620771086,13620771081,0,1485748494,,,,footway,False,True,1.2845315248047242,0.0,0.0,0.0,,,,,,,,,,,,,
13620771086,13620771087,0,1485748504,,,,footway,False,False,16.28249436425656,0.0,0.0,0.0,,,,,,,,,,,,,
13620771087,13620771086,0,1485748504,,,,footway,False,True,16.28249436425656,0.0,0.0,0.0,,,,,,,,,,,,,
13620771087,13620771094,0,1485748505,,,,footway,False,True,5.747871853606165,0.0,0.0,0.0,,,,,,,,,,,,,
13620771087,13620771090,0,1485748505,,,,footway,False,False,23.56871100983908,0.0,0.0,0.0,,,,,,,,,,,,,
13620771090,13620771086,0,1485748494,,,,footway,False,True,4.864907097730024,0.0,0.0,0.0,,,,,,,,,,,,,
13620771090,13620771069,0,"[1485748494, 1485748495]",,,,footway,False,False,9.896267974322841,0.0,0.0,0.0,,,,,,,,,,,,,
13620771090,13620771080,0,1485748505,,,,footway,False,False,29.45621242899977,0.0,0.0,0.0,,,,,,,,,,,,,
13620771090,13620771087,0,1485748505,,,,footway,False,True,23.568711009839085,0.0,0.0,0.0,,,,,,,,,,,,,
13620771093,13620771081,0,1485748494,,,,footway,False,False,4.9297605504904505,0.0,0.0,0.0,,,,,,,,,,,,,
13620771093,13620771085,0,1485748494,,,,footway,False,True,1.5397682414251526,0.0,0.0,0.0,,,,,,,,,,,,,
13620771093,13620771094,0,1485748506,,,,footway,False,False,16.309256218065958,0.0,0.0,0.0,,,,,,,,,,,,,
13620771094,13620771087,0,1485748505,,,,footway,False,False,5.747871853606165,0.0,0.0,0.0,,,,,,,,,,,,,
13620771094,13620771096,0,1485748505,,,,footway,False,True,6.128676085084616,0.0,0.0,0.0,,,,,,,,,,,,,
13620771094,13620771093,0,1485748506,,,,footway,False,True,16.309256218065958,0.0,0.0,0.0,,,,,,,,,,,,,
13620771095,13620771085,0,1485748494,,,,footway,False,False,4.466162112301845,0.0,0.0,0.0,,,,,,,,,,,,,
13620771095,13620771083,0,1485748494,,,,footway,False,True,1.8406135505566714,0.0,0.0,0.0,,,,,,,,,,,,,
13620771095,13620771096,0,1485748507,,,,footway,False,False,16.340953037530483,0.0,0.0,0.0,,,,,,,,,,,,,
13620771096,13620771094,0,1485748505,,,,footway,False,False,6.128676085084616,0.0,0.0,0.0,,,,,,,,,,,,,
13620771096,13620771070,0,1485748505,,,,footway,False,True,7.854698707631451,0.0,0.0,0.0,,,,,,,,,,,,,
13620771096,13620771095,0,1485748507,,,,footway,False,True,16.340953037530483,0.0,0.0,0.0,,,,,,,,,,,,,
13620771097,13620771100,0,1485748508,,,,footway,False,False,16.51960085524705,0.0,0.0,0.0,,,,,,,,,,,,,
13620771098,13620771100,0,1485748508,,,,footway,False,True,22.166613406516184,0.0,0.0,0.0,,,,,,,,,,,,,
13620771099,13620771074,0,1485748497,,,,footway,False,False,13.451005922228745,0.0,0.0,0.0,,,,,,,,,,,,,
13620771099,13620771100,0,1485748509,,,,footway,False,False,8.54163063536147,0.0,0.0,0.0,,,,,,,,,,,,,
13620771099,13620771067,0,"[1485748496, 1485748497]",,,,footway,False,True,19.766482199744647,0.0,0.0,0.0,,,,,,,,,,,,,
13620771100,13620771098,0,1485748508,,,,footway,False,False,22.166613406516184,0.0,0.0,0.0,,,,,,,,,,,,,
13620771100,13620771097,0,1485748508,,,,footway,False,True,16.51960085524705,0.0,0.0,0.0,,,,,,,,,,,,,
13620771100,13620771099,0,1485748509,,,,footway,False,True,8.54163063536147,0.0,0.0,0.0,,,,,,,,,,,,,
13633865050,13319159268,0,343510661,,sett,EM 531,secondary,False,True,41.333654663585,0.0,0.0,0.0,Rua da Estação,50,,,,,,,,,,,
13633865050,13633865071,0,343510661,,sett,EM 531,secondary,False,False,71.38085222004571,0.11207487373978675,0.11207487373978675,8.0,Rua da Estação,50,,,,,,,,,,,
13633865050,13633865056,0,1487201175,,,,track,False,False,55.607265396638944,0.14386609272973783,0.14386609272973783,8.0,,,,,,,,,,,,,
13633865056,13633865050,0,1487201175,,,,track,False,True,55.607265396638944,-0.14386609272973783,0.14386609272973783,-8.0,,,,,,,,,,,,,
13633865071,1428182504,0,343510661,,sett,EM 531,secondary,False,False,53.70200710510452,0.0,0.0,0.0,Rua da Estação,50,,,,,,,,,,,
13633865071,13633865050,0,343510661,,sett,EM 531,secondary,False,True,71.38085222004571,-0.11207487373978675,0.11207487373978675,-8.0,Rua da Estação,50,,,,,,,,,,,
13633865071,13633865074,0,1487201181,,,,service,False,False,24.911135149575564,0.0,0.0,0.0,,,,,,,,,,,,,
13633865074,13633865071,0,1487201181,,,,service,False,True,24.911135149575564,0.0,0.0,0.0,,,,,,,,,,,,,
13640879278,2298905791,0,910469235,,,,residential,False,False,13.760796641708705,0.0,0.0,0.0,Avenida Atlântica,,,,,,,,,,,,
13640879278,1428182439,0,910469235,,,,residential,False,True,85.57532137234453,-0.07011367183645806,0.07011367183645806,-6.0,Avenida Atlântica,,,,,,,,,,,,
13640879278,13640879285,0,1487984419,,,,service,False,False,84.2133426654868,-0.07124761718381455,0.07124761718381455,-6.0,,,,,,,parking_aisle,,,,,,
13640879285,13640879278,0,1487984419,,,,service,False,True,84.21334266548683,0.07124761718381452,0.07124761718381452,6.0,,,,,,,parking_aisle,,,,,,
13658425879,12617913450,0,1362820038,,sett,CM 1061,tertiary,False,False,31.73673797071068,0.0,0.0,0.0,Rua da Estrada Velha,,,,intermediate,,,,,,,,
13658425879,1486919326,0,1362820038,,sett,CM 1061,tertiary,False,True,211.38874407755605,-0.004730620849107802,0.004730620849107802,-1.0,Rua da Estrada Velha,,,,intermediate,,,,,,,,
13658425879,13658425882,0,1490170763,,,,service,False,False,74.51570616687835,0.0,0.0,0.0,,,,,,,,,,,,,
13658425882,13658425879,0,1490170763,,,,service,False,True,74.51570616687835,0.0,0.0,0.0,,,,,,,,,,,,,
13658425890,12617913450,0,1490170764,,,,service,False,True,77.13510649394414,0.0,0.0,0.0,,,,,,,,,,,,,
13658524551,1486919263,0,221238146,2,paving_stones,,tertiary,False,False,308.6467774284106,0.05183919344082942,0.05183919344082942,16.0,,,,,,,,,,,,,
13658524551,2302860055,0,221238146,2,paving_stones,,tertiary,False,True,151.7578434333079,0.0,0.0,0.0,,,,,,,,,,,,,
13658524551,13658524560,0,"[1490184470, 1490184471]",,,,"['service', 'track']",False,False,171.1558653013454,0.029213138510893306,0.029213138510893306,5.0,,,,,,,,,,,,,
13658524560,13658524551,0,"[1490184470, 1490184471]",,,,"['service', 'track']",False,True,171.15586530134541,-0.0292131385108933,0.0292131385108933,-5.0,,,,,,,,,,,,,
13658530535,13658530540,0,129447250,,sett,,residential,False,False,51.18865421508951,0.0,0.0,0.0,Rua de Paredes,,,,,,,,,,,,
13658530535,1428182605,0,129447250,,sett,,residential,False,True,26.81240755929933,0.0,0.0,0.0,Rua de Paredes,,,,,,,,,,,,
13658530535,13658530539,0,1490185741,,,,service,False,False,56.57722309245962,0.0,0.0,0.0,,,,,,,driveway,,,,,,
13658530539,13658530540,0,1490185741,,,,service,False,False,5.329532548057353,0.0,0.0,0.0,,,,,,,driveway,,,,,,
13658530539,13658530541,0,1490185742,,,,service,False,False,16.44014168594477,0.0,0.0,0.0,,,,,,,driveway,,,,,,
13658530539,13658530535,0,1490185741,,,,service,False,True,56.57722309245962,0.0,0.0,0.0,,,,,,,driveway,,,,,,
13658530540,13319870824,0,129447250,,sett,,residential,False,False,22.63241485172833,0.0,0.0,0.0,Rua de Paredes,,,,,,,,,,,,
13658530540,13658530539,0,1490185741,,,,service,False,True,5.329532548057353,0.0,0.0,0.0,,,,,,,driveway,,,,,,
13658530540,13658530535,0,129447250,,sett,,residential,False,True,51.18865421508951,0.0,0.0,0.0,Rua de Paredes,,,,,,,,,,,,
13658530541,13658530539,0,1490185742,,,,service,False,True,16.44014168594477,0.0,0.0,0.0,,,,,,,driveway,,,,,,
