osmid,y,x,street_count,elevation,highway,railway,ref
26122673,41.1816016,-8.6211293,3,94.0,,,
26122679,41.1817809,-8.6223813,3,94.0,motorway_junction,,
26122700,41.1802373,-8.6229097,3,95.0,,,
62890972,41.1971414,-8.6682248,4,73.0,,,
62890974,41.1967558,-8.6686416,3,73.0,,,
62890975,41.1966176,-8.6689483,3,68.0,,,
62890977,41.1966317,-8.669938,3,68.0,,,
62890979,41.1973876,-8.6714767,4,64.0,,,
62890984,41.1981564,-8.6733125,4,57.0,,,
62890985,41.1986975,-8.673889,3,57.0,,,
62890991,41.2000948,-8.6756905,1,46.0,,,
62892598,41.1958462,-8.6662198,4,72.0,,,
62897093,41.1997743,-8.666857,3,66.0,,,
62913389,41.1996019,-8.6716464,4,60.0,,,
62913390,41.1992045,-8.6717048,3,60.0,,,
62913393,41.1986111,-8.6717914,3,60.0,,,
62915435,41.1899203,-8.6751636,4,42.0,,,
62915441,41.1912961,-8.6771925,3,27.0,,,
62915442,41.1916867,-8.6772559,4,32.0,,,
62915443,41.1919098,-8.6771504,3,32.0,,,
62915449,41.1966327,-8.6731264,4,63.0,,,
62917390,41.1959485,-8.6719032,3,64.0,,,
62917391,41.1960361,-8.6715247,3,64.0,,,
62917393,41.1964405,-8.6699415,4,68.0,,,
62921657,41.1927306,-8.6684003,4,68.0,,,
62924606,41.2004869,-8.6688347,3,42.0,,,
62924617,41.1976852,-8.6689912,3,68.0,,,
62929803,41.1926577,-8.6701252,3,62.0,crossing,,
62929807,41.1960427,-8.6725556,3,64.0,,,
62941777,41.1940022,-8.6608908,4,78.0,,,
62944785,41.1924219,-8.6678404,3,68.0,,,
62944787,41.1927708,-8.6672903,4,68.0,,,
62944790,41.193186,-8.667114,4,68.0,,,
62946572,41.2023457,-8.6638362,3,49.0,,,
62946573,41.1989751,-8.6637747,3,71.0,,,
62950557,41.1975084,-8.670045,1,68.0,,,
62952208,41.1994637,-8.6691942,3,55.0,,,
62952212,41.199473,-8.6685458,3,66.0,,,
62953033,41.1987444,-8.6690824,1,55.0,,,
62954778,41.1964561,-8.6681844,1,73.0,,,
62966114,41.2004384,-8.673592,4,36.0,,,
62966116,41.1998933,-8.6723307,3,60.0,,,
64639473,41.2003694,-8.6657649,3,73.0,,,
64639474,41.2005838,-8.6657981,3,73.0,,,
64639480,41.2016843,-8.6638126,3,56.0,,,
64640471,41.2008949,-8.6606407,3,74.0,,,
64640472,41.2011089,-8.6608843,3,74.0,,,
64640473,41.2012731,-8.6613627,3,74.0,,,
64640479,41.2007082,-8.6629807,3,56.0,,,
64640480,41.2004075,-8.6654649,3,73.0,,,
64641283,41.1998829,-8.6657199,3,73.0,,,
64644549,41.1994193,-8.6627054,3,71.0,,,
64644554,41.2002651,-8.6606876,3,74.0,,,
64644555,41.2004975,-8.6601776,3,67.0,,,
64646401,41.2011249,-8.6656605,3,73.0,,,
64646843,41.201632,-8.6652707,3,73.0,,,
64647236,41.2006465,-8.6657761,3,73.0,,,
64647242,41.2010352,-8.6654709,3,73.0,,,
64647808,41.2006421,-8.6668242,1,57.0,,,
64648108,41.2020504,-8.6675735,3,57.0,,,
64648110,41.2020843,-8.6677006,3,43.0,,,
64648929,41.2021098,-8.6683807,3,43.0,,,
64648931,41.2018676,-8.6691882,3,42.0,,,
64648932,41.2020161,-8.6692225,3,42.0,,,
64648936,41.204378,-8.6664414,3,29.0,,,
64649388,41.2034523,-8.6676294,4,43.0,,,
64650619,41.2025243,-8.6684511,1,43.0,,,
64652362,41.2013593,-8.6699636,3,42.0,,,
64653261,41.2008735,-8.6703678,1,42.0,,,
64653265,41.2000465,-8.6716343,3,66.0,,,
64653634,41.2017384,-8.6703211,1,42.0,,,
64653636,41.2013115,-8.6716499,3,66.0,,,
64653702,41.2003096,-8.6709825,3,66.0,,,
64653705,41.2015929,-8.6708549,3,66.0,,,
64654984,41.2016127,-8.6716586,3,66.0,,,
64655071,41.2013635,-8.6735986,3,36.0,,,
64655073,41.2010479,-8.6716475,3,66.0,,,
64655296,41.2009618,-8.6734192,3,36.0,,,
64655298,41.2005292,-8.6716469,3,66.0,,,
64655936,41.2004674,-8.6730922,1,36.0,,,
64655938,41.2001895,-8.6723229,3,66.0,,,
64656399,41.2015907,-8.6737842,3,36.0,,,
64656405,41.1999827,-8.6741197,3,57.0,,,
64658270,41.2005786,-8.6791475,3,37.0,,,
64658273,41.2012795,-8.6784286,3,37.0,,,
64660155,41.1918724,-8.6696285,3,62.0,crossing,,
64661163,41.1915507,-8.6660976,3,73.0,,,
64661170,41.1899038,-8.6699774,3,69.0,,,
64661180,41.18911,-8.6750594,4,46.0,,,
64661182,41.1879924,-8.6757526,3,46.0,,,
64661184,41.1877913,-8.6757862,3,46.0,,,
64661186,41.1874234,-8.6757433,3,45.0,,,
64661188,41.1870192,-8.6760814,3,45.0,,,
64661190,41.1866438,-8.6770631,3,45.0,,,
64661315,41.187144,-8.6757687,3,45.0,,,
64661316,41.1873061,-8.6756279,4,45.0,,,
64661318,41.1876347,-8.6755015,3,46.0,,,
64661319,41.1882517,-8.6752977,3,46.0,,,
64661776,41.1935787,-8.6726774,1,57.0,,,
64661777,41.193881,-8.6729317,3,53.0,,,
64661778,41.1950792,-8.674615,3,53.0,,,
64661878,41.1940962,-8.6725045,3,58.0,,,
64661879,41.1953434,-8.674313,3,53.0,,,
64662075,41.1950225,-8.6733115,1,53.0,,,
64662077,41.1955887,-8.674005,3,53.0,,,
64662143,41.1942819,-8.672158,3,58.0,,,
64662144,41.195784,-8.6737973,3,53.0,,,
64662481,41.1945192,-8.6717066,3,58.0,,,
64662482,41.1961715,-8.6734969,4,63.0,,,
64663097,41.1928385,-8.6797408,1,20.0,,,
64663108,41.1919228,-8.6773797,3,32.0,,,
64663158,41.1930293,-8.6767405,1,38.0,,,
64663160,41.1921667,-8.6775582,3,32.0,,,
64663666,41.1943276,-8.6771222,3,56.0,,,
64663668,41.1941068,-8.6765436,3,53.0,,,
64663669,41.1940272,-8.6764144,3,53.0,,,
64663675,41.1948239,-8.6753027,3,53.0,,,
64663677,41.1948763,-8.6748426,3,53.0,,,
64663942,41.1962297,-8.6777026,3,58.0,,,
64663948,41.1949312,-8.6761318,3,53.0,,,
64664138,41.1953485,-8.6759801,3,53.0,,,
64664144,41.195761,-8.6775711,3,56.0,,,
64664444,41.1955743,-8.6758492,3,53.0,,,
64664445,41.1959673,-8.6772688,1,58.0,,,
64664874,41.1974215,-8.679098,1,58.0,,,
64664875,41.197108,-8.6790845,3,58.0,,,
64664876,41.1966107,-8.6790845,3,58.0,,,
64664877,41.1964808,-8.6789234,3,58.0,,,
64664880,41.1961621,-8.6784028,3,58.0,,,
64664881,41.1961685,-8.6779908,4,58.0,,,
64664889,41.1955258,-8.6740996,3,53.0,,,
64665567,41.1969446,-8.6784106,3,58.0,,,
64665929,41.1969214,-8.6775009,3,58.0,,,
64665932,41.1969603,-8.67663,3,58.0,,,
64665935,41.1969145,-8.6750372,3,58.0,,,
64665936,41.196704,-8.6746509,4,63.0,,,
64665937,41.1963889,-8.6740813,3,63.0,,,
64666404,41.1956325,-8.6778277,1,56.0,,,
64666406,41.196926,-8.6780242,3,58.0,,,
64666560,41.1962776,-8.6774456,3,58.0,,,
64666813,41.1959314,-8.6751566,3,58.0,,,
64667442,41.1977444,-8.6773127,1,58.0,,,
64667444,41.1969393,-8.6772949,3,58.0,,,
64667649,41.1977637,-8.6767119,1,58.0,,,
64667830,41.1972461,-8.6762467,1,58.0,,,
64668005,41.1974574,-8.6763043,1,58.0,,,
64668006,41.1974408,-8.6759382,3,58.0,,,
64668915,41.2034226,-8.6631177,3,49.0,,,
64668918,41.2032597,-8.6637035,3,49.0,,,
64669021,41.2030993,-8.6635393,3,49.0,,,
64669540,41.2028784,-8.6636828,3,49.0,,,
64669640,41.2033504,-8.6646254,3,55.0,,,
64669714,41.2030443,-8.6641001,3,49.0,,,
64669751,41.2036081,-8.6651116,3,55.0,,,
64669973,41.2039696,-8.6579091,3,61.0,,,
87006477,41.2029033,-8.6640022,3,49.0,,,
87006487,41.2032437,-8.6639727,3,49.0,,,
87009269,41.2103117,-8.6771388,4,55.0,,,
87009274,41.209641,-8.6756389,3,55.0,,,
87009277,41.2097849,-8.6732137,3,40.0,,,
87009296,41.2050055,-8.6670648,3,11.0,,,
87020476,41.1900299,-8.6745037,3,56.0,,,
87041454,41.1898374,-8.674503,3,56.0,,,
87057062,41.1903634,-8.6746934,3,56.0,,,
96497243,41.1778207,-8.6563346,3,73.0,,,
96497255,41.1757606,-8.6708931,4,46.0,,,
105748388,41.1923302,-8.6645719,3,80.0,,,
105750022,41.1944397,-8.6617066,3,78.0,,,
111508341,41.1736164,-8.6884308,3,8.0,,,
111508660,41.1747167,-8.6889019,3,8.0,,,
111508662,41.1740417,-8.6888179,4,8.0,crossing,,
111619640,41.1735769,-8.689151,3,8.0,,,
111622360,41.1764537,-8.6911853,3,0.0,,,
111622361,41.1739647,-8.6892325,4,8.0,crossing,,
111627979,41.1765964,-8.6891266,4,9.0,crossing,,
111632278,41.1793746,-8.6656729,3,68.0,,,
111632279,41.1793719,-8.6658958,3,68.0,,,
111633569,41.1774721,-8.6577885,3,73.0,,,
111635403,41.178011,-8.6560048,3,78.0,,,
111636742,41.1783026,-8.655249,3,78.0,,,
111636743,41.1783165,-8.6552994,3,78.0,,,
111641067,41.180656,-8.6499464,3,82.0,,,
111641071,41.1787218,-8.6535155,3,83.0,,,
112613574,41.1809482,-8.6207465,3,98.0,,,
112627997,41.1817841,-8.6193071,3,89.0,,,
112628000,41.1806614,-8.6219016,3,95.0,,,
112628017,41.1839497,-8.6409582,3,92.0,,,
112628020,41.1843166,-8.6416622,5,92.0,,,
112628025,41.1842739,-8.6430707,4,90.0,,,
112628026,41.1827622,-8.6462188,4,85.0,,,
112628027,41.1822039,-8.6472289,3,85.0,,,
112629313,41.1803609,-8.6228988,3,95.0,,,
112638854,41.1812809,-8.622365,1,94.0,,,
114302213,41.1808482,-8.6800419,3,23.0,,,
114302214,41.1810456,-8.6792516,3,23.0,,,
114302508,41.1815729,-8.6780478,3,22.0,,,
114302525,41.1805933,-8.6808788,3,23.0,,,
114302538,41.1807554,-8.6819597,3,30.0,,,
114302543,41.1808149,-8.6821053,3,30.0,,,
114302558,41.1807118,-8.6824552,3,30.0,,,
114302571,41.1804489,-8.6824677,3,30.0,,,
114302589,41.1821705,-8.6831056,3,24.0,,,
114302590,41.1806193,-8.682605,4,30.0,crossing,,
114302594,41.1805453,-8.6837215,4,24.0,,,
114302596,41.1804793,-8.6846956,3,24.0,,,
114302599,41.1804014,-8.6856549,3,18.0,,,
114302601,41.1803362,-8.6866408,4,18.0,,,
114302604,41.1802698,-8.6876136,4,17.0,,,
114302606,41.1802054,-8.6886032,3,17.0,,,
114302622,41.1799769,-8.6895279,4,17.0,,,
114302625,41.1801144,-8.6875876,4,17.0,,,
114302629,41.1801901,-8.6866247,4,18.0,,,
114302631,41.1802594,-8.6856412,3,18.0,,,
114302635,41.1803328,-8.6846815,3,24.0,,,
114302637,41.1804033,-8.6837094,4,24.0,,,
114302641,41.1804776,-8.6825945,4,30.0,crossing,,
114302649,41.1792573,-8.6815701,4,30.0,crossing,,
114302652,41.1792977,-8.681407,4,30.0,crossing,,
114302655,41.1802809,-8.6819183,4,30.0,crossing,,
114302693,41.1965322,-8.6279082,3,85.0,,,
114302699,41.1989572,-8.6273274,3,77.0,,,
114302804,41.2003327,-8.6274638,3,65.0,,,
114302856,41.2190723,-8.6268854,3,56.0,,,
122509808,41.1784349,-8.6893489,4,10.0,,,
125800785,41.1998995,-8.6573933,3,75.0,,,
125800790,41.199391,-8.6574557,3,75.0,,,
125800805,41.1992471,-8.6587083,4,81.0,crossing,,
125800815,41.1978474,-8.6607582,3,76.0,,,
125804428,41.1999825,-8.6541402,3,83.0,,,
130074728,41.1895622,-8.6644333,3,74.0,,,
130074729,41.189578,-8.6648827,4,73.0,crossing,,
130074735,41.1898464,-8.6663883,3,73.0,,,
130074754,41.189394,-8.6670495,3,66.0,,,
130074755,41.1897113,-8.6669223,3,73.0,,,
130074756,41.1920873,-8.6624299,5,83.0,,,
130074757,41.1916574,-8.6651352,3,73.0,,,
130074780,41.1902185,-8.6662214,4,73.0,crossing,,
130074810,41.1897747,-8.6666717,3,73.0,,,
135809827,41.2200228,-8.6269948,3,56.0,,,
135809980,41.2228707,-8.627421,3,49.0,,,
135810004,41.2190053,-8.6270296,3,56.0,,,
257729745,41.1902376,-8.6621741,3,79.0,,,
257729751,41.1900031,-8.6618388,3,79.0,,,
257729756,41.1903145,-8.6618828,3,79.0,,,
257729804,41.1905374,-8.6621169,3,79.0,,,
269522222,41.2248791,-8.6317633,3,45.0,,,
269562193,41.2245005,-8.6828673,3,58.0,,,
269562194,41.2223566,-8.6854235,3,49.0,,,
269562195,41.2191873,-8.6890392,4,41.0,crossing,,
269562618,41.218401,-8.6898084,3,41.0,,,
269562668,41.2183869,-8.6901641,3,41.0,,,
269562671,41.218096,-8.6903729,3,41.0,,,
269562673,41.2179521,-8.6901456,3,41.0,,,
269562677,41.2182299,-8.6895066,3,42.0,,,
269562849,41.2176214,-8.6898486,3,41.0,,,
269563607,41.2148022,-8.6938125,3,45.0,,,
269563610,41.2091305,-8.6961989,3,40.0,,,
269563613,41.2077846,-8.6963368,3,35.0,,,
269563614,41.2068842,-8.6963298,3,35.0,,,
269563624,41.2012413,-8.6964314,3,43.0,,,
277354014,41.2009392,-8.6593265,3,67.0,,,
277354018,41.200091,-8.6596003,3,67.0,,,
277354029,41.202588,-8.6586691,3,50.0,,,
277354032,41.2017446,-8.6593836,3,67.0,,,
277354088,41.2007464,-8.6585674,1,67.0,turning_circle,,
277391140,41.1909883,-8.6770144,3,42.0,,,
277540582,41.2005512,-8.6748133,3,36.0,,,
277541151,41.1978416,-8.6746928,3,63.0,,,
277541155,41.1974076,-8.6739748,3,63.0,,,
277544739,41.1990398,-8.6717385,3,60.0,,,
277712826,41.1993812,-8.6627928,3,71.0,,,
277713240,41.1959181,-8.6626758,3,76.0,,,
277714990,41.1952463,-8.6640698,3,77.0,,,
277715048,41.193692,-8.6640534,3,80.0,,,
277715050,41.1947858,-8.6642161,3,77.0,,,
277715376,41.2010832,-8.6580043,1,59.0,,,
277765227,41.191827,-8.6692616,3,62.0,,,
277765939,41.1899079,-8.6716148,3,60.0,,,
277768190,41.1903425,-8.6709641,1,60.0,,,
277768191,41.1899104,-8.6706524,3,69.0,,,
277771345,41.1929558,-8.6628574,3,80.0,,,
277773178,41.1936822,-8.6635487,1,80.0,,,
277773187,41.1963163,-8.6608162,4,76.0,,,
277774242,41.1961259,-8.6617413,3,76.0,,,
277774347,41.1967387,-8.6613079,1,76.0,,,
278404522,41.2045739,-8.6881223,3,43.0,,,
278405074,41.2025077,-8.6931938,3,38.0,,,
278405076,41.2039738,-8.6926687,3,38.0,,,
278405388,41.2020595,-8.6934493,3,32.0,,,
278405389,41.2019783,-8.6935288,3,32.0,,,
278405391,41.2017266,-8.6934863,3,32.0,,,
278405393,41.2016821,-8.6930468,3,32.0,,,
278405644,41.2033421,-8.6850474,4,38.0,,,
278723413,41.2341394,-8.6430135,3,43.0,,,
278725636,41.2181342,-8.6339219,3,72.0,,,
278725637,41.2171734,-8.6339299,3,72.0,,,
278725752,41.2193897,-8.6238582,3,48.0,,,
278978975,41.1954988,-8.6664011,3,77.0,,,
278978977,41.1955994,-8.6665765,3,77.0,,,
278978980,41.195003,-8.6661494,1,77.0,,,
278978981,41.1956193,-8.6664243,4,77.0,,,
278979115,41.1947623,-8.6663609,1,77.0,,,
278979417,41.1945796,-8.6684607,3,73.0,,,
278979501,41.1936779,-8.6665998,1,72.0,,,
278979506,41.1945633,-8.6666224,1,77.0,,,
278979508,41.1942765,-8.6666035,1,77.0,,,
278979511,41.194937,-8.6675929,1,73.0,,,
278980002,41.1961031,-8.6667624,3,73.0,,,
279907212,41.2253362,-8.662657,3,60.0,,,
279907219,41.2250509,-8.6624749,3,63.0,,,
279907221,41.2249823,-8.6627206,3,47.0,,,
279907222,41.2249306,-8.662772,3,47.0,,,
279907225,41.2246329,-8.66269,3,47.0,,,
279907496,41.2226379,-8.6663406,3,33.0,,,
279907522,41.221479,-8.67097,3,53.0,,,
279907526,41.2212738,-8.6710959,3,53.0,,,
279907527,41.2211796,-8.6712673,3,53.0,,,
279907536,41.2208542,-8.6711587,3,53.0,,,
279907539,41.2208515,-8.6708812,3,53.0,,,
279907541,41.2209463,-8.6707509,3,39.0,,,
279907543,41.2210745,-8.6707155,3,39.0,,,
279907546,41.221253,-8.6708693,3,53.0,,,
279907550,41.2213348,-8.670911,3,53.0,,,
279907561,41.2205311,-8.6710289,3,54.0,,,
279907668,41.1995089,-8.6765518,3,51.0,,,
279907700,41.1971094,-8.6784229,3,58.0,,,
279907704,41.1973112,-8.6786265,3,58.0,,,
279907740,41.1978051,-8.6796353,4,33.0,,,
279907797,41.1983641,-8.6798298,3,5.0,,,
279907828,41.1990398,-8.6791821,3,5.0,,,
279907833,41.1990056,-8.6786933,3,26.0,,,
279907885,41.1934914,-8.6800614,4,20.0,,,
279907903,41.1939201,-8.6802184,5,39.0,,,
279907909,41.1946134,-8.6806637,3,39.0,,,
279907920,41.1952516,-8.6806403,1,39.0,,,
279907953,41.2010546,-8.6752448,3,46.0,,,
279908010,41.2026687,-8.6750522,1,6.0,,,
279908055,41.1962878,-8.6808241,3,33.0,,,
279908058,41.1965191,-8.6808197,3,33.0,,,
279911765,41.2010577,-8.6758757,3,46.0,,,
279911903,41.2004562,-8.6790709,3,37.0,,,
279911908,41.1992394,-8.677828,3,26.0,,,
279918983,41.2209311,-8.6705496,3,39.0,,,
279919398,41.2182785,-8.674523,3,67.0,,,
280063257,41.2170927,-8.6747049,3,67.0,,,
280063400,41.2306513,-8.674671,3,69.0,,,
280063413,41.2248804,-8.6771922,3,63.0,,,
280064299,41.2252734,-8.6805856,3,60.0,,,
280064342,41.2216086,-8.676889,3,60.0,,,
280064570,41.2158456,-8.6568749,3,38.0,,,
280064576,41.2176332,-8.6596263,3,29.0,,,
280064780,41.204039,-8.641745,3,97.0,,,
280064795,41.207874,-8.6479845,4,74.0,,,
280064809,41.2137636,-8.6517969,3,60.0,,,
280064826,41.2048192,-8.6421254,3,88.0,,,
280064841,41.2151282,-8.6560226,3,42.0,,,
280064842,41.2164154,-8.6573568,3,38.0,,,
280065096,41.1942742,-8.6355463,4,111.0,,,
280065105,41.2023824,-8.6414407,3,93.0,,,
280065117,41.2093393,-8.642855,1,73.0,,,
280065163,41.2036762,-8.641722,3,97.0,,,
280065166,41.2063158,-8.6425376,3,78.0,,,
280065173,41.1925703,-8.6153738,3,93.0,,,
280065204,41.2088959,-8.6430293,3,73.0,,,
280065275,41.1931653,-8.6114064,4,107.0,,,
280065295,41.190078,-8.6329932,4,103.0,,,
280065301,41.1899042,-8.6404404,3,104.0,,,
280065445,41.1914911,-8.6204372,3,80.0,,,
280065679,41.1903175,-8.6315114,4,103.0,,,
280065680,41.1899816,-8.6358335,4,92.0,,,
280065683,41.1894688,-8.6410442,3,104.0,,,
280065687,41.1881544,-8.6443366,3,99.0,,,
280065689,41.1890567,-8.6512491,3,88.0,,,
280065691,41.1916306,-8.6532236,4,86.0,,,
280065755,41.1920744,-8.6597201,3,82.0,,,
280065838,41.1916395,-8.6585374,3,83.0,crossing,,
280065890,41.1914857,-8.6584084,4,83.0,,,
280065939,41.1916038,-8.6577899,3,84.0,,,
280065968,41.1921014,-8.6622978,4,83.0,crossing,,
280066703,41.2228001,-8.6787316,3,63.0,,,
280066707,41.2193294,-8.6790431,3,64.0,,,
280067063,41.2181395,-8.6795611,3,59.0,,,
280067064,41.2168967,-8.6799233,3,59.0,,,
280067075,41.2134836,-8.6771476,3,57.0,,,
280070055,41.202399,-8.6429363,3,97.0,,,
280070067,41.2015362,-8.6473354,3,95.0,,,
280071988,41.2122367,-8.663028,4,63.0,,,
280071998,41.2067591,-8.6594549,3,67.0,,,
280072229,41.1957622,-8.6583964,4,80.0,,,
280072454,41.192516,-8.65899,3,82.0,,,
280072465,41.1943285,-8.6604789,3,78.0,,,
280072546,41.1921227,-8.6598641,3,82.0,,,
280072660,41.1940413,-8.6563411,3,82.0,,,
280072881,41.193212,-8.6622267,3,83.0,,,
280072883,41.1929746,-8.6602684,3,82.0,,,
280072987,41.1942242,-8.6592658,1,80.0,,,
280072992,41.1929053,-8.6583168,3,87.0,,,
280073200,41.1981433,-8.6589781,3,81.0,,,
280073203,41.1967624,-8.6581926,3,78.0,,,
280073204,41.1973695,-8.6577254,3,78.0,,,
280073206,41.1948802,-8.6597284,3,80.0,,,
280073212,41.1975161,-8.6588671,3,75.0,,,
280073215,41.1966924,-8.6587711,3,75.0,,,
280073216,41.1985108,-8.6591295,3,81.0,,,
280073257,41.1975651,-8.6573436,4,78.0,,,
280073408,41.1945995,-8.6561577,3,80.0,,,
280073414,41.1974984,-8.6565102,4,78.0,,,
280241003,41.2037673,-8.6787564,7,21.0,,,
280241021,41.2091414,-8.6599681,4,64.0,,,
280241024,41.2092752,-8.6586912,3,64.0,,,
280241476,41.1941063,-8.6880888,4,23.0,crossing,,
280241485,41.1973803,-8.6832862,3,3.0,,,
280241641,41.197982,-8.6846833,3,21.0,,,
280241666,41.197898,-8.6830469,3,3.0,,,
280241836,41.1978587,-8.6835367,3,12.0,,,
280248007,41.2047035,-8.6543374,3,73.0,,,
280248010,41.2045594,-8.6545293,3,73.0,,,
280248016,41.2043401,-8.6541362,3,76.0,,,
280248748,41.2000375,-8.6519421,3,85.0,,,
280248751,41.2002061,-8.6516653,3,85.0,,,
280249842,41.2043642,-8.6538521,3,76.0,,,
280250754,41.204481,-8.6537485,3,76.0,,,
280250794,41.2046872,-8.6533931,3,76.0,,,
280250798,41.2046693,-8.6538522,3,76.0,,,
280251388,41.2047307,-8.6545893,3,73.0,crossing,,
280251645,41.2047412,-8.654767,3,73.0,,,
280252525,41.204716,-8.6524095,3,76.0,,,
280255092,41.1999122,-8.6529638,3,83.0,,,
280255308,41.2000858,-8.6524753,4,76.0,crossing,,
280255445,41.2006773,-8.651391,3,85.0,,,
280255500,41.2006444,-8.651651,4,85.0,crossing,,
280257165,41.1996621,-8.6600472,3,81.0,,,
280260041,41.1988883,-8.659533,4,81.0,crossing,,
280260160,41.1992967,-8.6587379,4,81.0,crossing,,
280260511,41.1979218,-8.6609498,3,89.0,,,
280260513,41.1978532,-8.6610308,3,76.0,,,
280260515,41.1976545,-8.6611216,3,76.0,,,
280260518,41.1975664,-8.6611075,3,76.0,,,
280260653,41.1975754,-8.6608886,3,76.0,,,
280260659,41.1973309,-8.661044,3,76.0,,,
280260927,41.1957577,-8.660689,4,78.0,,,
280261684,41.1979047,-8.6613361,3,76.0,,,
280261756,41.1978197,-8.6611519,4,76.0,crossing,,
280352754,41.2091912,-8.674611,3,40.0,,,
280353193,41.1998854,-8.6866091,4,18.0,,,
280445704,41.2186552,-8.662697,3,22.0,,,
280445707,41.2200324,-8.6624866,3,74.0,,,
280480995,41.217318,-8.6622343,1,35.0,,,
283316482,41.1939775,-8.6666094,1,77.0,,,
287458335,41.2014843,-8.6034961,4,68.0,,,
287458336,41.2016541,-8.6055317,3,77.0,,,
287458347,41.1953006,-8.6047167,3,105.0,,,
287458349,41.1939567,-8.6076434,3,101.0,,,
287458354,41.1884335,-8.612387,4,85.0,,,
287458368,41.1806196,-8.6580946,3,79.0,,,
287458372,41.1854374,-8.6619137,3,74.0,,,
287458376,41.1860604,-8.6601297,3,79.0,,,
287458384,41.1952031,-8.6038803,4,97.0,,,
287458385,41.1860054,-8.6596372,3,79.0,,,
287458386,41.1860099,-8.6595796,3,79.0,,,
287458388,41.1915242,-8.6055593,4,104.0,,,
287458389,41.1946322,-8.6047792,3,105.0,,,
287458391,41.1893001,-8.6051059,3,103.0,,,
287458423,41.1860087,-8.6034276,3,114.0,,,
287458433,41.1902302,-8.6053539,4,104.0,,,
287458461,41.195892,-8.6119263,3,100.0,,,
291991193,41.1797924,-8.6274757,3,92.0,,,
291991212,41.1805334,-8.6275104,3,92.0,,,
292257945,41.2013776,-8.6085953,3,75.0,,,
292257951,41.2014452,-8.6088074,3,75.0,,,
292257954,41.2002623,-8.6091282,3,75.0,,,
292257959,41.2002466,-8.6086922,3,75.0,,,
292258158,41.2082862,-8.6245581,3,65.0,,,
292258177,41.2062288,-8.6210376,3,50.0,,,
292258196,41.2042001,-8.6163891,4,39.0,,,
292258206,41.2054561,-8.61972,3,39.0,,,
292258210,41.200679,-8.6119976,4,67.0,,,
292258226,41.2001044,-8.6101041,3,75.0,,,
292258273,41.1996424,-8.6092092,3,87.0,,,
292314101,41.1938153,-8.6890013,4,23.0,crossing,,
292314122,41.1894878,-8.6964257,4,5.0,,,
292314124,41.1884089,-8.6980267,3,8.0,,,
292314129,41.1869353,-8.7003394,3,5.0,,,
292314186,41.1869649,-8.7018989,4,5.0,,,
292314195,41.1877096,-8.7029134,3,8.0,,,
292314200,41.187913,-8.7030602,4,8.0,crossing,,
292314206,41.1893987,-8.7045545,4,0.0,crossing,,
292314208,41.1894695,-8.7046033,4,0.0,,,
292314211,41.1899718,-8.7048688,4,1.0,crossing,,
292314214,41.1907713,-8.705142,3,1.0,,,
292314221,41.191855,-8.7056464,3,12.0,,,
292314233,41.1950673,-8.7081399,3,12.0,,,
292314234,41.1967408,-8.7092765,3,9.0,,,
292337607,41.2038257,-8.6032425,1,54.0,,,
292340256,41.1995274,-8.6086642,1,87.0,crossing,,
292783564,41.2182721,-8.6140453,3,90.0,,,
292783565,41.2181553,-8.6140484,4,90.0,crossing,,
292783575,41.2156368,-8.6142471,4,91.0,crossing,,
292783576,41.2155233,-8.6142565,3,91.0,,,
292783586,41.2134212,-8.6136889,3,87.0,,,
292783604,41.2089439,-8.6134874,3,66.0,,,
292783607,41.2081711,-8.6136221,3,57.0,,,
292783622,41.2055936,-8.6147489,3,39.0,,,
292783626,41.2049323,-8.614825,3,39.0,crossing,,
292783635,41.2043665,-8.6145998,3,39.0,,,
292783636,41.2041677,-8.6146276,3,39.0,,,
293056992,41.1981231,-8.6268957,3,75.0,,,
293057005,41.2001673,-8.6236742,3,62.0,,,
293057007,41.2002382,-8.6232413,3,62.0,,,
293057017,41.2003045,-8.6227547,3,59.0,,,
293057018,41.1998598,-8.6225605,3,60.0,,,
293057019,41.1998488,-8.6226805,3,60.0,,,
293057035,41.2000646,-8.6223472,3,59.0,,,
293057037,41.2002455,-8.6224297,3,59.0,,,
293057040,41.1998105,-8.6221887,3,60.0,,,
293057044,41.1994564,-8.6214299,3,60.0,,,
293057046,41.2004859,-8.6224484,3,59.0,,,
293057049,41.2009781,-8.6224876,3,59.0,,,
293057055,41.2020941,-8.6225247,3,44.0,,,
293057059,41.2023763,-8.6225712,3,44.0,,,
293057061,41.2022594,-8.6226493,3,44.0,,,
293057070,41.2023003,-8.6222067,3,44.0,,,
293057083,41.2034965,-8.6229608,3,48.0,,,
293057140,41.20727,-8.6209684,3,56.0,,,
293057154,41.2114869,-8.6162881,4,78.0,,,
293057157,41.2124723,-8.6155164,4,78.0,crossing,,
296057068,41.181094,-8.6236547,4,94.0,,,
296057070,41.1808656,-8.6257703,3,94.0,,,
296057078,41.1810505,-8.6240805,3,94.0,,,
296057110,41.1822018,-8.6243034,3,96.0,,,
296058425,41.182304,-8.6229396,3,96.0,mini_roundabout,,
296058426,41.1820387,-8.6259645,4,85.0,,,
296058430,41.1811761,-8.6291268,3,92.0,,,
296058742,41.1807044,-8.630184,3,86.0,,,
296058743,41.1809573,-8.6302818,3,86.0,,,
296058746,41.18732,-8.6323225,3,93.0,,,
296058886,41.1835695,-8.6314024,3,90.0,,,
296058969,41.1840428,-8.6301746,4,91.0,,,
296059590,41.1804557,-8.6288441,3,92.0,,,
296059595,41.1852178,-8.6318155,3,90.0,,,
296060211,41.1844704,-8.6415806,4,92.0,crossing,,
296060328,41.1894579,-8.6395164,4,95.0,,,
296060330,41.1875383,-8.6401926,3,104.0,,,
296060331,41.1871379,-8.6403324,4,95.0,,,
296060332,41.1901185,-8.6394513,4,97.0,,,
296060333,41.1884203,-8.6398805,4,104.0,,,
296060663,41.1830357,-8.6485916,4,85.0,,,
296060665,41.1834198,-8.6509442,4,84.0,crossing,,
296060854,41.1825548,-8.6466097,4,85.0,,,
296061005,41.1831749,-8.653488,3,78.0,,,
296061182,41.1864212,-8.6542558,3,85.0,,,
297353355,41.1829289,-8.6535999,3,78.0,crossing,,
297353358,41.1823484,-8.6565758,1,74.0,,,
297353557,41.1793877,-8.652394,4,79.0,crossing,,
297353561,41.1811434,-8.6528588,4,79.0,crossing,,
297353565,41.1821248,-8.6530572,4,78.0,crossing,,
297353567,41.182855,-8.6532248,4,78.0,crossing,,
297353569,41.1829873,-8.6531334,3,78.0,,,
297370462,41.1798375,-8.6289218,1,92.0,,,
297370586,41.180953,-8.6250511,3,94.0,,,
301108946,41.1775544,-8.6756923,3,29.0,,,
301108994,41.1789576,-8.6817992,4,18.0,crossing,,
301109386,41.1821674,-8.6842197,3,23.0,,,
301109387,41.1819877,-8.6868365,3,21.0,,,
301109389,41.1817251,-8.6906231,4,15.0,,,
301109396,41.1800105,-8.690871,4,16.0,crossing,,
301109421,41.1799026,-8.6908413,4,16.0,crossing,,
301109573,41.1828646,-8.688945,5,18.0,,,
301109614,41.1825482,-8.6875713,3,18.0,,,
301109615,41.1833497,-8.6857246,3,22.0,,,
301109626,41.1845935,-8.6815309,3,37.0,,,
301109627,41.183684,-8.6839001,3,28.0,,,
301109678,41.1855799,-8.6848717,4,26.0,,,
301109679,41.1844341,-8.687221,3,22.0,,,
301109773,41.1827805,-8.6946674,3,9.0,,,
301109774,41.1850297,-8.6905,4,16.0,,,
301109775,41.1855016,-8.689725,3,14.0,,,
301109776,41.1858517,-8.6892651,3,15.0,,,
301109781,41.1834677,-8.6953255,3,10.0,,,
301109795,41.1866018,-8.6898658,4,14.0,,,
301109980,41.1735242,-8.6807729,3,18.0,,,
301109981,41.1729691,-8.6807737,3,18.0,,,
301109983,41.1724127,-8.6808696,4,25.0,crossing,,
301109984,41.1723355,-8.6809257,4,25.0,,,
301110153,41.1735297,-8.6806251,3,18.0,,,
301110220,41.172091,-8.6804149,4,25.0,,,
301110277,41.1751604,-8.6754269,3,19.0,,,
301110280,41.1774551,-8.6770633,4,29.0,,,
301110290,41.1729273,-8.6743126,4,36.0,,,
301110292,41.1739058,-8.6752696,3,24.0,,,
301110294,41.174643,-8.6755129,3,24.0,,,
301110449,41.1744904,-8.6849461,3,25.0,,,
301110450,41.1768842,-8.6852307,4,16.0,,,
301110452,41.1786946,-8.6854617,4,13.0,,,
301110453,41.1820543,-8.6858754,3,21.0,,,
301110621,41.1786246,-8.6864228,4,13.0,,,
301110693,41.1821221,-8.6848831,3,23.0,,,
301110747,41.178762,-8.6844988,4,13.0,,,
301110748,41.1769536,-8.6842692,3,16.0,,,
301110775,41.1788269,-8.6835351,4,13.0,,,
301110779,41.174604,-8.6829766,4,20.0,,,
301110785,41.1819024,-8.6838938,3,23.0,,,
301110819,41.1819209,-8.6878407,4,18.0,,,
301110935,41.1800404,-8.6885634,3,17.0,,,
301110936,41.1784984,-8.6883841,4,10.0,,,
301110937,41.1766738,-8.6881458,4,9.0,,,
301110938,41.1747768,-8.6879376,4,8.0,,,
301111023,41.1765429,-8.6899788,4,0.0,,,
301111037,41.1798429,-8.6918409,4,9.0,,,
301111038,41.1799461,-8.6919493,4,9.0,,,
301111039,41.1806375,-8.6926164,4,9.0,,,
301111040,41.1811656,-8.6931232,4,9.0,,,
301111055,41.1811614,-8.6916594,4,16.0,,,
301111056,41.1815929,-8.6920785,4,13.0,,,
301111058,41.1839798,-8.6943965,4,10.0,,,
301111102,41.18208,-8.6908991,4,15.0,,,
301111103,41.1838807,-8.6927868,4,13.0,,,
301111104,41.1845183,-8.6934656,4,13.0,,,
301111105,41.1856208,-8.6943998,4,10.0,crossing,,
301111106,41.1867296,-8.6949476,4,10.0,,,
301111182,41.1831511,-8.6882741,4,18.0,,,
301111297,41.1773672,-8.6919037,3,4.0,,,
301111411,41.1845929,-8.6915476,4,16.0,,,
301111547,41.1878945,-8.6760542,3,46.0,,,
301111548,41.1879287,-8.6758422,3,46.0,,,
301111554,41.1878408,-8.6758685,3,46.0,,,
301112766,41.1882884,-8.6859072,3,8.0,,,
301113158,41.1883523,-8.6756031,3,46.0,,,
301113159,41.1876384,-8.6757668,3,46.0,,,
301113404,41.1864955,-8.6783881,3,50.0,,,
301113405,41.1870219,-8.6798852,3,36.0,,,
301113408,41.1871066,-8.6810777,3,36.0,,,
301113413,41.1873808,-8.6826051,3,29.0,,,
301113418,41.1873976,-8.6836386,3,26.0,,,
301113505,41.1854446,-8.6745745,3,46.0,,,
306026362,41.1931499,-8.7010787,3,18.0,,,
306026965,41.1887714,-8.7002572,3,13.0,,,
306026966,41.1885014,-8.7001007,3,13.0,,,
306026972,41.1876044,-8.6993392,4,8.0,crossing,,
306027949,41.1926933,-8.7035127,3,17.0,,,
306027950,41.1929639,-8.7025597,3,17.0,,,
306029318,41.1898684,-8.7033475,4,17.0,,,
306029747,41.1899281,-8.7018758,4,16.0,,,
306029749,41.188749,-8.7011005,3,13.0,,,
306030715,41.1922265,-8.7047337,3,12.0,,,
306030889,41.1912223,-8.6995003,4,18.0,,,
306031402,41.190627,-8.6994849,5,18.0,,,
306031403,41.190455,-8.7047187,4,1.0,crossing,,
306031555,41.1900117,-8.6994564,3,18.0,,,
306031556,41.189851,-8.7038379,3,17.0,,,
306031557,41.190136,-8.7049288,3,1.0,,,
306031711,41.1906643,-8.697945,4,18.0,,,
306032500,41.1904229,-8.7050182,3,1.0,,,
306032665,41.1917035,-8.6995166,3,24.0,,,
306033100,41.189302,-8.6989129,3,8.0,,,
306033155,41.1899261,-8.704132,3,17.0,,,
306126194,41.189652,-8.7033352,3,17.0,,,
306126342,41.1891433,-8.7004822,3,13.0,,,
314931802,41.1812588,-8.6826281,3,24.0,,,
317071448,41.2012635,-8.7036362,3,33.0,,,
317071449,41.2002122,-8.7037824,3,33.0,,,
317071452,41.1996064,-8.7032857,3,30.0,,,
317071511,41.1957362,-8.7001988,4,25.0,,,
317073622,41.2016317,-8.6964945,3,43.0,,,
317073623,41.2015326,-8.6966405,3,43.0,,,
317073625,41.2013148,-8.6966087,3,43.0,,,
317073913,41.2013921,-8.6961391,3,43.0,,,
385710556,41.2186117,-8.6904798,3,41.0,,,
385710981,41.2204205,-8.687634,4,41.0,crossing,,
402058406,41.2230064,-8.6268631,3,75.0,,,
418007840,41.205215,-8.6202913,3,39.0,,,
418008246,41.2058803,-8.6208697,3,50.0,,,
418721515,41.1800227,-8.6906665,3,16.0,,,
418721517,41.1800866,-8.6904493,3,16.0,,,
418721519,41.1799193,-8.6903775,3,16.0,,,
418721521,41.1799138,-8.690654,3,16.0,,,
419838998,41.2205295,-8.6378809,3,73.0,,,
419839012,41.2240506,-8.632641,3,45.0,,,
419839018,41.2233164,-8.6340323,3,50.0,,,
419839019,41.2226548,-8.6343382,4,55.0,,,
419839030,41.2114425,-8.6296865,3,79.0,,,
419839047,41.2086649,-8.6329348,3,87.0,,,
419839081,41.2105887,-8.628929,3,78.0,,,
419843807,41.2102369,-8.6282716,3,70.0,,,
419843808,41.2103054,-8.6282091,3,70.0,,,
419843809,41.2104721,-8.6281801,3,78.0,,,
419843810,41.2105457,-8.6282297,3,78.0,,,
419843812,41.2105369,-8.628477,3,78.0,,,
419843814,41.2102693,-8.6285033,3,70.0,,,
419846203,41.2180469,-8.6269142,3,40.0,,,
419846247,41.2181879,-8.626814,3,40.0,,,
419846252,41.2182496,-8.6266435,3,40.0,,,
420189764,41.2103288,-8.6285368,3,70.0,,,
420192084,41.1980797,-8.6280422,1,77.0,,,
420772219,41.2059013,-8.6204751,3,39.0,,,
420772220,41.2094726,-8.6261423,3,64.0,,,
420772236,41.2102502,-8.6245894,3,52.0,,,
420772242,41.2105052,-8.6259699,3,66.0,,,
420772265,41.2136134,-8.6267437,3,58.0,,,
420772269,41.2110268,-8.6266425,3,66.0,,,
420772271,41.2101735,-8.6265384,3,64.0,,,
420772278,41.2101124,-8.6262516,3,64.0,,,
420772281,41.2103518,-8.627686,3,70.0,,,
420772283,41.2101664,-8.6268351,3,64.0,,,
420772291,41.2083622,-8.6254007,3,64.0,,,
420772312,41.2086441,-8.6253448,3,64.0,,,
420772313,41.2085906,-8.625292,3,64.0,,,
420772321,41.2086322,-8.6256664,3,64.0,,,
420772322,41.2085745,-8.6257122,3,64.0,,,
420772328,41.205727,-8.6207407,3,39.0,,,
420777493,41.2129784,-8.6271773,3,56.0,,,
420780906,41.2103505,-8.6262909,3,64.0,,,
420780907,41.2104904,-8.6263592,4,66.0,,,
420780908,41.2106326,-8.6264616,3,66.0,,,
420782052,41.2229395,-8.6238249,3,89.0,,,
420865802,41.1933897,-8.609299,4,104.0,,,
420865805,41.1920886,-8.6085712,3,104.0,,,
420865807,41.1918332,-8.60858,3,104.0,,,
420865811,41.1913581,-8.608189,3,110.0,,,
420865813,41.191828,-8.6084381,3,104.0,,,
420865815,41.1898996,-8.6097406,4,99.0,,,
420865825,41.1900116,-8.6106377,3,97.0,,,
420865831,41.1904934,-8.613238,3,90.0,,,
420865832,41.1905934,-8.6138749,3,90.0,,,
420865835,41.1906927,-8.6148438,4,89.0,,,
420865844,41.1904159,-8.6149169,3,89.0,,,
420865847,41.1894386,-8.6141982,3,83.0,,,
420865849,41.1869077,-8.6157175,3,87.0,,,
420865853,41.1866185,-8.6153458,3,87.0,,,
420865854,41.1866124,-8.6150749,3,87.0,,,
420865858,41.1859993,-8.6130268,4,96.0,,,
420865860,41.1911202,-8.6076135,3,110.0,,,
421412323,41.2121817,-8.6270596,3,66.0,,,
428213061,41.1787072,-8.6812359,4,19.0,crossing,,
428213064,41.1787028,-8.6813736,4,18.0,crossing,,
428213065,41.1791133,-8.6815392,3,18.0,,,
428213583,41.1807709,-8.680799,3,23.0,,,
428213585,41.1818383,-8.6837641,3,23.0,,,
428213587,41.1824483,-8.6827806,3,24.0,,,
428213880,41.1837653,-8.6837346,4,28.0,,,
428213883,41.1856282,-8.6847137,3,26.0,,,
429200540,41.1902699,-8.6054578,3,104.0,crossing,,
429200547,41.188733,-8.6001926,3,93.0,,,
429200550,41.1892245,-8.5982061,3,102.0,,,
429200554,41.1866132,-8.6144255,3,96.0,,,
429200555,41.1876414,-8.6151557,3,82.0,,,
429205513,41.1903356,-8.6127754,3,90.0,,,
429205522,41.1908173,-8.6163632,3,89.0,,,
429205524,41.1909229,-8.6177968,3,84.0,,,
429205527,41.1909764,-8.6186391,3,84.0,,,
429205589,41.1871001,-8.5968019,4,117.0,,,
429833960,41.1852761,-8.6017195,3,125.0,,,
429833964,41.1862331,-8.6031804,3,114.0,,,
429833970,41.1875965,-8.6032497,3,105.0,,,
429839725,41.1920928,-8.60843,3,104.0,,,
429839727,41.19295,-8.6079311,4,107.0,,,
429839728,41.1935029,-8.6077783,3,107.0,,,
429839730,41.193908,-8.6077964,3,101.0,,,
429839744,41.1936809,-8.6051421,3,102.0,,,
429854607,41.1910984,-8.6075505,3,110.0,,,
429854613,41.1907181,-8.6076904,3,110.0,,,
429854616,41.1902937,-8.6066783,1,110.0,,,
429854630,41.19153,-8.6087604,4,99.0,,,
429854632,41.1917693,-8.6097344,3,104.0,,,
429854634,41.1918413,-8.6100634,3,104.0,,,
429854637,41.1918287,-8.6114907,4,107.0,,,
429854639,41.1905217,-8.6104848,3,97.0,,,
429854641,41.1907181,-8.6117885,3,97.0,,,
429854643,41.1904376,-8.6094562,3,99.0,,,
429854646,41.1900525,-8.608248,1,110.0,turning_circle,,
429854648,41.1902848,-8.611914,3,97.0,,,
429854650,41.1904402,-8.6129347,4,90.0,,,
429854657,41.1917601,-8.6126971,3,96.0,,,
429854659,41.1917104,-8.6135136,4,96.0,,,
429854662,41.1920949,-8.6144888,3,96.0,,,
429854666,41.1928757,-8.613317,4,96.0,,,
429854668,41.195693,-8.6128997,3,97.0,,,
429854674,41.1919006,-8.6145495,3,96.0,,,
429854675,41.1914483,-8.6144578,1,90.0,,,
429854677,41.1917396,-8.6185372,3,83.0,,,
429854683,41.1926889,-8.617527,3,83.0,,,
429854689,41.1923342,-8.6149295,3,93.0,,,
429854691,41.1946562,-8.6111887,3,98.0,,,
429854693,41.1961026,-8.6101857,3,99.0,,,
429854695,41.1937124,-8.6077244,3,107.0,,,
429854697,41.1938333,-8.6080307,3,101.0,,,
429854699,41.1948694,-8.6091754,3,103.0,,,
429998724,41.1957404,-8.6127566,3,97.0,,,
429998730,41.1948022,-8.615144,3,97.0,crossing,,
429998738,41.1930315,-8.6169631,3,83.0,,,
429998739,41.1933058,-8.6175528,3,83.0,,,
429998741,41.1962523,-8.6168428,3,79.0,,,
429998742,41.1974327,-8.6165398,3,98.0,,,
429998746,41.1968173,-8.6136973,3,101.0,,,
429998749,41.1963358,-8.6134173,3,101.0,,,
429998754,41.1927988,-8.6162844,3,93.0,,,
429998756,41.1937741,-8.6184856,3,82.0,,,
429998757,41.1939728,-8.6188655,3,72.0,,,
429998758,41.1940772,-8.6189613,3,72.0,,,
429998764,41.1953944,-8.6195633,4,72.0,,,
429998767,41.195972,-8.6198517,3,63.0,,,
429998770,41.1976227,-8.6198657,3,63.0,,,
429998775,41.1988086,-8.6202503,3,52.0,,,
429998780,41.1991387,-8.6207212,3,52.0,,,
429998781,41.1940262,-8.6184042,3,82.0,,,
429998782,41.1954063,-8.6180696,3,82.0,,,
429998783,41.1968354,-8.6177222,3,79.0,,,
429998787,41.1955183,-8.6188865,3,72.0,,,
429998788,41.1966524,-8.6186142,3,79.0,,,
429998789,41.1965357,-8.6177965,3,79.0,,,
429998791,41.19672,-8.6191229,3,63.0,,,
429998798,41.1973712,-8.6125419,3,101.0,,,
429998799,41.1975907,-8.6127579,3,101.0,,,
429998801,41.1964708,-8.6127393,3,101.0,,,
429998804,41.1940113,-8.6163078,3,97.0,,,
429998805,41.1943949,-8.6163019,3,97.0,,,
430023257,41.1887705,-8.6326704,4,104.0,traffic_signals,,
430023260,41.1890619,-8.6312424,4,102.0,,,
430023261,41.1900143,-8.6367492,3,92.0,,,
430023262,41.1893542,-8.6412702,5,104.0,,,
430023263,41.1889946,-8.6315803,3,104.0,,,
430023267,41.1903257,-8.631681,4,103.0,crossing,,
430023268,41.1901396,-8.6330084,4,103.0,,,
430023271,41.1902127,-8.6394446,4,97.0,,,
430023272,41.190216,-8.6395452,4,97.0,crossing,,
430023275,41.1899681,-8.6405065,4,104.0,,,
430023279,41.1893846,-8.6381514,4,95.0,,,
430023280,41.1893286,-8.6367942,4,92.0,,,
430023288,41.1862938,-8.6366143,4,94.0,,,
430023751,41.1835144,-8.6392624,4,87.0,,,
430137448,41.1907994,-8.6052506,4,104.0,,,
430137453,41.1908025,-8.6057569,3,104.0,,,
430137470,41.1895406,-8.6022828,4,105.0,,,
430137478,41.1905204,-8.6034244,3,94.0,,,
430137498,41.1913218,-8.6025199,3,94.0,,,
430137500,41.1914739,-8.602179,3,94.0,,,
430137503,41.1913578,-8.6016636,3,87.0,,,
430137512,41.192534,-8.6056401,3,102.0,,,
430137521,41.193152,-8.6054367,3,102.0,,,
430137522,41.1952669,-8.6039505,4,97.0,crossing,,
430137524,41.1952554,-8.6050664,3,105.0,,,
430137525,41.19462,-8.6061699,3,105.0,,,
430137526,41.1943253,-8.6036235,3,97.0,,,
430137527,41.1941534,-8.6029865,3,97.0,,,
430137528,41.1941096,-8.6028793,3,97.0,,,
430137529,41.1944145,-8.6026082,3,97.0,,,
430219517,41.196055,-8.6055762,3,95.0,,,
430219519,41.1965471,-8.6058607,3,95.0,,,
430219526,41.1982443,-8.6075173,3,86.0,,,
430219530,41.1952115,-8.6062676,3,101.0,,,
430219532,41.1957722,-8.6057548,3,105.0,,,
430219538,41.1973218,-8.6094358,3,99.0,,,
430219543,41.1984407,-8.608695,4,87.0,,,
430219544,41.1969954,-8.608982,3,99.0,,,
430219546,41.196859,-8.6087722,3,99.0,,,
430219548,41.1963189,-8.609165,3,99.0,,,
430219550,41.1959226,-8.6100231,3,99.0,,,
430219551,41.1952037,-8.6094581,3,103.0,,,
430219552,41.1954964,-8.6086873,1,103.0,turning_circle,,
430262132,41.1952103,-8.6018476,5,84.0,,,
430262142,41.198385,-8.6001779,3,77.0,,,
430262168,41.1964596,-8.6030157,3,104.0,,,
430262176,41.1958146,-8.6023747,3,97.0,,,
430262177,41.1945785,-8.5992929,3,70.0,,,
430262178,41.1952,-8.5990394,3,70.0,,,
430262181,41.1943436,-8.6013706,3,84.0,,,
430262184,41.196738,-8.6053378,4,95.0,,,
430267072,41.1877176,-8.6042306,4,103.0,,,
430267078,41.1888884,-8.6038071,1,105.0,turning_circle,,
430273261,41.1841046,-8.5987885,3,110.0,,,
430273266,41.1860759,-8.5979607,4,106.0,,,
430273270,41.1876537,-8.5978745,4,107.0,,,
430273273,41.1913761,-8.5982898,3,101.0,,,
430273276,41.1885923,-8.597077,3,107.0,,,
430284736,41.1877234,-8.6139581,3,83.0,,,
430284754,41.1860245,-8.6120036,3,99.0,,,
430284757,41.1860973,-8.6103505,3,89.0,,,
430284791,41.185635,-8.6155922,3,87.0,,,
430284792,41.1853498,-8.6149071,4,96.0,,,
430284793,41.1844434,-8.6154092,3,96.0,,,
430284801,41.1842445,-8.6168558,3,88.0,,,
430284812,41.184217,-8.6187435,3,88.0,,,
430284814,41.1841712,-8.6190361,3,86.0,,,
430284823,41.1860702,-8.6141642,3,96.0,,,
430284828,41.1863116,-8.6135297,3,96.0,,,
430284839,41.1860819,-8.6132812,3,96.0,,,
430284842,41.1854494,-8.6141815,3,96.0,,,
430391870,41.1871613,-8.6394493,4,93.0,,,
430491166,41.1931431,-8.6081625,1,107.0,,,
430491167,41.1927308,-8.6069635,3,107.0,,,
430491168,41.192818,-8.6078777,3,107.0,,,
430491171,41.1917753,-8.6169705,4,83.0,,,
430491173,41.1916144,-8.6150869,1,89.0,,,
430491178,41.1917293,-8.6171763,3,83.0,,,
430491180,41.1919956,-8.6172759,3,83.0,,,
430491181,41.1920611,-8.6170982,1,83.0,,,
430491183,41.191949,-8.6174013,1,83.0,,,
430491189,41.1922393,-8.6188304,3,77.0,,,
430491190,41.19235,-8.6146162,3,93.0,,,
430491191,41.1926968,-8.6145154,3,96.0,,,
430491196,41.1934596,-8.6158339,3,93.0,,,
430491197,41.1937517,-8.6149676,3,97.0,,,
430491199,41.1941666,-8.6142031,3,97.0,,,
430491208,41.195363,-8.6137716,3,97.0,,,
430491219,41.1951326,-8.6143586,3,97.0,,,
430491222,41.1963897,-8.6131633,3,101.0,,,
430491223,41.196138,-8.6142414,1,101.0,turning_circle,,
430491229,41.1964923,-8.608552,1,99.0,,,
431615493,41.1876535,-8.6034048,3,105.0,,,
431615495,41.1849244,-8.6012242,3,125.0,,,
431615499,41.1858856,-8.6013261,1,101.0,,,
431615501,41.1885098,-8.6047114,3,103.0,,,
431615502,41.1888085,-8.6038908,3,105.0,,,
431947984,41.188012,-8.6004682,3,93.0,,,
432862420,41.1850019,-8.5973925,3,120.0,,,
432874382,41.1892409,-8.5967684,3,107.0,,,
432874383,41.1903585,-8.5967389,3,111.0,,,
432874386,41.1911921,-8.596338,3,111.0,,,
432874393,41.189147,-8.5984345,3,102.0,,,
432874398,41.1892293,-8.5959894,3,107.0,,,
432874404,41.1883564,-8.598548,1,102.0,,,
432874407,41.1903572,-8.5959225,3,111.0,,,
432874414,41.1920245,-8.5975817,3,86.0,,,
432874417,41.1931946,-8.5970986,3,86.0,,,
432874422,41.1929645,-8.5988039,3,84.0,,,
432874423,41.1924582,-8.5993419,3,84.0,,,
432874428,41.1966164,-8.6019848,1,88.0,,,
433073096,41.1855766,-8.5975748,1,117.0,,,
433073100,41.1876632,-8.5993343,3,102.0,,,
434134929,41.1973204,-8.6068941,3,91.0,,,
434134930,41.1981134,-8.606659,3,86.0,,,
434134932,41.1957367,-8.6054131,3,105.0,,,
434134933,41.1963692,-8.6057335,3,95.0,,,
434134934,41.1965821,-8.6052531,3,95.0,,,
434134937,41.1988714,-8.6086886,1,87.0,,,
434134942,41.2007968,-8.613335,3,69.0,,,
434134943,41.1970109,-8.6166514,3,98.0,,,
434134945,41.1972162,-8.6153466,3,98.0,,,
434134948,41.1907341,-8.6152749,3,89.0,,,
434134953,41.1960735,-8.6017213,1,88.0,,,
434134955,41.1946888,-8.6026775,3,97.0,,,
434134956,41.1937876,-8.6015944,1,84.0,,,
434137191,41.1862805,-8.6155176,3,87.0,,,
434137193,41.1858594,-8.6154662,3,87.0,,,
434137200,41.1845577,-8.6203079,3,86.0,,,
443974509,41.1984743,-8.621456,1,60.0,,,
443974520,41.2011779,-8.6201748,1,52.0,,,
443974535,41.1974012,-8.6202128,3,63.0,,,
443974541,41.1972542,-8.6198616,3,63.0,,,
443974547,41.2042484,-8.6138802,3,44.0,,,
443974551,41.2031808,-8.6131276,1,59.0,,,
443974553,41.2024469,-8.6088066,3,70.0,,,
446393743,41.2015922,-8.6050205,3,77.0,,,
446393746,41.2009698,-8.6048336,3,77.0,,,
446393747,41.2010776,-8.6056129,3,77.0,,,
446393756,41.2009186,-8.6023015,3,68.0,,,
446393758,41.2014331,-8.6029289,3,68.0,,,
446393759,41.2024477,-8.6029016,1,54.0,,,
446393769,41.2000412,-8.6018047,3,49.0,,,
446393770,41.1995762,-8.6015617,3,77.0,,,
446393773,41.1988205,-8.5998739,3,68.0,,,
450324104,41.209123,-8.6148499,4,72.0,,,
450324108,41.2086169,-8.6151931,1,72.0,,,
450324112,41.2097103,-8.6146387,1,72.0,,,
450324149,41.2065131,-8.61438,3,57.0,,,
450324159,41.2088919,-8.6173615,3,49.0,,,
454550112,41.1916254,-8.6220096,3,87.0,,,
454550116,41.1917893,-8.6206388,3,77.0,,,
454550117,41.1917932,-8.6203365,3,77.0,,,
454550118,41.1917751,-8.6199274,3,77.0,,,
454550132,41.1934657,-8.6191787,3,77.0,,,
454637826,41.1940685,-8.6026352,3,97.0,,,
454637831,41.1944038,-8.6022437,3,97.0,,,
454637835,41.1944362,-8.601324,1,84.0,,,
454637837,41.1950132,-8.6036666,3,97.0,,,
454637838,41.1957499,-8.6029475,3,97.0,,,
454637851,41.1971015,-8.6040531,1,104.0,turning_circle,,
454637855,41.1958779,-8.6054798,3,95.0,,,
454637858,41.1965226,-8.6053879,3,95.0,,,
454637860,41.1959311,-8.605288,3,95.0,,,
454637861,41.1964468,-8.6055596,3,95.0,,,
492261293,41.1866632,-8.6485593,4,89.0,,,
492265193,41.1883752,-8.6480885,3,92.0,,,
492712086,41.1866141,-8.6600564,3,79.0,,,
492712106,41.1865775,-8.6584863,4,79.0,,,
492712117,41.1862302,-8.6584226,4,79.0,,,
492712154,41.1850731,-8.6559375,5,81.0,,,
492712157,41.1852614,-8.6566512,3,75.0,,,
492712178,41.186083,-8.6583419,3,79.0,,,
492712220,41.1842096,-8.6571434,3,75.0,,,
492712224,41.1843997,-8.6568673,3,75.0,,,
492712255,41.1850714,-8.6539383,3,82.0,,,
492712293,41.1904708,-8.6577366,3,84.0,,,
492712304,41.1887762,-8.6582032,3,75.0,,,
492712313,41.1866944,-8.6581457,3,78.0,,,
492712322,41.1881383,-8.6579108,3,75.0,,,
492712324,41.1885423,-8.6575029,3,75.0,,,
492712351,41.1901262,-8.6568543,3,84.0,,,
492712360,41.1886828,-8.660669,3,80.0,,,
492712363,41.1888718,-8.6602692,3,78.0,,,
492712367,41.1889021,-8.6602019,3,78.0,,,
492712379,41.18747,-8.6556944,3,85.0,,,
492795550,41.1800049,-8.6536826,1,79.0,,,
492795582,41.1812663,-8.6488554,4,85.0,,,
492795617,41.1839624,-8.6595422,3,73.0,,,
492795626,41.1844956,-8.6598135,3,73.0,,,
492795759,41.1853189,-8.6615045,3,75.0,,,
492795766,41.1848698,-8.6593242,3,73.0,,,
492795771,41.1844578,-8.658394,3,73.0,,,
492795773,41.1842534,-8.6578003,3,75.0,,,
492795792,41.1833855,-8.658493,3,73.0,,,
492795797,41.1837341,-8.6583058,3,75.0,,,
492795806,41.1849011,-8.6611873,4,75.0,,,
492795812,41.1842356,-8.660846,3,75.0,,,
492795824,41.1838788,-8.6586017,3,73.0,,,
492795828,41.1836252,-8.6579845,3,75.0,,,
492795857,41.1846479,-8.6592732,3,73.0,,,
492795863,41.1844472,-8.6601137,3,73.0,,,
492795948,41.1903941,-8.6602606,3,83.0,,,
492795955,41.1901366,-8.6600557,3,83.0,,,
492795970,41.1906115,-8.6589733,3,83.0,,,
492795997,41.1897457,-8.659418,3,83.0,,,
492796025,41.1896563,-8.6610832,3,79.0,,,
492806517,41.1935957,-8.6556111,3,83.0,,,
492806521,41.1933564,-8.6552167,3,83.0,,,
492806554,41.193229,-8.6555595,3,83.0,,,
492806620,41.1906701,-8.6537706,4,86.0,,,
492806630,41.1907536,-8.6534749,3,86.0,crossing,,
492806642,41.1912192,-8.6527126,3,86.0,,,
492806662,41.1903484,-8.6530769,1,86.0,turning_circle,,
492806721,41.1900552,-8.6541791,1,83.0,,,
492806750,41.1886598,-8.6515459,3,88.0,,,
492806829,41.1878473,-8.652785,3,84.0,,,
492806870,41.1896652,-8.6533046,3,86.0,,,
492806891,41.1891113,-8.6516513,3,88.0,,,
492806910,41.1892622,-8.651687,3,88.0,,,
492806944,41.188489,-8.654165,3,84.0,,,
492807065,41.1871602,-8.6494957,3,89.0,,,
492807081,41.187563,-8.6515122,3,88.0,,,
492807089,41.1880052,-8.6515295,4,88.0,,,
492807147,41.1867923,-8.6541033,3,85.0,,,
492807184,41.187647,-8.6542993,4,80.0,,,
500369263,41.2351049,-8.6456562,3,39.0,,,
500423916,41.2163843,-8.6461147,4,35.0,,,
500423954,41.2216076,-8.6528049,3,44.0,,,
532488344,41.1904312,-8.6309946,4,107.0,crossing,,
532488349,41.1908747,-8.6298486,3,107.0,,,
532488360,41.1911961,-8.6289269,3,100.0,,,
532488386,41.1909898,-8.6268409,4,97.0,crossing,,
532488389,41.1914883,-8.6228811,3,87.0,,,
532488391,41.191487,-8.6232169,3,93.0,,,
532488398,41.1912082,-8.6242948,3,93.0,,,
532488401,41.1907602,-8.6216263,3,87.0,,,
532488410,41.190852,-8.6219737,3,87.0,,,
532488415,41.1912034,-8.6224391,3,87.0,,,
532488457,41.1929592,-8.6168044,3,83.0,,,
549517129,41.1981409,-8.7100701,4,13.0,,,
549517132,41.1986631,-8.7076728,4,18.0,,,
549517136,41.1985653,-8.7083389,3,13.0,,,
549517146,41.1984467,-8.7092158,4,13.0,,,
549517150,41.1983086,-8.7054886,4,22.0,,,
549517153,41.1970814,-8.7049834,3,16.0,,,
549517155,41.1986631,-8.7044778,4,22.0,,,
549517157,41.1981863,-8.7038714,4,30.0,,,
549517159,41.1977198,-8.7032309,4,23.0,,,
549517164,41.1986442,-8.7032398,3,30.0,,,
549517166,41.1979158,-8.7027049,3,23.0,,,
549517167,41.1981843,-8.7019169,3,31.0,,,
549517169,41.1976986,-8.7052325,4,16.0,,,
549517182,41.2056934,-8.7145996,3,2.0,,,
549517203,41.19964,-8.7093874,3,13.0,,,
549517209,41.2004803,-8.7080614,4,21.0,,,
549517210,41.2004267,-8.708652,3,15.0,,,
549517212,41.2005343,-8.7069122,3,21.0,,,
549517216,41.2003705,-8.7092708,4,15.0,,,
549517224,41.2025768,-8.7122269,3,14.0,,,
549517229,41.1998547,-8.7048433,3,22.0,,,
549517234,41.1993847,-8.7054791,3,22.0,,,
549517241,41.1991275,-8.7038819,4,30.0,,,
549517244,41.2013515,-8.7059077,3,25.0,,,
549517247,41.200496,-8.7059815,1,25.0,,,
549517252,41.2006982,-8.7047663,4,25.0,,,
549517253,41.2007656,-8.7059612,4,25.0,,,
549517256,41.2013076,-8.7024058,3,33.0,,,
549517270,41.2099584,-8.713654,3,6.0,,,
549517273,41.2014658,-8.6987521,3,37.0,,,
549517279,41.2216268,-8.7143179,3,9.0,,,
549517283,41.223356,-8.715246,3,7.0,,,
549517288,41.2246359,-8.7160858,3,7.0,,,
549517301,41.2271771,-8.7193623,3,9.0,,,
549517303,41.2273102,-8.7194281,3,9.0,,,
549517320,41.2281403,-8.7195136,4,9.0,crossing,,
549517354,41.2368946,-8.7219514,4,7.0,,,
549517366,41.2383466,-8.722975,3,6.0,,,
549517368,41.2386126,-8.7230064,3,6.0,crossing,,
549517372,41.2391362,-8.7228673,3,5.0,,,
549517378,41.2399286,-8.7226003,3,12.0,,,
549517383,41.248871,-8.7232348,4,0.0,,,
549517390,41.2429274,-8.7253501,3,2.0,,,
549517393,41.2429452,-8.7243631,4,6.0,,,
549517405,41.260287,-8.7238998,3,0.0,,,
549517406,41.2607165,-8.7241456,3,8.0,,,
549517408,41.2618123,-8.7247157,3,8.0,,,
549517409,41.2637441,-8.7257277,3,4.0,,,
549517411,41.2429999,-8.722592,4,8.0,,,
549517412,41.2440692,-8.7226051,3,11.0,,,
549517413,41.2451051,-8.7227019,3,11.0,,,
549517415,41.2454427,-8.722738,3,11.0,,,
549517419,41.248154,-8.7191646,4,14.0,,,
549517420,41.2480039,-8.7180332,3,28.0,,,
549517423,41.2430187,-8.7215105,3,8.0,,,
549517435,41.244959,-8.7203525,3,20.0,,,
549517437,41.2463589,-8.7198301,3,13.0,,,
549517439,41.2506575,-8.722745,3,13.0,,,
549517441,41.2508452,-8.7220762,4,13.0,,,
549517442,41.2487669,-8.7218017,3,11.0,,,
549517444,41.2488295,-8.7225421,3,11.0,,,
549517450,41.2484042,-8.7205871,3,14.0,,,
549517452,41.2483103,-8.7201046,3,14.0,,,
549517454,41.2488295,-8.7190398,3,14.0,,,
549517461,41.2503474,-8.7189257,4,16.0,,,
549517463,41.2516199,-8.7193004,4,16.0,,,
549517469,41.2517691,-8.721832,3,13.0,,,
549517471,41.2514001,-8.7219265,3,13.0,,,
549517491,41.2540789,-8.7208796,4,8.0,,,
549517502,41.2557274,-8.7219324,3,9.0,,,
549517510,41.2568778,-8.7230777,3,0.0,,,
549517512,41.2653203,-8.7265606,4,9.0,,,
549517516,41.2663117,-8.7266261,3,9.0,,,
549517518,41.2666276,-8.7265601,3,9.0,,,
549517522,41.2676093,-8.7262968,4,7.0,,,
549517523,41.2686835,-8.7261726,3,7.0,,,
549517529,41.2676197,-8.7264509,3,7.0,,,
609061539,41.2018517,-8.6435635,3,99.0,,,
609061540,41.2022731,-8.6437962,3,94.0,,,
634123954,41.1899811,-8.6743554,3,56.0,,,
649846874,41.1876996,-8.7030219,1,8.0,,,
670399765,41.1792399,-8.6740726,3,51.0,,,
670399772,41.179094,-8.6731558,3,26.0,,,
670399805,41.1801542,-8.6676391,3,55.0,,,
670399808,41.1809343,-8.6658867,4,68.0,crossing,,
670399833,41.1804635,-8.6688173,3,53.0,,,
670399838,41.1801728,-8.6694252,3,53.0,crossing,,
670399873,41.1795732,-8.673081,4,51.0,,,
670399878,41.179516,-8.6737509,3,51.0,,,
670399919,41.1787078,-8.668194,3,69.0,,,
670399937,41.178463,-8.6699646,3,62.0,,,
670732942,41.1870047,-8.6860408,3,20.0,,,
670867630,41.1827978,-8.680178,3,27.0,,,
670868418,41.186079,-8.6785021,4,50.0,,,
670869839,41.1837501,-8.6779916,3,36.0,,,
670869840,41.1841909,-8.6773905,3,36.0,,,
672224612,41.1847425,-8.6965881,3,4.0,,,
672238363,41.1791988,-8.675829,4,34.0,,,
672243931,41.1789866,-8.6784032,4,27.0,crossing,,
672543154,41.1887232,-8.6720779,3,59.0,crossing,,
672546470,41.1887683,-8.6786676,3,40.0,,,
672548075,41.1876804,-8.6778635,4,40.0,,,
672548166,41.1886286,-8.6794171,3,32.0,,,
672548168,41.1883173,-8.680133,3,32.0,,,
672549558,41.1870993,-8.6811876,4,36.0,,,
672549565,41.1871172,-8.680371,3,36.0,,,
672549566,41.1883645,-8.6809982,3,32.0,,,
672549834,41.1873287,-8.6795747,3,36.0,,,
672549835,41.1872636,-8.6793396,3,36.0,,,
672550046,41.1868684,-8.6794342,3,36.0,,,
672550293,41.1864774,-8.6761491,3,45.0,,,
672550764,41.1875706,-8.6747416,3,55.0,,,
672550771,41.1863636,-8.6755259,3,45.0,,,
674532991,41.2149423,-8.675,4,65.0,,,
690429405,41.2191443,-8.6807053,3,61.0,,,
690429419,41.2127936,-8.6767126,3,65.0,,,
690429464,41.2147554,-8.678887,4,60.0,crossing,,
690429541,41.2153487,-8.6778901,4,60.0,,,
697445010,41.1791964,-8.6737751,3,51.0,,,
697477185,41.1809652,-8.6656702,3,68.0,,,
697477226,41.1809775,-8.6654398,3,68.0,,,
697477236,41.1811595,-8.6653318,3,68.0,,,
697477254,41.1813114,-8.6655484,3,61.0,,,
697477265,41.1812088,-8.6657879,3,68.0,,,
697477278,41.1811664,-8.6658067,3,68.0,,,
697484135,41.1801861,-8.6675887,3,55.0,,,
697484141,41.180366,-8.667618,3,55.0,,,
697484145,41.1803912,-8.6677372,3,55.0,,,
697484154,41.1801849,-8.66785,3,55.0,,,
697484169,41.1796517,-8.6688505,1,53.0,,,
697484171,41.180136,-8.6679054,3,55.0,,,
697489720,41.1810088,-8.6659406,4,68.0,crossing,,
697489722,41.1803713,-8.6674397,3,55.0,,,
697509716,41.1795863,-8.6582523,3,79.0,,,
697509798,41.1797943,-8.658482,3,70.0,crossing,,
697509869,41.1798751,-8.6597813,3,70.0,,,
697509877,41.1796541,-8.6585042,3,70.0,crossing,,
698565229,41.1838335,-8.6804143,3,35.0,,,
698565230,41.1835643,-8.6802123,4,35.0,crossing,,
698565234,41.1802474,-8.6611074,3,67.0,,,
698565235,41.1803297,-8.6615462,3,67.0,,,
698565238,41.1801234,-8.6615519,3,67.0,,,
698565240,41.1800793,-8.6611577,3,67.0,,,
698565253,41.1846313,-8.6776503,3,36.0,,,
698565256,41.1836491,-8.6773595,3,36.0,,,
698565258,41.1836955,-8.6774673,3,36.0,,,
698565261,41.1837141,-8.6771042,3,36.0,,,
698565264,41.1837918,-8.676953,4,35.0,crossing,,
698565265,41.1838505,-8.677056,3,35.0,,,
698565276,41.1824878,-8.6773838,3,22.0,,,
698565333,41.1777342,-8.6677937,3,69.0,,,
698565453,41.1764989,-8.6692907,3,64.0,,,
698591853,41.1759647,-8.675855,3,19.0,,,
698591900,41.174885,-8.6761799,3,24.0,,,
698591903,41.1749059,-8.6757696,3,24.0,,,
698591939,41.1759395,-8.6762868,3,19.0,,,
698591943,41.1747882,-8.6761711,1,24.0,,,
698591944,41.1748115,-8.6757675,1,24.0,,,
698595396,41.1795203,-8.6593733,3,70.0,,,
698601461,41.1770666,-8.6607866,3,72.0,,,
698601473,41.1799673,-8.6597991,3,70.0,,,
698737537,41.1803869,-8.6726352,3,55.0,,,
698737551,41.1818624,-8.6747425,3,51.0,,,
698737560,41.1818532,-8.6740422,3,51.0,,,
698737565,41.1818091,-8.6752821,3,31.0,,,
698737596,41.1802036,-8.6756694,3,34.0,,,
698737606,41.181431,-8.6738844,1,51.0,,,
698737610,41.1813014,-8.6751022,3,31.0,,,
698737659,41.1788491,-8.6811628,3,19.0,,,
698737663,41.1791034,-8.6811412,3,19.0,,,
698737689,41.1832131,-8.6758739,3,31.0,,,
698737692,41.1836873,-8.6767559,3,35.0,,,
698737703,41.1849809,-8.6748238,3,46.0,,,
698737707,41.182183,-8.6765531,3,31.0,,,
698737722,41.1832531,-8.6761026,3,31.0,,,
698737726,41.1799261,-8.6786333,3,24.0,,,
698737739,41.1820021,-8.6760063,3,31.0,,,
698737757,41.1795781,-8.6758574,3,34.0,,,
698737758,41.1794438,-8.675854,4,34.0,crossing,,
698737759,41.1793523,-8.675847,4,34.0,,,
698737841,41.1816937,-8.6704773,3,67.0,,,
698737847,41.1819226,-8.6699669,3,67.0,,,
698737866,41.1812932,-8.6682556,3,65.0,,,
698737868,41.1813749,-8.6683947,3,65.0,,,
698737886,41.1798655,-8.6793233,4,23.0,,,
698737929,41.1830407,-8.6687365,3,65.0,,,
698738281,41.1792072,-8.6786821,4,24.0,,,
698783235,41.1719349,-8.6800848,3,25.0,,,
698807878,41.1845167,-8.6694784,3,66.0,,,
698807879,41.1847966,-8.6694882,3,66.0,,,
698807880,41.1850553,-8.6694964,3,66.0,,,
698807881,41.1854935,-8.6695081,3,61.0,,,
698807904,41.1849288,-8.6646976,3,63.0,,,
698807910,41.1855695,-8.6677905,3,70.0,,,
698807911,41.1855399,-8.6687542,3,61.0,,,
698807920,41.1857987,-8.6706916,1,61.0,,,
698807921,41.1864372,-8.6706708,3,61.0,,,
698807922,41.1867677,-8.6706995,3,61.0,,,
698807927,41.1868038,-8.6714144,3,59.0,,,
698807934,41.1856044,-8.67147,3,59.0,,,
698807937,41.1848453,-8.671672,4,60.0,,,
698807939,41.1845617,-8.6716802,3,60.0,,,
698807941,41.1853672,-8.6626088,4,69.0,crossing,,
698807946,41.1852351,-8.6639583,3,69.0,,,
698807951,41.1866109,-8.6692236,4,61.0,,,
698816657,41.1851168,-8.6716337,3,60.0,,,
698816659,41.1848817,-8.6729798,3,46.0,,,
698816661,41.1852949,-8.6729657,3,46.0,,,
698816674,41.185313,-8.671591,3,60.0,,,
698816675,41.1866367,-8.672747,1,59.0,,,
698816676,41.1866205,-8.6721872,3,59.0,,,
698816680,41.1857008,-8.6737812,3,46.0,,,
698827313,41.1857109,-8.6625874,3,65.0,,,
698827315,41.1854394,-8.6624702,3,74.0,,,
698827321,41.1854994,-8.6624726,3,74.0,,,
698827322,41.1852753,-8.6620293,3,75.0,,,
698827325,41.1856088,-8.6621725,3,74.0,,,
698827327,41.1855667,-8.6619981,3,74.0,,,
698827328,41.1853315,-8.6620011,3,75.0,,,
698827330,41.1851059,-8.6622048,4,75.0,crossing,,
698827365,41.1851202,-8.6620912,4,75.0,crossing,,
705402021,41.207632,-8.6927827,3,39.0,,,
705402023,41.2104061,-8.6833051,4,51.0,crossing,,
705402031,41.2015453,-8.6961681,3,43.0,,,
705402035,41.2016536,-8.7108061,4,13.0,,,
705402036,41.2047899,-8.6877551,3,43.0,,,
705402045,41.2086839,-8.6841288,3,53.0,,,
705402073,41.2044426,-8.6877392,3,43.0,,,
705402075,41.2070923,-8.7146748,3,0.0,,,
705402081,41.2061373,-8.6864921,3,38.0,,,
705402092,41.2016598,-8.6933739,3,32.0,,,
705402094,41.2007264,-8.7111546,3,13.0,,,
705402105,41.2013858,-8.7101918,3,15.0,,,
705402108,41.2062318,-8.6927734,1,40.0,,,
705402113,41.2025548,-8.7119662,3,14.0,,,
705402130,41.2061076,-8.6868899,4,38.0,crossing,,
705402132,41.1989072,-8.7108691,4,1.0,crossing,,
705402142,41.2062815,-8.6914522,4,40.0,,,
705402148,41.2051647,-8.6913409,3,42.0,,,
705402149,41.1998489,-8.6087511,3,87.0,,,
705402152,41.206898,-8.686068,4,39.0,crossing,,
705402158,41.2168051,-8.685713,3,46.0,,,
705402161,41.2062596,-8.6925246,3,39.0,,,
705402166,41.2066373,-8.6860331,3,39.0,,,
705402179,41.2074436,-8.6853649,4,47.0,crossing,,
705402185,41.2062659,-8.6923786,3,39.0,,,
705402192,41.2073958,-8.6852809,4,47.0,crossing,,
705402195,41.2097024,-8.6840361,3,53.0,,,
705402201,41.2019692,-8.7115335,3,13.0,,,
705402208,41.2067643,-8.6859041,4,39.0,crossing,,
705402215,41.1998848,-8.6091767,3,87.0,,,
705402223,41.204891,-8.6871826,3,38.0,,,
705402224,41.2049378,-8.6874162,3,38.0,,,
705402233,41.2042286,-8.6923943,3,40.0,,,
705402238,41.2080779,-8.6917442,3,39.0,,,
705402240,41.2015975,-8.6979262,3,37.0,,,
705402244,41.2101759,-8.6833167,3,51.0,,,
705402247,41.1996375,-8.6086462,1,87.0,crossing,,
705402249,41.2080277,-8.7143951,3,10.0,,,
705402251,41.2051408,-8.692397,3,40.0,,,
705402268,41.1989391,-8.7107842,4,1.0,crossing,,
705402291,41.201553,-8.70926,3,15.0,,,
705402298,41.2012911,-8.7106761,3,13.0,,,
705402299,41.2083102,-8.6844236,3,47.0,,,
705402305,41.2014282,-8.6981462,3,37.0,,,
706409999,41.2016126,-8.7102077,3,15.0,,,
715052371,41.198461,-8.6111031,3,88.0,,,
715052390,41.200465,-8.6131621,3,69.0,,,
715052408,41.2042747,-8.6161787,3,39.0,,,
715052418,41.2044796,-8.6168408,3,41.0,,,
715052442,41.2004177,-8.6133363,3,69.0,,,
715052444,41.2041446,-8.6162154,4,59.0,,,
715172816,41.2031223,-8.6139375,3,59.0,,,
715172817,41.2065788,-8.6211057,3,56.0,,,
715172818,41.2030622,-8.614077,4,59.0,,,
726268547,41.1979687,-8.6076099,3,86.0,,,
726268681,41.1978362,-8.606742,3,91.0,,,
729856253,41.2007796,-8.6135684,3,69.0,,,
729856258,41.2012815,-8.617074,4,54.0,,,
729856261,41.1994478,-8.6129083,3,84.0,,,
729856265,41.201364,-8.6170557,3,54.0,,,
733883861,41.2172203,-8.6887924,1,42.0,,,
734470651,41.2598998,-8.7006831,3,49.0,,,
734470662,41.2600096,-8.7030547,3,50.0,,,
734470663,41.2598878,-8.7034296,3,50.0,,,
734470693,41.2599548,-8.703121,3,50.0,,,
734470703,41.2597999,-8.7013193,3,49.0,,,
734470716,41.259816,-8.7031404,3,50.0,,,
734659779,41.2354573,-8.6984529,3,36.0,,,
734659783,41.2667102,-8.7021773,4,51.0,,,
734659786,41.2352148,-8.6945649,3,45.0,,,
734659810,41.2241546,-8.6944483,3,32.0,,,
734659844,41.2385343,-8.698276,3,45.0,,,
734659915,41.2501698,-8.6987139,3,34.0,,,
734659926,41.2539798,-8.6987475,3,31.0,,,
734659928,41.2503407,-8.6976071,3,37.0,,,
734683161,41.2224534,-8.7027985,3,29.0,,,
734683168,41.2283022,-8.6979905,3,30.0,,,
734683192,41.2191221,-8.6943211,3,39.0,,,
734683219,41.227031,-8.6975228,3,28.0,,,
734683227,41.2235669,-8.6957985,3,32.0,,,
734683230,41.2276448,-8.6981907,3,30.0,,,
734683247,41.2275279,-8.697862,3,32.0,,,
734683251,41.2226105,-8.7014374,5,33.0,,,
737409653,41.1857289,-8.6159205,3,87.0,,,
738940473,41.1837658,-8.5991095,3,110.0,crossing,,
742656849,41.2240924,-8.6230752,3,89.0,,,
742656872,41.2243781,-8.6201134,3,71.0,,,
742656905,41.1887173,-8.6262542,3,101.0,,,
766033519,41.1966161,-8.6183466,3,79.0,,,
766033526,41.1975614,-8.6175732,3,79.0,crossing,,
766033551,41.1975189,-8.6189303,3,63.0,,,
766033561,41.1919158,-8.6151882,3,93.0,,,
766033565,41.1973209,-8.6176024,3,79.0,,,
766033613,41.1939643,-8.6131351,3,97.0,,,
766033616,41.1969104,-8.6182816,3,79.0,,,
770622547,41.2050824,-8.6204114,3,39.0,,,
770622565,41.2053591,-8.620934,3,50.0,,,
770622568,41.2025092,-8.6151953,3,59.0,,,
770622571,41.205462,-8.6208321,3,39.0,,,
770622581,41.2055449,-8.6211261,3,50.0,,,
770622584,41.2025809,-8.6150829,4,59.0,,,
770622586,41.2052582,-8.6204485,3,39.0,,,
770622587,41.20545,-8.6218226,3,50.0,,,
770622597,41.2051512,-8.620537,3,39.0,,,
770666410,41.2151517,-8.6171127,3,66.0,,,
770666462,41.2149478,-8.6175222,3,66.0,,,
770666465,41.2155983,-8.6142502,3,91.0,,,
773790349,41.1802024,-8.6578032,3,79.0,,,
777426087,41.1904265,-8.6750542,3,42.0,,,
777426094,41.190899,-8.6753813,1,42.0,,,
777426097,41.1899115,-8.6737625,6,56.0,crossing,,
777426099,41.1904512,-8.6746865,3,56.0,,,
777426102,41.1896603,-8.674887,4,56.0,,,
777432217,41.2048788,-8.6415009,1,93.0,,,
777432220,41.2056337,-8.6393152,3,95.0,,,
778658468,41.2430468,-8.7257559,3,2.0,,,
778658473,41.2414753,-8.7265113,3,1.0,,,
778658489,41.2543803,-8.7237667,4,0.0,,,
778658490,41.253156,-8.72384,4,0.0,,,
778658492,41.2562917,-8.7233343,3,0.0,,,
778658493,41.2477962,-8.7246232,3,0.0,,,
778658497,41.2370469,-8.7234046,4,0.0,,,
778658498,41.2380175,-8.7227788,3,5.0,,,
778658500,41.2379398,-8.7230112,3,6.0,,,
778658503,41.2504628,-8.7238904,3,0.0,,,
778658506,41.2469122,-8.7250791,1,0.0,,,
778658508,41.2396706,-8.7250819,3,1.0,,,
778658509,41.253138,-8.7240589,1,0.0,,,
778658528,41.2405531,-8.7258553,3,1.0,,,
778658532,41.25735,-8.7234656,1,0.0,,,
778658535,41.2504636,-8.7240462,3,0.0,,,
778658543,41.2469423,-8.7247194,4,0.0,,,
778658549,41.2426145,-8.7264919,3,2.0,,,
778658555,41.2532747,-8.7227093,3,8.0,,,
778658559,41.2405583,-8.7257339,4,1.0,,,
778658568,41.24508,-8.724818,4,0.0,,,
778658608,41.2436272,-8.7256346,3,2.0,,,
778658610,41.2573643,-8.7234328,4,0.0,,,
778658641,41.2471441,-8.7230889,3,0.0,,,
778658655,41.2370427,-8.7236499,1,0.0,,,
778658658,41.2504684,-8.7242089,1,0.0,,,
778658664,41.2378938,-8.7233998,4,6.0,,,
779325004,41.2687115,-8.7261873,3,7.0,,,
779350091,41.2544318,-8.7225285,3,9.0,,,
779350097,41.2497316,-8.7210472,3,11.0,,,
779350111,41.2534675,-8.7223307,3,8.0,,,
779350113,41.2406522,-8.7246362,4,7.0,,,
779350116,41.246534,-8.7207522,3,13.0,,,
779350118,41.2493826,-8.7189418,3,14.0,,,
779350119,41.2441155,-8.7216369,1,11.0,,,
779350121,41.2440467,-8.724278,3,0.0,,,
779350133,41.2469965,-8.7229697,4,0.0,,,
779350142,41.2391179,-8.723239,4,6.0,,,
779350146,41.245105,-8.7231658,3,0.0,,,
779350159,41.2406973,-8.7256941,4,1.0,crossing,,
779350165,41.25016,-8.7208407,3,13.0,,,
779350167,41.2386818,-8.7231415,3,6.0,,,
779350170,41.2451529,-8.7212285,4,11.0,,,
779350173,41.2406106,-8.7255031,4,1.0,crossing,,
779350196,41.2407052,-8.7236449,4,7.0,,,
779350204,41.2545897,-8.7225361,3,9.0,,,
779350206,41.2407647,-8.7225752,4,12.0,,,
788743452,41.1848336,-8.6174137,3,88.0,,,
788743470,41.1850173,-8.6172186,3,88.0,,,
788743521,41.1862041,-8.6163041,3,87.0,,,
788743536,41.1844183,-8.6155628,3,96.0,,,
788743559,41.1854449,-8.6142743,3,96.0,,,
792701711,41.2010569,-8.6090262,3,75.0,,,
792701722,41.2013658,-8.6125375,3,69.0,,,
848532651,41.2023666,-8.6036562,3,54.0,,,
850055304,41.2019969,-8.6043531,3,77.0,,,
850055320,41.2027661,-8.6056125,1,55.0,,,
850055328,41.2025659,-8.6031616,1,54.0,,,
850055361,41.2016016,-8.6043538,3,77.0,,,
875810777,41.2612145,-8.7249127,4,8.0,,,
875810780,41.2569956,-8.708758,3,24.0,,,
875810785,41.2601472,-8.7243534,1,0.0,,,
875810808,41.2585184,-8.7236361,4,0.0,,,
875810814,41.2566064,-8.711967,3,21.0,,,
875810900,41.260399,-8.7243584,4,0.0,,,
875810904,41.2579903,-8.718242,3,13.0,,,
875810906,41.2591585,-8.7238095,3,0.0,,,
875810921,41.2584722,-8.7178573,3,16.0,,,
875810926,41.2562394,-8.7235336,1,0.0,,,
875810978,41.2611959,-8.7250015,1,0.0,,,
875810980,41.2603651,-8.7244029,3,0.0,,,
875811005,41.2618114,-8.7252046,3,0.0,,,
875811010,41.2605369,-8.7245105,1,8.0,,,
875811033,41.2603756,-8.7243488,3,0.0,,,
875811064,41.2610693,-8.7246705,3,8.0,,,
875811096,41.2610405,-8.7249658,1,8.0,,,
875811121,41.2611367,-8.7243655,3,8.0,,,
875811126,41.2586829,-8.7238899,1,0.0,,,
875811170,41.2605789,-8.724446,4,8.0,,,
875811171,41.2597139,-8.7070328,3,34.0,,,
875811204,41.2598315,-8.7242301,1,0.0,,,
875811223,41.2617865,-8.7253037,1,0.0,,,
875811244,41.2598549,-8.7241247,4,0.0,,,
885947915,41.1831155,-8.6312063,3,84.0,,,
885947916,41.1835053,-8.6326905,3,90.0,,,
885947918,41.1848448,-8.6329507,3,90.0,,,
885947924,41.1849529,-8.6317477,3,90.0,,,
885947934,41.1819341,-8.6330829,5,83.0,,,
885947945,41.1833555,-8.6344693,3,88.0,,,
885947951,41.1818093,-8.6335642,4,79.0,,,
885947962,41.1873833,-8.6334223,4,88.0,,,
885947964,41.1873439,-8.6343619,3,88.0,,,
885947965,41.1886579,-8.6336068,3,94.0,,,
885947966,41.1856113,-8.6343689,3,88.0,,,
885947967,41.1849296,-8.6342666,3,88.0,,,
885947976,41.1841255,-8.6370556,3,84.0,,,
885947977,41.184427,-8.6376345,3,87.0,,,
885947978,41.1845022,-8.6377662,3,87.0,,,
885947979,41.1847112,-8.6381411,3,87.0,,,
885947980,41.1860169,-8.6361186,3,94.0,,,
885947981,41.184368,-8.6378894,3,87.0,,,
885947982,41.1833976,-8.6377782,3,87.0,,,
885947983,41.1828209,-8.638346,3,85.0,,,
885947984,41.183382,-8.6393766,3,87.0,,,
885947985,41.1893707,-8.635376,3,94.0,,,
885947991,41.1857019,-8.6355435,4,94.0,,,
885947997,41.1885041,-8.6347091,3,94.0,,,
885948003,41.1825894,-8.6384811,3,85.0,,,
885948009,41.1872099,-8.6449959,3,94.0,,,
885948013,41.1880056,-8.6447624,3,99.0,,,
885948017,41.1883558,-8.6359733,4,92.0,,,
885948023,41.1892958,-8.6363,3,92.0,,,
885948027,41.1859447,-8.6359809,3,94.0,,,
885948029,41.1895954,-8.6381376,3,97.0,,,
885948031,41.1893475,-8.6373241,3,92.0,,,
885948032,41.1894212,-8.6389947,3,95.0,,,
885948033,41.1860691,-8.6424558,3,89.0,,,
885948034,41.1853539,-8.6428428,4,90.0,,,
885948039,41.1845609,-8.6420359,3,90.0,,,
885948041,41.1869943,-8.6379634,3,93.0,,,
885948045,41.1871687,-8.6386071,3,93.0,,,
885948052,41.1843399,-8.6407397,3,92.0,,,
885948054,41.183256,-8.6394914,4,85.0,,,
885948056,41.1887442,-8.6381942,3,95.0,,,
899203230,41.2340454,-8.6697243,3,73.0,,,
969164888,41.2183392,-8.6746106,3,67.0,,,
1025567789,41.2009695,-8.6689617,3,42.0,,,
1025567831,41.2021625,-8.6735853,1,13.0,,,
1025567837,41.2013582,-8.6690553,3,42.0,,,
1025567847,41.1999569,-8.6686814,3,66.0,,,
1025567891,41.2009292,-8.667846,3,57.0,,,
1025567900,41.2016811,-8.6698845,3,42.0,,,
1025567947,41.2003411,-8.6677407,3,57.0,,,
1025567984,41.1996511,-8.6685772,3,66.0,,,
1025567991,41.1999423,-8.6684558,3,66.0,,,
1025567999,41.2027175,-8.6700744,1,23.0,,,
1025568149,41.2016182,-8.6685197,1,57.0,,,
1025568163,41.2027407,-8.6697325,3,23.0,,,
1025568191,41.2016432,-8.667981,3,57.0,,,
1025584814,41.1951334,-8.6745464,3,53.0,,,
1025584817,41.1930552,-8.6761366,3,38.0,,,
1025584819,41.1972187,-8.6757171,3,58.0,,,
1025587662,41.1945938,-8.6751662,3,53.0,,,
1025590037,41.1961697,-8.6698453,3,68.0,,,
1025590038,41.1961892,-8.6695821,3,68.0,,,
1025604404,41.1923405,-8.6675025,3,68.0,,,
1025604417,41.1919953,-8.6692585,3,62.0,,,
1025604420,41.1926637,-8.6688549,1,62.0,,,
1025604431,41.192139,-8.6677058,3,68.0,,,
1025604453,41.1920711,-8.6681732,3,68.0,,,
1025604482,41.1924007,-8.6677001,3,68.0,,,
1037306997,41.2040464,-8.6146528,3,59.0,,,
1037306999,41.1984418,-8.6002248,3,77.0,,,
1037307020,41.1988279,-8.6000502,3,77.0,,,
1037307027,41.2041272,-8.6145097,3,59.0,,,
1037307035,41.2010395,-8.6058454,3,77.0,,,
1037307036,41.204038,-8.6146341,3,59.0,,,
1037307043,41.1988802,-8.5998459,3,68.0,crossing,,
1037307053,41.2040832,-8.6145067,3,59.0,,,
1037307083,41.2041549,-8.6146568,3,59.0,,,
1037307091,41.1984587,-8.6006727,3,77.0,,,
1037307099,41.1986516,-8.6053107,3,85.0,,,
1037307112,41.2008532,-8.6055064,3,77.0,,,
1050531193,41.1857422,-8.6526427,3,85.0,,,
1050531199,41.1873055,-8.6526279,3,85.0,,,
1050531202,41.1864956,-8.6523602,3,85.0,,,
1050531203,41.1864324,-8.6527702,3,85.0,,,
1105973254,41.18468,-8.6236144,3,95.0,,,
1105973261,41.1855233,-8.623485,3,100.0,,,
1106138288,41.2225525,-8.686924,3,49.0,,,
1106228165,41.2086217,-8.6609484,3,65.0,,,
1106228199,41.2140578,-8.6531587,3,49.0,,,
1106228209,41.2097115,-8.6644107,3,65.0,,,
1106228227,41.2089204,-8.6608695,4,65.0,,,
1106228245,41.208755,-8.6651477,3,63.0,,,
1106228310,41.2093104,-8.6641559,3,65.0,,,
1106228327,41.2081441,-8.6617071,4,60.0,,,
1108123564,41.1790668,-8.6785193,4,27.0,,,
1108123567,41.1911103,-8.703417,4,17.0,,,
1108123630,41.1905812,-8.7009383,4,16.0,,,
1108123639,41.1905541,-8.7019067,4,16.0,,,
1108123654,41.1904908,-8.7033906,4,17.0,,,
1108123657,41.1917609,-8.701999,4,18.0,,,
1108123661,41.1818574,-8.6888038,4,18.0,,,
1108123665,41.1911897,-8.7009648,4,16.0,,,
1108123671,41.1911616,-8.7019549,4,16.0,,,
1108123750,41.1899612,-8.7008994,4,16.0,,,
1108123766,41.1917297,-8.7034551,4,17.0,,,
1108123773,41.1917993,-8.7009874,4,18.0,,,
1108123783,41.1855793,-8.6943737,4,10.0,,,
1110306079,41.1953698,-8.664605,3,77.0,,,
1110314529,41.1892845,-8.6514728,3,88.0,,,
1110314532,41.1889179,-8.6515585,3,88.0,,,
1110314539,41.1892119,-8.65192,3,88.0,crossing,,
1110314549,41.1892278,-8.6514253,3,88.0,,,
1110314551,41.1891034,-8.6514985,3,88.0,,,
1110314553,41.1895057,-8.6516525,3,88.0,,,
1110314562,41.1892868,-8.6516565,3,88.0,,,
1122690132,41.180885,-8.6778353,4,24.0,,,
1122690133,41.1806075,-8.6778102,3,24.0,,,
1128117615,41.1979983,-8.7101455,4,13.0,crossing,,
1143933806,41.2000688,-8.6272966,3,65.0,motorway_junction,,
1166236307,41.2007923,-8.6797088,1,8.0,,,
1166240347,41.2015854,-8.6787566,1,37.0,,,
1166240351,41.2026449,-8.6767825,1,6.0,,,
1166240355,41.2019053,-8.6782979,1,37.0,,,
1166240357,41.2017831,-8.6781111,3,37.0,,,
1166240363,41.2023038,-8.6761576,3,6.0,,,
1166240369,41.201542,-8.6783798,3,37.0,,,
1169523406,41.1868976,-8.7020255,4,5.0,,,
1169523409,41.1906905,-8.7054188,3,1.0,,,
1169523417,41.2003403,-8.7111482,3,13.0,,,
1169523427,41.1894377,-8.6963657,3,5.0,,,
1169523434,41.1916183,-8.7059435,4,1.0,crossing,,
1169523436,41.1951252,-8.7082784,3,12.0,traffic_signals,,
1169523470,41.1870166,-8.699966,4,1.0,,,
1169523514,41.1907958,-8.7054847,4,1.0,crossing,,
1169523517,41.2003019,-8.7114414,3,13.0,,,
1169617940,41.1972932,-8.6680282,3,73.0,,,
1190291359,41.2067793,-8.6882544,3,40.0,,,
1190291361,41.210218,-8.6839017,3,53.0,,,
1190291363,41.2066844,-8.689079,3,40.0,,,
1190291372,41.2096575,-8.6835108,3,53.0,,,
1190291383,41.204372,-8.6868324,4,38.0,,,
1190291414,41.2070859,-8.689655,3,40.0,,,
1190291416,41.2067495,-8.6889865,4,40.0,crossing,,
1190291418,41.2060088,-8.6866836,4,38.0,crossing,,
1190291432,41.2112612,-8.6894144,3,46.0,,,
1190291449,41.2103424,-8.6837624,3,53.0,,,
1190291455,41.2067747,-8.6879242,3,40.0,,,
1190291457,41.2069318,-8.6891775,3,40.0,,,
1190291461,41.2068704,-8.6882547,3,40.0,,,
1190291467,41.2064603,-8.6893521,3,40.0,,,
1190291473,41.210957,-8.6895614,3,46.0,,,
1190291477,41.2110239,-8.6853174,3,47.0,,,
1190291489,41.2071795,-8.6893322,3,40.0,,,
1190291532,41.2110837,-8.6894092,3,46.0,,,
1190291556,41.2104316,-8.6840869,4,47.0,crossing,,
1190291575,41.2065611,-8.6890314,3,40.0,,,
1190291610,41.210956,-8.6898407,3,41.0,,,
1190294682,41.2068137,-8.6862558,3,39.0,,,
1190294686,41.206872,-8.6879224,3,40.0,,,
1190294690,41.2064437,-8.6867055,3,39.0,,,
1190294692,41.2065497,-8.6867543,4,39.0,crossing,,
1190294697,41.2067893,-8.6869252,3,39.0,,,
1190294702,41.2062687,-8.6868122,3,39.0,,,
1190294709,41.2066833,-8.6866329,4,39.0,crossing,,
1190294710,41.2066818,-8.6864886,3,39.0,,,
1190297310,41.2167987,-8.6861452,3,46.0,,,
1190297320,41.2166629,-8.6833651,3,55.0,,,
1190297329,41.2138331,-8.6819665,3,54.0,,,
1190297332,41.2138853,-8.6827585,3,54.0,,,
1207580364,41.1867033,-8.6855135,4,20.0,,,
1207580384,41.1864041,-8.6891325,3,15.0,,,
1207580406,41.1879358,-8.6909459,1,5.0,,,
1207580463,41.1866113,-8.6875618,3,15.0,,,
1207580518,41.186729,-8.6872965,3,20.0,,,
1207580522,41.1865882,-8.6911105,3,14.0,,,
1207580539,41.1878607,-8.6928095,3,0.0,,,
1207580540,41.1885237,-8.6863484,3,8.0,,,
1207580574,41.1870119,-8.6916428,3,14.0,,,
1207580676,41.1874258,-8.6832868,3,29.0,,,
1207580764,41.1885352,-8.6859792,3,8.0,,,
1207580771,41.1884617,-8.686631,4,8.0,crossing,,
1207580780,41.186,-8.6895282,3,15.0,,,
1207580804,41.1867007,-8.6868087,3,20.0,,,
1207580877,41.1882467,-8.6863048,3,8.0,,,
1207580939,41.1878357,-8.6856187,3,8.0,,,
1207580983,41.188236,-8.6862605,3,8.0,,,
1207580987,41.1881389,-8.6922275,4,0.0,crossing,,
1207581008,41.1876696,-8.6862028,3,8.0,,,
1207581014,41.1880292,-8.6859531,3,8.0,,,
1207581036,41.1870382,-8.6852396,3,26.0,,,
1207609933,41.1855423,-8.6858119,3,20.0,,,
1207609958,41.1852712,-8.6854958,4,22.0,,,
1207609990,41.1862589,-8.6871447,3,20.0,,,
1207610002,41.1865428,-8.6867029,3,20.0,,,
1209793000,41.1848622,-8.6917797,4,13.0,,,
1209793014,41.1851765,-8.6689356,3,66.0,,,
1209793019,41.1805323,-8.663103,4,65.0,crossing,,
1209793026,41.1807856,-8.663283,4,65.0,crossing,,
1209793035,41.1846597,-8.6738268,1,46.0,,,
1209793037,41.1860138,-8.6906595,4,14.0,,,
1209793046,41.1856919,-8.6902334,3,14.0,,,
1209793052,41.1878233,-8.6781946,3,40.0,,,
1209793054,41.1866083,-8.6752616,3,45.0,,,
1209793058,41.1862652,-8.6897357,3,14.0,,,
1209793064,41.1813829,-8.6624115,4,71.0,,,
1209793066,41.1852221,-8.690736,3,16.0,,,
1209793069,41.1825302,-8.6712557,3,61.0,,,
1209793085,41.1828778,-8.6703612,4,67.0,,,
1209793086,41.1874891,-8.6788698,4,50.0,,,
1209793124,41.1857889,-8.6914025,3,14.0,,,
1209793134,41.1832866,-8.6845873,4,23.0,crossing,,
1209793197,41.1835459,-8.6680108,3,66.0,,,
1209793200,41.18069,-8.66333,3,65.0,,,
1209793201,41.1854086,-8.6909572,3,16.0,,,
1209793216,41.1836334,-8.6640746,3,69.0,,,
1209793218,41.1806475,-8.6631681,3,65.0,,,
1209793231,41.1832162,-8.6689894,3,67.0,,,
1209793233,41.1822237,-8.6709674,3,61.0,,,
1209793244,41.1827299,-8.6714557,3,61.0,crossing,,
1209793265,41.1865903,-8.6905094,3,14.0,,,
1209793268,41.1865364,-8.6904881,3,14.0,,,
1209793277,41.1807431,-8.6631233,4,65.0,crossing,,
1209793280,41.1863736,-8.6903996,3,14.0,,,
1209793300,41.1826351,-8.6701381,4,67.0,,,
1218949935,41.1941968,-8.6956988,3,23.0,,,
1218949985,41.193835,-8.6967857,4,20.0,,,
1218949990,41.1938289,-8.6963703,3,20.0,,,
1218950004,41.1961314,-8.6943793,3,30.0,,,
1219137580,41.1986451,-8.6997996,3,30.0,,,
1219137582,41.2014924,-8.7082826,3,21.0,,,
1219137603,41.1990199,-8.6954375,3,35.0,,,
1219137620,41.2003261,-8.697445,3,43.0,,,
1219137625,41.1989225,-8.6986412,3,30.0,,,
1219137638,41.2000381,-8.6934975,3,32.0,,,
1219137640,41.1980899,-8.7102082,4,13.0,,,
1219137643,41.1941932,-8.6981707,3,24.0,,,
1219137656,41.1950077,-8.696753,4,20.0,,,
1219137674,41.1991284,-8.6946917,3,35.0,,,
1219137686,41.199422,-8.7076172,1,18.0,,,
1219137691,41.1980519,-8.7100104,4,13.0,crossing,,
1219137731,41.1988535,-8.7009383,3,31.0,,,
1219137744,41.1943793,-8.696789,4,20.0,,,
1219137765,41.1993574,-8.6971003,4,38.0,,,
1219137772,41.2014819,-8.7081172,3,21.0,,,
1219137784,41.1993706,-8.6964957,3,38.0,,,
1219137796,41.2014431,-8.6993731,3,37.0,,,
1219137824,41.1994422,-8.7001876,1,31.0,,,
1219137837,41.1997217,-8.699606,3,30.0,,,
1219137845,41.2013975,-8.6974283,3,43.0,,,
1219137848,41.1997505,-8.6936745,3,37.0,,,
1219137850,41.2001496,-8.6974275,3,43.0,,,
1219137853,41.1957345,-8.6985754,4,24.0,,,
1219137854,41.1961803,-8.6978652,3,30.0,,,
1219137856,41.1997964,-8.7010928,1,31.0,,,
1219137860,41.1996036,-8.7071626,1,18.0,,,
1219137864,41.1990204,-8.7012617,3,31.0,,,
1219137868,41.1989947,-8.7106456,4,1.0,crossing,,
1219137876,41.201571,-8.698266,3,37.0,,,
1219137878,41.199197,-8.6994057,3,30.0,,,
1219137883,41.1982266,-8.7101277,4,13.0,crossing,,
1219137891,41.2014257,-8.6980495,3,37.0,,,
1219137892,41.1951636,-8.6955103,3,23.0,,,
1219137893,41.2003785,-8.700496,3,30.0,,,
1219137900,41.1989668,-8.7011419,3,31.0,,,
1219137906,41.1931815,-8.6979013,4,26.0,,,
1219137930,41.1993295,-8.7078955,3,18.0,,,
1219137931,41.1924261,-8.6977218,3,26.0,,,
1219137934,41.1952741,-8.6984443,4,24.0,,,
1219137939,41.1990664,-8.6999593,3,30.0,,,
1219137945,41.1995623,-8.7006207,3,31.0,,,
1219137961,41.2016594,-8.6979863,3,37.0,,,
1219137963,41.1991349,-8.7026307,3,30.0,,,
1219137970,41.199648,-8.6953837,3,35.0,,,
1219137971,41.1959475,-8.6966982,3,30.0,,,
1219225091,41.1866752,-8.6923115,4,14.0,,,
1219225120,41.1814362,-8.6717494,3,61.0,,,
1219225121,41.1818168,-8.6755281,3,31.0,,,
1219225122,41.1812464,-8.6742977,1,51.0,,,
1219225141,41.181032,-8.6723125,3,55.0,,,
1219225146,41.181595,-8.6731728,3,51.0,,,
1219225159,41.1814573,-8.6756613,3,31.0,,,
1219225161,41.1812714,-8.674496,3,51.0,,,
1219225177,41.1878671,-8.6881986,3,3.0,,,
1219225188,41.1820012,-8.6723341,3,61.0,,,
1219234328,41.1931572,-8.6995812,3,24.0,,,
1219234362,41.1932883,-8.7025772,3,17.0,,,
1219234376,41.1956318,-8.7012564,3,25.0,,,
1219234403,41.1918133,-8.6995261,3,24.0,,,
1219234404,41.1937346,-8.6998992,3,24.0,,,
1219234405,41.194602,-8.702877,3,19.0,,,
1219234444,41.1937961,-8.7026416,4,19.0,,,
1219234451,41.1947478,-8.7005937,3,25.0,,,
1219234472,41.1939477,-8.699126,3,24.0,,,
1221776530,41.1837331,-8.5989608,5,110.0,,,
1221776764,41.1880931,-8.6006189,1,93.0,,,
1233599744,41.1919154,-8.5987401,3,84.0,,,
1233599745,41.1930818,-8.5995733,1,84.0,,,
1233599747,41.1918132,-8.5989502,1,84.0,,,
1233599751,41.1932352,-8.5992435,1,84.0,,,
1233599753,41.1927816,-8.5990261,3,84.0,,,
1233599758,41.192761,-8.5983768,1,84.0,,,
1233599761,41.1922996,-8.5989878,3,84.0,,,
1233599765,41.1921294,-8.5975074,3,86.0,,,
1234462884,41.2244658,-8.7103445,3,16.0,,,
1234462893,41.2487781,-8.7247193,1,0.0,,,
1234462961,41.2242969,-8.6977495,3,37.0,,,
1234463068,41.2183034,-8.6956621,3,41.0,,,
1234463076,41.2177815,-8.6974429,3,41.0,,,
1234465336,41.2605464,-8.7201338,3,19.0,,,
1234465344,41.2560115,-8.7187713,4,13.0,,,
1234465367,41.2588412,-8.7177051,3,16.0,,,
1234465372,41.2568509,-8.7127942,3,17.0,,,
1234465376,41.2604001,-8.7172561,4,16.0,,,
1234721186,41.1950303,-8.601075,3,84.0,,,
1234721203,41.1976285,-8.6017737,3,88.0,,,
1234721251,41.2001989,-8.6033087,1,68.0,,,
1234721269,41.1965319,-8.5983629,3,68.0,,,
1234721311,41.1967079,-8.6003206,3,88.0,,,
1234721322,41.2001841,-8.6009516,3,49.0,,,
1234721332,41.1947195,-8.5968059,3,84.0,,,
1234721359,41.2003765,-8.6009673,1,49.0,,,
1234721365,41.2001162,-8.60929,1,75.0,,,
1234721371,41.1979018,-8.600236,3,88.0,,,
1234755654,41.2244797,-8.6978147,3,37.0,,,
1234755658,41.2567885,-8.7230285,4,0.0,crossing,,
1234755659,41.2487838,-8.7247545,4,0.0,,,
1234755661,41.2488192,-8.7249282,1,0.0,,,
1236467454,41.1984312,-8.6869186,3,18.0,,,
1236467459,41.1736961,-8.6851768,4,25.0,crossing,,
1236467473,41.1869467,-8.6634698,3,65.0,,,
1236467479,41.1894301,-8.6715706,3,59.0,,,
1236467481,41.1736548,-8.6837295,3,25.0,,,
1236467490,41.1857755,-8.662644,3,65.0,,,
1236467501,41.1735968,-8.6867896,3,19.0,,,
1236467503,41.2018055,-8.6860764,3,34.0,,,
1236467505,41.1735312,-8.6878176,4,8.0,crossing,,
1236467516,41.1931792,-8.691031,3,14.0,,,
1236467519,41.2090832,-8.6813698,3,51.0,,,
1236467528,41.1873265,-8.6650392,4,71.0,crossing,,
1236467529,41.2001708,-8.6865484,3,34.0,,,
1236467536,41.192615,-8.6928901,3,11.0,,,
1236467547,41.186815,-8.6675478,3,70.0,,,
1236467555,41.1872653,-8.664605,3,71.0,,,
1236467587,41.1944984,-8.6893951,3,23.0,,,
1236467614,41.1723003,-8.6803303,3,25.0,,,
1238429306,41.1862836,-8.6956363,3,10.0,,,
1238429339,41.1865872,-8.690963,3,14.0,,,
1238429357,41.1873636,-8.6924515,4,14.0,crossing,,
1238429360,41.1860711,-8.6946195,3,10.0,,,
1238429394,41.1868051,-8.6922703,3,14.0,,,
1238436633,41.1833158,-8.6937517,4,9.0,,,
1238436634,41.1800778,-8.6906087,3,16.0,,,
1238436640,41.1798578,-8.6905375,3,16.0,,,
1238483086,41.1877214,-8.6895236,1,3.0,,,
1238512252,41.1859095,-8.6960753,3,5.0,,,
1238512263,41.1859355,-8.6963134,3,5.0,,,
1238512279,41.1857652,-8.6963016,3,5.0,,,
1238512284,41.1843081,-8.6919934,3,13.0,,,
1238512302,41.1857523,-8.696118,3,5.0,,,
1238512325,41.1859503,-8.6962856,3,5.0,,,
1238512326,41.1860208,-8.6960127,4,5.0,crossing,,
1238512371,41.182512,-8.6913543,3,15.0,,,
1238512378,41.1860846,-8.6960885,4,5.0,crossing,,
1238512464,41.1840688,-8.6917501,3,13.0,,,
1238527907,41.1800641,-8.6936615,1,9.0,,,
1238527914,41.179736,-8.693323,4,9.0,crossing,,
1238527915,41.1857276,-8.6965833,3,5.0,crossing,,
1238527933,41.1739227,-8.6893208,1,8.0,,,
1243160634,41.1836893,-8.6837002,3,28.0,,,
1243519722,41.1824572,-8.6778362,3,22.0,,,
1243519775,41.1821388,-8.682371,3,24.0,,,
1243519819,41.1831417,-8.6778693,3,22.0,,,
1243519879,41.1825315,-8.6815896,3,24.0,,,
1243519908,41.1877807,-8.6821986,1,27.0,,,
1243519929,41.1829958,-8.6797238,4,27.0,,,
1243519972,41.1806772,-8.6799943,4,23.0,,,
1243520040,41.1826092,-8.6801776,4,27.0,crossing,,
1243520075,41.182634,-8.6776702,3,22.0,,,
1243520134,41.1830525,-8.6780773,3,22.0,,,
1243520159,41.1810074,-8.6808719,3,23.0,,,
1243520165,41.1823559,-8.6807643,3,27.0,,,
1243520176,41.182693,-8.6782645,3,22.0,,,
1243520202,41.1802311,-8.6798653,3,23.0,,,
1243520290,41.1833126,-8.6789959,3,22.0,,,
1243520315,41.1827021,-8.6810769,1,27.0,,,
1243520345,41.1871992,-8.6820847,3,29.0,,,
1243520371,41.1830148,-8.6773005,3,22.0,,,
1243520420,41.1826854,-8.6816681,1,24.0,,,
1243520478,41.182967,-8.6782832,3,22.0,,,
1243615767,41.1886963,-8.6778414,3,40.0,,,
1243615967,41.1883519,-8.678444,3,40.0,,,
1243616142,41.1885771,-8.6785507,3,40.0,,,
1243616164,41.1881083,-8.678324,3,40.0,,,
1243616178,41.1888511,-8.6780728,3,40.0,,,
1243616190,41.1889536,-8.6776644,3,40.0,,,
1243810275,41.1833439,-8.6899376,3,16.0,,,
1243810298,41.1875597,-8.6992933,4,8.0,,,
1243810341,41.1843628,-8.6919052,3,13.0,,,
1243810365,41.1825009,-8.6900542,3,15.0,,,
1243810378,41.183442,-8.6909953,4,16.0,,,
1243810399,41.1845775,-8.6915773,4,16.0,crossing,,
1243810540,41.182445,-8.6899982,4,15.0,,,
1243810589,41.1834004,-8.6900587,3,16.0,,,
1243810595,41.1836633,-8.6906165,3,16.0,,,
1243810621,41.1845356,-8.6914957,4,16.0,crossing,,
1243852769,41.1859634,-8.6936377,4,14.0,,,
1243852851,41.1850108,-8.6927062,3,13.0,,,
1243852883,41.1859803,-8.6935293,3,14.0,,,
1243852923,41.1870122,-8.6939641,4,10.0,,,
1243853026,41.1859355,-8.6936096,3,14.0,,,
1243853061,41.1849793,-8.6926758,3,13.0,,,
1243853064,41.1869441,-8.6939735,3,10.0,,,
1243853085,41.1840704,-8.6910751,3,16.0,,,
1243853086,41.185061,-8.6926175,3,13.0,,,
1243853089,41.1864005,-8.695456,3,10.0,,,
1244598148,41.1912113,-8.6021775,3,94.0,,,
1244598150,41.1907939,-8.6018172,1,87.0,,,
1244598152,41.1913199,-8.601961,1,87.0,,,
1267312194,41.1794588,-8.6940262,1,0.0,,,
1267312258,41.1968869,-8.7085637,3,9.0,,,
1267312548,41.1960004,-8.7087637,3,9.0,,,
1272003477,41.1821078,-8.6908306,4,15.0,crossing,,
1272003484,41.1833583,-8.6877428,4,18.0,crossing,,
1272003491,41.1850038,-8.6904691,4,16.0,crossing,,
1272003520,41.1817853,-8.6906447,4,15.0,crossing,,
1272003543,41.184198,-8.689509,4,18.0,crossing,,
1272003556,41.1817402,-8.6905266,4,15.0,crossing,,
1272003558,41.1856831,-8.684932,3,26.0,,,
1272003570,41.1824053,-8.6912451,4,15.0,crossing,,
1272003573,41.1844639,-8.6872655,4,22.0,crossing,,
1272003574,41.184833,-8.6844905,4,28.0,,,
1272003588,41.1838452,-8.6928474,4,13.0,crossing,,
1272003591,41.183895,-8.6891586,4,18.0,crossing,,
1272003599,41.1848802,-8.684319,3,28.0,,,
1272003610,41.1818493,-8.6889277,4,18.0,crossing,,
1272003624,41.1821294,-8.6909494,4,15.0,crossing,,
1272003626,41.1838366,-8.6863746,4,22.0,crossing,,
1272003638,41.1831974,-8.6883306,4,18.0,crossing,,
1272003646,41.1828906,-8.6888969,4,18.0,crossing,,
1272003648,41.1857757,-8.6847941,3,26.0,,,
1272003658,41.182055,-8.6909596,4,15.0,crossing,,
1272003659,41.1865349,-8.6851779,3,26.0,,,
1272003666,41.183924,-8.6928329,4,13.0,crossing,,
1272003674,41.1828981,-8.6890005,4,18.0,crossing,,
1272003678,41.1818652,-8.6886866,4,18.0,crossing,,
1272003688,41.1816518,-8.6907573,4,15.0,crossing,,
1272003694,41.1838464,-8.6927511,4,13.0,crossing,,
1272003698,41.183121,-8.6883458,4,18.0,crossing,,
1272003708,41.1850691,-8.6905507,4,16.0,crossing,,
1272003718,41.1819688,-8.6888134,4,18.0,crossing,,
1272003734,41.1833267,-8.6922064,4,13.0,crossing,,
1272003736,41.1844832,-8.6871002,4,22.0,crossing,,
1272003739,41.1831773,-8.6882091,4,18.0,crossing,,
1272003753,41.18204,-8.6908578,4,15.0,crossing,,
1272003755,41.1865007,-8.6853719,3,26.0,,,
1277675365,41.1845303,-8.6536133,3,82.0,,,
1277675366,41.1855807,-8.6538518,3,85.0,,,
1277675385,41.1831059,-8.6534722,3,78.0,,,
1295426917,41.2000947,-8.6557001,3,68.0,,,
1295426950,41.1999043,-8.6556398,3,72.0,,,
1295426973,41.1989093,-8.6594068,4,81.0,,,
1295426993,41.2002515,-8.6559016,3,68.0,,,
1295426995,41.1937143,-8.6559916,3,83.0,crossing,,
1295427056,41.1956116,-8.6606682,3,78.0,,,
1295427130,41.1865468,-8.6543115,4,85.0,crossing,,
1295427165,41.2005956,-8.6554226,3,68.0,,,
1295427168,41.1867096,-8.6543839,3,85.0,,,
1295427192,41.195924,-8.6571113,3,78.0,,,
1295427194,41.191336,-8.6582391,4,84.0,,,
1295427199,41.2004425,-8.6562199,3,68.0,,,
1295427213,41.1861501,-8.6596524,4,79.0,,,
1295427230,41.1997219,-8.6558433,3,72.0,,,
1295427248,41.1970018,-8.660935,3,76.0,,,
1295427249,41.1884671,-8.6544676,3,80.0,,,
1295427251,41.1901759,-8.6548646,3,83.0,,,
1295427272,41.1993206,-8.6585223,4,81.0,,,
1295427279,41.200616,-8.6555305,3,68.0,,,
1295427290,41.190003,-8.6620996,4,79.0,,,
1295427294,41.1953595,-8.6563366,3,82.0,,,
1295427303,41.1884979,-8.6547798,3,80.0,crossing,,
1295427390,41.1943283,-8.6567948,3,82.0,,,
1295427399,41.2002403,-8.6558233,3,68.0,,,
1295427401,41.2003587,-8.65571,3,68.0,,,
1295427415,41.1999437,-8.6570388,3,75.0,,,
1295427418,41.2005782,-8.655343,3,68.0,,,
1295427424,41.1960076,-8.6564788,3,78.0,,,
1295427439,41.2000869,-8.6563136,4,59.0,,,
1295427443,41.1865317,-8.6545877,3,85.0,,,
1295427524,41.1961996,-8.6580091,3,78.0,,,
1295427570,41.1902337,-8.6550797,3,83.0,,,
1295427588,41.191627,-8.6581144,3,84.0,,,
1295427595,41.1900722,-8.6550386,3,83.0,crossing,,
1295427619,41.2003227,-8.6562472,3,68.0,,,
1295427634,41.2003262,-8.6553795,3,68.0,,,
1295427635,41.1955307,-8.6602413,3,80.0,,,
1295427731,41.1966487,-8.658779,3,75.0,,,
1295427742,41.2006274,-8.6555894,3,68.0,,,
1295427790,41.1958316,-8.6583724,3,80.0,,,
1295427793,41.198953,-8.6594411,3,81.0,,,
1295427824,41.1912004,-8.6550946,3,83.0,,,
1295427833,41.191384,-8.6580539,3,84.0,,,
1353862670,41.1816385,-8.6552955,4,76.0,crossing,,
1353862704,41.1794261,-8.6526148,1,79.0,,,
1353862711,41.1830401,-8.6534639,3,78.0,,,
1361283633,41.2282498,-8.6917813,3,41.0,,,
1361283634,41.2282578,-8.6926611,3,41.0,,,
1361283638,41.2293222,-8.6915669,4,51.0,,,
1361283639,41.2303792,-8.690266,3,51.0,,,
1361283641,41.2309884,-8.6913791,1,51.0,,,
1361283644,41.2309468,-8.6919208,3,51.0,,,
1361283647,41.2254732,-8.6917654,3,39.0,,,
1361283660,41.2282067,-8.6935812,3,41.0,,,
1361283661,41.2308109,-8.6902687,3,51.0,,,
1361283662,41.2278725,-8.6906199,3,48.0,,,
1361283663,41.230975,-8.6912664,3,51.0,,,
1361283667,41.228694,-8.6910688,3,48.0,,,
1361283669,41.2276789,-8.6933451,3,41.0,,,
1361283670,41.2284024,-8.6893112,3,54.0,,,
1361283674,41.2289901,-8.6898314,3,48.0,,,
1361283676,41.2267106,-8.6920844,3,39.0,,,
1361283683,41.2244389,-8.6923278,3,32.0,,,
1361283684,41.2284631,-8.6910278,3,48.0,,,
1361283685,41.2280998,-8.6902526,3,48.0,,,
1361283687,41.2279734,-8.6910542,3,48.0,,,
1361283690,41.2294561,-8.6903598,3,51.0,,,
1361283692,41.2313959,-8.6917573,3,49.0,,,
1361283693,41.2292839,-8.6923474,1,51.0,,,
1361283694,41.231755,-8.6916849,3,49.0,,,
1361283706,41.2266514,-8.6921033,3,39.0,,,
1361289923,41.229171,-8.6900927,3,51.0,,,
1398246221,41.1819902,-8.6531732,1,78.0,,,
1429099124,41.2016354,-8.710488,3,13.0,,,
1429099198,41.2018275,-8.7106122,3,13.0,crossing,,
1429099213,41.2019083,-8.6981092,4,37.0,,,
1429099269,41.2021833,-8.7105774,3,14.0,,,
1429099325,41.2032543,-8.6982268,3,33.0,,,
1429099388,41.2061393,-8.6981412,3,32.0,,,
1429099437,41.2062506,-8.6981301,3,32.0,,,
1429099815,41.2071298,-8.7130032,1,10.0,,,
1429100454,41.2092836,-8.6965745,3,40.0,,,
1429101298,41.2148473,-8.7060997,1,29.0,,,
1429101363,41.2180002,-8.7124672,1,10.0,,,
1429101382,41.2194326,-8.7123476,3,14.0,,,
1429101390,41.21949,-8.7126088,3,8.0,,,
1429101424,41.2204069,-8.7130774,3,8.0,,,
1429114376,41.2046755,-8.6878119,3,43.0,,,
1436599288,41.1914038,-8.6926482,3,-1.0,,,
1436599323,41.1929128,-8.6929269,3,11.0,,,
1436599349,41.1932136,-8.6929789,3,11.0,,,
1436599353,41.1933044,-8.6956999,3,10.0,,,
1436599361,41.1933344,-8.69638,3,26.0,,,
1436599389,41.1934246,-8.6951039,3,10.0,,,
1436599397,41.1934248,-8.6912103,3,14.0,,,
1436599420,41.1937756,-8.6952466,3,23.0,,,
1436599424,41.1938254,-8.6953513,3,23.0,,,
1436599429,41.1939767,-8.6888727,3,23.0,,,
1436599444,41.1941184,-8.6902491,3,15.0,,,
1436599463,41.1942,-8.6884767,3,23.0,,,
1436599464,41.1942304,-8.7002432,3,25.0,,,
1436599469,41.1942652,-8.6902161,1,15.0,,,
1436599494,41.1943894,-8.6905523,3,15.0,,,
1436599500,41.1944869,-8.6994302,3,24.0,,,
1436599504,41.1944876,-8.6940168,3,23.0,,,
1436599513,41.1947731,-8.6983133,3,24.0,,,
1436599514,41.1948585,-8.6921889,3,19.0,,,
1436599519,41.1949968,-8.6936269,3,19.0,,,
1436599520,41.1949731,-8.6896301,3,15.0,,,
1436599522,41.1950475,-8.6997495,4,24.0,,,
1436599523,41.195082,-8.6900211,3,15.0,,,
1436599525,41.195193,-8.6925525,3,19.0,,,
1436599526,41.1952567,-8.6887798,3,23.0,,,
1436599527,41.1952793,-8.6915398,3,15.0,,,
1436599529,41.1953417,-8.6992266,3,24.0,,,
1436599531,41.1954072,-8.6901123,3,15.0,,,
1436599533,41.1956063,-8.6919246,4,19.0,,,
1436599535,41.1956978,-8.6920377,4,19.0,,,
1436599536,41.1956755,-8.6904133,3,15.0,,,
1436599541,41.1957956,-8.6905479,3,15.0,,,
1436599542,41.1958167,-8.6887514,3,23.0,,,
1436599545,41.1958536,-8.6893542,3,18.0,,,
1436599547,41.1958884,-8.6893778,3,18.0,,,
1436599549,41.1959032,-8.6886342,4,18.0,,,
1436599550,41.1959216,-8.6893945,3,18.0,,,
1436599553,41.1959677,-8.6891635,3,18.0,,,
1436599556,41.196024,-8.6892166,3,18.0,,,
1436599560,41.1960938,-8.6911598,3,18.0,,,
1436599562,41.1960866,-8.6884113,3,18.0,,,
1436599563,41.1960876,-8.7005465,3,28.0,,,
1436599566,41.1961043,-8.689577,3,18.0,,,
1436599574,41.1961852,-8.6912713,3,18.0,,,
1436599575,41.1962077,-8.6909874,3,18.0,,,
1436599581,41.1962747,-8.6897569,4,18.0,crossing,,
1436599585,41.1962954,-8.6910567,3,18.0,,,
1436599591,41.1963853,-8.6892215,3,18.0,,,
1436599599,41.1964376,-8.6890327,4,18.0,,,
1436599614,41.1965013,-8.6887799,3,18.0,,,
1436599627,41.1966762,-8.6890799,3,18.0,,,
1436599628,41.1966858,-8.6906117,3,18.0,,,
1436599632,41.196701,-8.6890602,3,18.0,,,
1436599672,41.1969266,-8.6985866,3,27.0,,,
1436599676,41.1969264,-8.6976567,3,30.0,,,
1436599678,41.1969499,-8.6871962,3,24.0,,,
1436599679,41.1970114,-8.6988779,3,27.0,,,
1436599683,41.1970278,-8.6927618,3,23.0,,,
1436599689,41.1971012,-8.6922215,3,23.0,,,
1436599699,41.1972681,-8.6989305,3,27.0,,,
1436599701,41.1973251,-8.6875025,3,18.0,,,
1436599703,41.1974215,-8.6981582,3,27.0,,,
1436599705,41.1974519,-8.6966112,4,30.0,,,
1436599712,41.1975487,-8.6966084,3,30.0,,,
1436599713,41.197643,-8.697567,1,30.0,,,
1436599715,41.1976707,-8.699152,3,27.0,,,
1436599722,41.1977534,-8.689659,1,18.0,,,
1436599723,41.1977639,-8.6884849,3,18.0,crossing,,
1436599728,41.1978356,-8.6985255,3,27.0,,,
1436599729,41.1978201,-8.6988754,3,27.0,,,
1436599730,41.1978438,-8.6889856,3,18.0,,,
1436599731,41.1978431,-8.6957714,3,30.0,,,
1436599734,41.1978754,-8.6890815,3,18.0,,,
1436599735,41.1978632,-8.6952587,3,30.0,,,
1436599736,41.1978723,-8.6958434,3,30.0,,,
1436599744,41.1979318,-8.6986128,3,30.0,,,
1436599747,41.1979623,-8.6956807,1,35.0,,,
1436599748,41.1979968,-8.6983366,3,30.0,,,
1436599749,41.1980215,-8.6916562,3,25.0,,,
1436599758,41.1980263,-8.7014485,3,31.0,,,
1436599762,41.1980536,-8.6915026,3,25.0,,,
1436599763,41.198051,-8.6965719,3,38.0,,,
1436599771,41.1981311,-8.6977464,3,38.0,,,
1436599772,41.1981319,-8.6965659,3,38.0,,,
1436599773,41.198141,-8.701494,1,31.0,,,
1436599776,41.1981599,-8.6926005,3,37.0,,,
1436599777,41.1981506,-8.6970882,3,38.0,,,
1436599778,41.1981561,-8.6974654,3,38.0,,,
1436599779,41.198173,-8.6924972,3,37.0,,,
1436599798,41.198156,-8.6896991,3,25.0,,,
1436599804,41.1982568,-8.6876548,3,25.0,,,
1436599806,41.1983255,-8.6910642,4,25.0,crossing,,
1436599808,41.1982941,-8.6926298,3,37.0,,,
1436599811,41.1983048,-8.6917775,3,37.0,,,
1436599812,41.1983444,-8.6916224,3,25.0,,,
1436599814,41.1983716,-8.691808,3,37.0,,,
1436599822,41.1984253,-8.6911084,4,25.0,,,
1436599823,41.1983972,-8.6914074,4,25.0,crossing,,
1436599824,41.1984479,-8.6942813,1,35.0,,,
1436599835,41.1984728,-8.699637,3,30.0,,,
1436599836,41.1984591,-8.6914357,4,25.0,crossing,,
1436599839,41.1986252,-8.6902761,4,25.0,crossing,,
1436599870,41.1985718,-8.6911731,4,25.0,,,
1436599872,41.1986669,-8.6992265,3,30.0,,,
1436599878,41.1986003,-8.6927071,3,37.0,,,
1436599881,41.1986579,-8.6997489,3,30.0,,,
1436599887,41.1986673,-8.6912154,4,25.0,crossing,,
1436600010,41.1987949,-8.6986603,4,30.0,,,
1436600161,41.1988389,-8.6911575,3,25.0,,,
1436600173,41.1988473,-8.6915021,3,25.0,,,
1436600177,41.1988902,-8.6913297,3,25.0,,,
1436600248,41.1989238,-8.6980678,4,30.0,,,
1436600260,41.1987533,-8.6903345,4,25.0,crossing,,
1436600295,41.1991169,-8.6980252,3,30.0,,,
1436600305,41.1992574,-8.6974648,3,38.0,,,
1436600335,41.1992779,-8.6887638,3,25.0,,,
1436600339,41.1993253,-8.6917174,4,37.0,,,
1436600340,41.199329,-8.6890465,4,25.0,crossing,,
1436600351,41.1993647,-8.6915638,3,25.0,,,
1436600357,41.1993711,-8.6915364,3,25.0,,,
1436600425,41.1993881,-8.6994799,3,30.0,,,
1436600433,41.1993913,-8.6888084,4,25.0,crossing,,
1436600438,41.1994438,-8.6886078,4,25.0,crossing,,
1436600458,41.1994413,-8.6883372,3,25.0,,,
1436600461,41.1994587,-8.6923068,3,37.0,,,
1436600463,41.1995291,-8.6988829,3,30.0,,,
1436600477,41.1995065,-8.6883681,4,25.0,crossing,,
1436600484,41.1996529,-8.6916942,4,37.0,,,
1436600548,41.1996683,-8.698264,3,30.0,,,
1436600550,41.1998034,-8.6887667,4,25.0,crossing,,
1436600553,41.1997985,-8.6884986,3,25.0,,,
1436600583,41.1998113,-8.6976939,3,38.0,,,
1436600584,41.1998647,-8.6885274,4,25.0,crossing,,
1436600585,41.1998134,-8.6884336,4,25.0,crossing,,
1436600588,41.1998674,-8.6974703,1,38.0,,,
1436600624,41.200071,-8.6893695,4,27.0,crossing,,
1436600636,41.2001274,-8.6891326,4,27.0,crossing,,
1436600721,41.2001746,-8.6889301,4,27.0,crossing,,
1436600738,41.2002296,-8.6886894,4,27.0,crossing,,
1436600810,41.2002535,-8.6923241,3,32.0,,,
1436600816,41.2002676,-8.6886909,3,27.0,,,
1436600835,41.2003378,-8.6886303,3,27.0,,,
1436601013,41.2003115,-8.6964489,3,43.0,,,
1436601021,41.2003135,-8.6965815,3,43.0,,,
1436601036,41.2002835,-8.6921709,3,32.0,,,
1436601151,41.2003636,-8.6926882,3,32.0,,,
1436601389,41.200529,-8.6974582,3,43.0,,,
1436601667,41.200865,-8.6926376,3,32.0,crossing,,
1436601895,41.2009104,-8.6924495,4,32.0,crossing,,
1436601920,41.2011836,-8.6972343,3,43.0,,,
1436602063,41.2012239,-8.6968715,3,43.0,,,
1436602073,41.2013017,-8.6962062,3,43.0,,,
1436602139,41.2013264,-8.6922979,3,32.0,,,
1436602178,41.2016261,-8.6924351,4,32.0,crossing,,
1436602198,41.2015021,-8.6896512,3,32.0,,,
1436602215,41.2016276,-8.6948671,3,39.0,,,
1436602219,41.2016352,-8.6952091,3,39.0,,,
1436602228,41.2016198,-8.6897439,3,32.0,,,
1436602238,41.2016783,-8.6909191,3,32.0,,,
1436602331,41.201781,-8.6905392,3,32.0,,,
1436602434,41.2018655,-8.6908424,1,32.0,,,
1436602458,41.2019298,-8.6906264,4,32.0,,,
1436602460,41.2019769,-8.6917252,1,32.0,turning_circle,,
1436602533,41.202092,-8.690561,4,31.0,,,
1436602647,41.2021604,-8.6906523,3,31.0,,,
1436602652,41.2021682,-8.6910039,3,31.0,,,
1436602653,41.2021994,-8.6902672,3,31.0,,,
1436602715,41.2025521,-8.6918214,1,38.0,,,
1436602720,41.202918,-8.6930578,3,38.0,,,
1436602732,41.2031553,-8.6916956,1,38.0,,,
1436602735,41.2032592,-8.695262,3,38.0,,,
1436602739,41.2033874,-8.6932047,3,38.0,,,
1436602752,41.2033352,-8.6973512,3,37.0,,,
1436602798,41.2034902,-8.6928814,3,38.0,,,
1436602851,41.2038982,-8.6953426,3,38.0,,,
1436602861,41.20401,-8.6973265,3,37.0,,,
1436602895,41.2049641,-8.6923914,3,40.0,,,
1436602897,41.2051529,-8.6919163,3,40.0,,,
1436602910,41.2056854,-8.6944742,3,40.0,,,
1436602911,41.2056994,-8.693674,3,40.0,,,
1436602915,41.2058403,-8.6906707,3,42.0,,,
1436602918,41.2059669,-8.6906744,1,42.0,,,
1436602926,41.206261,-8.6920326,3,39.0,,,
1436602928,41.2063363,-8.6912778,3,40.0,,,
1436602935,41.2071039,-8.6936098,1,39.0,,,
1436602937,41.2074466,-8.6915329,1,40.0,,,
1436602950,41.2087507,-8.6974409,4,40.0,,,
1436602974,41.2090676,-8.6942861,1,37.0,,,
1436602977,41.2090997,-8.6918473,3,46.0,,,
1436602982,41.2091626,-8.691546,3,39.0,,,
1436602986,41.209234,-8.6935521,1,46.0,,,
1436603017,41.2096092,-8.6922934,3,46.0,,,
1436603019,41.2096221,-8.6897187,4,39.0,crossing,,
1436603039,41.2098734,-8.6958609,3,40.0,,,
1436603100,41.2099924,-8.6940556,3,37.0,,,
1436603103,41.2100368,-8.6965218,3,40.0,,,
1436603107,41.2100432,-8.6935842,3,46.0,,,
1436603119,41.2100929,-8.6933364,3,46.0,,,
1436603122,41.2101572,-8.6930457,3,46.0,,,
1436603123,41.2102934,-8.6912938,3,39.0,,,
1436603134,41.2103025,-8.6923623,3,46.0,,,
1436603147,41.2103674,-8.6920193,3,46.0,,,
1436603148,41.2103941,-8.6907739,3,39.0,,,
1436603159,41.2105037,-8.6915893,3,41.0,,,
1436603228,41.2111265,-8.6932266,1,40.0,,,
1436603234,41.2111413,-8.6945749,1,39.0,,,
1436603236,41.211286,-8.6928328,3,40.0,,,
1436603255,41.2113853,-8.692588,3,40.0,,,
1436603264,41.2116347,-8.6945683,3,39.0,,,
1436603273,41.2116385,-8.6936575,1,40.0,,,
1436603279,41.2118472,-8.6950063,3,39.0,,,
1436603328,41.2119271,-8.6927624,3,40.0,,,
1436603330,41.2119594,-8.6908051,3,41.0,,,
1436603351,41.2122946,-8.7012316,3,33.0,,,
1436603400,41.2132755,-8.6964604,3,38.0,,,
1436603465,41.2134398,-8.6964486,3,38.0,,,
1436603471,41.2134669,-8.6944011,3,41.0,,,
1436603572,41.2152668,-8.7052074,4,29.0,,,
1436603591,41.2163951,-8.7067927,1,19.0,,,
1436603594,41.216698,-8.7049396,3,29.0,,,
1436603676,41.2173584,-8.6969449,3,41.0,,,
1436603956,41.2187361,-8.6960246,3,41.0,,,
1436603967,41.2189597,-8.6991231,3,37.0,,,
1436603976,41.2193762,-8.6952658,1,39.0,,,
1436604087,41.2199312,-8.694754,3,39.0,,,
1436604091,41.2201021,-8.6953608,3,39.0,,,
1436604113,41.220855,-8.6957473,1,36.0,,,
1436604115,41.221501,-8.7007629,3,33.0,,,
1436604123,41.2224308,-8.7039386,4,29.0,traffic_signals,,
1436856198,41.1871367,-8.6999284,3,1.0,,,
1436856205,41.1872937,-8.7005163,3,5.0,,,
1436856217,41.1874041,-8.7000665,3,5.0,,,
1436856222,41.1874033,-8.7005829,3,5.0,,,
1436856254,41.1877348,-8.6995234,4,8.0,,,
1436856262,41.1877637,-8.7017095,3,13.0,,,
1436856286,41.1878764,-8.7031516,1,8.0,,,
1436856293,41.1877897,-8.7029707,3,8.0,,,
1436856294,41.1879247,-8.7013133,3,13.0,,,
1436856298,41.1879812,-8.7012789,3,13.0,,,
1436856303,41.1881523,-8.7032671,3,8.0,,,
1436856304,41.1881207,-8.7008521,3,13.0,,,
1436856307,41.1881548,-8.7033606,1,8.0,,,
1436856314,41.1881181,-8.7020563,3,13.0,,,
1436856323,41.1881136,-8.6984695,4,8.0,,,
1436856331,41.1882059,-8.6985828,3,8.0,,,
1436856343,41.1883019,-8.701712,3,13.0,,,
1436856346,41.1883048,-8.7014639,3,13.0,,,
1436856373,41.1884292,-8.7009705,3,13.0,,,
1436856394,41.1884749,-8.7020803,4,13.0,,,
1436856467,41.188721,-8.701182,3,13.0,,,
1436856484,41.1887586,-8.7016276,3,13.0,,,
1436856515,41.1888306,-8.6974056,3,5.0,,,
1436856519,41.188867,-8.7021327,3,8.0,,,
1436856527,41.1888771,-8.7003247,3,13.0,,,
1436856557,41.1889337,-8.6981045,3,8.0,,,
1436856583,41.1890177,-8.6995167,3,8.0,,,
1436856592,41.1890908,-8.7027413,3,8.0,,,
1436856615,41.1892702,-8.7026243,3,8.0,,,
1436856623,41.1892863,-8.6985981,3,8.0,,,
1436856662,41.1894764,-8.7015531,3,13.0,,,
1436856666,41.1894817,-8.6980789,3,8.0,,,
1436856675,41.1895882,-8.7044343,3,1.0,,,
1436856693,41.1897092,-8.7043196,3,1.0,,,
1436856695,41.189731,-8.6980981,3,18.0,,,
1436856788,41.1901128,-8.6994631,3,18.0,,,
1436856795,41.1900914,-8.6951609,4,6.0,,,
1436856841,41.1901399,-8.6973068,3,13.0,,,
1436856843,41.1902226,-8.6947939,3,6.0,,,
1436856844,41.1902062,-8.6986538,4,18.0,,,
1436856846,41.1902257,-8.6984796,1,18.0,,,
1436856850,41.1903139,-8.6980239,3,18.0,,,
1436856851,41.1902828,-8.695318,4,6.0,,,
1436856943,41.1904279,-8.6949041,4,6.0,,,
1436856944,41.1904973,-8.6964977,3,13.0,,,
1436856994,41.1907101,-8.6947315,3,6.0,,,
1436857126,41.1907128,-8.6945308,3,6.0,,,
1436857253,41.1907973,-8.6964382,3,13.0,,,
1436857289,41.1911027,-8.6977838,3,13.0,,,
1436857429,41.1911451,-8.6966082,1,13.0,,,
1436857625,41.1915882,-8.6978633,1,13.0,,,
1436857635,41.1915815,-8.6995148,3,18.0,,,
1436857789,41.1917544,-8.6986884,4,24.0,,,
1436857797,41.1917718,-8.6960088,3,26.0,,,
1436857929,41.1919191,-8.69931,3,24.0,,,
1436858061,41.192255,-8.6968913,3,26.0,,,
1436858081,41.1926419,-8.6966033,4,26.0,,,
1436937834,41.1925576,-8.7062455,3,12.0,,,
1436937838,41.1926471,-8.7060894,3,12.0,,,
1436937842,41.1929305,-8.7053201,3,12.0,,,
1436937878,41.193185,-8.7040865,3,17.0,,,
1436937897,41.1932815,-8.7041343,3,17.0,,,
1436937904,41.1936192,-8.7042845,3,12.0,,,
1436937909,41.1936718,-8.7067792,3,0.0,,,
1436937917,41.1936914,-8.7030273,3,17.0,,,
1436937927,41.1939768,-8.7060202,4,16.0,,,
1436937931,41.1940436,-8.7070259,3,12.0,,,
1436937935,41.1941634,-8.7055117,3,16.0,,,
1436937939,41.1941895,-8.7035672,1,19.0,,,
1436937950,41.1943222,-8.7046205,3,16.0,,,
1436937951,41.1943371,-8.706252,4,12.0,,,
1436937955,41.1943359,-8.7036322,3,19.0,,,
1436937971,41.1945318,-8.705741,3,16.0,,,
1436937977,41.1946244,-8.7055111,1,16.0,,,
1436938009,41.1947748,-8.7038476,3,19.0,,,
1436938037,41.1947922,-8.7065599,3,12.0,,,
1436938043,41.194834,-8.703874,3,19.0,,,
1436938070,41.1949622,-8.7044058,1,16.0,,,
1436938089,41.1950249,-8.6936584,3,19.0,,,
1436938092,41.1950426,-8.7030434,3,19.0,,,
1436938101,41.1950751,-8.7039952,3,19.0,,,
1436938110,41.1951669,-8.7019722,3,25.0,,,
1436938118,41.1951574,-8.7081959,4,12.0,traffic_signals,,
1436938124,41.1953027,-8.7031943,3,19.0,,,
1436938130,41.1952864,-8.7078737,3,12.0,,,
1436938146,41.1953139,-8.6926251,3,19.0,,,
1436938153,41.1953466,-8.7048078,1,16.0,,,
1436938222,41.1954049,-8.6924897,3,19.0,,,
1436938241,41.1954045,-8.6926768,3,19.0,,,
1436938346,41.1955005,-8.7036656,3,19.0,,,
1436938384,41.1955496,-8.7024267,3,19.0,,,
1436938397,41.1955775,-8.7070991,4,12.0,,,
1436938404,41.195542,-8.7084623,3,0.0,,,
1436938429,41.1956115,-8.7039522,3,19.0,,,
1436938451,41.1957389,-8.703267,3,19.0,,,
1436938484,41.1959826,-8.7028644,4,23.0,,,
1436938491,41.1959696,-8.7073624,4,14.0,,,
1436938504,41.1960516,-8.7060211,1,16.0,,,
1436938534,41.1960994,-8.7052577,3,16.0,,,
1436938553,41.1961869,-8.7056079,3,16.0,,,
1436938558,41.1962235,-8.7024946,3,23.0,,,
1436938567,41.1962281,-8.7063584,3,14.0,,,
1436938588,41.196284,-8.7012975,3,28.0,,,
1436938596,41.1963099,-8.7046644,3,16.0,,,
1436938603,41.1963225,-8.706398,3,14.0,,,
1436938608,41.1962805,-8.7052055,1,16.0,,,
1436938616,41.1963262,-8.7076001,1,14.0,,,
1436938627,41.1964014,-8.7041529,1,23.0,,,
1436938650,41.1964209,-8.7059796,3,16.0,,,
1436938676,41.1964534,-8.7058227,3,16.0,,,
1436938677,41.1964724,-8.7057327,3,16.0,,,
1436938682,41.1965067,-8.7009558,3,28.0,,,
1436938703,41.1965669,-8.7019751,3,28.0,,,
1436938712,41.1965562,-8.7049072,1,16.0,,,
1436938738,41.1966392,-8.7058948,1,16.0,,,
1436938741,41.1966764,-8.7015146,3,28.0,,,
1436938752,41.1969156,-8.7034874,3,23.0,,,
1436938759,41.1971437,-8.6892253,3,18.0,,,
1436938760,41.1971682,-8.7032764,1,23.0,,,
1436938762,41.1972872,-8.6886635,3,18.0,,,
1436938763,41.1972961,-8.689289,3,18.0,,,
1436938764,41.1974397,-8.68935,3,18.0,,,
1436938799,41.197435,-8.6887282,4,18.0,,,
1436938816,41.1974951,-8.6878492,3,18.0,,,
1436938829,41.1975782,-8.6887908,4,18.0,,,
1436938907,41.1975678,-8.703072,3,23.0,,,
1436938914,41.1975805,-8.6894073,3,18.0,,,
1436938928,41.1976368,-8.6879137,3,18.0,,,
1436939009,41.197723,-8.6888541,3,18.0,,,
1436939015,41.197711,-8.7086558,3,9.0,,,
1436939086,41.1977618,-8.6888301,3,18.0,,,
1436939106,41.1977794,-8.6879785,3,18.0,,,
1436939253,41.1979094,-8.6870084,3,24.0,,,
1436939261,41.1979123,-8.6870536,1,24.0,,,
1436939263,41.1977717,-8.7073166,3,14.0,,,
1436939269,41.1979536,-8.706643,3,18.0,,,
1436939410,41.1983421,-8.7075328,3,18.0,,,
1436939562,41.1990857,-8.7056754,3,22.0,,,
1436939625,41.1997055,-8.7111268,3,1.0,,,
1436939629,41.1997312,-8.7109132,3,1.0,,,
1436939705,41.1998852,-8.6920301,3,37.0,,,
1436939807,41.1999323,-8.7094372,3,13.0,,,
1436939821,41.1999951,-8.6925407,3,37.0,,,
1436986682,41.2048101,-8.6868495,3,38.0,crossing,,
1436986765,41.2051889,-8.6857765,1,38.0,,,
1436986864,41.2053309,-8.6867397,3,38.0,,,
1436986978,41.2056292,-8.6832178,1,46.0,,,
1436987060,41.2058556,-8.684127,3,42.0,,,
1436987066,41.2058765,-8.6824798,1,46.0,,,
1436987092,41.2059132,-8.6840789,3,42.0,,,
1436987122,41.2059553,-8.6842739,3,42.0,,,
1436987229,41.2062766,-8.6846282,3,47.0,,,
1436987345,41.2065771,-8.6850088,3,47.0,,,
1436987352,41.2066888,-8.6834307,3,47.0,,,
1436987414,41.2072466,-8.6782828,1,55.0,,,
1436987440,41.207361,-8.685211,4,47.0,crossing,,
1436987464,41.2075194,-8.6851581,3,47.0,,,
1436987470,41.2074987,-8.6773324,3,55.0,,,
1436987504,41.2078426,-8.6779709,1,55.0,,,
1436987516,41.2079908,-8.6791172,3,55.0,,,
1436987519,41.2080804,-8.6764598,3,57.0,,,
1436987542,41.2081302,-8.6788041,3,55.0,,,
1436987543,41.2081562,-8.6760276,1,57.0,,,
1436987596,41.2084946,-8.6819518,3,51.0,,,
1436987635,41.2089598,-8.6839504,3,53.0,,,
1436987651,41.20885,-8.6763297,3,55.0,,,
1436987743,41.2089556,-8.6775362,3,55.0,,,
1436987983,41.2094551,-8.6755226,3,55.0,,,
1436988116,41.209629,-8.6755103,3,55.0,,,
1436988134,41.2097185,-8.6745652,3,40.0,,,
1436988140,41.2097314,-8.6744641,3,40.0,,,
1436988305,41.2099391,-8.6792664,3,51.0,,,
1436988395,41.2100303,-8.675649,3,55.0,,,
1436988531,41.2102422,-8.675018,3,55.0,,,
1436988650,41.2106167,-8.6765498,3,55.0,,,
1436988664,41.2119811,-8.6745149,4,50.0,,,
1436988667,41.2122983,-8.6756003,3,55.0,,,
1436988670,41.2127151,-8.6743939,3,57.0,,,
1436988671,41.2126814,-8.6747167,3,57.0,,,
1436988674,41.2131356,-8.6750845,4,65.0,,,
1436988724,41.2134742,-8.6747788,4,57.0,,,
1437036732,41.2130996,-8.6803137,3,63.0,,,
1437036781,41.2136812,-8.6802457,3,63.0,,,
1437036835,41.2140571,-8.6695791,3,42.0,,,
1437036868,41.2143063,-8.6794296,3,63.0,,,
1437036985,41.2147688,-8.6787452,3,60.0,,,
1437037020,41.2147677,-8.6738121,3,65.0,,,
1437037042,41.2148084,-8.6708071,3,53.0,,,
1437037050,41.2148098,-8.6705643,3,53.0,,,
1437037140,41.2149035,-8.6715321,3,61.0,,,
1437037175,41.2149685,-8.6718658,3,61.0,,,
1437037242,41.2151165,-8.6743423,1,65.0,,,
1437037259,41.2152427,-8.6675856,4,37.0,,,
1437037454,41.2156485,-8.6739134,3,65.0,,,
1437037483,41.2157082,-8.6749187,3,65.0,,,
1437037501,41.2157143,-8.6713175,3,61.0,,,
1437362734,41.2194135,-8.7143216,3,8.0,,,
1437362747,41.2200469,-8.7128146,4,8.0,,,
1437365109,41.2246525,-8.6907833,3,36.0,,,
1437365398,41.2248743,-8.7038798,3,27.0,,,
1437365756,41.2256257,-8.6871123,4,54.0,,,
1437365757,41.2256666,-8.6838524,3,53.0,,,
1437365758,41.2256229,-8.6863533,4,54.0,,,
1437365780,41.225896,-8.6843844,4,53.0,,,
1437365843,41.2259736,-8.6930804,1,39.0,,,
1437366098,41.2261983,-8.6870005,3,54.0,,,
1437366210,41.226394,-8.6933644,3,39.0,,,
1437366218,41.2265468,-8.6934744,1,39.0,,,
1437366232,41.2267196,-8.6898929,3,41.0,,,
1437366233,41.2267376,-8.683187,3,54.0,,,
1437366234,41.2267645,-8.6921133,3,39.0,,,
1437366239,41.226851,-8.6833286,3,54.0,,,
1437366240,41.2268763,-8.6867407,3,54.0,,,
1437366244,41.2269676,-8.6892356,3,45.0,,,
1437366245,41.226974,-8.6914335,1,41.0,,,
1437366249,41.2271152,-8.6930299,1,41.0,,,
1437366257,41.2272816,-8.6863553,3,53.0,,,
1437366258,41.2272821,-8.6923425,3,41.0,,,
1437366260,41.2272916,-8.6858331,3,53.0,,,
1437366261,41.2272975,-8.6859546,3,53.0,,,
1437366263,41.2273207,-8.6878054,3,54.0,,,
1437366265,41.2274049,-8.6901711,3,48.0,,,
1437366461,41.2274954,-8.6860988,3,53.0,,,
1437366477,41.2275391,-8.6828356,1,55.0,,,
1437366480,41.2275433,-8.6833684,3,53.0,,,
1437366491,41.2275751,-8.6904287,3,48.0,,,
1437366545,41.227764,-8.6880884,3,54.0,,,
1437366550,41.227734,-8.6833908,3,53.0,,,
1437366560,41.2277914,-8.6925141,4,41.0,,,
1437366569,41.2278414,-8.6881608,3,54.0,,,
1437366579,41.2278537,-8.6894634,4,54.0,,,
1437366585,41.227862,-8.6898781,1,48.0,,,
1437366595,41.2279158,-8.6815041,3,55.0,,,
1437366611,41.2279202,-8.6917365,1,41.0,,,
1437366667,41.2279599,-8.6847595,1,53.0,,,
1437366669,41.2280015,-8.6903711,3,48.0,,,
1437366722,41.2281475,-8.6884377,3,54.0,,,
1437366723,41.2281546,-8.6888405,1,54.0,,,
1437366724,41.2281588,-8.6894616,3,54.0,,,
1437366725,41.2281628,-8.6898726,1,48.0,,,
1437366727,41.2281976,-8.683388,3,53.0,,,
1437366744,41.228243,-8.6885494,3,54.0,,,
1437366761,41.2283591,-8.6890722,3,54.0,,,
1437366765,41.2284099,-8.6894088,3,54.0,,,
1437366846,41.2285159,-8.684788,1,53.0,,,
1437366853,41.2286259,-8.6854163,3,53.0,,,
1437366855,41.2287174,-8.6832388,3,55.0,,,
1437366856,41.2288406,-8.6852536,3,53.0,,,
1437366860,41.2290092,-8.6831496,3,55.0,,,
1437366863,41.2290467,-8.689127,3,54.0,,,
1437366865,41.2290912,-8.6847538,1,53.0,,,
1437366867,41.2291712,-8.6870747,3,60.0,,,
1437366868,41.2292592,-8.6849196,3,58.0,,,
1437366869,41.22927,-8.6877141,3,52.0,,,
1437366877,41.2293145,-8.683047,3,60.0,,,
1437366883,41.2293408,-8.6870404,3,60.0,,,
1437366885,41.2294115,-8.684811,3,58.0,,,
1437366893,41.2294439,-8.6885932,3,52.0,,,
1437366902,41.2295645,-8.6788164,1,64.0,,,
1437366904,41.2297069,-8.6829132,3,60.0,,,
1437366905,41.2297309,-8.6815426,1,60.0,,,
1437366907,41.2298066,-8.6869634,3,60.0,,,
1437366909,41.2298539,-8.6846966,4,58.0,,,
1437366912,41.2300356,-8.6827883,3,60.0,,,
1437366913,41.2300492,-8.6876199,3,52.0,,,
1437366914,41.2301158,-8.688382,3,52.0,,,
1437366917,41.2301759,-8.6869063,1,60.0,,,
1437366918,41.2302235,-8.6827348,3,60.0,,,
1437366919,41.2302459,-8.6844988,3,58.0,,,
1437366920,41.2302639,-8.6875942,1,52.0,,,
1437366921,41.2302676,-8.6811772,1,58.0,,,
1437366922,41.2305279,-8.6928948,1,51.0,,,
1437366924,41.2306025,-8.6825921,3,60.0,,,
1437366925,41.2306074,-8.6888815,1,52.0,,,
1437366927,41.2306662,-8.6825876,3,60.0,,,
1437366928,41.2306761,-8.6885961,1,52.0,,,
1437366930,41.2308245,-8.6842312,3,58.0,,,
1437366934,41.2310345,-8.6926179,3,51.0,,,
1437366935,41.2311226,-8.6925837,1,51.0,,,
1437366936,41.2311962,-8.6825564,1,60.0,,,
1437366937,41.2312983,-8.6840751,3,59.0,,,
1437366939,41.231988,-8.6833284,3,63.0,,,
1437366944,41.2321067,-8.6838514,3,59.0,,,
1437366949,41.2325984,-8.6837638,3,59.0,,,
1437366950,41.2326313,-8.6839137,3,59.0,,,
1437366952,41.2327877,-8.6837089,3,59.0,,,
1437366956,41.2328582,-8.6852102,3,59.0,,,
1437366959,41.2328206,-8.6838465,3,59.0,,,
1437366989,41.2333666,-8.6825835,3,64.0,,,
1437366992,41.2333867,-8.6826906,1,64.0,,,
1437367000,41.2334887,-8.6850211,3,62.0,,,
1437367006,41.2335048,-8.6833084,1,64.0,,,
1437367010,41.2336014,-8.6854849,1,63.0,,,
1437367161,41.2516147,-8.6933553,3,47.0,,,
1437367167,41.2522138,-8.6917972,3,50.0,,,
1437367173,41.2529733,-8.690609,3,49.0,,,
1437367174,41.253674,-8.6895062,3,54.0,,,
1437886167,41.2072959,-8.6855063,3,39.0,,,
1437886170,41.2073622,-8.6855095,4,39.0,crossing,,
1437886227,41.2076367,-8.6851823,3,47.0,,,
1437886281,41.2077701,-8.6857925,3,39.0,,,
1437886303,41.2100439,-8.6858436,4,49.0,crossing,,
1437886342,41.2105008,-8.6858565,3,51.0,,,
1437886343,41.2100435,-8.6857363,4,49.0,crossing,,
1437886579,41.2161957,-8.6814423,1,54.0,,,
1437886587,41.2164758,-8.6819397,1,54.0,,,
1437886695,41.2165805,-8.6808058,1,54.0,,,
1437886712,41.217309,-8.6806492,3,59.0,,,
1437886713,41.2173739,-8.6812057,3,59.0,,,
1437886715,41.2174323,-8.6817304,3,55.0,,,
1437886721,41.2178256,-8.6796585,3,59.0,,,
1437886724,41.2180298,-8.6818805,3,55.0,,,
1437886743,41.2191437,-8.6738665,3,60.0,,,
1437886753,41.2195019,-8.6721781,3,54.0,,,
1437886758,41.2195506,-8.6724715,3,54.0,,,
1437886762,41.2196678,-8.673452,3,60.0,,,
1437886771,41.2198993,-8.6796955,3,61.0,,,
1437886772,41.2200006,-8.6808384,3,61.0,,,
1437886778,41.2200264,-8.674703,3,60.0,,,
1437886782,41.2200824,-8.6722125,3,54.0,,,
1437886786,41.2202543,-8.6770377,3,62.0,,,
1437886791,41.2204253,-8.6768481,4,62.0,,,
1437886795,41.2204459,-8.6807805,3,61.0,,,
1437886798,41.2205734,-8.6776197,3,64.0,,,
1437886799,41.2205916,-8.678867,3,64.0,,,
1437886803,41.2206562,-8.6768962,3,62.0,,,
1437886804,41.2206272,-8.6796147,3,61.0,,,
1437886806,41.2206544,-8.6773859,3,64.0,,,
1437886808,41.2207345,-8.6852838,1,50.0,,,
1437886810,41.2208099,-8.6768908,3,62.0,,,
1437886811,41.2208209,-8.677509,3,64.0,,,
1437886813,41.2209869,-8.6852212,3,51.0,,,
1437886814,41.220994,-8.676877,3,60.0,,,
1437886816,41.2210084,-8.6774992,3,63.0,,,
1437886824,41.2210737,-8.6855956,3,49.0,,,
1437886825,41.2210862,-8.6812016,4,61.0,,,
1437886827,41.2211367,-8.6768662,3,60.0,,,
1437886829,41.2211772,-8.6774881,3,63.0,,,
1437886847,41.2213346,-8.6855204,3,49.0,,,
1437886848,41.2214152,-8.6802892,3,61.0,,,
1437887059,41.2216158,-8.6828048,1,61.0,,,
1437887065,41.2216709,-8.6787166,3,63.0,,,
1437887070,41.221341,-8.6907197,1,35.0,,,
1437887226,41.2218976,-8.6853851,3,51.0,,,
1437887241,41.2220225,-8.6857142,3,49.0,,,
1437887242,41.2220662,-8.680611,1,61.0,,,
1437887244,41.2220673,-8.6812925,3,61.0,,,
1437887266,41.2224031,-8.6803734,4,61.0,,,
1437887270,41.2223716,-8.6853108,3,51.0,,,
1437887273,41.2224765,-8.6844804,1,51.0,,,
1437887276,41.2225088,-8.681062,3,61.0,,,
1437887285,41.2225749,-8.6786815,3,63.0,,,
1437887353,41.2229097,-8.6810724,3,61.0,,,
1437887380,41.223112,-8.6897024,3,36.0,,,
1437887384,41.2231162,-8.6912952,1,36.0,,,
1437887423,41.2232446,-8.6899442,3,36.0,,,
1437887554,41.2233803,-8.6858626,3,52.0,,,
1437887556,41.2234022,-8.6820736,4,58.0,,,
1437887613,41.22411,-8.6867906,3,52.0,,,
1437887617,41.2241479,-8.6856815,3,52.0,,,
1437887620,41.2241656,-8.6871179,3,52.0,,,
1437887625,41.2242137,-8.686524,3,52.0,,,
1437887649,41.2243168,-8.6877056,3,40.0,,,
1437887650,41.2243169,-8.6880453,1,40.0,,,
1437887658,41.2244317,-8.6867039,1,52.0,,,
1437887659,41.224449,-8.6861981,4,52.0,,,
1437887665,41.2245862,-8.6877217,1,40.0,,,
1437887671,41.2246736,-8.6864623,3,52.0,,,
1437887672,41.2247152,-8.6854842,3,52.0,,,
1437887733,41.2247381,-8.6852599,3,50.0,,,
1437887740,41.2248138,-8.68627,3,52.0,,,
1437887831,41.2249052,-8.6855733,1,52.0,,,
1437887870,41.2252715,-8.6802201,3,60.0,,,
1437887876,41.2254151,-8.6859261,3,54.0,,,
1437887878,41.2256184,-8.6857407,3,54.0,,,
1437887880,41.2255665,-8.6811988,3,60.0,,,
1437887896,41.225962,-8.6804221,3,60.0,,,
1437887908,41.2260703,-8.6804553,3,60.0,,,
1437887924,41.2264507,-8.6807147,3,60.0,,,
1437887946,41.2271715,-8.6765114,3,62.0,,,
1437887953,41.2274471,-8.6770643,3,62.0,,,
1438119744,41.2168756,-8.68319,3,55.0,,,
1438119745,41.2168851,-8.6864606,3,46.0,,,
1438119749,41.2169427,-8.6832038,3,55.0,,,
1438123546,41.2200658,-8.6876419,1,41.0,,,
1438123552,41.2201391,-8.6878698,3,41.0,,,
1438362816,41.2148813,-8.6818488,3,54.0,,,
1438362819,41.2149221,-8.6829159,3,54.0,,,
1438362821,41.2149379,-8.6823653,1,54.0,,,
1438362824,41.215771,-8.6831733,3,54.0,,,
1438362825,41.215777,-8.6829388,3,54.0,,,
1438362827,41.2157786,-8.6818971,4,54.0,,,
1438362828,41.2157798,-8.6823891,4,54.0,,,
1438362829,41.2157801,-8.6821611,4,54.0,,,
1438362831,41.2157802,-8.6826796,3,54.0,,,
1438362832,41.2162083,-8.6819219,1,54.0,,,
1438362835,41.2164503,-8.6821817,1,54.0,,,
1438362837,41.21676,-8.682965,3,55.0,,,
1438362838,41.2167719,-8.6827268,3,55.0,,,
1438362839,41.2167851,-8.6824605,3,55.0,,,
1438362841,41.2168924,-8.6824682,3,55.0,,,
1438362842,41.2169634,-8.687374,3,46.0,,,
1438362864,41.2170971,-8.6849096,4,49.0,,,
1438362865,41.2170971,-8.6851272,3,49.0,,,
1438362866,41.2170971,-8.6852151,3,49.0,,,
1438362896,41.2171003,-8.6824009,4,55.0,,,
1438362898,41.2171146,-8.6856548,3,46.0,,,
1438362949,41.2172088,-8.6865639,3,46.0,,,
1438362970,41.2173306,-8.6862806,3,46.0,,,
1438362979,41.2173525,-8.6847111,3,49.0,,,
1438362998,41.2174198,-8.688173,3,42.0,,,
1438363037,41.2175037,-8.6826417,3,55.0,,,
1438363040,41.2175068,-8.6828264,3,55.0,,,
1438363042,41.2175172,-8.6824424,3,55.0,,,
1438363048,41.2175272,-8.6860604,3,46.0,,,
1438363083,41.2176024,-8.6879588,3,42.0,,,
1438363105,41.2177718,-8.6824004,3,55.0,,,
1438363106,41.2177801,-8.6879084,3,42.0,,,
1438363107,41.217788,-8.6821114,3,55.0,,,
1438363108,41.2178121,-8.6893208,1,42.0,,,
1438363115,41.2178326,-8.6855365,3,46.0,,,
1438363119,41.2178335,-8.6841643,4,49.0,,,
1438363121,41.2178389,-8.6825005,3,55.0,,,
1438363123,41.2178437,-8.6838281,4,49.0,,,
1438363125,41.2178503,-8.6843644,3,49.0,,,
1438363187,41.2180189,-8.6836099,1,49.0,,,
1438363189,41.2180438,-8.6850889,3,49.0,,,
1438363191,41.2180704,-8.6824106,1,55.0,,,
1438363201,41.2180835,-8.6860275,1,46.0,,,
1438363202,41.2180852,-8.6878889,3,42.0,,,
1438363203,41.218101,-8.6855682,3,46.0,,,
1438363360,41.2182789,-8.6815739,3,55.0,,,
1438363549,41.2184151,-8.6824702,1,55.0,,,
1438363821,41.2186442,-8.681822,3,55.0,,,
1438363863,41.2186759,-8.6868848,3,46.0,,,
1438363959,41.2188348,-8.6807899,1,61.0,,,
1438363976,41.2189271,-8.6886704,3,41.0,,,
1438363982,41.2190978,-8.687196,1,44.0,,,
1438363983,41.2191154,-8.6835027,3,50.0,,,
1438363988,41.2191955,-8.6883431,3,41.0,,,
1438364025,41.2192331,-8.6821006,1,56.0,,,
1438364032,41.2193008,-8.6811964,3,61.0,,,
1438364036,41.2194175,-8.6831479,3,56.0,,,
1438364039,41.2194539,-8.681824,1,56.0,,,
1438364217,41.2196591,-8.6857825,3,44.0,,,
1438364283,41.2198181,-8.6851724,4,50.0,,,
1438364364,41.22012,-8.6823154,3,56.0,,,
1438364370,41.220226,-8.6847439,3,50.0,,,
1438364375,41.220356,-8.6849924,3,50.0,,,
1438364376,41.2203713,-8.684605,3,50.0,,,
1438364405,41.2204391,-8.6845401,3,50.0,,,
1438364418,41.2205158,-8.684884,3,50.0,,,
1438364419,41.2205169,-8.6835516,3,50.0,,,
1438364503,41.2206915,-8.684258,3,50.0,,,
1438377781,41.2139817,-8.6836373,3,48.0,,,
1438384303,41.2205458,-8.7111169,1,14.0,,,
1438384304,41.2206043,-8.7112202,3,14.0,,,
1438384305,41.2206699,-8.7127372,1,8.0,,,
1438384308,41.2209056,-8.7109552,1,14.0,,,
1438384309,41.2209333,-8.7118013,4,14.0,,,
1438384312,41.2213287,-8.712434,3,14.0,,,
1438384313,41.2214146,-8.711315,3,14.0,,,
1438384314,41.2214541,-8.7090914,4,18.0,,,
1438384315,41.2214796,-8.7112443,3,14.0,,,
1438384318,41.2216355,-8.7116893,3,14.0,,,
1438384320,41.2217139,-8.7090014,1,18.0,,,
1438384321,41.2217128,-8.7115505,3,14.0,,,
1438384323,41.2217975,-8.7091732,1,18.0,,,
1438384324,41.2218762,-8.7134094,3,9.0,,,
1438384325,41.2219626,-8.7107542,3,14.0,,,
1438384326,41.222039,-8.7082651,3,18.0,,,
1438384327,41.2220772,-8.7084798,3,18.0,,,
1438384329,41.2221524,-8.712558,3,9.0,,,
1438384330,41.2222763,-8.7088295,1,18.0,,,
1438384332,41.222372,-8.7119806,3,14.0,,,
1438384334,41.2226254,-8.7039845,3,29.0,,,
1438384338,41.222725,-8.7099897,3,18.0,,,
1438384339,41.2227667,-8.703115,3,29.0,,,
1438384340,41.2228208,-8.7098955,3,18.0,,,
1438384343,41.2229072,-8.7114066,3,14.0,,,
1438384344,41.2229187,-8.7012033,1,36.0,,,
1438384352,41.2230121,-8.7007229,3,36.0,,,
1438384390,41.2231355,-8.7097731,3,16.0,,,
1438384399,41.2231499,-8.7033002,1,27.0,,,
1438384403,41.2231626,-8.6998559,3,40.0,,,
1438384428,41.2232734,-8.7019444,3,36.0,,,
1438384447,41.2233811,-8.704294,3,22.0,,,
1438384474,41.2235553,-8.6986011,1,40.0,,,
1438384484,41.2235941,-8.6983493,3,40.0,,,
1438384486,41.2235952,-8.7021843,3,27.0,,,
1438384493,41.2236904,-8.714551,3,14.0,,,
1438384495,41.2237231,-8.7000032,1,36.0,,,
1438384503,41.2237221,-8.7009335,3,36.0,,,
1438384532,41.2240068,-8.714664,3,7.0,,,
1438384533,41.2240367,-8.6997801,1,40.0,,,
1438384540,41.2240398,-8.7050435,1,22.0,,,
1438384562,41.2242077,-8.701317,3,36.0,,,
1438384577,41.2243159,-8.7132559,3,14.0,,,
1438384599,41.2244274,-8.7125216,3,14.0,,,
1438384639,41.2245663,-8.7032563,3,27.0,,,
1438384643,41.2245698,-8.6978491,3,37.0,,,
1438384650,41.2245732,-8.7029281,3,27.0,,,
1438384676,41.2246192,-8.7005619,3,36.0,,,
1438384752,41.2247316,-8.7045693,3,22.0,,,
1438384763,41.2247532,-8.7034797,3,27.0,,,
1438384770,41.2248111,-8.7148994,3,7.0,,,
1438384833,41.2250999,-8.7124268,3,9.0,,,
1438384845,41.2267723,-8.6986445,4,29.0,,,
1438384849,41.2281232,-8.6982614,3,30.0,,,
1438384852,41.2282026,-8.6988629,4,30.0,,,
1438384872,41.2299838,-8.6989809,3,28.0,,,
1438384874,41.2304464,-8.6991773,3,28.0,,,
1438384876,41.2306329,-8.7006587,1,23.0,,,
1438639534,41.223885,-8.7108502,1,19.0,,,
1438639536,41.2241748,-8.7081495,3,19.0,,,
1438639537,41.2242001,-8.7070775,3,19.0,,,
1438639553,41.2245251,-8.7001161,3,36.0,,,
1438639555,41.2245005,-8.7022405,3,27.0,,,
1438639572,41.2246534,-8.7006847,3,36.0,,,
1438639586,41.2247172,-8.7046392,3,22.0,,,
1438639602,41.2247586,-8.7112482,3,19.0,,,
1438639609,41.2248468,-8.7075853,3,19.0,,,
1438639629,41.2249836,-8.6994262,1,40.0,,,
1438639657,41.225096,-8.6999723,3,29.0,,,
1438639666,41.2252576,-8.6997066,1,29.0,,,
1438639671,41.2253128,-8.6998775,4,29.0,,,
1438639674,41.2253478,-8.6999794,1,29.0,,,
1438639706,41.2255303,-8.70046,4,27.0,,,
1438639713,41.2256382,-8.7002461,1,27.0,,,
1438639717,41.225685,-8.7011346,3,27.0,,,
1438639721,41.2257278,-8.7014149,1,27.0,,,
1438639725,41.2257677,-8.7052436,1,15.0,,,
1438639743,41.2259851,-8.7059836,4,15.0,,,
1438639744,41.2259871,-8.7010311,1,27.0,,,
1438639746,41.2260363,-8.700287,3,27.0,,,
1438639774,41.226316,-8.7012274,3,27.0,,,
1438639782,41.2263826,-8.7084705,3,14.0,,,
1438639799,41.2263981,-8.7089528,3,14.0,,,
1438639806,41.2264493,-8.7090478,3,14.0,,,
1438639807,41.2264593,-8.7084113,1,14.0,,,
1438639810,41.226435,-8.7097855,3,14.0,,,
1438639812,41.2265232,-8.704694,3,15.0,,,
1438639818,41.2266438,-8.7070855,3,13.0,,,
1438639822,41.2266697,-8.6993851,3,29.0,,,
1438639845,41.2266413,-8.7078249,1,13.0,,,
1438639846,41.22673,-8.7016062,3,27.0,,,
1438639847,41.2267458,-8.6979884,3,29.0,,,
1438639874,41.2269288,-8.7014539,1,27.0,,,
1438639875,41.2269364,-8.7053553,3,15.0,,,
1438639879,41.2269955,-8.7096099,3,14.0,,,
1438639889,41.2270922,-8.7047389,3,20.0,,,
1438639897,41.2271152,-8.7097359,3,24.0,,,
1438639900,41.2272046,-8.7087433,1,24.0,,,
1438639901,41.2271988,-8.7021279,3,24.0,,,
1438639910,41.2273665,-8.7180434,4,8.0,crossing,,
1438639914,41.2274522,-8.704632,3,20.0,,,
1438639921,41.2274739,-8.700014,1,29.0,,,
1438639938,41.2274766,-8.7038821,3,24.0,,,
1438639954,41.2275281,-8.70251,3,24.0,,,
1438639957,41.2275142,-8.7032222,3,24.0,,,
1438639961,41.2275812,-8.7102571,3,24.0,,,
1438639963,41.2275856,-8.7092674,3,24.0,,,
1438639965,41.2276045,-8.7200377,3,9.0,,,
1438639976,41.2277374,-8.719814,3,9.0,,,
1438639977,41.2277508,-8.710096,1,24.0,,,
1438639984,41.2277942,-8.6993043,3,30.0,,,
1438639986,41.2278395,-8.7072946,3,22.0,,,
1438640048,41.2278379,-8.6998733,3,30.0,,,
1438640092,41.2279106,-8.7071052,3,22.0,,,
1438640103,41.2280574,-8.7199009,3,9.0,,,
1438640104,41.2280638,-8.7195202,3,9.0,,,
1438640108,41.2281097,-8.710017,1,24.0,,,
1438640112,41.2281251,-8.710749,4,23.0,,,
1438640113,41.2281626,-8.7090127,3,24.0,,,
1438640116,41.2281692,-8.7130504,1,11.0,,,
1438640120,41.2283255,-8.7107343,3,23.0,,,
1438640123,41.2283498,-8.7186615,3,8.0,,,
1438640128,41.2284015,-8.720395,1,9.0,,,
1438640131,41.228418,-8.7092118,1,24.0,,,
1438640133,41.2284559,-8.7194579,3,9.0,,,
1438640136,41.2285303,-8.7012972,3,29.0,,,
1438724556,41.2285561,-8.7020635,3,29.0,,,
1438724594,41.2286714,-8.7027307,3,24.0,,,
1438724601,41.2286907,-8.704623,3,20.0,,,
1438724619,41.228762,-8.7031481,3,24.0,,,
1438724672,41.2288654,-8.7065548,1,22.0,,,
1438724689,41.2288652,-8.7037869,3,24.0,,,
1438724747,41.2294703,-8.7193006,3,3.0,,,
1438724754,41.2295058,-8.7107987,3,28.0,,,
1438725101,41.2296649,-8.704751,1,27.0,,,
1438725163,41.2297931,-8.7028152,3,23.0,,,
1438725165,41.2298987,-8.7192895,3,3.0,,,
1438725169,41.2299197,-8.7024419,1,23.0,,,
1438725178,41.230016,-8.7055602,1,27.0,,,
1438725183,41.2301308,-8.7190441,3,3.0,,,
1438725190,41.2301592,-8.7189539,4,3.0,crossing,,
1438725201,41.2301795,-8.7033998,4,23.0,,,
1438725206,41.2302307,-8.7193113,3,3.0,,,
1438725211,41.2302024,-8.7052083,3,27.0,,,
1438725231,41.2303051,-8.7033496,3,23.0,,,
1438725233,41.2302771,-8.7185892,3,7.0,,,
1438725238,41.2303009,-8.7041389,3,23.0,,,
1438725245,41.230402,-8.7088451,4,39.0,,,
1438725254,41.2304262,-8.7090208,1,39.0,,,
1438725258,41.2304221,-8.7205492,4,3.0,crossing,,
1438725277,41.2305285,-8.7083644,4,39.0,,,
1438725279,41.2305445,-8.7055858,1,27.0,,,
1438725302,41.2306271,-8.702936,3,23.0,,,
1438725312,41.230598,-8.7177081,3,7.0,,,
1438725315,41.2306278,-8.7077547,3,26.0,,,
1438725322,41.230624,-8.7042981,4,27.0,,,
1438725324,41.2306659,-8.7205924,3,3.0,,,
1438725359,41.2307476,-8.7206077,4,3.0,crossing,,
1438725377,41.230817,-8.7026688,1,23.0,,,
1438725392,41.2308638,-8.7037741,4,23.0,,,
1438725393,41.2308368,-8.7194554,3,3.0,,,
1438725414,41.2309874,-8.7045803,3,27.0,,,
1438725419,41.231062,-8.7032434,3,23.0,,,
1438725512,41.2312385,-8.7048044,3,27.0,,,
1438725613,41.2318685,-8.7037778,1,26.0,,,
1438725618,41.2318704,-8.7131207,3,25.0,,,
1438725639,41.2319955,-8.7055868,3,29.0,,,
1438725645,41.2320736,-8.7114977,1,26.0,,,
1438725690,41.2322153,-8.7047916,3,29.0,,,
1438725703,41.2323052,-8.7129294,3,25.0,,,
1438725708,41.232313,-8.7138205,3,25.0,,,
1438725719,41.2323521,-8.7060006,3,29.0,,,
1438725730,41.2324328,-8.7039974,1,26.0,,,
1438725741,41.2325976,-8.7062684,3,39.0,,,
1438725751,41.232694,-8.71404,3,25.0,,,
1438725759,41.2327135,-8.704012,1,26.0,,,
1438725786,41.2328672,-8.7050119,3,29.0,,,
1438725809,41.2329934,-8.714898,3,14.0,,,
1438725813,41.2330061,-8.7045306,3,29.0,,,
1438725838,41.2330758,-8.7067854,3,39.0,,,
1438725849,41.2332891,-8.7070141,3,39.0,,,
1438725893,41.2334682,-8.7153271,3,18.0,,,
1438725917,41.2336,-8.718424,3,9.0,,,
1438725923,41.2336191,-8.7056297,4,41.0,,,
1438725962,41.2336826,-8.7179152,1,9.0,,,
1438726019,41.233832,-8.6951571,1,45.0,,,
1438726031,41.2338558,-8.7058274,3,41.0,,,
1438726141,41.2343051,-8.7157793,3,18.0,,,
1438726155,41.2343152,-8.6947047,3,45.0,,,
1438726243,41.2343275,-8.7190101,1,7.0,,,
1438726269,41.2343785,-8.7078364,3,42.0,,,
1438726819,41.2348167,-8.7071743,1,42.0,,,
1438727009,41.2349553,-8.721143,3,4.0,,,
1438727018,41.2349833,-8.7166342,3,18.0,,,
1438727068,41.235034,-8.7183142,3,9.0,,,
1438727095,41.2350804,-8.7151436,1,18.0,,,
1438727179,41.2351952,-8.7187923,3,7.0,,,
1438727232,41.2352633,-8.7166957,3,9.0,,,
1438727451,41.2358001,-8.7230862,3,0.0,,,
1438727590,41.2358195,-8.7233951,3,0.0,,,
1438727600,41.2358731,-8.7236506,1,0.0,,,
1438727608,41.235941,-8.7183826,3,12.0,,,
1438727679,41.2360166,-8.7085589,4,37.0,,,
1438727835,41.2362834,-8.7225993,3,7.0,,,
1438727923,41.2363511,-8.7173048,3,12.0,,,
1438728093,41.2380337,-8.7178623,3,14.0,,,
1438728094,41.2372694,-8.7156438,1,16.0,,,
1438728096,41.237349,-8.7153615,3,16.0,,,
1438728099,41.2374153,-8.7151145,1,16.0,,,
1438728106,41.2375011,-8.7201459,3,8.0,,,
1438728127,41.2377153,-8.7031975,3,43.0,,,
1438728131,41.2378972,-8.7027092,3,43.0,,,
1438728139,41.2379919,-8.7024252,3,43.0,,,
1438728145,41.238092,-8.7021248,3,43.0,,,
1438728151,41.2381183,-8.7155505,3,20.0,,,
1438728158,41.2382054,-8.7152295,3,20.0,,,
1438728159,41.2382258,-8.7035163,3,43.0,,,
1438728171,41.2383988,-8.7036244,1,43.0,,,
1438728175,41.2384701,-8.6972136,3,46.0,,,
1438728181,41.2385232,-8.7026486,3,43.0,,,
1438728192,41.2385774,-8.7146382,1,20.0,,,
1438728193,41.238594,-8.698954,3,45.0,,,
1438728196,41.2386365,-8.7000212,4,41.0,,,
1438728216,41.2389716,-8.7148132,3,20.0,,,
1438728245,41.2390497,-8.7027974,3,43.0,,,
1438728417,41.2393946,-8.7149805,1,20.0,,,
1438728490,41.2397454,-8.7138694,3,27.0,,,
1438728491,41.2397528,-8.6988588,3,46.0,,,
1438728498,41.2397658,-8.6998742,3,46.0,,,
1438728507,41.2397934,-8.6962708,1,51.0,,,
1438728522,41.240391,-8.7140774,4,27.0,,,
1438728543,41.240417,-8.7216302,3,12.0,,,
1438728547,41.2406679,-8.7137657,3,27.0,,,
1438728553,41.2408571,-8.7217293,3,12.0,,,
1438728554,41.2409916,-8.7218075,3,12.0,,,
1438728560,41.2410882,-8.7203365,3,13.0,,,
1438728585,41.2415531,-8.6998373,3,46.0,,,
1438728599,41.2419155,-8.7140869,3,26.0,,,
1438728604,41.2420878,-8.7035742,3,36.0,,,
1438728807,41.2423483,-8.7213904,3,8.0,,,
1438729014,41.2430322,-8.7211153,3,8.0,,,
1438729017,41.2430776,-8.6999633,3,41.0,,,
1438729123,41.2431592,-8.700264,3,42.0,,,
1438729139,41.2432487,-8.7143647,4,26.0,,,
1438729233,41.2433014,-8.7004277,3,42.0,,,
1438729371,41.243465,-8.7027594,3,36.0,,,
1438729452,41.2436977,-8.711617,3,25.0,,,
1438729537,41.2438775,-8.702898,3,39.0,,,
1438729708,41.2440474,-8.7001699,3,40.0,,,
1438729727,41.2440612,-8.6997164,1,42.0,,,
1438729787,41.2442163,-8.7001911,3,40.0,,,
1438729885,41.2443505,-8.7021934,3,39.0,,,
1438730035,41.2444091,-8.7029142,3,39.0,,,
1438730043,41.2444178,-8.7023797,3,39.0,,,
1438730179,41.2444646,-8.7034569,3,39.0,,,
1438730292,41.2447884,-8.7027728,1,39.0,,,
1438730705,41.2454838,-8.7004231,3,40.0,,,
1438730709,41.2455328,-8.7053619,1,37.0,,,
1438730743,41.2456008,-8.7092259,3,30.0,,,
1438730769,41.2456583,-8.7207091,1,20.0,,,
1438730774,41.2457058,-8.7191134,3,20.0,,,
1438730807,41.245761,-8.7048813,3,37.0,,,
1438730882,41.245778,-8.7189199,3,20.0,,,
1438730891,41.2457803,-8.719193,3,20.0,,,
1438731016,41.2458158,-8.71529,1,30.0,,,
1438731373,41.2458651,-8.7069385,3,34.0,,,
1438731375,41.2458698,-8.7055744,3,37.0,,,
1438731380,41.2458734,-8.7191575,3,13.0,,,
1438731411,41.2459335,-8.7022834,1,40.0,,,
1438731516,41.245938,-8.7199792,3,13.0,,,
1438731525,41.24594,-8.7188491,3,13.0,,,
1438731535,41.2459688,-8.7189391,3,13.0,,,
1438731551,41.2459978,-8.7050826,3,37.0,,,
1438731634,41.246021,-8.7199498,3,13.0,,,
1438731646,41.2461835,-8.7163891,3,28.0,,,
1438731763,41.2464062,-8.7157762,4,28.0,,,
1438731871,41.2465058,-8.7090293,1,32.0,,,
1438731875,41.2465954,-8.7009912,3,41.0,,,
1438731879,41.2466127,-8.7177539,3,18.0,,,
1438732107,41.2468454,-8.7026729,3,40.0,,,
1438732203,41.246895,-8.6953677,3,43.0,,,
1438732212,41.2469512,-8.7171595,3,18.0,,,
1438732235,41.2470758,-8.718251,1,18.0,,,
1438732236,41.2471108,-8.7162806,1,28.0,,,
1438732238,41.247115,-8.7137984,1,38.0,,,
1438732276,41.2472712,-8.7013532,3,41.0,,,
1438732362,41.2478932,-8.701183,3,41.0,,,
1438732386,41.2481877,-8.7087435,1,36.0,,,
1438732392,41.2483642,-8.7082019,3,48.0,,,
1438732394,41.2485591,-8.699254,3,41.0,,,
1438732405,41.2486389,-8.7001544,3,40.0,,,
1438732411,41.2486898,-8.706985,3,48.0,,,
1438732415,41.2487487,-8.6995746,3,41.0,,,
1438732514,41.2489058,-8.6988145,3,41.0,,,
1438732550,41.2489909,-8.6978278,1,39.0,,,
1438732584,41.2490501,-8.696529,3,39.0,,,
1438732681,41.2490963,-8.7043726,3,49.0,,,
1438732690,41.2490812,-8.707095,3,48.0,,,
1438732706,41.2491913,-8.6978134,1,39.0,,,
1438733182,41.2494216,-8.7010529,4,40.0,,,
1438733218,41.2494441,-8.7094604,1,36.0,,,
1438733244,41.2494925,-8.6968776,3,39.0,,,
1438733615,41.2500763,-8.7210655,3,13.0,,,
1438733621,41.2500812,-8.6974024,3,37.0,,,
1438733683,41.2501271,-8.7022847,4,37.0,crossing,,
1438733714,41.2504087,-8.7176675,3,25.0,,,
1438733719,41.2504575,-8.7181177,3,25.0,,,
1438733743,41.2506782,-8.7081416,4,38.0,,,
1438733752,41.2507385,-8.7224618,3,13.0,,,
1438733794,41.2511505,-8.7039917,3,37.0,,,
1438733836,41.2512386,-8.7156534,1,37.0,,,
1438733841,41.2513325,-8.7072559,3,38.0,,,
1438733863,41.2514261,-8.7175201,3,25.0,,,
1438733867,41.2514423,-8.7219119,3,13.0,,,
1438733888,41.2515259,-8.7175396,3,25.0,,,
1438733892,41.2515911,-8.7213138,1,13.0,,,
1438733895,41.2516546,-8.720968,1,13.0,,,
1438733897,41.251736,-8.7067534,3,38.0,,,
1438733936,41.2518137,-8.7203016,1,16.0,,,
1438733937,41.2518239,-8.7228952,3,13.0,,,
1438733958,41.2519128,-8.7212023,3,13.0,,,
1438733964,41.2519458,-8.7166239,1,37.0,,,
1438733965,41.2519962,-8.7176375,3,25.0,,,
1438733987,41.2521623,-8.7176883,3,22.0,,,
1438733989,41.252159,-8.7213238,3,8.0,,,
1438733997,41.2522845,-8.7208769,3,8.0,,,
1438734016,41.2523694,-8.7205748,3,15.0,,,
1438734018,41.2524291,-8.7177484,3,22.0,,,
1438734023,41.2525544,-8.7198878,3,15.0,,,
1438734064,41.2526595,-8.7157986,3,37.0,,,
1438734075,41.2527901,-8.7078624,3,30.0,,,
1438734079,41.2528057,-8.713821,4,34.0,,,
1438734124,41.2528334,-8.7071362,1,30.0,,,
1438734288,41.2532891,-8.7064179,5,30.0,,,
1438734340,41.2535423,-8.7221383,3,8.0,,,
1438734346,41.2536406,-8.7076745,3,30.0,,,
1438734350,41.2537585,-8.7216312,3,8.0,,,
1438734393,41.2541223,-8.7094888,3,29.0,,,
1438734394,41.254496,-8.7095256,3,23.0,,,
1438734399,41.2549073,-8.7070982,3,29.0,,,
1438734400,41.2549208,-8.7145054,3,20.0,,,
1438734402,41.255067,-8.7170198,3,16.0,,,
1438734418,41.2551708,-8.7071905,3,29.0,,,
1438734426,41.2552918,-8.7131366,1,20.0,,,
1438734446,41.2556032,-8.7148837,3,18.0,,,
1438734455,41.2557153,-8.7073811,3,29.0,,,
1438734475,41.2559974,-8.705894,1,25.0,,,
1438734477,41.256082,-8.7067945,1,29.0,,,
1438734493,41.2565221,-8.7076636,1,27.0,,,
1438788134,41.2525211,-8.7199801,3,15.0,crossing,,
1438788148,41.2554223,-8.7192637,1,13.0,,,
1438788150,41.2555878,-8.72092,1,9.0,,,
1438788272,41.2561351,-8.7194168,3,13.0,,,
1438788281,41.2565201,-8.7208871,3,9.0,,,
1438788322,41.2569998,-8.7226455,3,9.0,,,
1438788333,41.257186,-8.7219862,3,9.0,,,
1438788425,41.2580773,-8.7222978,1,9.0,,,
1438788515,41.2590686,-8.7235464,3,0.0,,,
1438788569,41.2591173,-8.7175569,3,16.0,,,
1438788600,41.2592008,-8.7184544,3,16.0,crossing,,
1438788666,41.2593084,-8.7193922,3,13.0,,,
1438788667,41.2593336,-8.7061547,3,40.0,,,
1438788687,41.2594294,-8.7231461,3,0.0,,,
1438788689,41.2594541,-8.7223522,1,6.0,,,
1438788692,41.2593909,-8.706869,3,34.0,,,
1438788694,41.2595251,-8.7058608,3,40.0,,,
1438788748,41.2595319,-8.7062323,3,40.0,,,
1438788840,41.2596262,-8.7174442,3,16.0,,,
1438788866,41.2596212,-8.7066141,3,34.0,,,
1438789182,41.2598458,-8.7101529,1,39.0,,,
1438789334,41.2600826,-8.7074995,3,34.0,,,
1438789340,41.2601796,-8.7232702,3,0.0,,,
1438789348,41.260204,-8.7222289,3,6.0,,,
1438789537,41.2608136,-8.7230052,3,8.0,,,
1438789665,41.2608173,-8.722269,3,11.0,,,
1438789682,41.2608364,-8.723763,3,8.0,,,
1438789742,41.2609224,-8.7234631,3,8.0,,,
1438789899,41.2610211,-8.7231186,3,8.0,,,
1438789938,41.2613441,-8.7111284,3,46.0,,,
1438790147,41.2614971,-8.7224025,3,11.0,,,
1438790354,41.261579,-8.71765,3,20.0,,,
1438790356,41.261557,-8.7103786,3,40.0,,,
1438790429,41.2616441,-8.7238189,3,8.0,,,
1438790443,41.2617448,-8.723496,3,8.0,,,
1438790449,41.2618146,-8.7094709,3,40.0,,,
1438790525,41.2615435,-8.7074595,3,43.0,,,
1438790528,41.2619912,-8.7250141,3,0.0,,,
1438790594,41.2620203,-8.7240199,4,8.0,,,
1438790600,41.2620451,-8.7248363,3,8.0,,,
1438790607,41.2620637,-8.7115691,1,46.0,,,
1438790617,41.2620455,-8.7095101,3,40.0,,,
1438790689,41.2621044,-8.7221893,1,11.0,,,
1438790694,41.2621173,-8.7237026,3,8.0,,,
1438790701,41.2623241,-8.7229841,3,8.0,,,
1438790712,41.2624293,-8.7252527,3,0.0,,,
1438790749,41.2624885,-8.725068,3,0.0,,,
1438790828,41.2625098,-8.7242761,3,10.0,,,
1438790929,41.2627791,-8.7233053,3,10.0,,,
1438790939,41.2628404,-8.7078415,3,49.0,,,
1438790973,41.2629994,-8.7234949,3,10.0,,,
1438790988,41.2639336,-8.7239681,3,10.0,crossing,,
1438791001,41.2639561,-8.7249963,3,10.0,,,
1438791003,41.264024,-8.704868,1,54.0,,,
1438791010,41.2641335,-8.7243988,4,10.0,,,
1438791013,41.264267,-8.7239904,6,10.0,,,
1438791038,41.2643028,-8.7237258,3,10.0,,,
1438791051,41.2643922,-8.7236376,3,10.0,,,
1438791212,41.2648488,-8.7065578,3,49.0,,,
1438791214,41.2648797,-8.7233892,3,14.0,,,
1438791224,41.2649294,-8.724235,3,14.0,,,
1438791297,41.2649286,-8.7236848,3,14.0,,,
1438791311,41.2650607,-8.7206177,3,19.0,,,
1438791349,41.2650734,-8.7219588,3,18.0,,,
1438791353,41.2660089,-8.713002,1,35.0,,,
1438791556,41.265724,-8.7244894,4,14.0,,,
1438791563,41.2657193,-8.7250887,3,9.0,,,
1438791699,41.2659925,-8.724563,3,14.0,,,
1438791876,41.2660023,-8.7088189,3,49.0,,,
1438792049,41.2660548,-8.7088284,3,49.0,,,
1438792091,41.2661179,-8.7096173,1,49.0,,,
1438792230,41.2661994,-8.7221737,3,18.0,,,
1438792395,41.2662482,-8.7059416,3,49.0,,,
1438792498,41.2663742,-8.7220233,3,18.0,,,
1438792562,41.2667761,-8.7128095,3,36.0,,,
1438792571,41.2665186,-8.7232431,3,14.0,,,
1438792645,41.2666179,-8.7247468,4,14.0,,,
1438792677,41.2666387,-8.7133152,3,35.0,,,
1438792688,41.2666825,-8.709438,3,38.0,,,
1438792689,41.2666562,-8.7089642,3,49.0,,,
1438792695,41.2666299,-8.7160704,3,28.0,,,
1438792732,41.2669353,-8.7120375,3,40.0,,,
1438792734,41.2669326,-8.7107335,3,40.0,,,
1438792772,41.2669661,-8.7108959,3,40.0,,,
1438792884,41.2670542,-8.7211995,3,20.0,,,
1438792895,41.2670552,-8.7206078,4,21.0,,,
1438792988,41.2672384,-8.7233338,4,15.0,,,
1438793078,41.2674192,-8.7114763,3,40.0,,,
1438793084,41.2674488,-8.7247282,4,15.0,,,
1438793156,41.267769,-8.7135994,3,36.0,,,
1438793157,41.2677531,-8.7138209,3,36.0,,,
1438793160,41.2680676,-8.7249175,3,15.0,,,
1438793178,41.2692261,-8.7253281,1,4.0,,,
1438823255,41.2440051,-8.6939921,1,51.0,,,
1438823371,41.2470008,-8.6944372,3,43.0,,,
1438823606,41.2476216,-8.6924819,3,47.0,,,
1438823650,41.2478709,-8.6923561,1,47.0,,,
1438823896,41.2491329,-8.6902037,3,45.0,,,
1438823927,41.2495059,-8.6890888,1,54.0,,,
1438824229,41.2499135,-8.6921391,3,44.0,,,
1438824251,41.2505213,-8.6914585,3,65.0,,,
1438824401,41.2511513,-8.6949465,3,37.0,,,
1438824443,41.2516714,-8.6930978,3,47.0,,,
1438824504,41.2520876,-8.692031,3,50.0,,,
1438824905,41.2523225,-8.6882932,3,54.0,,,
1438825201,41.2525253,-8.6941769,3,42.0,,,
1438825211,41.2526031,-8.6970731,1,35.0,,,
1438825218,41.2526672,-8.6942667,3,42.0,,,
1438825296,41.2527653,-8.6945851,3,42.0,,,
1438825450,41.2527786,-8.6940603,3,42.0,,,
1438825687,41.2534015,-8.6974169,3,35.0,,,
1438825691,41.2534154,-8.6967294,3,35.0,,,
1438825757,41.2534576,-8.6940863,1,42.0,,,
1438825802,41.2538111,-8.6914969,3,49.0,,,
1438825810,41.2538276,-8.6916938,3,50.0,,,
1438825819,41.253875,-8.6916284,3,49.0,,,
1438825841,41.2539079,-8.689116,3,54.0,,,
1438825852,41.2539346,-8.6969258,1,35.0,,,
1438825971,41.2544358,-8.6883026,3,63.0,,,
1438825984,41.2546352,-8.6927951,3,54.0,,,
1438826170,41.255778,-8.6881497,3,63.0,,,
1438826183,41.2558088,-8.6881491,3,63.0,,,
1460150558,41.2673208,-8.710264,3,38.0,,,
1460150659,41.2676064,-8.7116614,3,40.0,,,
1460150836,41.2684433,-8.7100779,3,38.0,,,
1460150964,41.2697634,-8.7119174,3,26.0,,,
1460151780,41.2713954,-8.7128202,1,13.0,,,
1464223851,41.1923967,-8.6100643,1,104.0,,,
1520037531,41.2033766,-8.6247492,1,48.0,turning_circle,,
1520037567,41.203701,-8.6233468,3,48.0,,,
1520037611,41.2040953,-8.6240447,3,48.0,,,
1520037988,41.2056571,-8.6229817,3,57.0,,,
1520038117,41.2062486,-8.6240907,3,57.0,,,
1520038153,41.2065891,-8.6237065,3,65.0,,,
1520038154,41.206745,-8.6233657,3,65.0,,,
1520038158,41.206788,-8.6215818,1,56.0,,,
1520038200,41.2068223,-8.6227719,3,56.0,,,
1520038461,41.2073114,-8.6208982,3,56.0,,,
1520038658,41.2083018,-8.6217683,3,56.0,,,
1520038734,41.208518,-8.6125277,3,66.0,,,
1520038775,41.2086115,-8.613546,3,66.0,,,
1520038823,41.2090605,-8.6215798,4,39.0,,,
1520038918,41.20973,-8.6221451,1,39.0,,,
1520039320,41.2111878,-8.6130928,4,80.0,crossing,,
1520039455,41.2124354,-8.6155605,3,78.0,,,
1520039466,41.21244,-8.6171575,3,66.0,,,
1520039477,41.2125412,-8.6184004,3,65.0,,,
1520039678,41.2129778,-8.6172861,3,65.0,,,
1520039739,41.2132202,-8.6183238,3,65.0,,,
1520366219,41.2168932,-8.6180461,3,64.0,,,
1520366658,41.2177399,-8.6200637,3,65.0,,,
1520366676,41.2178682,-8.6192443,3,65.0,,,
1520366684,41.2180195,-8.6203127,1,65.0,,,
1520366787,41.2184453,-8.6167918,1,64.0,,,
1520367014,41.2187078,-8.6168729,1,64.0,,,
1520367058,41.218742,-8.6172217,3,64.0,,,
1520367106,41.2187859,-8.6176692,3,82.0,,,
1520367416,41.2191365,-8.6192504,1,82.0,,,
1520368803,41.2215231,-8.62377,3,66.0,,,
1561604006,41.1810937,-8.6358021,3,80.0,,,
1561604053,41.1813222,-8.6361936,3,81.0,,,
1561604104,41.1821412,-8.6376799,3,85.0,,,
1561604110,41.1824598,-8.6382609,3,85.0,,,
1561621100,41.1812242,-8.6279203,1,92.0,,,
1561621103,41.1813319,-8.6228381,1,94.0,,,
1561621115,41.1819237,-8.6270813,3,85.0,,,
1561621135,41.1828274,-8.6260853,3,85.0,,,
1561621138,41.1828679,-8.6229833,3,96.0,,,
1561621147,41.1830224,-8.6261205,3,85.0,,,
1561621164,41.1836093,-8.6232473,3,95.0,,,
1561621171,41.1838114,-8.6262437,3,94.0,,,
1561621199,41.1842914,-8.6234997,3,95.0,motorway_junction,,
1561621208,41.1851986,-8.6241152,3,95.0,,,
1561621231,41.1856672,-8.6245597,3,100.0,,,
1561621250,41.1866178,-8.6262292,4,103.0,,,
1571918777,41.1739349,-8.6828942,3,20.0,,,
1571918780,41.1735703,-8.6828488,5,20.0,crossing,,
1571918781,41.1747468,-8.6808995,3,18.0,,,
1571918782,41.1731265,-8.6825815,3,20.0,,,
1584781029,41.1968868,-8.6994289,3,27.0,,,
1586188044,41.1922385,-8.7063192,3,0.0,,,
1586188063,41.1923708,-8.7060742,3,12.0,,,
1586188071,41.1930559,-8.7020671,3,18.0,,,
1586192100,41.1877662,-8.7020771,4,13.0,,,
1586192102,41.1877736,-8.7025385,1,8.0,,,
1586192178,41.1879129,-8.7018506,3,13.0,,,
1586192183,41.1879743,-8.7024573,3,8.0,,,
1586192184,41.1877288,-8.7021368,1,8.0,,,
1586194279,41.1875574,-8.7017341,3,13.0,,,
1586194309,41.1869988,-8.7017409,3,5.0,,,
1586194342,41.1873739,-8.7024436,3,4.0,,,
1644342703,41.2016543,-8.606006,3,77.0,,,
1654636842,41.222165,-8.7095719,3,18.0,,,
1654636862,41.2220644,-8.7097608,3,18.0,,,
1654636902,41.2209626,-8.7099901,3,18.0,,,
1654636947,41.2209112,-8.7098997,3,18.0,,,
1655115752,41.1909115,-8.6594042,3,83.0,,,
1655115755,41.1902715,-8.6617987,3,79.0,,,
1668824895,41.1914526,-8.6298513,3,107.0,,,
1668824904,41.192932,-8.6337893,4,110.0,,,
1668824906,41.1921548,-8.6317229,3,113.0,,,
1668824914,41.1920135,-8.6313937,3,113.0,,,
1670401797,41.1905829,-8.6307817,4,107.0,crossing,,
1670401803,41.1913825,-8.6319355,3,103.0,,,
1670401804,41.1905281,-8.6307394,3,107.0,,,
1670401805,41.1902947,-8.6319124,3,103.0,,,
1670401821,41.1930847,-8.630045,3,105.0,,,
1670401824,41.1933673,-8.629074,3,110.0,,,
1670401829,41.19279,-8.6289185,3,110.0,,,
1670401834,41.1934097,-8.6309167,3,105.0,,,
1670401839,41.1918224,-8.6285642,1,110.0,,,
1670401841,41.1923642,-8.6297647,3,105.0,,,
1670401843,41.1940757,-8.6317938,4,100.0,,,
1670401845,41.192897,-8.6292672,3,105.0,,,
1670401857,41.1939135,-8.6297121,3,98.0,,,
1670401861,41.1930091,-8.6297329,3,105.0,,,
1670426580,41.1836178,-8.6283845,4,95.0,,,
1670426589,41.1898017,-8.6282063,3,100.0,,,
1670426599,41.1838408,-8.6295076,3,91.0,,,
1670426600,41.1911636,-8.6290051,3,100.0,,,
1670426613,41.1837211,-8.6272027,5,95.0,,,
1670426614,41.1867003,-8.6282735,3,104.0,,,
1670426634,41.1877601,-8.6277423,3,103.0,,,
1670426635,41.1875855,-8.6276392,3,103.0,,,
1670426641,41.1869779,-8.6268223,3,103.0,,,
1670426652,41.1847123,-8.6292468,3,91.0,,,
1670426659,41.1857146,-8.6266188,3,103.0,,,
1670426673,41.193698,-8.6289711,3,110.0,,,
1670426676,41.1943534,-8.6286956,3,92.0,,,
1670426677,41.1949811,-8.6285856,3,92.0,,,
1670426685,41.1943664,-8.6312279,3,98.0,,,
1670426686,41.195317,-8.6301764,3,98.0,,,
1670426691,41.1964047,-8.6303064,3,82.0,,,
1670426701,41.1950392,-8.6304668,3,98.0,,,
1670426707,41.1951636,-8.631488,3,100.0,,,
1670426717,41.1947792,-8.6338141,3,104.0,,,
1670426721,41.1966712,-8.6318206,1,87.0,,,
1670426723,41.1948144,-8.6325716,3,100.0,,,
1670426724,41.1928253,-8.6311028,3,105.0,,,
1670512000,41.1914787,-8.6334148,3,99.0,,,
1670512003,41.1915663,-8.632263,3,103.0,,,
1670512009,41.1927158,-8.6343218,4,110.0,,,
1670512013,41.1935564,-8.6350953,3,110.0,,,
1670512016,41.1941707,-8.6356974,3,111.0,,,
1670512018,41.1945164,-8.6359975,3,111.0,,,
1670512021,41.1943454,-8.635693,3,111.0,,,
1670512028,41.1944353,-8.6338341,3,104.0,,,
1670512030,41.1944404,-8.6346011,3,104.0,,,
1670512033,41.1944481,-8.6342562,3,104.0,,,
1670512038,41.1944778,-8.6350972,1,104.0,,,
1670512042,41.194664,-8.6362463,3,111.0,,,
1670512051,41.1952268,-8.6349768,3,104.0,,,
1670512053,41.1952324,-8.6353793,3,104.0,,,
1670512054,41.1952345,-8.6345738,3,104.0,,,
1670512056,41.1955069,-8.6345567,1,104.0,,,
1670512062,41.196091,-8.6357572,3,95.0,,,
1670512077,41.196768,-8.6361098,3,95.0,,,
1670512079,41.1969597,-8.6362161,3,95.0,,,
1670512091,41.1978428,-8.6366496,4,95.0,,,
1670512108,41.1985361,-8.6367546,3,93.0,,,
1670512118,41.1991766,-8.6365965,3,93.0,,,
1670512124,41.1995355,-8.6364902,3,93.0,,,
1670512127,41.2001369,-8.6362801,3,80.0,,,
1670531091,41.1960124,-8.6357086,3,95.0,,,
1670531100,41.1962142,-8.6358261,3,95.0,,,
1670531104,41.1962532,-8.6353868,3,95.0,,,
1670531113,41.1969148,-8.6352159,3,95.0,,,
1670531118,41.1969238,-8.6355323,3,95.0,,,
1670531127,41.1974908,-8.6358052,3,95.0,,,
1670531128,41.1975907,-8.6351616,3,95.0,,,
1670531134,41.1979905,-8.6360636,3,93.0,,,
1670531136,41.1980441,-8.6358462,3,93.0,,,
1670531144,41.1981223,-8.6352449,3,88.0,,,
1670531151,41.1984875,-8.63591,3,93.0,,,
1670531153,41.1986361,-8.6359678,3,93.0,,,
1670531158,41.1986947,-8.635391,3,88.0,,,
1670531159,41.1988246,-8.6354127,3,88.0,,,
1670531163,41.1989527,-8.6353934,3,88.0,,,
1670531182,41.1990853,-8.6335853,3,88.0,,,
1670531185,41.1990854,-8.635939,3,93.0,,,
1670607200,41.1880264,-8.6359115,3,92.0,,,
1670607228,41.1881706,-8.6347344,3,94.0,,,
1670607234,41.1883096,-8.6347739,1,94.0,,,
1670607238,41.1886894,-8.6360449,3,92.0,,,
1670607245,41.1887112,-8.6358424,3,92.0,,,
1670607247,41.1887536,-8.6354321,1,92.0,,,
1670607269,41.1891236,-8.6361282,3,92.0,,,
1670607295,41.1900562,-8.6336358,3,99.0,,,
1670607300,41.1900633,-8.6358911,4,92.0,,,
1670607311,41.1901471,-8.6401355,3,104.0,,,
1670607353,41.1902794,-8.6356559,3,92.0,,,
1670607393,41.1906553,-8.6364356,3,92.0,,,
1670607396,41.1907305,-8.6394577,4,97.0,,,
1670607400,41.19075,-8.6362219,3,92.0,,,
1670607416,41.1908109,-8.6360383,3,92.0,,,
1670607446,41.1914062,-8.638506,3,97.0,,,
1670607448,41.1914189,-8.6354603,1,92.0,,,
1670607458,41.1917442,-8.6376265,4,97.0,mini_roundabout,,
1670607462,41.1918276,-8.6371194,3,103.0,,,
1670607483,41.1920204,-8.6361016,3,103.0,mini_roundabout,,
1670607488,41.1922668,-8.6354407,3,103.0,,,
1670607521,41.1933414,-8.6361189,3,103.0,,,
1670607530,41.1936494,-8.6361572,3,103.0,,,
1670607533,41.193748,-8.6360018,3,103.0,,,
1670607543,41.1938812,-8.6365355,3,111.0,,,
1670607556,41.1939026,-8.6361895,4,111.0,,,
1670607561,41.1939577,-8.6377662,3,101.0,,,
1670607565,41.1940005,-8.6386682,3,101.0,,,
1670607570,41.1940064,-8.6395327,3,101.0,,,
1670607583,41.1942854,-8.6365233,3,111.0,,,
1670607592,41.194363,-8.6365832,3,111.0,,,
1670607598,41.1945618,-8.6390473,3,101.0,,,
1670607601,41.1948607,-8.6373949,3,111.0,,,
1670607619,41.1951366,-8.6389159,3,101.0,,,
1670607632,41.1969786,-8.6387367,3,103.0,,,
1670607639,41.1970999,-8.6373493,3,95.0,,,
1670607640,41.1971019,-8.638261,3,103.0,,,
1670607661,41.1972634,-8.6363637,3,95.0,,,
1670607666,41.1975372,-8.6371527,1,95.0,,,
1670607669,41.1975876,-8.6384079,3,103.0,,,
1670607672,41.1976184,-8.6379263,3,103.0,,,
1670607677,41.1978009,-8.6373116,3,95.0,,,
1670607689,41.1981247,-8.6383225,3,97.0,,,
1670607690,41.1981318,-8.6393581,3,97.0,,,
1670607693,41.1981941,-8.6379024,3,97.0,,,
1670607699,41.1983016,-8.6374232,3,93.0,,,
1670607711,41.1983663,-8.6383976,3,97.0,,,
1670607712,41.1984485,-8.6374687,3,93.0,,,
1670607716,41.1989393,-8.6376223,3,97.0,,,
1670607745,41.1995689,-8.6372296,3,93.0,,,
1673837290,41.2039829,-8.7144204,3,6.0,,,
1674428788,41.1911514,-8.6572927,3,84.0,,,
1674428796,41.1877589,-8.6601665,4,78.0,,,
1674428802,41.1868786,-8.6600753,3,79.0,,,
1674974742,41.1846665,-8.7102962,3,4.0,,,
1674974773,41.1853315,-8.7090524,3,4.0,,,
1674974833,41.1861274,-8.7058896,1,-2.0,,,
1674974857,41.1865539,-8.7063392,3,0.0,,,
1674974862,41.186494,-8.7065241,4,0.0,,,
1674974974,41.1876284,-8.7044044,3,0.0,,,
1674975031,41.1879718,-8.703837,4,8.0,,,
1674975049,41.1882538,-8.703371,4,8.0,,,
1674975062,41.1883341,-8.7042294,1,0.0,,,
1696330999,41.2009847,-8.6137402,4,69.0,,,
1696331008,41.2010822,-8.6135813,3,69.0,,,
1698019338,41.2239918,-8.62081,3,71.0,,,
1702556590,41.2105735,-8.6284047,3,78.0,,,
1723908139,41.2016307,-8.6260773,3,70.0,,,
1723908142,41.2011419,-8.6258976,3,70.0,,,
1723908144,41.2016339,-8.626611,3,70.0,,,
1723908148,41.2016297,-8.625903,3,70.0,,,
1723908150,41.2016328,-8.6264287,3,70.0,,,
1723908152,41.2011383,-8.625278,3,70.0,,,
1723908154,41.2013692,-8.6243334,3,62.0,,,
1723908155,41.20114,-8.6255784,3,70.0,,,
1723908156,41.2005947,-8.6255602,3,70.0,,,
1723908162,41.2016245,-8.6250232,3,70.0,,,
1723908165,41.201144,-8.6262543,3,70.0,,,
1723908177,41.2011393,-8.6254631,3,70.0,,,
1723908181,41.2016267,-8.6254014,3,70.0,,,
1723908182,41.2011337,-8.6245109,3,62.0,,,
1723908188,41.2011382,-8.624864,3,62.0,,,
1723908191,41.2007125,-8.6252977,3,70.0,,,
1723908196,41.2011372,-8.625101,3,70.0,,,
1723908198,41.2013712,-8.6245055,3,62.0,,,
1723908201,41.2016286,-8.6257099,3,70.0,,,
1723908202,41.2011361,-8.6249159,3,62.0,,,
1723908206,41.2011451,-8.6264314,3,70.0,,,
1723908207,41.2011408,-8.6257153,3,70.0,,,
1723908211,41.2011378,-8.6252083,3,70.0,,,
1723908214,41.2011348,-8.6246853,3,62.0,,,
1723908217,41.201139,-8.6254068,3,70.0,,,
1723908219,41.2006929,-8.6251166,3,70.0,,,
1723908230,41.2011461,-8.6266084,3,70.0,,,
1723908237,41.2013722,-8.6246795,3,62.0,,,
1723908241,41.2013692,-8.624154,3,62.0,,,
1723908250,41.2011327,-8.6243392,3,62.0,,,
1723908252,41.2011368,-8.6250286,3,70.0,,,
1723908255,41.1997039,-8.6250494,3,75.0,,,
1723908256,41.2016318,-8.626257,3,70.0,,,
1723908264,41.2011296,-8.6241622,3,62.0,,,
1723908267,41.2016278,-8.6255784,3,70.0,,,
1723908273,41.201143,-8.6260747,3,70.0,,,
1723908283,41.2011405,-8.6256621,3,70.0,,,
1723908287,41.2016236,-8.6248622,3,62.0,,,
1723908291,41.2016256,-8.625211,3,70.0,,,
1723908292,41.200676,-8.6249173,3,62.0,,,
1725589125,41.1715818,-8.6790176,3,26.0,,,
1725589136,41.1716816,-8.6789146,3,26.0,,,
1725589145,41.1717025,-8.6778879,3,26.0,,,
1725589171,41.1718195,-8.6780681,3,26.0,,,
1725589221,41.1721482,-8.6802668,4,25.0,crossing,,
1725589223,41.1721583,-8.6803559,4,25.0,crossing,,
1725589405,41.1737142,-8.6806582,3,18.0,,,
1725589433,41.1746431,-8.6897631,3,0.0,,,
1725589541,41.176092,-8.6705171,3,64.0,,,
1725589737,41.1779116,-8.6773337,3,27.0,,,
1725589760,41.1781929,-8.6901846,4,12.0,crossing,,
1725589927,41.1789445,-8.6809652,4,19.0,crossing,,
1725589949,41.1790775,-8.6809749,4,19.0,crossing,,
1725589951,41.1790707,-8.6782411,4,27.0,crossing,,
1725589988,41.1791671,-8.6765635,4,34.0,crossing,,
1725589996,41.1791645,-8.6792264,3,19.0,,,
1725590019,41.1793121,-8.6765705,4,34.0,crossing,,
1725590053,41.1798552,-8.6933321,4,9.0,crossing,,
1725590062,41.1799654,-8.679434,3,23.0,,,
1725590076,41.1801687,-8.6797136,4,23.0,crossing,,
1725590105,41.1805315,-8.6817568,4,30.0,crossing,,
1725590137,41.1806976,-8.6817831,4,30.0,crossing,,
1725590226,41.1811412,-8.6624989,1,67.0,,,
1725590620,41.1825188,-8.6609181,1,71.0,motorway_junction,,
1725590668,41.1831203,-8.6614738,3,71.0,,,
1725590748,41.1836794,-8.6626407,1,69.0,,,
1725590761,41.1837862,-8.6624081,3,75.0,,,
1725590769,41.1837741,-8.6640354,3,69.0,,,
1725590786,41.1839064,-8.6625742,1,69.0,,,
1725590793,41.1838957,-8.6629985,3,69.0,,,
1725590809,41.1839803,-8.6631356,3,69.0,,,
1725590841,41.1843195,-8.6637025,3,69.0,,,
1725590853,41.1845111,-8.6638038,3,69.0,,,
1725590872,41.1849651,-8.6642158,1,69.0,motorway_junction,,
1725590938,41.1865858,-8.7016961,3,5.0,,,
1725590942,41.1866379,-8.7019014,3,5.0,,,
1725590953,41.186725,-8.701095,3,5.0,,,
1725590971,41.1868681,-8.7019725,3,5.0,,,
1725590974,41.1869121,-8.7017289,3,5.0,,,
1725590976,41.1869962,-8.6999467,1,1.0,,,
1725590978,41.1869616,-8.6923144,3,14.0,,,
1725590989,41.1870564,-8.6919931,4,14.0,crossing,,
1725591060,41.1873407,-8.6924801,4,14.0,crossing,,
1725591084,41.1875045,-8.6992333,3,8.0,,,
1725591089,41.1875101,-8.6712607,3,59.0,,,
1725591129,41.187843,-8.6927509,3,0.0,,,
1725591156,41.1880576,-8.6984051,3,8.0,,,
1725591168,41.1881379,-8.6924811,3,0.0,,,
1725591169,41.1881425,-8.6925511,3,0.0,,,
1725591190,41.1883587,-8.6979595,3,8.0,,,
1725591270,41.1891196,-8.6968407,3,5.0,,,
1725591277,41.1891683,-8.6968976,3,5.0,,,
1725591337,41.1897966,-8.6746516,3,56.0,,,
1725591341,41.1898124,-8.6948866,1,6.0,,,
1725591343,41.1898568,-8.6747855,3,56.0,,,
1725591349,41.1898806,-8.6743585,3,56.0,,,
1725591355,41.189957,-8.6748138,3,56.0,,,
1725591376,41.1900602,-8.6745632,3,56.0,,,
1725591383,41.190155,-8.6747292,3,56.0,,,
1725591384,41.1901702,-8.6746526,3,56.0,,,
1725591698,41.193119,-8.6968794,3,26.0,,,
1725591699,41.1931202,-8.6967121,3,26.0,,,
1725591705,41.1931953,-8.6969245,3,26.0,,,
1725591706,41.1932653,-8.6967134,3,26.0,,,
1725591710,41.1932644,-8.6968813,3,26.0,,,
1725591779,41.1937923,-8.6817051,1,5.0,,,
1725591810,41.194033,-8.6816786,1,5.0,,,
1725591875,41.195256,-8.6831782,1,5.0,,,
1725591880,41.1953988,-8.6833221,1,5.0,,,
1725591903,41.1960588,-8.6966901,3,30.0,,,
1725592276,41.2011424,-8.6594455,3,67.0,,,
1725592280,41.2012727,-8.6492673,3,91.0,,,
1725592296,41.2014972,-8.6586391,3,67.0,,,
1725592311,41.2016671,-8.6583634,1,67.0,,,
1725592404,41.2021945,-8.679477,3,34.0,,,
1725592424,41.20235,-8.6798799,1,34.0,,,
1725592433,41.2024911,-8.6793493,3,34.0,,,
1725592454,41.2031221,-8.6790335,3,21.0,,,
1725592462,41.2033861,-8.6787985,4,21.0,,,
1725592471,41.2040746,-8.6716203,3,16.0,,,
1725592473,41.2041387,-8.6716668,3,16.0,,,
1725592479,41.2042359,-8.6723304,3,44.0,,,
1725592484,41.2047326,-8.6698379,3,31.0,,,
1725592492,41.2052269,-8.6725738,3,44.0,,,
1725592504,41.2056544,-8.6736819,3,30.0,,,
1725592509,41.2062137,-8.6656989,3,29.0,,,
1725592511,41.2060712,-8.6725687,4,44.0,,,
1725592523,41.20801,-8.6652731,3,47.0,,,
1725592552,41.2093797,-8.6585722,3,64.0,,,
1725592554,41.2093878,-8.6577375,3,67.0,,,
1725592558,41.2094279,-8.6558212,1,64.0,,,
1725592561,41.2094819,-8.6494942,4,70.0,,,
1725592567,41.2096106,-8.6558712,3,64.0,,,
1725592592,41.2110432,-8.6653239,3,55.0,,,
1725592646,41.2120034,-8.6657185,3,55.0,,,
1725592669,41.2123416,-8.66586,3,55.0,,,
1725592686,41.2129361,-8.6414374,1,69.0,,,
1725592701,41.2133039,-8.6409599,1,69.0,,,
1725592705,41.2134344,-8.6412344,3,69.0,,,
1725592779,41.2138793,-8.6415878,3,69.0,,,
1725592781,41.2138832,-8.643192,3,60.0,,,
1725592854,41.2144185,-8.6414089,3,69.0,,,
1725592877,41.2145624,-8.6582888,1,46.0,,,
1725592881,41.2145607,-8.6425064,3,60.0,,,
1725593012,41.2150274,-8.6660641,3,47.0,,,
1725593065,41.2151627,-8.6671501,3,37.0,,,
1725593090,41.2152472,-8.6660483,3,47.0,,,
1725593193,41.2159655,-8.6412476,3,65.0,,,
1725593235,41.2168883,-8.6577271,3,30.0,,,
1725619006,41.187266,-8.6851483,3,26.0,,,
1728071592,41.1885219,-8.5960614,1,107.0,turning_circle,,
1728071833,41.1893101,-8.6153237,3,82.0,,,
1728072265,41.191547,-8.622808,4,87.0,crossing,,
1728072354,41.1932405,-8.6107897,3,107.0,,,
1728072359,41.1933158,-8.6104385,4,107.0,crossing,,
1728072379,41.1934294,-8.6091907,3,104.0,,,
1728072416,41.1935409,-8.609062,3,104.0,,,
1728072432,41.1935842,-8.6088,3,104.0,,,
1728072442,41.1936323,-8.6086619,3,104.0,,,
1728072632,41.1961199,-8.6337466,3,95.0,,,
1728072873,41.1981607,-8.6153148,1,75.0,,,
1728072886,41.1996899,-8.6335696,3,88.0,,,
1728072946,41.2015603,-8.6334584,3,79.0,,,
1728072987,41.2031404,-8.6333796,3,73.0,,,
1728073085,41.2075654,-8.6331931,3,83.0,,,
1728073087,41.2084457,-8.6331617,3,87.0,,,
1728073091,41.210141,-8.6293738,3,82.0,,,
1728073176,41.2113763,-8.6293037,3,79.0,,,
1728073193,41.2114281,-8.6295928,3,79.0,,,
1728073197,41.2115351,-8.633511,3,91.0,,,
1728073211,41.2115749,-8.6305484,3,79.0,,,
1728073300,41.2123757,-8.6339729,3,91.0,,,
1728073366,41.2134684,-8.6346404,3,87.0,,,
1728073409,41.2161036,-8.6356062,3,85.0,,,
1728117501,41.2178212,-8.636302,3,80.0,,,
1728117523,41.2220405,-8.638613,3,67.0,,,
1728117537,41.2249488,-8.6395684,3,66.0,,,
1728117563,41.2275506,-8.6409462,3,59.0,,,
1728117568,41.2300713,-8.6427809,3,53.0,,,
1728117579,41.2309884,-8.6433374,3,53.0,,,
1728117684,41.2354217,-8.6454776,3,31.0,,,
1728117691,41.2355655,-8.6462837,3,32.0,,,
1739857678,41.174836,-8.6869524,4,19.0,,,
1801521159,41.1821795,-8.6829336,4,24.0,crossing,,
1801521170,41.1826324,-8.6467712,4,85.0,crossing,,
1801521171,41.1826952,-8.6384646,3,85.0,,,
1801521173,41.1827584,-8.6775453,3,22.0,,,
1801521175,41.1828811,-8.6774189,3,22.0,,,
1801521176,41.182914,-8.6525868,3,78.0,,,
1801521183,41.1830291,-8.6525938,4,78.0,crossing,,
1801521204,41.1832167,-8.6776818,3,22.0,,,
1801521211,41.183296,-8.6530215,3,78.0,,,
1801521233,41.1834782,-8.6399019,3,92.0,,,
1801521269,41.1840032,-8.6772385,3,36.0,,,
1801521284,41.1839723,-8.6771516,3,36.0,,,
1801521290,41.1839846,-8.6207587,1,86.0,,,
1801521291,41.1839823,-8.677422,3,36.0,,,
1801521298,41.184096,-8.6774038,4,36.0,crossing,,
1801521311,41.1846399,-8.6843785,4,28.0,,,
1801521312,41.1847251,-8.6842314,3,28.0,,,
1801521314,41.1847306,-8.6844278,4,28.0,,,
1801521330,41.1856073,-8.662506,4,65.0,crossing,,
1801521331,41.1856233,-8.6623174,3,74.0,,,
1801521333,41.1856433,-8.662448,4,74.0,crossing,,
1801521337,41.1866332,-8.6523999,4,85.0,,,
1801521346,41.1867646,-8.6714239,3,59.0,,,
1801521361,41.1872763,-8.6754094,3,45.0,,,
1801521363,41.1873339,-8.6752905,3,45.0,crossing,,
1801521365,41.187457,-8.6755647,3,45.0,,,
1801521406,41.1908,-8.6683726,3,73.0,,,
1801521407,41.1909658,-8.7052066,3,1.0,,,
1801521410,41.1914536,-8.6580052,3,84.0,,level_crossing,
1801521412,41.1917546,-8.6646816,3,72.0,,,
1801521417,41.192102,-8.6650876,3,72.0,,,
1801521418,41.192177,-8.66243,4,83.0,crossing,,
1801521422,41.1929786,-8.6628032,3,80.0,,,
1801521432,41.1948543,-8.6610906,3,78.0,,,
1801521433,41.1948885,-8.6611384,3,78.0,,,
1801521437,41.1957503,-8.6607549,3,78.0,,,
1801521438,41.1959317,-8.6796149,1,33.0,,,
1801521449,41.1968397,-8.660906,3,76.0,,,
1801521450,41.1968701,-8.6988458,3,27.0,,,
1801521454,41.1971358,-8.6799943,1,33.0,,,
1801521496,41.1997282,-8.6228025,1,60.0,,,
1801521514,41.2000993,-8.6229676,3,62.0,,,
1801521531,41.2001655,-8.6217084,3,59.0,,,
1801521537,41.2001956,-8.6221855,3,59.0,,,
1801521546,41.2002853,-8.6557451,3,68.0,,,
1801521550,41.2003156,-8.6226345,3,59.0,,,
1801521614,41.2021557,-8.7101744,1,12.0,,,
1801521628,41.2022565,-8.6229437,3,48.0,,,
1801521630,41.2022705,-8.6234538,1,48.0,,,
1801521631,41.2022786,-8.6229989,3,48.0,,,
1801521670,41.2026901,-8.659285,3,50.0,,,
1801521708,41.2036152,-8.6375805,3,88.0,,,
1801521712,41.2038285,-8.6377348,3,88.0,,,
1801521747,41.2044264,-8.6407258,3,93.0,,,
1801521797,41.2046413,-8.6399104,3,93.0,,,
1801521837,41.2054676,-8.6200774,3,39.0,,,
1801521839,41.2054903,-8.6202899,3,39.0,,,
1801521845,41.2056406,-8.6200133,3,39.0,,,
1801521852,41.2059345,-8.638639,3,95.0,,,
1801521859,41.2060218,-8.6207228,3,39.0,,,
1801521870,41.2061022,-8.6206196,3,39.0,crossing,,
1801521872,41.2061201,-8.6208033,3,39.0,crossing,,
1801521877,41.2062416,-8.6205228,3,39.0,,,
1801521885,41.2082897,-8.6474528,3,82.0,,,
1801521890,41.208356,-8.6255748,3,64.0,,,
1801521907,41.208475,-8.6470972,4,64.0,crossing,,
1801521934,41.2086621,-8.6465696,3,64.0,,,
1801521938,41.2086901,-8.646472,1,64.0,,,
1801521981,41.2099454,-8.6264716,3,64.0,,,
1801521983,41.2099938,-8.6262231,3,64.0,,,
1801521985,41.2100141,-8.6265301,3,64.0,,,
1801521999,41.2103699,-8.6264983,3,64.0,,,
1801522026,41.2105362,-8.6261537,3,66.0,,,
1801522030,41.2180609,-8.6270569,3,40.0,,,
1801522031,41.2183278,-8.6267855,3,40.0,,,
1801522110,41.2248902,-8.6313456,3,45.0,,,
1801522227,41.2295193,-8.6766903,3,71.0,,,
1801522230,41.2296491,-8.6771278,3,64.0,,,
1801522242,41.2299661,-8.6778589,3,64.0,,,
1801522248,41.230362,-8.6749856,3,69.0,,,
1801522272,41.2307482,-8.6748691,3,69.0,,,
1801522341,41.2321435,-8.6748564,3,70.0,,,
1801522342,41.2322006,-8.6744732,3,70.0,,,
1801522353,41.2330009,-8.6750585,1,70.0,,,
1801522362,41.2326899,-8.6724486,3,74.0,,,
1801522372,41.2328295,-8.6722759,3,74.0,,,
1801522378,41.2328098,-8.6745582,3,70.0,,,
1801522382,41.2329416,-8.6725682,3,74.0,,,
1801522502,41.2335516,-8.6712319,3,72.0,,,
1801522553,41.2337724,-8.6708788,3,72.0,,,
1801522610,41.2339609,-8.670832,1,73.0,,,
1801522630,41.2340147,-8.6707306,1,73.0,,,
1801522650,41.2340591,-8.6710657,3,72.0,,,
1801522731,41.2344084,-8.6813126,3,64.0,,,
1801522761,41.234474,-8.6816297,3,64.0,,,
1801522812,41.2347008,-8.6815043,3,64.0,,,
1801523459,41.2357286,-8.6871039,3,64.0,,,
1801524555,41.2452161,-8.7231636,4,0.0,crossing,,
1801537831,41.2233557,-8.6812235,3,59.0,,,
1802287696,41.2596707,-8.7010606,3,49.0,,,
1802287700,41.2597806,-8.7026947,3,50.0,,,
1802287705,41.2598487,-8.7024342,3,50.0,,,
1802287709,41.2598724,-8.701085,3,49.0,,,
1802287714,41.2599195,-8.7026752,3,50.0,,,
1805988240,41.2387027,-8.7230127,3,6.0,,,
1805988254,41.2460706,-8.7230555,3,0.0,,,
1805988257,41.2460828,-8.7228348,3,12.0,,,
1806014726,41.247858,-8.7218351,3,12.0,,,
1806014727,41.2488381,-8.7227,3,11.0,,,
1806014730,41.246734,-8.7216896,3,12.0,,,
1806014733,41.2477967,-8.7223724,3,12.0,,,
1806014743,41.2471581,-8.7219779,3,12.0,,,
1806014746,41.2470705,-8.7215774,3,12.0,,,
1811625865,41.2065845,-8.6787429,3,55.0,,,
1811625873,41.2083582,-8.6785236,3,55.0,,,
1811625877,41.2075773,-8.6794248,3,45.0,,,
1811625915,41.207528,-8.6795489,3,45.0,,,
1811625920,41.210122,-8.6833253,3,51.0,,,
1811625926,41.2079843,-8.6789761,3,55.0,,,
1811625972,41.2068392,-8.6788475,3,55.0,,,
1811625986,41.2074091,-8.6794297,3,45.0,,,
1811625997,41.2081584,-8.6789072,3,55.0,,,
1811626049,41.2096941,-8.6834814,3,53.0,,,
1811626065,41.2097818,-8.6830901,3,51.0,,,
1811626094,41.2066611,-8.6784485,3,55.0,,,
1811626098,41.2076021,-8.6796232,3,45.0,,,
1811626109,41.2063822,-8.6784584,3,55.0,,,
1811626115,41.2064385,-8.678726,3,55.0,,,
1811626156,41.2066808,-8.6785453,3,55.0,,,
1811646233,41.2049297,-8.6874967,3,38.0,,,
1811646238,41.2043711,-8.6871593,3,38.0,,,
1837851073,41.1725061,-8.6812804,3,19.0,,,
1837851080,41.173405,-8.6831561,3,20.0,,,
1837851085,41.173704,-8.6807805,3,18.0,,,
1837851111,41.1768127,-8.6862212,4,11.0,,,
1837851113,41.1770236,-8.6833008,4,14.0,,,
1837851122,41.1776478,-8.6578898,3,73.0,,,
1837851141,41.1792963,-8.6787752,4,24.0,crossing,,
1837851142,41.1793023,-8.6894496,3,17.0,,,
1837851156,41.1795739,-8.6894811,3,17.0,,,
1837851159,41.1798851,-8.6582385,3,79.0,,,
1837851160,41.1800446,-8.6571395,3,79.0,,,
1837851161,41.1800092,-8.6604456,4,67.0,crossing,,
1837851162,41.1800527,-8.6678248,3,55.0,,,
1837851163,41.1800924,-8.660408,4,70.0,crossing,,
1837851164,41.1800998,-8.6675752,4,55.0,crossing,,
1837851169,41.1802898,-8.6673804,3,55.0,,,
1837851172,41.1805319,-8.6684728,3,55.0,,,
1837851173,41.1807088,-8.6686292,3,55.0,crossing,,
1837851174,41.1807211,-8.6700496,3,53.0,,,
1837851176,41.180781,-8.6773376,1,24.0,,,
1837851178,41.1808802,-8.6694344,4,53.0,,,
1837851181,41.1809432,-8.6733451,3,51.0,,,
1837851182,41.1809911,-8.6493662,3,82.0,,,
1837851185,41.1811028,-8.6756431,3,34.0,,,
1837851192,41.1814064,-8.6710195,3,61.0,,,
1837851197,41.1816507,-8.6757291,3,31.0,,,
1837851206,41.1819053,-8.6477475,3,85.0,,,
1837851210,41.1819718,-8.6707342,4,67.0,,,
1837851211,41.1819797,-8.6869476,3,21.0,,,
1837851212,41.1819913,-8.6867972,3,21.0,,,
1837851214,41.1820181,-8.6864051,3,21.0,,,
1837851217,41.1820692,-8.6870218,4,21.0,crossing,,
1837851219,41.1820289,-8.6663033,4,61.0,crossing,,
1837851221,41.182165,-8.6864493,3,21.0,crossing,,
1837851233,41.1825584,-8.675291,3,31.0,,,
1837851241,41.1828636,-8.6851823,4,23.0,crossing,,
1837851246,41.1829795,-8.685025,3,23.0,,,
1837851253,41.1836454,-8.6808181,4,35.0,,,
1837851268,41.1842953,-8.6694714,3,66.0,,,
1837851278,41.1838912,-8.6864498,4,22.0,,,
1837851288,41.1846062,-8.6846208,5,28.0,,,
1837851290,41.1846148,-8.6817606,5,37.0,crossing,,
1837851298,41.184719,-8.6815766,3,37.0,,,
1837851314,41.1848316,-8.6813243,3,37.0,,,
1837851316,41.1850397,-8.695426,4,10.0,,,
1837851318,41.1855468,-8.679906,3,36.0,,,
1837851321,41.1850556,-8.6881162,4,18.0,crossing,,
1837851326,41.1857209,-8.6794119,4,36.0,crossing,,
1837851328,41.185739,-8.6795326,3,36.0,,,
1837851332,41.1859397,-8.6706632,3,61.0,,,
1837851339,41.1862687,-8.6785045,3,50.0,,,
1837851344,41.1862652,-8.6759988,3,45.0,,,
1837851371,41.1863979,-8.6776663,3,50.0,,,
1837851375,41.1864813,-8.6774352,4,50.0,crossing,,
1837851395,41.1867003,-8.6684766,3,70.0,,,
1837851401,41.1867044,-8.6776542,3,50.0,,,
1837851403,41.1868875,-8.6774809,3,50.0,,,
1837851407,41.1870474,-8.6855506,4,20.0,,,
1837851429,41.187574,-8.6833674,3,10.0,,,
1837851434,41.1877404,-8.682804,3,27.0,,,
1837851439,41.1877933,-8.6830305,3,27.0,,,
1837851450,41.1879997,-8.6826695,3,27.0,,,
1837851452,41.1881841,-8.6779383,1,40.0,,,
1837851462,41.1883816,-8.681866,3,27.0,,,
1837851465,41.1884293,-8.6816269,3,27.0,,,
1837851467,41.1887816,-8.6751256,3,46.0,,,
1837851472,41.18943,-8.677155,3,40.0,,,
1837851474,41.1931692,-8.6987245,3,24.0,,,
1837851484,41.2003795,-8.6562339,4,68.0,crossing,,
1838982420,41.202818,-8.6707945,1,23.0,,,
1838982433,41.2044959,-8.6877801,3,43.0,,,
1838982436,41.2045746,-8.6869914,3,38.0,,,
1838982440,41.2046966,-8.6869969,3,38.0,,,
1838982442,41.2048078,-8.6870641,3,38.0,,,
1838982454,41.2138351,-8.6768944,3,65.0,,,
1838982466,41.2145515,-8.6793508,3,63.0,,,
1838982484,41.2167535,-8.6758417,4,64.0,,,
1838982485,41.2168499,-8.6782593,3,60.0,,,
1838982486,41.2171879,-8.6798557,3,59.0,,,
1838982490,41.2180216,-8.6783694,4,60.0,,,
1838982492,41.2183473,-8.6747528,3,67.0,,,
1838982496,41.219422,-8.6781076,3,64.0,,,
1838982497,41.2206574,-8.6775294,3,64.0,,,
1838982500,41.2216365,-8.6773757,3,63.0,,,
1843345927,41.1951184,-8.6969647,3,20.0,,,
1843345928,41.1949689,-8.6969185,3,20.0,,,
1853445491,41.2099562,-8.6429767,3,73.0,,,
1860311740,41.1883252,-8.6554519,3,80.0,,,
1860311747,41.1884388,-8.65477,3,80.0,,,
1860311751,41.1883642,-8.6553871,3,80.0,,,
1866964499,41.1951939,-8.6490807,3,102.0,,,
1866964512,41.190983,-8.6483743,3,94.0,,,
1866964515,41.193667,-8.6468049,1,101.0,turning_circle,,
1866964524,41.1893811,-8.6489011,1,92.0,,,
1866964543,41.1982788,-8.6540441,3,83.0,,,
1866964545,41.1976346,-8.6548551,3,79.0,,,
1866964551,41.192223,-8.6486597,3,96.0,,,
1866964553,41.1916621,-8.647944,3,94.0,,,
1866964557,41.1894663,-8.6493533,3,92.0,,,
1866964560,41.1948307,-8.6455216,4,106.0,,,
1866964561,41.1926372,-8.6525197,1,87.0,,,
1866964563,41.1955151,-8.6558229,1,80.0,,,
1866964572,41.1902921,-8.6510139,3,86.0,,,
1866964584,41.1945017,-8.644196,4,106.0,,,
1866964586,41.1908782,-8.6501516,3,86.0,,,
1866964588,41.1901925,-8.6489226,3,94.0,,,
1866964594,41.1990332,-8.6554987,3,72.0,,,
1866964598,41.1955411,-8.6493518,3,102.0,,,
1866964601,41.1975629,-8.6563048,3,78.0,,,
1866964614,41.1915283,-8.6480396,3,94.0,,,
1866964620,41.1912128,-8.6518107,3,86.0,,,
1866964626,41.1994392,-8.6409416,4,100.0,,,
1866964630,41.1942347,-8.6460573,3,106.0,,,
1866964638,41.1957132,-8.6442923,3,106.0,,,
1866964654,41.194013,-8.6456536,3,106.0,,,
1866964662,41.1933081,-8.6480744,3,96.0,,,
1866964666,41.1944414,-8.6485848,3,102.0,,,
1866964678,41.1923674,-8.653673,3,87.0,,,
1866964696,41.1946928,-8.6450355,4,106.0,,,
1866964698,41.1931271,-8.648893,3,96.0,,,
1866964705,41.1935383,-8.6481831,3,96.0,,,
1866964715,41.1909674,-8.6494427,1,94.0,,,
1866964723,41.1902314,-8.6482555,3,94.0,,,
1866964726,41.1921608,-8.6479328,3,96.0,,,
1866964754,41.2000359,-8.6544221,3,68.0,,,
1866964764,41.1904219,-8.6502051,3,86.0,,,
1866964768,41.199236,-8.6438261,3,99.0,,,
1866964771,41.1955448,-8.6561521,3,80.0,,,
1866964804,41.1956561,-8.6481285,1,102.0,,,
1866964809,41.1965206,-8.6437079,3,105.0,,,
1866964811,41.198825,-8.6542914,4,72.0,,,
1866964814,41.193834,-8.6483456,3,102.0,,,
1867900091,41.2061762,-8.65367,1,76.0,,,
1867923563,41.1977703,-8.6421951,3,105.0,,,
1867923567,41.1966249,-8.6401494,3,111.0,,,
1867923578,41.1942228,-8.6441731,3,106.0,,,
1867923581,41.1970801,-8.641752,3,105.0,,,
1867923584,41.1961759,-8.6402907,3,111.0,,,
1867923587,41.1918798,-8.6421074,3,114.0,,,
1867923602,41.1948347,-8.6442234,1,106.0,,,
1867923604,41.1935945,-8.6441215,3,117.0,,,
1867923612,41.1960821,-8.6409663,3,111.0,,,
1867923630,41.1965342,-8.6402413,1,111.0,,,
1867923641,41.1942504,-8.6431782,3,108.0,,,
1867923644,41.198201,-8.6434934,3,102.0,,,
1867923659,41.1945885,-8.6432041,3,108.0,,,
1867923680,41.1967498,-8.6409434,4,111.0,,,
1867923683,41.1945019,-8.6422463,3,108.0,,,
1867923687,41.1961876,-8.6428688,4,105.0,,,
1867923690,41.1948505,-8.6416482,3,108.0,,,
1867923695,41.1919092,-8.6421951,3,114.0,,,
1867923712,41.1936237,-8.6431067,3,114.0,,,
1867923713,41.197964,-8.6427262,3,102.0,,,
1867923739,41.1959841,-8.6420953,4,105.0,,,
1867923748,41.1971681,-8.6401834,3,111.0,,,
1867923749,41.1951555,-8.6432492,3,108.0,,,
1867923757,41.1936363,-8.6430065,3,114.0,,,
1873715504,41.1764166,-8.6908903,1,0.0,,,
1874360072,41.1850003,-8.6925571,3,13.0,,,
1874361196,41.1869888,-8.6936217,3,14.0,,,
1874361205,41.1870634,-8.6944494,3,10.0,,,
1874391367,41.1820761,-8.683076,4,24.0,crossing,,
1874391577,41.1823516,-8.6829175,5,24.0,crossing,,
1878245513,41.1915542,-8.6513578,3,86.0,,,
1893971361,41.2198323,-8.7114289,3,14.0,,,
1893971370,41.219639,-8.7122545,3,14.0,,,
1893971377,41.2201471,-8.7126235,4,8.0,,,
1893978311,41.2208557,-8.7129655,3,9.0,,,
1893978314,41.2206206,-8.7133307,3,8.0,,,
1893982163,41.2218642,-8.7134553,3,9.0,,,
1893982165,41.222114,-8.7126879,3,9.0,,,
1893982166,41.2223381,-8.7136977,1,9.0,,,
1893982167,41.222554,-8.7129549,1,9.0,,,
1893982168,41.2224295,-8.7119023,3,14.0,,,
1893982169,41.2228682,-8.7121645,1,14.0,,,
1894805640,41.2365606,-8.7236326,4,0.0,,,
1894805648,41.2363502,-8.7237458,4,0.0,,,
1894805650,41.236548,-8.7234313,3,0.0,,,
1894805677,41.2366021,-8.7237596,1,0.0,,,
1894805680,41.2363923,-8.7238696,1,0.0,,,
1894805697,41.2378286,-8.7236935,1,6.0,,,
1894845771,41.2322854,-8.7216199,3,0.0,,,
1894845774,41.2312084,-8.7212947,1,0.0,,,
1894845786,41.2203159,-8.7144701,3,8.0,,,
1894845811,41.2248627,-8.716186,3,7.0,crossing,,
1894845825,41.2319842,-8.721496,3,0.0,,,
1894845829,41.2312465,-8.7210468,4,0.0,,,
1894845842,41.2321009,-8.7215681,3,0.0,,,
1894845844,41.2313055,-8.7207272,3,6.0,,,
1894845847,41.2312316,-8.7207099,3,3.0,,,
1894845853,41.2327404,-8.721765,3,0.0,,,
1894845854,41.2342475,-8.7229432,3,0.0,,,
1894845860,41.2313998,-8.7207411,1,6.0,,,
1894845887,41.2234841,-8.7158851,4,7.0,,,
1894899374,41.2093021,-8.7151801,1,0.0,,,
1894899380,41.2092567,-8.7148191,3,0.0,,,
1894899383,41.2063143,-8.7152088,3,0.0,,,
1894899394,41.207751,-8.7155812,3,0.0,,,
1894899404,41.2180046,-8.7131533,3,9.0,,,
1894899406,41.2054107,-8.7158599,4,2.0,,,
1894899408,41.2110989,-8.7148578,1,0.0,,,
1894899421,41.2198977,-8.7132292,3,8.0,,,
1894899438,41.219785,-8.7147646,3,0.0,,,
1894899442,41.2171871,-8.7145416,4,9.0,,,
1894899446,41.2203514,-8.7142101,3,8.0,,,
1894899455,41.2141565,-8.7150977,1,0.0,,,
1894899472,41.206299,-8.7155508,4,0.0,,,
1894899491,41.2129258,-8.7147811,1,0.0,,,
1894899500,41.2202679,-8.7147185,3,0.0,,,
1894899503,41.2146182,-8.7148878,4,0.0,,,
1894899510,41.2180152,-8.7134897,4,9.0,,,
1894899515,41.2062845,-8.7157383,1,0.0,,,
1894899521,41.2171068,-8.7150559,1,0.0,,,
1894899533,41.2092953,-8.7151249,4,0.0,,,
1894899537,41.2144995,-8.7131276,3,10.0,,,
1894899558,41.210344,-8.7147416,4,0.0,,,
1894899567,41.2039547,-8.7144229,3,6.0,,,
1894899570,41.2101315,-8.7145375,3,6.0,,,
1895254136,41.1870463,-8.6544696,3,85.0,,,
1919773574,41.1991652,-8.6438031,3,99.0,,,
1919773579,41.2057394,-8.6332536,3,78.0,,,
1919773581,41.2051354,-8.6382301,3,95.0,,,
1919773587,41.2017509,-8.6366543,3,80.0,,,
1919773592,41.2016883,-8.6389181,3,86.0,,,
1919773596,41.2028884,-8.6401371,3,93.0,,,
1919773603,41.2045781,-8.6360159,3,88.0,,,
1919773605,41.2008083,-8.6373758,3,80.0,,,
1919773607,41.2026696,-8.6407146,3,93.0,,,
1919773612,41.2028737,-8.6366482,3,78.0,,,
1919773613,41.2027861,-8.6394062,4,88.0,,,
1919773619,41.2009576,-8.6360287,3,80.0,,,
1919773626,41.2014623,-8.6346586,3,79.0,,,
1919773627,41.2013412,-8.6359568,3,80.0,,,
1919773629,41.2020406,-8.6380879,4,86.0,,,
1919773630,41.2033403,-8.6374713,3,78.0,,,
1919773631,41.2002595,-8.6370942,3,80.0,,,
1919773634,41.1997108,-8.6386121,3,97.0,,,
1919773637,41.1999205,-8.6349806,3,88.0,,,
1919773639,41.202667,-8.6403326,3,93.0,,,
1919773640,41.2043164,-8.6378619,3,95.0,,,
1919773642,41.1991778,-8.6389181,3,97.0,,,
1919773652,41.2046725,-8.6379929,3,95.0,,,
1919773656,41.2028656,-8.6415778,3,93.0,,,
1919773657,41.2028272,-8.6372973,3,78.0,,,
1919773668,41.2052077,-8.6379661,3,95.0,,,
1919773669,41.2037883,-8.6398405,3,93.0,,,
1919773670,41.2028829,-8.6407069,3,93.0,,,
1919773672,41.2056396,-8.6338326,1,78.0,,,
1919773675,41.1988044,-8.6467205,3,95.0,,,
1919773677,41.1977571,-8.6441402,1,97.0,,,
1919773682,41.1981301,-8.6534873,3,83.0,,,
1919773684,41.2033288,-8.6382064,3,88.0,,,
1919773686,41.2034995,-8.6375217,3,88.0,,,
1919773691,41.1992979,-8.6471499,1,95.0,,,
1919773692,41.2005829,-8.6372601,3,80.0,,,
1919773696,41.2033321,-8.6419215,4,97.0,,,
1919773697,41.2041814,-8.637823,3,95.0,,,
1919773699,41.2013937,-8.63836,3,86.0,,,
1919773700,41.2026722,-8.6401264,3,93.0,,,
1919773703,41.2064944,-8.6332297,3,83.0,,,
1919773705,41.2008638,-8.6345599,3,79.0,,,
1919773706,41.2019494,-8.640357,1,91.0,,,
1919773710,41.199254,-8.6445874,3,99.0,,,
1919773718,41.2022855,-8.6385162,4,88.0,,,
1919773724,41.2013433,-8.6410286,3,91.0,,,
1919773728,41.2026636,-8.6406175,3,93.0,,,
1919773733,41.198695,-8.6396502,3,100.0,,,
1919773734,41.2025333,-8.6389544,4,88.0,,,
1919773735,41.2012509,-8.6366151,3,80.0,,,
1919773737,41.1999608,-8.6381563,3,97.0,,,
1919773744,41.200421,-8.6344869,1,79.0,,,
1919773745,41.2018255,-8.6375902,3,86.0,,,
1919773751,41.2018766,-8.6379348,3,86.0,,,
1919773752,41.2031433,-8.6443645,1,94.0,turning_circle,,
1928777550,41.1968489,-8.6386737,3,103.0,,,
1928777554,41.1965824,-8.6396142,3,111.0,,,
1928777586,41.1959017,-8.6364463,3,95.0,,,
1928777597,41.1961093,-8.6382408,3,103.0,,,
1929265698,41.1919888,-8.6335735,4,110.0,,,
1929265703,41.1945563,-8.6395548,3,101.0,,,
1929265731,41.1813716,-8.6508201,3,83.0,,,
1931862765,41.1936735,-8.6556459,3,83.0,,,
1931862782,41.1943788,-8.6551049,3,80.0,,,
1931862786,41.1931716,-8.6532355,1,87.0,,,
1932935101,41.1920131,-8.6395154,3,97.0,,,
1932935103,41.1946976,-8.6395607,3,101.0,,,
1932935106,41.1939631,-8.6403828,1,108.0,,,
1932935124,41.1914678,-8.6412808,3,104.0,,,
1932935127,41.1941444,-8.6411331,3,108.0,,,
1932935173,41.1913109,-8.6412187,3,104.0,,,
1932935174,41.1913852,-8.6413729,3,104.0,,,
1932935177,41.1938294,-8.639528,3,101.0,,,
1942879341,41.1900519,-8.639456,4,97.0,crossing,,
1942879350,41.1901302,-8.6395529,4,97.0,crossing,,
1944006631,41.2142506,-8.6237196,4,46.0,,,
1944006638,41.2144159,-8.6237141,3,46.0,,,
1944006661,41.2144802,-8.6237645,1,46.0,,,
1963690832,41.1957324,-8.6364454,1,111.0,,,
1965547022,41.197205,-8.6400493,3,111.0,,,
1965547029,41.1969303,-8.6397183,3,111.0,,,
1965547061,41.1966106,-8.6395132,3,103.0,,,
1969703605,41.204239,-8.6872666,1,38.0,crossing,,
1969703609,41.2042899,-8.6877612,3,43.0,crossing,,
2072355325,41.2212237,-8.7095901,3,18.0,,,
2072355331,41.2211664,-8.7095198,3,18.0,,,
2072373740,41.2231149,-8.6968236,3,37.0,,,
2072373741,41.2233373,-8.6957048,4,32.0,,,
2072373756,41.2234375,-8.6969395,3,37.0,,,
2072373758,41.2232038,-8.6959338,3,37.0,,,
2072380163,41.2224363,-8.7035625,3,29.0,,,
2072382615,41.2204143,-8.7138205,4,8.0,,,
2072382616,41.2208733,-8.7140544,1,9.0,,,
2072382617,41.2216342,-8.7150541,3,0.0,,,
2072382618,41.2204758,-8.7133356,1,8.0,,,
2072382619,41.2209116,-8.713813,1,9.0,,,
2072382620,41.2203971,-8.7139471,1,8.0,,,
2072382621,41.2208877,-8.7139479,4,9.0,,,
2072382623,41.2205484,-8.7139686,1,8.0,,,
2072382624,41.220613,-8.7135019,1,8.0,,,
2072382625,41.2205646,-8.7138561,4,8.0,,,
2072382626,41.2207402,-8.7139061,4,8.0,,,
2072382627,41.2197746,-8.7134842,3,8.0,,,
2072382629,41.2207724,-8.7136575,1,8.0,,,
2072382631,41.2211395,-8.7139208,3,9.0,,,
2072382632,41.2207244,-8.7140127,1,8.0,,,
2072382633,41.2220176,-8.7145396,1,9.0,,,
2072383344,41.2209571,-8.7098313,3,18.0,,,
2072383347,41.2208204,-8.7096204,3,15.0,,,
2072383348,41.2212664,-8.7089536,3,18.0,,,
2072383349,41.2207241,-8.7094922,3,15.0,,,
2072383350,41.221154,-8.7088589,3,18.0,,,
2075573916,41.1915098,-8.6622939,4,79.0,,,
2075573919,41.1915693,-8.6613727,3,79.0,,,
2075573923,41.1916252,-8.6611339,3,79.0,,,
2075573933,41.1918964,-8.6592287,3,82.0,,,
2075573937,41.1920733,-8.6592852,3,82.0,,,
2075573949,41.1921739,-8.6591246,3,82.0,,,
2075573961,41.1922581,-8.6594406,3,82.0,,,
2075573965,41.1922526,-8.6592025,3,82.0,,,
2075573971,41.1924389,-8.6591238,3,82.0,,,
2075573975,41.2039801,-8.6967644,3,37.0,,,
2075573991,41.204206,-8.696684,3,38.0,,,
2075574003,41.2042628,-8.6969397,3,38.0,,,
2075574035,41.2044625,-8.688316,4,43.0,,,
2075574050,41.2045359,-8.6659362,3,29.0,,,
2075574052,41.2045487,-8.6892796,3,43.0,,,
2075574054,41.2045708,-8.6882474,3,43.0,,,
2075574056,41.2046046,-8.6667926,5,11.0,,,
2075574076,41.2054245,-8.6662241,3,29.0,,,
2075574092,41.2065191,-8.6623707,3,60.0,,,
2075574107,41.2067332,-8.6645402,3,47.0,,,
2075574115,41.2073127,-8.6599323,3,67.0,,,
2075574119,41.2074568,-8.6616549,3,60.0,,,
2075574125,41.207633,-8.6613425,3,60.0,,,
2075574131,41.2080569,-8.6616716,3,60.0,,,
2082670781,41.2220085,-8.7011079,3,33.0,,,
2082670806,41.2225321,-8.7008857,3,33.0,,,
2082670808,41.2222472,-8.7003375,3,33.0,,,
2082670810,41.2224021,-8.7010285,3,33.0,,,
2082670860,41.2223856,-8.7009385,3,33.0,,,
2082706047,41.2143057,-8.6755101,1,65.0,,,
2082706048,41.2148761,-8.6757908,3,65.0,,,
2082706049,41.2150988,-8.6751237,3,65.0,,,
2082706051,41.2152327,-8.6761169,3,65.0,,,
2082706053,41.2154409,-8.6763744,1,65.0,,,
2082706054,41.2155447,-8.6756072,3,65.0,,,
2082706056,41.2159402,-8.6759018,3,65.0,,,
2082706060,41.216145,-8.6767521,3,65.0,,,
2082706067,41.217812,-8.6766851,3,64.0,,,
2082706073,41.2194396,-8.6790195,3,64.0,,,
2082706078,41.2226961,-8.6965356,1,42.0,,,
2082706080,41.2230483,-8.6932579,1,32.0,,,
2082706086,41.223255,-8.6951897,1,32.0,,,
2082706087,41.223263,-8.695693,4,32.0,,,
2082706090,41.2234458,-8.6954097,3,32.0,,,
2082720499,41.190791,-8.6075318,1,110.0,,,
2082720512,41.1910556,-8.6074442,3,110.0,,,
2083179452,41.1919538,-8.6217197,3,81.0,,,
2083179455,41.1923328,-8.6208192,4,77.0,,,
2083179461,41.19289,-8.6192267,3,77.0,,,
2083179465,41.1928988,-8.618876,3,77.0,,,
2083179469,41.193085,-8.6197505,3,77.0,,,
2083179471,41.1932708,-8.6202523,1,77.0,,,
2083179475,41.1935248,-8.6198571,3,77.0,,,
2083199394,41.1907137,-8.6150727,3,89.0,,,
2083199482,41.1913675,-8.6148341,3,89.0,,,
2083199486,41.1913782,-8.6144945,3,90.0,,,
2083199503,41.1915499,-8.614635,3,89.0,,,
2083726472,41.1909643,-8.6545367,4,83.0,,,
2083726487,41.1920155,-8.6541744,3,83.0,,,
2083726494,41.1924445,-8.65376,3,87.0,,,
2083726496,41.1989598,-8.6625693,3,71.0,,,
2083726515,41.1996639,-8.6607017,3,89.0,,,
2083726516,41.1998462,-8.6610276,1,89.0,,,
2083726534,41.2084127,-8.6710535,3,27.0,,,
2083726537,41.2089398,-8.6712679,1,27.0,,,
2083726543,41.2091451,-8.6716856,3,27.0,,,
2095689911,41.1936636,-8.6672364,3,68.0,,,
2095689912,41.1953648,-8.6668161,3,73.0,,,
2095689913,41.1955443,-8.6671507,1,73.0,,,
2095689914,41.1957851,-8.6669268,1,73.0,,,
2095689915,41.1936722,-8.6670147,3,68.0,,,
2095689916,41.1933659,-8.667232,3,68.0,,,
2095689917,41.1951195,-8.6670396,3,73.0,,,
2095689918,41.1939715,-8.6670127,3,73.0,,,
2095689919,41.1945616,-8.6670323,3,73.0,,,
2095689920,41.1950183,-8.6668504,3,73.0,,,
2095689921,41.1952728,-8.6673922,1,73.0,,,
2095689923,41.1942561,-8.6676785,1,73.0,,,
2095689924,41.1936553,-8.6676692,1,68.0,,,
2095689925,41.1942613,-8.6672618,3,73.0,,,
2095689926,41.1942666,-8.6670254,3,73.0,,,
2095689927,41.1945722,-8.6676649,1,73.0,,,
2095689928,41.1952397,-8.6659084,1,77.0,,,
2095689929,41.1945548,-8.6672767,3,73.0,,,
2095689931,41.193963,-8.6676553,1,73.0,,,
2095689933,41.1952592,-8.6666217,3,77.0,,,
2095689934,41.1939708,-8.6672451,3,73.0,,,
2095689935,41.1933581,-8.6676429,1,68.0,,,
2095689936,41.1948506,-8.6672043,3,73.0,,,
2095691448,41.1943322,-8.6661933,1,77.0,,,
2096252029,41.1801299,-8.689659,4,16.0,crossing,,
2112680591,41.1909792,-8.6957293,3,6.0,,,
2112680592,41.1911731,-8.6956306,3,6.0,,,
2112680594,41.1908622,-8.696081,3,13.0,,,
2123563118,41.1859224,-8.6601715,3,79.0,,,
2123563126,41.1856312,-8.6611326,4,74.0,,,
2123563133,41.183386,-8.657095,3,75.0,,,
2123563141,41.1841931,-8.6568543,1,75.0,,,
2123563142,41.1843043,-8.6570056,3,75.0,,,
2123563143,41.1840942,-8.6569865,1,75.0,,,
2123609988,41.186037,-8.6503567,3,82.0,,,
2123609992,41.1865844,-8.6504917,3,82.0,,,
2123609996,41.1865811,-8.6504175,3,82.0,,,
2133874535,41.1877752,-8.6503049,3,88.0,,,
2137716288,41.1864889,-8.6543937,3,85.0,,,
2137716289,41.1865829,-8.6544386,3,85.0,,,
2137716293,41.191387,-8.6411519,3,104.0,,,
2162843891,41.1912712,-8.6961069,3,13.0,,,
2162843893,41.1910094,-8.6965784,3,13.0,,,
2162843895,41.1908062,-8.6964706,3,13.0,,,
2162843899,41.1909161,-8.695908,3,13.0,,,
2166244971,41.1976633,-8.6123219,4,100.0,,,
2166244972,41.1976753,-8.6116952,3,100.0,,,
2166244974,41.1976846,-8.6109222,3,100.0,,,
2166244975,41.2220948,-8.6418557,1,48.0,,,
2166244977,41.2223469,-8.6400906,3,58.0,,,
2166244984,41.2225699,-8.6388287,3,67.0,,,
2166244987,41.2230967,-8.6411578,3,68.0,,,
2166244990,41.2237049,-8.6426199,3,61.0,,,
2166244993,41.2240619,-8.6437043,3,61.0,,,
2175595257,41.1793793,-8.6696137,3,53.0,crossing,,
2178412823,41.1921165,-8.6916401,1,14.0,,,
2178441885,41.1995928,-8.6923655,3,37.0,,,
2178489088,41.1885882,-8.7029787,3,8.0,,,
2178489091,41.1882977,-8.7020725,4,13.0,,,
2178498074,41.1894134,-8.7047506,1,0.0,,,
2178498078,41.1882845,-8.7034935,1,8.0,,,
2178773785,41.2149929,-8.6937289,3,42.0,,,
2184077114,41.1871236,-8.641932,3,89.0,,,
2184077115,41.1864846,-8.6405808,3,95.0,,,
2184077117,41.1867529,-8.6415009,3,95.0,,,
2184077120,41.1868242,-8.6404323,3,95.0,,,
2184077124,41.1871215,-8.6413701,3,95.0,,,
2184077130,41.1871374,-8.6404236,4,95.0,,,
2184077131,41.1872537,-8.6410555,3,95.0,,,
2184077134,41.1874267,-8.6409982,3,95.0,,,
2184077137,41.1875559,-8.6402796,4,104.0,,,
2184077140,41.1876813,-8.6409036,3,104.0,,,
2184077142,41.1885578,-8.6405858,3,104.0,,,
2184077143,41.1884362,-8.6399643,4,104.0,,,
2184077148,41.1888416,-8.6397265,3,104.0,,,
2184077149,41.1888604,-8.6398181,4,104.0,,,
2184077150,41.1889867,-8.6412568,3,104.0,,,
2184077151,41.1889639,-8.6403344,3,104.0,,,
2184077155,41.188968,-8.6398064,3,104.0,,,
2184077157,41.1892095,-8.641156,3,104.0,,,
2184077158,41.189471,-8.6396281,3,104.0,,,
2197440812,41.1808149,-8.6571268,4,79.0,crossing,,
2197440828,41.1795802,-8.6567188,3,79.0,,,
2197440844,41.1792413,-8.6527519,4,79.0,crossing,,
2197440866,41.1792391,-8.6526059,1,79.0,,,
2197440890,41.1795778,-8.6541282,1,79.0,,,
2197440897,41.1795126,-8.6541234,1,79.0,,,
2197440904,41.1808836,-8.657056,4,79.0,crossing,,
2197440924,41.1797754,-8.6564652,1,79.0,,,
2197440944,41.1787792,-8.6552574,3,78.0,,,
2197440949,41.1789556,-8.6553774,3,78.0,,,
2197440955,41.1796448,-8.6541328,1,79.0,,,
2200340520,41.1923622,-8.680647,3,20.0,,,
2231229314,41.1911161,-8.6991917,3,18.0,,,
2231229316,41.1911362,-8.6990402,3,18.0,,,
2231229318,41.19124,-8.6993804,3,18.0,,,
2231229321,41.1911168,-8.6993079,3,18.0,,,
2231229329,41.1914699,-8.6990161,3,18.0,,,
2231229331,41.1919674,-8.6971403,3,26.0,,,
2231229338,41.1915321,-8.6993253,3,18.0,,,
2231229348,41.1914433,-8.6993138,3,18.0,,,
2231229349,41.1921931,-8.6969575,3,26.0,,,
2231242737,41.198553,-8.6932404,3,37.0,,,
2231242739,41.1908982,-8.6954747,3,6.0,,,
2231259882,41.1936573,-8.688839,3,1.0,crossing,,
2231259884,41.1940043,-8.6883186,3,23.0,,,
2231371092,41.1838242,-8.6836075,4,28.0,crossing,,
2231371095,41.1829536,-8.6820176,4,24.0,crossing,,
2231371134,41.1840515,-8.683074,4,37.0,crossing,,
2232213771,41.1865881,-8.6595317,3,79.0,,,
2232213772,41.1874084,-8.6650921,4,71.0,crossing,,
2232213796,41.1876531,-8.6636377,3,74.0,,,
2232213799,41.1878828,-8.6595865,1,78.0,,,
2232213804,41.1876357,-8.6618749,4,80.0,,,
2232213812,41.1885022,-8.6634611,5,74.0,,,
2232213813,41.1868591,-8.6624985,3,74.0,,,
2232213832,41.1872977,-8.6602367,3,79.0,,,
2232213841,41.1873015,-8.6652939,4,71.0,crossing,,
2232213847,41.1858738,-8.6620932,3,74.0,,,
2232213848,41.1883728,-8.6593022,3,78.0,,,
2232213855,41.1878858,-8.6625822,5,74.0,,,
2232213861,41.1883898,-8.6595009,3,78.0,,,
2232213864,41.186096,-8.6614411,3,74.0,,,
2232213868,41.1867912,-8.6625162,3,65.0,,,
2232213873,41.1866057,-8.6601931,3,79.0,,,
2232213882,41.1868235,-8.6623608,3,74.0,,,
2232213886,41.1881446,-8.663073,3,74.0,,,
2232213893,41.1880804,-8.6629907,3,74.0,,,
2232217647,41.1937613,-8.6558066,4,80.0,,,
2232217649,41.1940917,-8.6558768,3,80.0,,,
2232217650,41.1943488,-8.6556392,3,80.0,,,
2232217651,41.1942337,-8.6559067,3,80.0,,,
2232217653,41.1944106,-8.65595,3,80.0,,,
2232217654,41.1942265,-8.655675,3,80.0,,,
2232217658,41.1940915,-8.6557141,3,80.0,,,
2232230033,41.2164549,-8.6459962,3,35.0,,,
2232230091,41.2175375,-8.6378981,3,68.0,,,
2232230093,41.2135548,-8.6495034,3,55.0,,,
2232230109,41.2174208,-8.6361089,3,80.0,,,
2232230121,41.219527,-8.6372868,3,74.0,,,
2232230129,41.2191159,-8.6393459,4,73.0,,,
2232230135,41.2159757,-8.641007,3,65.0,,,
2232230205,41.2131129,-8.6497724,3,55.0,,,
2232230224,41.2181134,-8.6406078,3,61.0,,,
2232230251,41.2132378,-8.6496128,3,55.0,,,
2232230257,41.2196143,-8.6395219,1,73.0,,,
2232230269,41.2137864,-8.6487858,3,55.0,,,
2232230280,41.216666,-8.6439543,3,48.0,,,
2232230284,41.2173074,-8.6377199,1,68.0,,,
2234708786,41.2090246,-8.6970172,3,40.0,,,
2234708791,41.2102,-8.696824,1,40.0,,,
2234708795,41.2039682,-8.6965571,3,37.0,,,
2234708796,41.2056858,-8.6943172,3,40.0,,,
2234708800,41.2051483,-8.6970243,3,38.0,,,
2234708802,41.2046408,-8.6949733,1,40.0,,,
2234708806,41.2069347,-8.6951606,4,37.0,,,
2234708814,41.204583,-8.6946032,3,40.0,,,
2234708819,41.2058832,-8.6951316,3,40.0,,,
2234708824,41.207135,-8.6951691,1,37.0,,,
2234733002,41.1810725,-8.6606974,3,67.0,,,
2234733012,41.1799346,-8.6596536,3,70.0,,,
2234733015,41.1800488,-8.6590248,1,70.0,,,
2234733017,41.1807213,-8.6604667,3,67.0,,,
2234733018,41.1803383,-8.6616487,3,67.0,,,
2234733020,41.1799412,-8.6591358,3,70.0,,,
2234733024,41.1818745,-8.6606282,1,71.0,,,
2234733028,41.1800206,-8.658799,1,70.0,,,
2234753574,41.1791078,-8.6611857,3,70.0,,,
2234753576,41.1782583,-8.6690492,3,62.0,,,
2234753618,41.1772862,-8.6698738,3,62.0,,,
2234753620,41.1770137,-8.672921,3,29.0,,,
2234753637,41.1780384,-8.660706,3,70.0,,,
2234753642,41.1755647,-8.6758183,3,19.0,,,
2234753653,41.1751815,-8.67505,3,19.0,,,
2234753691,41.1779962,-8.66113,4,70.0,crossing,,
2234753709,41.1772459,-8.6693717,3,62.0,,,
2234753721,41.1781032,-8.661042,3,70.0,,,
2234753730,41.177076,-8.6732495,3,29.0,,,
2234753739,41.1781467,-8.6607781,3,70.0,,,
2234753756,41.1752297,-8.6747064,4,29.0,,,
2234753760,41.1781604,-8.6594452,4,75.0,crossing,,
2234753762,41.1800738,-8.6609955,4,67.0,,,
2234753768,41.1782517,-8.668114,3,69.0,,,
2234753779,41.1778192,-8.6710798,1,46.0,,,
2234753783,41.1788345,-8.6620742,3,70.0,,,
2234753792,41.1754232,-8.6751377,3,19.0,,,
2234753797,41.1769535,-8.6730399,3,29.0,,,
2234753804,41.1780365,-8.6599904,3,75.0,,,
2234753806,41.1786492,-8.658686,3,75.0,,,
2234753815,41.1754297,-8.6754723,3,19.0,,,
2234753818,41.1767377,-8.6709084,3,46.0,,,
2234753824,41.1745952,-8.6752754,4,24.0,crossing,,
2234753829,41.1772813,-8.6694168,3,62.0,,,
2234753833,41.1787339,-8.6607758,3,70.0,,,
2234753844,41.1750413,-8.6749438,4,29.0,,,
2234753854,41.1744158,-8.6754595,3,24.0,,,
2234753872,41.1781734,-8.6692314,3,62.0,,,
2234753905,41.1750594,-8.6757771,3,19.0,,,
2234753922,41.1797554,-8.6667723,3,55.0,,,
2234753932,41.1773325,-8.6728886,3,46.0,,,
2234753938,41.1778115,-8.6681497,1,69.0,,,
2234753964,41.1766416,-8.6693598,4,64.0,,,
2234753971,41.1785293,-8.6679602,1,69.0,,,
2234753996,41.1778672,-8.6700183,3,62.0,,,
2234754038,41.1754199,-8.6747544,3,29.0,,,
2234754045,41.1781154,-8.6698977,3,62.0,,,
2234754110,41.1792534,-8.663132,1,65.0,turning_circle,,
2234795869,41.194228,-8.6944109,3,23.0,,,
2234795881,41.1935014,-8.6957601,3,10.0,,,
2234795885,41.1938669,-8.6961706,3,20.0,,,
2234795891,41.1941676,-8.6957358,3,23.0,,,
2234795895,41.1932923,-8.6950906,3,10.0,,,
2234795908,41.1936425,-8.6959797,3,26.0,,,
2234795913,41.1937329,-8.6957452,4,10.0,,,
2234795919,41.1942541,-8.6943056,3,23.0,,,
2234795932,41.1934958,-8.6963763,3,26.0,,,
2234795951,41.1934837,-8.6958647,3,26.0,,,
2234795961,41.1941943,-8.6943186,3,23.0,,,
2234962159,41.1806535,-8.6661154,3,68.0,,,
2234962161,41.1761147,-8.6725024,3,46.0,,,
2234962181,41.1804665,-8.6669629,4,55.0,,,
2234962185,41.1775088,-8.6750651,3,29.0,,,
2234962186,41.1717743,-8.6773977,3,26.0,,,
2234962189,41.1739725,-8.6752624,3,24.0,,,
2234962192,41.1775902,-8.6753045,3,29.0,,,
2234962193,41.1807824,-8.666227,3,68.0,,,
2234962197,41.1788701,-8.6737287,3,26.0,,,
2234962205,41.1757449,-8.6716844,3,46.0,,,
2234962206,41.1787271,-8.6743423,3,26.0,,,
2234962207,41.1739378,-8.6745841,3,36.0,crossing,,
2234962213,41.1782401,-8.6749613,1,26.0,,,
2234962214,41.1750597,-8.6743767,4,29.0,crossing,,
2234962229,41.1743267,-8.6732771,3,36.0,,,
2234962231,41.1739352,-8.6740063,3,36.0,,,
2234962232,41.1755303,-8.6713988,4,46.0,,,
2234962239,41.1719337,-8.677365,3,26.0,,,
2234962244,41.1766776,-8.6725063,3,46.0,,,
2234962249,41.1750783,-8.6720423,3,46.0,,,
2234962250,41.1757812,-8.6722296,3,46.0,,,
2234962268,41.1739866,-8.6744493,4,36.0,crossing,,
2234962271,41.1737963,-8.6731666,3,36.0,,,
2234962279,41.1755651,-8.6719315,3,46.0,,,
2234962280,41.1741369,-8.6735283,3,36.0,,,
2234962306,41.1774834,-8.6756869,3,29.0,,,
2234962317,41.1761885,-8.6758772,3,19.0,,,
2234962320,41.1739359,-8.674449,3,36.0,,,
2234962325,41.1730446,-8.6741612,3,36.0,,,
2234962328,41.1774609,-8.6749104,3,26.0,,,
2234962332,41.1791175,-8.6741537,4,26.0,crossing,,
2234962333,41.1767234,-8.6720028,3,46.0,,,
2234962335,41.1746708,-8.6721021,1,44.0,,,
2234962338,41.1762117,-8.6724258,3,46.0,crossing,,
2234962340,41.1757266,-8.6730569,4,29.0,crossing,,
2234962342,41.1749255,-8.673368,3,36.0,,,
2234962362,41.1803274,-8.666859,3,55.0,,,
2234962366,41.1753351,-8.6738643,4,29.0,crossing,,
2234962382,41.1773286,-8.6730436,3,26.0,,,
2234962401,41.1767725,-8.6751543,3,19.0,,,
2234962427,41.1746538,-8.672912,4,44.0,,,
2235049391,41.1856272,-8.678239,3,50.0,,,
2235049394,41.1849175,-8.6800061,4,35.0,crossing,,
2235049398,41.185294,-8.6790718,4,36.0,crossing,,
2235049401,41.1841501,-8.6799383,4,35.0,crossing,,
2255696000,41.1831309,-8.6834076,3,23.0,,,
2255696031,41.1830802,-8.6835847,3,23.0,,,
2255715465,41.1903508,-8.6828649,3,10.0,,,
2255715469,41.1902369,-8.6824836,4,10.0,crossing,,
2255728549,41.1861287,-8.6805254,3,36.0,,,
2255728551,41.1857917,-8.6796556,3,36.0,,,
2255728564,41.1862658,-8.6806693,3,36.0,,,
2255728648,41.1858588,-8.6797338,3,36.0,,,
2255820767,41.1913555,-8.6636975,3,76.0,,,
2255820770,41.1877346,-8.6662492,3,73.0,,,
2255820775,41.1885074,-8.6652391,4,73.0,,,
2255820777,41.1905741,-8.6625814,3,76.0,,,
2255820783,41.1910186,-8.6645879,3,73.0,,,
2255820785,41.1887068,-8.6649501,3,73.0,,,
2255820788,41.1897014,-8.6637541,3,76.0,,,
2255820789,41.1903349,-8.6638467,3,76.0,,,
2255820792,41.1907651,-8.6644534,3,76.0,,,
2255820794,41.1897422,-8.6656786,3,73.0,,,
2255820805,41.1920639,-8.6626662,3,80.0,,,
2255820813,41.1896176,-8.663574,3,76.0,,,
2255820816,41.1901186,-8.6637714,3,76.0,,,
2255820824,41.1917122,-8.6648485,3,72.0,,,
2255820828,41.1896143,-8.6652906,1,73.0,,,
2255820854,41.1878824,-8.6660106,3,73.0,,,
2255820869,41.1883325,-8.6653267,3,73.0,,,
2255820884,41.1906638,-8.664203,3,76.0,,,
2255820885,41.1902237,-8.6654929,3,73.0,,,
2255820887,41.1904487,-8.6660439,3,73.0,,,
2255820891,41.189985,-8.6624533,5,79.0,,,
2255820906,41.1939964,-8.662313,3,78.0,,,
2255820908,41.1913831,-8.6624066,3,79.0,,,
2255820920,41.1878219,-8.6661046,3,73.0,,,
2255820930,41.1884341,-8.6651698,3,73.0,,,
2255820934,41.1884241,-8.6653483,3,73.0,,,
2255820941,41.1910766,-8.662629,3,76.0,,,
2255820943,41.1909725,-8.6649333,3,73.0,,,
2255820954,41.1887482,-8.6649723,3,73.0,,,
2255820958,41.1900193,-8.6650033,3,73.0,,,
2255820960,41.1907044,-8.6629136,3,76.0,,,
2255820969,41.1908716,-8.6646942,3,73.0,,,
2255820970,41.1901266,-8.6628011,3,76.0,,,
2255820971,41.1894988,-8.6667263,3,66.0,,,
2255922758,41.1860572,-8.6632506,3,65.0,,,
2255922763,41.1855993,-8.6639058,4,65.0,,,
2255922764,41.1865884,-8.6641535,3,65.0,,,
2255922767,41.1861262,-8.6630005,4,65.0,crossing,,
2255922769,41.1865335,-8.664346,3,65.0,,,
2255922773,41.1863885,-8.6646426,3,71.0,,,
2255922775,41.1862504,-8.6629857,3,65.0,,,
2255922782,41.1861998,-8.6630554,4,65.0,crossing,,
2255922784,41.1856967,-8.6637738,3,65.0,,,
2255922794,41.1852668,-8.6630061,3,69.0,,,
2255922796,41.1864692,-8.6644906,3,65.0,,,
2255922800,41.1861699,-8.6629303,3,65.0,,,
2255922802,41.185914,-8.6633174,4,65.0,,,
2255922804,41.1855428,-8.6638321,4,65.0,,,
2255922809,41.1854445,-8.6627325,3,65.0,,,
2255922813,41.1866153,-8.663952,3,65.0,,,
2255922815,41.185634,-8.6637046,3,65.0,,,
2255922819,41.1858735,-8.6635194,3,65.0,,,
2255922823,41.1851806,-8.6631449,3,69.0,,,
2255922825,41.1863008,-8.6647801,3,71.0,,,
2255922829,41.1859652,-8.6633861,4,65.0,,,
2255922831,41.185452,-8.6639531,3,65.0,,,
2255922833,41.1858197,-8.6634494,3,65.0,,,
2255922838,41.1857265,-8.6635764,4,65.0,,,
2255922846,41.1855119,-8.6640276,3,65.0,,,
2255922853,41.1850969,-8.6632834,3,69.0,,,
2255922855,41.1857833,-8.6636483,4,65.0,,,
2255922858,41.1853536,-8.662872,3,69.0,,,
2258130826,41.182413,-8.6746709,1,51.0,turning_loop,,
2258130831,41.1819272,-8.6740263,3,51.0,,,
2258130840,41.1808823,-8.6738464,3,51.0,,,
2258130857,41.1823975,-8.6743683,1,51.0,,,
2258130899,41.1804943,-8.6733884,3,51.0,,,
2258130901,41.1804558,-8.6744679,3,51.0,,,
2258130905,41.1800587,-8.6734162,1,51.0,,,
2262616854,41.1888151,-8.6752755,3,46.0,,,
2264487475,41.2169289,-8.6747776,3,67.0,,,
2264487487,41.2170413,-8.6748736,3,67.0,,,
2264487500,41.21878,-8.6734557,3,60.0,,,
2268112379,41.2249713,-8.6849651,3,50.0,,,
2268112380,41.2249853,-8.6850659,3,50.0,,,
2268112389,41.2244526,-8.6830144,3,58.0,,,
2269730975,41.2129867,-8.6765303,3,65.0,,,
2269730978,41.2128165,-8.6767738,3,65.0,,,
2269730982,41.2137575,-8.6757954,3,65.0,,,
2269730984,41.2140273,-8.675613,1,65.0,,,
2269730993,41.2137514,-8.6764472,3,65.0,,,
2269730997,41.2139426,-8.6758222,3,65.0,,,
2269731005,41.2136525,-8.6761414,3,65.0,,,
2269731026,41.2137615,-8.6763962,3,65.0,,,
2269738043,41.2175306,-8.6797474,3,59.0,,,
2269738053,41.2176207,-8.6783524,3,60.0,,,
2269747360,41.2239193,-8.6794548,3,59.0,,,
2269751142,41.2257533,-8.6815167,3,54.0,,,
2269751143,41.2256927,-8.681625,3,54.0,,,
2269754329,41.2243939,-8.6827209,3,58.0,,,
2269754330,41.2256778,-8.6826468,3,54.0,,,
2269754332,41.2266524,-8.6833101,3,54.0,,,
2269761948,41.2005096,-8.6984762,3,37.0,,,
2269761955,41.199978,-8.698453,3,30.0,,,
2271458871,41.1860314,-8.678624,4,50.0,crossing,,
2271458873,41.1861553,-8.6786992,4,50.0,crossing,,
2278256405,41.1726483,-8.6746729,3,36.0,,,
2279720748,41.1767393,-8.6715959,3,46.0,,,
2292389946,41.1976729,-8.6117812,3,100.0,,,
2292389948,41.1983701,-8.6123799,3,88.0,,,
2292389949,41.1976697,-8.6118994,3,100.0,,,
2292389952,41.1974241,-8.6116934,1,100.0,,,
2292389953,41.1989821,-8.6121949,1,88.0,,,
2292389956,41.1976662,-8.6121328,3,100.0,,,
2292389958,41.1976677,-8.6119679,3,100.0,,,
2292389963,41.203214,-8.6110711,1,59.0,,,
2292389965,41.197614,-8.6127659,3,101.0,,,
2292389966,41.1976516,-8.6125216,4,101.0,,,
2292389967,41.1983746,-8.611967,3,88.0,,,
2292389968,41.1979649,-8.6126268,1,84.0,,,
2292389970,41.197083,-8.6121172,3,100.0,,,
2292389973,41.1983908,-8.6123881,3,88.0,,,
2292389974,41.2011715,-8.6106173,3,67.0,,,
2292389975,41.1983827,-8.6121788,4,88.0,,,
2292389976,41.1976666,-8.6121006,3,100.0,,,
2292389977,41.197085,-8.6119362,3,100.0,,,
2292509806,41.2026062,-8.6088927,3,70.0,,,
2292509812,41.2040574,-8.6093224,1,70.0,,,
2292541456,41.2042507,-8.613977,3,44.0,,,
2292541464,41.2041867,-8.613327,3,44.0,,,
2292541467,41.2048728,-8.614212,1,44.0,,,
2292541496,41.1985519,-8.61046,3,88.0,,,
2292541518,41.2048062,-8.6133912,1,44.0,,,
2292564264,41.1941928,-8.6197373,1,72.0,,,
2292564294,41.1923568,-8.6185397,3,83.0,,,
2292582127,41.1922956,-8.6194502,3,77.0,,,
2292597552,41.1899239,-8.6220814,1,87.0,,,
2292597553,41.1881688,-8.625257,3,101.0,,,
2292597554,41.1836365,-8.6327487,3,90.0,,,
2292597559,41.1860723,-8.6332225,3,93.0,,,
2292597561,41.1910707,-8.6222595,3,87.0,,,
2292597565,41.1907769,-8.6222312,3,87.0,,,
2292597566,41.1848002,-8.6345519,4,88.0,crossing,,
2292597567,41.1886794,-8.6253317,3,101.0,,,
2292597568,41.1839379,-8.6248752,3,95.0,,,
2292597570,41.1862778,-8.6340256,3,88.0,,,
2292597572,41.1903075,-8.6217086,3,87.0,,,
2292597574,41.1841539,-8.630243,3,91.0,,,
2292597575,41.1848635,-8.6304796,1,91.0,,,
2292597579,41.1867025,-8.6242258,3,100.0,,,
2292597580,41.184752,-8.6324733,3,90.0,,,
2292597581,41.1834068,-8.6343523,4,88.0,crossing,,
2292597582,41.1802351,-8.6342674,3,78.0,,,
2292597583,41.1844511,-8.6316229,3,90.0,,,
2292597584,41.1877305,-8.6239827,3,100.0,,,
2292597586,41.1848075,-8.6334188,3,88.0,,,
2292597588,41.1849085,-8.633275,4,90.0,,,
2292597589,41.1834915,-8.6332272,4,90.0,crossing,,
2292597591,41.1860142,-8.6323782,3,93.0,,,
2292597599,41.1904951,-8.6224759,3,87.0,,,
2292597600,41.1847749,-8.6323169,3,90.0,,,
2292597603,41.1866932,-8.6249343,3,100.0,,,
2292597605,41.1834587,-8.6332225,3,90.0,,,
2292597606,41.1872616,-8.6329955,1,93.0,,,
2292597609,41.1900975,-8.6217193,3,87.0,,,
2292597611,41.1839339,-8.632276,3,90.0,,,
2292597612,41.1891074,-8.625941,3,101.0,,,
2292597615,41.1840447,-8.6315256,3,90.0,,,
2292597616,41.1846616,-8.6249487,1,95.0,,,
2292597619,41.1853548,-8.6323361,1,90.0,,,
2292597620,41.1863302,-8.6332589,3,93.0,,,
2292597622,41.1833672,-8.6343466,3,88.0,,,
2292597623,41.1872233,-8.6333846,3,88.0,,,
2292597624,41.1906482,-8.6220728,3,87.0,,,
2292597625,41.1855337,-8.6323276,1,93.0,,,
2292597627,41.1885826,-8.6255027,3,101.0,,,
2292597631,41.1888055,-8.6255245,3,101.0,,,
2292597632,41.1849136,-8.6332118,1,90.0,,,
2292618076,41.205723,-8.6444013,3,92.0,,,
2292618077,41.2030723,-8.6516648,1,83.0,turning_circle,,
2292618078,41.192917,-8.6573878,3,87.0,,,
2292618080,41.1932451,-8.6577206,3,87.0,,,
2292618082,41.2081721,-8.6461893,3,82.0,,,
2292618083,41.2076116,-8.6464945,3,82.0,,,
2292618084,41.2058277,-8.6455719,3,92.0,,,
2292618085,41.206157,-8.6457456,3,92.0,,,
2292618086,41.2062474,-8.6455324,1,92.0,,,
2292618090,41.2026605,-8.6537225,4,79.0,crossing,,
2292618093,41.2033422,-8.6530409,3,79.0,,,
2292618094,41.2032823,-8.6578929,3,61.0,,,
2292618097,41.2072349,-8.6454711,3,82.0,,,
2292618101,41.1921673,-8.6586612,3,82.0,,,
2292618102,41.2047038,-8.6433527,1,88.0,turning_circle,,
2292618103,41.2077505,-8.6477305,3,82.0,,,
2292618104,41.2033734,-8.6567384,1,61.0,,,
2292618105,41.1994983,-8.6564083,3,75.0,,,
2292618106,41.2079219,-8.6449903,1,82.0,,,
2292618109,41.2080833,-8.6455455,1,82.0,,,
2292618113,41.205296,-8.6454829,3,92.0,,,
2292618116,41.2043811,-8.6448393,3,92.0,,,
2292618118,41.2059324,-8.6473592,3,89.0,,,
2292618124,41.2053723,-8.6452901,3,92.0,,,
2292618130,41.2059542,-8.6462411,3,89.0,,,
2295982799,41.2170074,-8.6238758,3,38.0,,,
2295982801,41.2169666,-8.6229037,3,48.0,,,
2295982806,41.2138766,-8.6220534,3,41.0,,,
2295982807,41.2137278,-8.6222231,3,41.0,,,
2299068191,41.1826418,-8.6597409,4,75.0,,,
2307526774,41.2048665,-8.6759,3,50.0,,,
2334439520,41.1786193,-8.6538369,3,83.0,,,
2334439521,41.1816065,-8.6544088,4,76.0,crossing,,
2352721951,41.1884591,-8.641418,3,104.0,,,
2352721965,41.1875341,-8.6441213,3,99.0,,,
2352721971,41.1881299,-8.644387,3,99.0,,,
2355264493,41.2341633,-8.7231951,1,0.0,,,
2355264497,41.2345336,-8.7219472,3,4.0,,,
2355264499,41.2345529,-8.7229696,1,0.0,,,
2355264503,41.2346385,-8.7225408,3,4.0,,,
2355264504,41.2346467,-8.721596,3,4.0,,,
2355264510,41.2349908,-8.7229167,3,4.0,,,
2355264518,41.2355605,-8.7230323,4,0.0,,,
2355264520,41.2358675,-8.7230746,3,0.0,,,
2355264521,41.2360171,-8.7229005,3,7.0,,,
2355264523,41.2361575,-8.7227452,3,7.0,,,
2355264525,41.2365124,-8.7231183,4,0.0,,,
2355264526,41.2365484,-8.7229224,3,0.0,,,
2358824020,41.1880362,-8.6116367,3,85.0,,,
2358824314,41.1908406,-8.610384,3,99.0,,,
2358824365,41.1909324,-8.6110009,1,97.0,,,
2358824373,41.190943,-8.6110933,1,97.0,,,
2358824415,41.1910503,-8.6116875,3,97.0,,,
2380495262,41.1912879,-8.6292957,3,107.0,,,
2401586264,41.2131662,-8.6135981,3,87.0,,,
2401592060,41.2111969,-8.6136675,3,80.0,,,
2401592065,41.2106343,-8.6131934,3,80.0,,,
2401598414,41.2041562,-8.6145378,3,59.0,,,
2449521472,41.202394,-8.6427573,3,97.0,,,
2449521483,41.2024846,-8.6428272,3,97.0,,,
2449521484,41.2033059,-8.6416843,3,97.0,,,
2455918076,41.1840206,-8.6811002,3,35.0,,,
2455918079,41.1837412,-8.6817657,3,37.0,,,
2486315150,41.1801771,-8.6238022,3,94.0,,,
2486324296,41.2095391,-8.6896099,3,39.0,,,
2486324300,41.2084551,-8.6884967,4,46.0,,,
2486324302,41.2072181,-8.6882794,3,40.0,,,
2486324309,41.207992,-8.6894447,5,40.0,crossing,,
2486324313,41.2083467,-8.6892538,3,46.0,,,
2486324317,41.2084036,-8.6895105,4,46.0,crossing,,
2486324318,41.2083138,-8.6895861,3,40.0,,,
2486324319,41.208452,-8.6892562,4,46.0,,,
2486324320,41.2074884,-8.6892376,3,40.0,,,
2486324324,41.2074617,-8.6893578,3,40.0,,,
2486324327,41.2072485,-8.6892152,3,40.0,,,
2486324328,41.2095397,-8.6892878,3,46.0,,,
2486324330,41.2094465,-8.6892865,3,46.0,,,
2486324332,41.2085584,-8.68926,3,46.0,,,
2486710655,41.1843649,-8.6418638,4,90.0,crossing,,
2486710676,41.1817277,-8.6512364,3,83.0,,,
2522135637,41.2213317,-8.714206,1,9.0,,,
2522135655,41.2259336,-8.7167412,1,2.0,,,
2522135693,41.2363386,-8.7234481,3,0.0,,,
2522135708,41.2406288,-8.7246839,1,7.0,,,
2522135729,41.2437709,-8.7244566,1,0.0,,,
2522135753,41.250471,-8.7235425,1,0.0,,,
2522135754,41.250991,-8.7234342,1,0.0,,,
2522135755,41.251425,-8.7233416,1,0.0,,,
2522135783,41.2611032,-8.7245232,3,8.0,,,
2522359146,41.2547622,-8.7183841,3,16.0,,,
2524336197,41.1820972,-8.6519207,3,83.0,,,
2524336203,41.1821553,-8.6518301,3,83.0,,,
2583930769,41.1855134,-8.6102289,1,89.0,,,
2583954419,41.1795541,-8.6296451,4,86.0,,,
2592347005,41.1870281,-8.6570983,3,78.0,,,
2592347007,41.1870868,-8.6579563,3,78.0,,,
2592347008,41.187159,-8.6571685,3,78.0,,,
2592347009,41.1872636,-8.6579352,3,78.0,,,
2592347010,41.1873104,-8.6572513,3,78.0,,,
2592347011,41.1874455,-8.6579161,3,78.0,,,
2592347012,41.18746,-8.6573356,3,78.0,,,
2592347013,41.1875958,-8.6574139,3,75.0,,,
2595069098,41.189599,-8.6158024,1,89.0,,,
2595671212,41.1888784,-8.6311018,3,102.0,,,
2595671225,41.1870324,-8.6305307,3,95.0,,,
2595671228,41.1874548,-8.6292727,3,95.0,,,
2595671232,41.1891347,-8.6298706,3,102.0,,,
2595671239,41.1892961,-8.6302858,3,102.0,,,
2595671246,41.1865086,-8.6241937,3,100.0,,,
2595671261,41.1885259,-8.6308797,3,102.0,,,
2595671268,41.1872918,-8.6304649,4,95.0,,,
2595671272,41.187169,-8.6294522,3,95.0,,,
2595671287,41.1862231,-8.6286138,3,104.0,,,
2595671291,41.187641,-8.6263542,1,101.0,,,
2595671297,41.1886466,-8.6297797,3,102.0,,,
2595671298,41.1874709,-8.6262255,3,103.0,,,
2595671324,41.1890217,-8.629825,3,102.0,,,
2595671326,41.1863601,-8.6240721,3,100.0,,,
2595671360,41.1872747,-8.6305752,3,95.0,,,
2595694486,41.1942857,-8.6160305,3,97.0,,,
2596003164,41.2043077,-8.6163084,3,39.0,,,
2596033669,41.1867974,-8.6469155,3,92.0,,,
2596033674,41.1863033,-8.6467864,3,92.0,,,
2596033684,41.1874472,-8.6465406,3,92.0,,,
2596033686,41.1867696,-8.6466862,3,92.0,,,
2596033688,41.1858897,-8.6472253,3,92.0,,,
2596033690,41.1814665,-8.6316731,4,83.0,,,
2596033693,41.1848839,-8.6325043,3,90.0,,,
2596033695,41.1923459,-8.6252975,1,88.0,,,
2596033701,41.1875583,-8.6476027,1,98.0,,,
2596033704,41.1947639,-8.6278831,1,92.0,,,
2596033719,41.1829166,-8.6318633,3,83.0,,,
2596033722,41.1863385,-8.6470118,4,92.0,,,
2596033728,41.1868704,-8.6475071,3,92.0,,,
2596033738,41.1848982,-8.6323448,3,90.0,,,
2596033750,41.1817323,-8.6306275,3,84.0,,,
2596033765,41.1927718,-8.6247583,3,81.0,,,
2596033774,41.1946771,-8.6276524,3,92.0,,,
2596033784,41.192901,-8.625284,1,88.0,,,
2596033786,41.1857885,-8.6472115,3,92.0,,,
2596033789,41.1869043,-8.6477851,1,92.0,,,
2596033793,41.1856848,-8.6465121,3,92.0,,,
2596033797,41.1942764,-8.6273229,1,92.0,,,
2596033799,41.1813551,-8.6322013,1,83.0,,,
2596033800,41.1858373,-8.6476539,3,92.0,,,
2596033802,41.1823483,-8.6319653,3,83.0,,,
2596033806,41.180949,-8.6314142,1,81.0,,,
2596033808,41.1930463,-8.6251151,3,88.0,,,
2596033810,41.1923136,-8.6242729,3,81.0,,,
2596033819,41.1875369,-8.6473724,3,98.0,,,
2596033823,41.186205,-8.6460106,3,92.0,,,
2596033825,41.1924926,-8.6244062,3,81.0,,,
2596082387,41.1838239,-8.673663,1,46.0,,,
2596082397,41.1860018,-8.6661496,3,71.0,,,
2596082400,41.1837817,-8.6724431,3,60.0,,,
2596082405,41.1868382,-8.669373,1,61.0,,,
2596082412,41.1833534,-8.6691872,3,66.0,,,
2596082422,41.1808483,-8.6707165,1,53.0,,,
2596082428,41.1842296,-8.6701424,3,66.0,,,
2596082435,41.1863081,-8.6665276,3,71.0,,,
2596082446,41.1821267,-8.673373,4,51.0,crossing,,
2596082454,41.1816866,-8.6712796,3,61.0,,,
2596082460,41.1861479,-8.6689191,3,61.0,,,
2596082465,41.1855833,-8.6671344,3,70.0,,,
2596082486,41.1855233,-8.6668525,3,70.0,,,
2596082494,41.1843719,-8.671675,3,60.0,,,
2596082497,41.1834202,-8.6730059,3,46.0,,,
2596082500,41.1857967,-8.6672767,3,70.0,,,
2596082502,41.1867664,-8.6679302,3,70.0,,,
2611053435,41.2152102,-8.636685,3,85.0,,,
2611061177,41.2108483,-8.6331368,3,85.0,,,
2611061179,41.2095904,-8.6338924,3,92.0,,,
2611061185,41.2100327,-8.634904,3,92.0,,,
2611061199,41.2107067,-8.6366421,3,85.0,,,
2611061201,41.216461,-8.6372034,1,85.0,,,
2611061211,41.2130216,-8.6364167,4,86.0,,,
2611061218,41.2119819,-8.6361593,3,85.0,,,
2611061223,41.2109084,-8.6365723,3,85.0,,,
2611061229,41.2093118,-8.6367386,3,90.0,,,
2611061233,41.2073522,-8.6368081,3,92.0,,,
2611061236,41.2070241,-8.6369044,4,92.0,,,
2611061240,41.2065789,-8.6370014,3,92.0,,,
2611061243,41.2063459,-8.6373169,3,92.0,,,
2615131147,41.1907688,-8.7055664,3,1.0,,,
2615131148,41.1979097,-8.7103653,4,9.0,,,
2615131149,41.197966,-8.7102268,4,13.0,crossing,,
2615131150,41.1980911,-8.7104948,4,1.0,,,
2615131151,41.1980864,-8.709955,3,13.0,,,
2615131152,41.1981173,-8.7101339,4,13.0,crossing,,
2615131153,41.1981433,-8.7103473,4,13.0,crossing,,
2615131154,41.1981742,-8.7102658,4,13.0,crossing,,
2615131155,41.198165,-8.7100047,4,13.0,crossing,,
2615131156,41.1982507,-8.7100643,3,13.0,,,
2615131158,41.1988498,-8.7110158,3,1.0,,,
2615131178,41.2014408,-8.6985518,3,37.0,,,
2615131179,41.2022896,-8.7133911,3,6.0,,,
2615131181,41.2026994,-8.7139965,3,6.0,,,
2615131182,41.2027866,-8.7146964,1,0.0,,,
2615131183,41.2031728,-8.7140032,3,6.0,,,
2615131186,41.2035052,-8.7141963,4,6.0,,,
2615131192,41.2039696,-8.7143246,3,6.0,,,
2615131201,41.2051803,-8.7149428,3,2.0,,,
2615131207,41.2055621,-8.7149457,4,2.0,,,
2615131208,41.2055872,-8.7158056,3,2.0,,,
2615131211,41.2056365,-8.7147871,3,2.0,,,
2615131229,41.20712,-8.715116,3,0.0,,,
2615131231,41.2071872,-8.7152715,3,0.0,,,
2615131237,41.2072608,-8.715583,3,0.0,,,
2615131252,41.2081212,-8.715003,3,0.0,,,
2615131259,41.2085481,-8.714557,3,6.0,,,
2615131261,41.2085984,-8.7147055,4,0.0,,,
2615131268,41.2088686,-8.7147713,3,0.0,,,
2615131297,41.2099793,-8.7138559,3,6.0,,,
2615131299,41.2099953,-8.7140148,3,6.0,,,
2615131300,41.2100183,-8.7141786,3,6.0,,,
2668570351,41.2026582,-8.6537865,4,79.0,crossing,,
2668570356,41.2053037,-8.6542277,3,73.0,,,
2668584658,41.2059627,-8.6577274,3,67.0,,,
2668584659,41.206405,-8.6575856,3,70.0,,,
2668584665,41.208238,-8.6557939,3,69.0,,,
2668584670,41.2090995,-8.655146,1,64.0,,,
2668584674,41.2076825,-8.659603,1,67.0,,,
2668584676,41.2073916,-8.6599264,3,67.0,,,
2668584677,41.2069279,-8.6576466,1,70.0,,,
2740169072,41.1988145,-8.6063754,1,86.0,,,
2740169076,41.198755,-8.6059863,3,85.0,,,
2740169078,41.1990849,-8.605905,3,85.0,,,
2740169080,41.1991193,-8.606134,1,85.0,,,
2740169082,41.1990365,-8.6055842,1,85.0,,,
2774219167,41.2647449,-8.7262604,3,9.0,,,
2774219168,41.2645895,-8.7267866,3,9.0,,,
2774219171,41.2651749,-8.7270939,4,0.0,,,
2774220180,41.2648114,-8.7262964,3,9.0,,,
2816940718,41.1915618,-8.6419898,4,104.0,,,
2816940720,41.1897108,-8.6408663,3,104.0,,,
2854223943,41.2297372,-8.6446618,3,63.0,,,
2854223946,41.2294669,-8.6455067,3,63.0,,,
2854223948,41.2296193,-8.6453925,3,63.0,,,
2854223950,41.2307156,-8.6447371,1,63.0,,,
2854223951,41.2298426,-8.6439629,3,63.0,,,
2854223953,41.2273403,-8.6435577,3,70.0,,,
2854223954,41.2282273,-8.6425221,1,70.0,,,
2854223957,41.2274429,-8.6422408,3,70.0,,,
2854223958,41.2272829,-8.6442138,3,59.0,,,
2854223964,41.2264026,-8.6439919,1,52.0,,,
2854223965,41.2268621,-8.6405196,3,73.0,,,
2854223967,41.2272821,-8.6393597,3,52.0,,,
2854223968,41.2282746,-8.6380829,1,52.0,,,
2854223974,41.2250961,-8.6386918,3,70.0,,,
2854223975,41.2252989,-8.6393007,1,70.0,,,
2854223976,41.2248469,-8.6391455,1,66.0,,,
2854223977,41.2259144,-8.6431014,1,60.0,,,
2854223978,41.2241472,-8.6420499,3,61.0,,,
2854223979,41.2233791,-8.6417634,3,61.0,,,
2854223980,41.224357,-8.6410414,3,68.0,,,
2854223984,41.2231898,-8.6407059,3,68.0,,,
2854223985,41.2232568,-8.6402422,3,68.0,,,
2854223989,41.2251639,-8.6438309,3,52.0,,,
2854223990,41.2254238,-8.6438574,1,52.0,,,
2854223991,41.2246099,-8.6437664,3,54.0,,,
2854223992,41.2246728,-8.6441563,1,54.0,,,
2854223993,41.2222107,-8.637785,1,67.0,,,
2854223994,41.2162917,-8.6356369,3,85.0,,,
2854223996,41.2184591,-8.6349617,3,72.0,,,
2854224000,41.2190862,-8.6361555,3,74.0,,,
2854226003,41.2209772,-8.6339682,3,55.0,,,
2854226004,41.2213666,-8.6333432,3,55.0,,,
2854226005,41.2215269,-8.6330919,3,63.0,,,
2854226006,41.2216985,-8.6328011,3,63.0,,,
2854226007,41.2206564,-8.6316333,1,52.0,,,
2854226014,41.2195927,-8.6349816,3,67.0,,,
2854226015,41.2203071,-8.6349895,3,67.0,,,
2854226016,41.2189245,-8.6349734,3,67.0,,,
2854226019,41.2187676,-8.635307,3,67.0,,,
2854226020,41.2185805,-8.6351747,3,72.0,,,
2854226025,41.2196742,-8.6373657,3,74.0,,,
2854226029,41.2198165,-8.6374502,3,74.0,,,
2854226031,41.2204183,-8.6370138,3,74.0,,,
2854226032,41.2205152,-8.6370889,3,74.0,,,
2854226033,41.2206745,-8.6374573,3,74.0,,,
2854226034,41.2208149,-8.637107,3,74.0,,,
2854226035,41.2203982,-8.6367134,3,74.0,,,
2854226038,41.2214555,-8.6359619,3,59.0,,,
2854226040,41.2203901,-8.6363808,1,74.0,,,
2854226041,41.2173838,-8.6349315,3,72.0,,,
2854226043,41.2158439,-8.6355614,3,85.0,,,
2854226048,41.2150233,-8.6343987,3,80.0,,,
2854226050,41.2142673,-8.633687,3,87.0,,,
2854226051,41.2134736,-8.633028,3,79.0,,,
2854226052,41.2147185,-8.6351745,3,80.0,,,
2854226058,41.2129471,-8.6329463,3,79.0,,,
2854226060,41.2121806,-8.6334899,1,91.0,,,
2854226061,41.2130886,-8.6332163,1,79.0,,,
2854226063,41.2132319,-8.6336991,3,87.0,,,
2854226064,41.2133691,-8.6330231,3,79.0,,,
2854226065,41.213107,-8.634414,3,87.0,,,
2854226074,41.2157001,-8.6315904,3,72.0,,,
2854226075,41.2148426,-8.6308349,1,63.0,,,
2854226076,41.216101,-8.6319784,3,72.0,,,
2854226091,41.2125364,-8.6310459,3,66.0,,,
2854226093,41.2119521,-8.6296718,3,79.0,,,
2854248767,41.2104501,-8.6346612,3,91.0,,,
2854248770,41.2105792,-8.6347363,3,91.0,,,
2854248771,41.2119231,-8.6355087,3,85.0,,,
2854248772,41.2116848,-8.6353718,3,91.0,,,
2854248775,41.2112553,-8.6351249,3,91.0,,,
2854248776,41.2127826,-8.6357555,1,86.0,,,
2854248778,41.2121168,-8.634747,3,91.0,,,
2854248779,41.2120127,-8.6350868,3,91.0,,,
2854248781,41.2125805,-8.635013,3,87.0,,,
2854248782,41.2122388,-8.6351222,3,91.0,,,
2854248783,41.2123109,-8.6348583,3,91.0,,,
2854248784,41.2127365,-8.6353519,3,87.0,,,
2854248789,41.2140013,-8.6359406,1,86.0,,,
2854248791,41.2142339,-8.6349822,3,87.0,,,
2854248793,41.2088277,-8.6351238,1,92.0,,,
2854248794,41.2098781,-8.6344771,3,92.0,,,
2854248795,41.2091833,-8.634905,3,92.0,,,
2854248797,41.2090416,-8.6342334,1,92.0,,,
2854248798,41.2130448,-8.6370574,3,86.0,,,
2854249301,41.2139085,-8.6389514,3,76.0,,,
2854249304,41.2145824,-8.6386563,3,76.0,,,
2854249309,41.2150183,-8.6381467,3,74.0,,,
2854249310,41.2163479,-8.6371863,3,85.0,,,
2854249311,41.2145704,-8.6371503,3,86.0,,,
2854249312,41.2140821,-8.6374829,3,86.0,,,
2854249314,41.2138826,-8.6366988,3,86.0,,,
2854249315,41.2135737,-8.6385183,3,76.0,,,
2854249316,41.2136951,-8.6384682,3,76.0,,,
2854249319,41.2126401,-8.6379657,4,76.0,,,
2854249322,41.2127989,-8.6387865,3,76.0,,,
2854249323,41.2126803,-8.6386961,3,76.0,,,
2854249326,41.2126594,-8.6388478,4,76.0,,,
2854249328,41.2122751,-8.6403506,3,64.0,,,
2854249333,41.2124522,-8.6397918,3,64.0,,,
2854249334,41.2123334,-8.6394731,3,74.0,,,
2854249339,41.2112922,-8.6390815,3,74.0,,,
2854249341,41.2125785,-8.6384412,3,76.0,,,
2854249342,41.211858,-8.6387922,3,74.0,,,
2854249343,41.2114631,-8.6379376,3,74.0,,,
2854249347,41.2108658,-8.6380448,3,74.0,,,
2854249349,41.2109587,-8.6372241,3,85.0,,,
2854249355,41.2129591,-8.6372316,3,86.0,,,
2854249359,41.210811,-8.6386877,3,74.0,,,
2854249360,41.2098771,-8.6378437,1,85.0,,,
2854249364,41.2063961,-8.6369539,4,92.0,,,
2854249371,41.2072446,-8.6332015,3,83.0,,,
2854249372,41.2070561,-8.6371235,3,92.0,,,
2854249376,41.2067896,-8.6371588,3,92.0,,,
2854249377,41.2071699,-8.6373706,3,92.0,,,
2854249378,41.2072759,-8.6376055,1,94.0,,,
2854249379,41.2076454,-8.6371342,3,92.0,,,
2854270803,41.2180742,-8.6457957,3,37.0,,,
2854270818,41.2110565,-8.6460783,3,60.0,,,
2854270821,41.2098235,-8.648168,3,70.0,,,
2854270824,41.208532,-8.6502601,3,63.0,,,
2854961997,41.2215251,-8.6684064,3,30.0,,,
2854975529,41.2243681,-8.6575617,1,67.0,turning_circle,,
2854975533,41.2253832,-8.6566044,3,62.0,,,
2854975534,41.2238956,-8.6564344,1,67.0,,,
2854975537,41.224459,-8.655834,3,55.0,,,
2854985802,41.2205729,-8.6682079,3,26.0,,,
2854985803,41.2203127,-8.6683409,4,26.0,,,
2854985805,41.2206685,-8.6681705,3,26.0,,,
2855060593,41.23316,-8.6480708,1,37.0,,,
2857373855,41.2139922,-8.6433705,3,60.0,,,
2857848408,41.2250099,-8.6391985,4,70.0,,,
2858956497,41.234242,-8.6449108,3,39.0,,,
2858959613,41.2350061,-8.6440348,1,39.0,,,
2859242937,41.2299492,-8.6751269,3,71.0,,,
2859242939,41.2298798,-8.6746306,1,69.0,,,
2860339713,41.2335325,-8.6478368,1,33.0,,,
2860339714,41.2339652,-8.6473222,3,33.0,,,
2873760969,41.1854188,-8.6240938,3,100.0,,,
2885210529,41.2205049,-8.6142549,1,93.0,,,
2885255267,41.2209716,-8.6199779,1,69.0,,,
2952689667,41.1812221,-8.6697273,3,53.0,,,
2952689679,41.1856343,-8.6726637,1,59.0,,,
2952689684,41.1860517,-8.6718785,3,59.0,,,
2952689685,41.185602,-8.6737212,3,46.0,,,
2952689709,41.1860883,-8.6729753,3,46.0,,,
2952689710,41.186082,-8.6728772,3,59.0,,,
2952689718,41.1865423,-8.6727467,1,59.0,,,
2952717570,41.1851107,-8.6761822,1,35.0,,,
2952717571,41.1849654,-8.676627,3,35.0,,,
2952717578,41.1855084,-8.6772692,3,50.0,,,
2952717590,41.1847236,-8.6763119,1,35.0,,,
2952717594,41.1850805,-8.6762747,4,35.0,,,
2970914673,41.2316712,-8.6925955,1,49.0,,,
2970914675,41.2317974,-8.6931345,3,49.0,,,
2970914676,41.2315449,-8.6930019,1,49.0,,,
2970918380,41.2269835,-8.6811456,3,60.0,,,
2970930129,41.2312994,-8.6933477,3,49.0,,,
3014330049,41.1966147,-8.7077129,1,14.0,,,
3014330050,41.1970431,-8.7079199,3,14.0,,,
3014330051,41.1972462,-8.7071024,3,14.0,,,
3014330056,41.2010164,-8.7039272,1,33.0,,,
3014330057,41.2011313,-8.7059278,4,25.0,,,
3014330058,41.2012172,-8.7073742,1,21.0,,,
3066500285,41.1884331,-8.6483344,3,92.0,,,
3066500292,41.1883301,-8.6483376,3,92.0,,,
3066500294,41.1882969,-8.6482941,4,92.0,,,
3072647753,41.2259517,-8.6845894,3,53.0,,,
3072649034,41.2255196,-8.6831985,1,54.0,,,
3072649035,41.232009,-8.6909071,3,49.0,,,
3072649039,41.2248798,-8.6825273,3,58.0,,,
3072649041,41.2314449,-8.684041,3,59.0,,,
3072649045,41.2328795,-8.6859099,3,58.0,,,
3072649050,41.2321946,-8.6859129,1,58.0,,,
3108425096,41.18311,-8.6525162,3,78.0,,,
3108588169,41.1980592,-8.6277471,3,77.0,,,
3108588177,41.2043025,-8.6272811,3,59.0,,,
3108588178,41.21075,-8.6276129,3,78.0,,,
3108588179,41.2112028,-8.6282671,3,78.0,,,
3108588187,41.1994052,-8.6275915,3,77.0,,,
3108588202,41.2203685,-8.6268454,3,56.0,motorway_junction,,
3108588205,41.2075043,-8.6295513,3,75.0,crossing,,
3108592737,41.2063411,-8.6286154,4,76.0,,,
3108592747,41.2066069,-8.629428,3,75.0,,,
3108592763,41.2112716,-8.6286609,3,78.0,,,
3108592776,41.2075342,-8.6307304,3,75.0,,,
3108592780,41.2066366,-8.6295084,3,75.0,,,
3108592782,41.2104535,-8.6275093,3,78.0,,,
3108592812,41.2077978,-8.6292088,3,75.0,,,
3108592821,41.2055916,-8.62725,3,59.0,motorway_junction,,
3108592828,41.2073559,-8.6288754,4,76.0,,,
3115072317,41.2355442,-8.6870557,3,64.0,,,
3115072321,41.2355078,-8.6872822,3,64.0,,,
3115072322,41.2354481,-8.6861306,3,64.0,,,
3121550740,41.2243811,-8.6831024,4,58.0,crossing,,
3121550742,41.2255417,-8.681462,3,54.0,,,
3121550749,41.2255497,-8.6815581,3,54.0,,,
3128076721,41.2320363,-8.6733793,3,70.0,,,
3128077036,41.2315077,-8.6741086,3,70.0,,,
3128077045,41.2320536,-8.6737006,1,70.0,,,
3128077049,41.2308335,-8.6747084,4,69.0,crossing,,
3128077052,41.2316867,-8.6743699,3,70.0,,,
3128077054,41.2315839,-8.6739892,3,70.0,,,
3128077066,41.2310736,-8.6744543,3,69.0,,,
3128077069,41.2322538,-8.6741155,3,70.0,,,
3128077072,41.2313894,-8.674294,3,70.0,,,
3128077073,41.2316708,-8.6738716,3,70.0,,,
3128077077,41.2320456,-8.6730408,3,70.0,,,
3128077083,41.231287,-8.6744543,3,70.0,,,
3128077086,41.2319325,-8.6740332,3,70.0,,,
3128187770,41.2339457,-8.6717426,1,72.0,,,
3128187775,41.2342923,-8.6713594,3,72.0,,,
3137464266,41.2220913,-8.6254307,3,63.0,,,
3137464273,41.2227236,-8.6245472,3,66.0,,,
3137464276,41.2227628,-8.6242146,3,66.0,,,
3137464285,41.2231695,-8.6247691,3,89.0,,,
3137464290,41.2233075,-8.6260707,3,75.0,,,
3137464295,41.2237152,-8.6254162,4,75.0,crossing,,
3137464298,41.2259067,-8.6242483,4,88.0,crossing,,
3137464299,41.2259543,-8.624459,3,88.0,,,
3139458015,41.1792735,-8.6523632,4,79.0,,,
3139458021,41.1792383,-8.6536003,3,79.0,,,
3139458022,41.1819136,-8.637275,3,81.0,,,
3139458268,41.1817528,-8.6369926,3,81.0,,,
3139458269,41.1811539,-8.620546,4,98.0,,,
3139469468,41.2070527,-8.6881357,4,40.0,crossing,,
3139469479,41.2076851,-8.6878664,1,40.0,,,
3139469482,41.2069435,-8.6880069,3,40.0,,,
3139469492,41.2069538,-8.6881338,3,40.0,,,
3139475429,41.1911553,-8.6930855,3,-1.0,,,
3139475431,41.2013275,-8.6930757,3,32.0,,,
3139475438,41.1937725,-8.6882687,1,23.0,,,
3139475439,41.2198716,-8.7122829,3,14.0,,,
3139475441,41.1937011,-8.6883845,1,1.0,,,
3139475443,41.1963273,-8.6910823,3,18.0,,,
3139475450,41.2083076,-8.7144754,3,10.0,,,
3139482513,41.1915756,-8.6958857,3,13.0,,,
3139482516,41.1881996,-8.6926275,4,0.0,crossing,,
3139912205,41.1843305,-8.6690085,3,66.0,,,
3139913887,41.2052243,-8.6456548,3,92.0,,,
3139913889,41.2056242,-8.6472928,3,89.0,,,
3139917929,41.2059512,-8.6463341,3,89.0,,,
3139917930,41.2064127,-8.6466585,1,82.0,,,
3139918179,41.2062481,-8.6465412,3,89.0,,,
3139918180,41.2059382,-8.6472586,3,89.0,crossing,,
3139919921,41.20564,-8.6459769,3,89.0,,,
3139920697,41.205767,-8.6473287,3,89.0,,,
3139920698,41.2056444,-8.6481934,3,72.0,,,
3141618630,41.2545914,-8.7212593,3,9.0,,,
3141618631,41.2604553,-8.717181,4,20.0,crossing,,
3141618632,41.2606588,-8.716415,3,25.0,,,
3149004909,41.1829466,-8.6344224,3,79.0,,,
3149004913,41.1829334,-8.6345821,3,79.0,,,
3149004919,41.1824849,-8.6333653,1,79.0,,,
3149005258,41.1838239,-8.689068,3,18.0,,,
3149005261,41.1837669,-8.6890007,3,18.0,,,
3149005262,41.199761,-8.6995532,3,30.0,,,
3149005270,41.2518552,-8.7194157,3,16.0,,,
3149005272,41.2514568,-8.7208863,1,13.0,,,
3149005278,41.2649413,-8.725843,3,9.0,,,
3149005280,41.2651123,-8.7252718,3,9.0,,,
3149005281,41.2646973,-8.7250512,3,9.0,,,
3149005282,41.2659817,-8.7231755,4,14.0,,,
3149005284,41.2653448,-8.7232105,3,14.0,,,
3150025150,41.2003537,-8.6053401,3,77.0,,,
3150025151,41.2001216,-8.6052744,1,77.0,,,
3151242995,41.2055912,-8.6146703,3,39.0,crossing,,
3161672629,41.2072145,-8.6143091,1,57.0,,,
3161672632,41.2075103,-8.6134071,3,57.0,,,
3161672640,41.2085755,-8.6131308,3,66.0,crossing,,
3170683293,41.2247767,-8.6903332,3,36.0,,,
3170683298,41.2249202,-8.6903747,3,36.0,,,
3170683299,41.224995,-8.689514,3,40.0,,,
3170683300,41.2250653,-8.6904166,3,41.0,,,
3170683302,41.2251212,-8.6895628,3,45.0,,,
3170683303,41.2252278,-8.6904636,3,41.0,,,
3170683305,41.2252715,-8.6896208,3,41.0,,,
3170683311,41.2256204,-8.6861339,3,54.0,,,
3170683316,41.2261871,-8.679011,1,64.0,,,
3170683317,41.226236,-8.6767982,3,64.0,,,
3170683327,41.2286953,-8.6772079,1,66.0,,,
3170823321,41.2285923,-8.7023536,3,24.0,,,
3170823324,41.2293131,-8.7022786,1,23.0,,,
3170823330,41.2308578,-8.707942,1,26.0,,,
3170823337,41.2327338,-8.7130104,3,25.0,,,
3170823584,41.2377724,-8.7225617,3,5.0,,,
3170823594,41.2382398,-8.7225551,3,5.0,,,
3170823595,41.2383004,-8.7221681,1,5.0,,,
3170823596,41.2383784,-8.7226401,1,5.0,,,
3170890753,41.2244206,-8.698509,3,40.0,,,
3170890755,41.2256654,-8.705623,1,15.0,,,
3170890756,41.2260411,-8.7058333,3,15.0,,,
3170890964,41.2301662,-8.7184627,3,7.0,,,
3170890965,41.2303451,-8.7184068,3,7.0,,,
3175816630,41.2002586,-8.7043029,1,25.0,,,
3175824809,41.2010619,-8.7047199,3,25.0,,,
3175824810,41.2004437,-8.704796,1,25.0,,,
3175824811,41.2015216,-8.7087407,3,15.0,,,
3175824813,41.1984753,-8.7089698,4,13.0,,,
3175824814,41.1969408,-8.7083395,4,9.0,,,
3175824815,41.1964205,-8.7081104,1,14.0,,,
3175830885,41.2012738,-8.7082031,3,21.0,,,
3175832954,41.1979201,-8.7073729,3,18.0,,,
3200644418,41.2184428,-8.6769887,3,64.0,,,
3200644425,41.2189818,-8.6782548,3,64.0,,,
3209241498,41.201567,-8.647097,3,95.0,,,
3209241500,41.2016888,-8.6473028,3,95.0,,,
3209241504,41.2020012,-8.6480621,3,91.0,,,
3209241506,41.2021886,-8.6484456,1,79.0,,,
3218813281,41.2065614,-8.6489093,3,74.0,,,
3218813286,41.2066128,-8.649601,3,74.0,,,
3218813304,41.2072363,-8.6500709,1,60.0,,,
3218817078,41.2068414,-8.6425967,3,78.0,,,
3218817080,41.2070047,-8.6418277,1,78.0,,,
3218835349,41.2035445,-8.6392768,1,88.0,,,
3221927648,41.208972,-8.6429643,3,73.0,,,
3221927658,41.2101919,-8.6411929,3,81.0,,,
3221929624,41.2090727,-8.6502553,3,63.0,,,
3221929645,41.2106332,-8.6504325,1,58.0,,,
3221934739,41.2104261,-8.6397444,3,64.0,,,
3221934757,41.2082234,-8.6373711,1,92.0,,,
3221934981,41.2093519,-8.6417394,3,73.0,,,
3221934988,41.2087669,-8.6405422,1,81.0,,,
3221950786,41.2106525,-8.6413991,1,64.0,,,
3221952408,41.2105377,-8.6448417,3,61.0,,,
3221952419,41.2098919,-8.6445696,1,67.0,,,
3221953543,41.2095039,-8.6471043,1,64.0,,,
3221956586,41.2051455,-8.6502781,3,76.0,,,
3222763039,41.2064465,-8.6366725,3,92.0,,,
3222763044,41.2065619,-8.6369164,3,92.0,,,
3222763046,41.2070133,-8.6368205,4,92.0,,,
3222763053,41.2105047,-8.633087,3,85.0,,,
3222763056,41.2105119,-8.6333461,3,91.0,,,
3222763276,41.2153036,-8.6318777,3,72.0,,,
3222765621,41.2013645,-8.6327456,1,84.0,,,
3222765622,41.2014148,-8.6319028,1,84.0,,,
3222765623,41.2016145,-8.6312647,3,84.0,,,
3222765624,41.2016297,-8.6318968,4,84.0,,,
3222765627,41.2016572,-8.6327311,3,84.0,,,
3222765629,41.2017696,-8.6361636,1,80.0,,,
3222765631,41.2021024,-8.6334358,3,73.0,,,
3222765632,41.202334,-8.6318704,3,74.0,,,
3222765637,41.2024937,-8.6326859,3,74.0,,,
3222765638,41.2025538,-8.6326807,3,74.0,,,
3222765640,41.2026288,-8.6334021,3,73.0,,,
3222765645,41.203052,-8.6326224,3,74.0,,,
3222765646,41.2035495,-8.6291914,4,73.0,,,
3222784002,41.2106032,-8.6390249,4,74.0,,,
3222784010,41.2109326,-8.640206,1,64.0,,,
3222784014,41.2114067,-8.6396838,1,64.0,,,
3222784015,41.2118027,-8.6354395,3,85.0,,,
3222784016,41.2118437,-8.6353214,3,91.0,,,
3222784020,41.2119589,-8.6352612,3,91.0,,,
3222784024,41.2120193,-8.6353002,3,91.0,,,
3222784027,41.2120716,-8.635119,3,91.0,,,
3222784038,41.2144504,-8.6367345,3,86.0,,,
3222784039,41.2145051,-8.6371948,3,86.0,,,
3222784041,41.2145284,-8.6367329,3,86.0,,,
3222784044,41.2161097,-8.637072,3,85.0,,,
3222784045,41.2161195,-8.6373061,3,85.0,,,
3222794850,41.198458,-8.6361827,1,93.0,,,
3222794855,41.2025362,-8.6375773,4,88.0,,,
3222794856,41.2027891,-8.6380209,4,88.0,,,
3222794857,41.2030357,-8.6384649,3,88.0,,,
3224216658,41.2013763,-8.6484494,3,91.0,,,
3224219567,41.201603,-8.6468183,3,95.0,,,
3224223279,41.2014655,-8.6468153,3,95.0,,,
3224223625,41.2004305,-8.6465187,1,95.0,,,
3224224317,41.2012779,-8.6492096,3,91.0,,,
3224224321,41.2007171,-8.6492936,1,91.0,,,
3224229618,41.1998066,-8.6440114,3,99.0,,,
3224229619,41.1995613,-8.6453518,1,99.0,,,
3224231358,41.1994767,-8.640056,3,100.0,,,
3224231519,41.1983971,-8.6405337,1,100.0,,,
3224231523,41.1987142,-8.6396601,3,100.0,,,
3224232337,41.1974157,-8.6401639,1,111.0,,,
3224233055,41.193102,-8.6408602,3,103.0,,,
3224233061,41.197188,-8.6398719,3,111.0,,,
3224238434,41.1903299,-8.6413309,1,104.0,,,
3224239534,41.1948631,-8.6432267,4,108.0,,,
3224240982,41.1928791,-8.6416059,1,103.0,turning_circle,,
3224240994,41.1922479,-8.6418854,3,114.0,,,
3224240995,41.1923346,-8.6422712,3,114.0,,,
3224240999,41.1928623,-8.6421988,1,114.0,turning_circle,,
3224241003,41.1922801,-8.6432783,3,114.0,,,
3224241006,41.1923045,-8.6423258,3,114.0,,,
3224242776,41.1913452,-8.6429282,3,104.0,,,
3224242781,41.188961,-8.64276,3,98.0,,,
3224243842,41.1908985,-8.6416253,3,104.0,,,
3224243846,41.1906048,-8.6432801,1,104.0,,,
3224243998,41.1894214,-8.6429999,3,98.0,,,
3224244003,41.1896474,-8.6417293,3,104.0,,,
3224244401,41.187746,-8.6416636,3,104.0,,,
3224244404,41.1874622,-8.6426411,1,89.0,,,
3224244568,41.186479,-8.6434367,3,89.0,,,
3224244569,41.1867736,-8.6431992,1,89.0,,,
3224244979,41.1864101,-8.6432857,3,89.0,,,
3224244981,41.1851266,-8.6439809,3,81.0,,,
3224244994,41.1850757,-8.6430043,3,90.0,,,
3224246436,41.1856399,-8.6437005,3,89.0,,,
3224247345,41.1865304,-8.6467376,3,92.0,,,
3224247347,41.1867398,-8.6461901,3,92.0,,,
3224247895,41.1866368,-8.6455419,3,94.0,,,
3224247898,41.1864941,-8.6463721,3,92.0,,,
3224248373,41.1866929,-8.6458345,3,92.0,,,
3224248375,41.1866698,-8.6457004,3,94.0,,,
3224248873,41.1856291,-8.644038,1,94.0,,,
3224249276,41.185667,-8.6440162,1,94.0,,,
3224249858,41.1874919,-8.6469548,3,92.0,,,
3224249859,41.1871035,-8.6470422,1,92.0,,,
3224250075,41.1856596,-8.6439915,3,94.0,,,
3224250078,41.1860176,-8.6437984,3,94.0,,,
3224250081,41.1864646,-8.6435706,1,89.0,,,
3224250328,41.1866157,-8.6475221,1,92.0,,,
3224252916,41.1872633,-8.6482213,3,89.0,,,
3224254519,41.1881975,-8.6496006,3,92.0,,,
3224260240,41.196438,-8.6435189,3,105.0,,,
3224260248,41.1953485,-8.6432259,3,108.0,,,
3224260851,41.1926393,-8.6469685,3,101.0,,,
3224260852,41.1923176,-8.6458933,1,101.0,,,
3224263972,41.1876245,-8.6545934,4,80.0,crossing,,
3224263973,41.1875493,-8.6552214,3,80.0,,,
3224270900,41.2045681,-8.6379478,3,95.0,,,
3224270965,41.2045445,-8.6383587,1,95.0,,,
3224273418,41.2031483,-8.6455341,1,94.0,,,
3224291265,41.2054266,-8.6465994,1,89.0,,,
3224291738,41.2055727,-8.646606,1,89.0,,,
3230560337,41.1973711,-8.628007,5,85.0,,,
3230560339,41.2006502,-8.6293445,3,75.0,,,
3230560344,41.2021367,-8.6302724,3,73.0,,,
3230560348,41.202686,-8.6306907,1,73.0,,,
3230560349,41.2028639,-8.6299251,3,73.0,,,
3230560351,41.2030481,-8.6301241,3,73.0,,,
3230560352,41.2032042,-8.6298252,3,73.0,,,
3230560357,41.2038255,-8.6298329,3,73.0,,,
3230560358,41.2041033,-8.6297641,1,73.0,,,
3230561561,41.2051033,-8.6220753,1,50.0,,,
3230561569,41.2071024,-8.6187672,1,38.0,,,
3230561572,41.2079627,-8.6189496,3,38.0,,,
3230561574,41.2116634,-8.6165942,3,78.0,,,
3230561577,41.2119584,-8.6159376,3,78.0,,,
3230631171,41.1809995,-8.6245886,3,94.0,,,
3230631175,41.1817769,-8.6285554,3,86.0,,,
3230631188,41.1828035,-8.624418,3,96.0,,,
3230631189,41.1829165,-8.6286892,3,86.0,,,
3230631190,41.1829678,-8.6282577,4,86.0,,,
3230631195,41.1834802,-8.6287941,1,95.0,,,
3230631196,41.1838259,-8.6309031,3,91.0,,,
3230631197,41.1839105,-8.6252491,3,94.0,,,
3230631198,41.1839854,-8.6303154,3,91.0,,,
3230631201,41.1887148,-8.6309931,3,102.0,,,
3230631202,41.1888419,-8.6298008,3,102.0,,,
3237017151,41.1876807,-8.6540078,3,84.0,,,
3237017153,41.1883798,-8.6552596,3,80.0,,,
3237017154,41.1884006,-8.6550739,3,80.0,,,
3237017158,41.1888453,-8.6555549,3,80.0,,,
3237017159,41.1910297,-8.6550536,3,83.0,,,
3237019962,41.1911,-8.6548797,3,83.0,,,
3237019965,41.1916753,-8.6566217,3,87.0,,,
3237019966,41.1916815,-8.6564751,3,87.0,,,
3237019967,41.1916896,-8.6561435,3,83.0,,,
3237019969,41.1917002,-8.6555383,3,83.0,,,
3237019979,41.192144,-8.6559899,1,83.0,,,
3237019981,41.192189,-8.6556378,3,83.0,,,
3237019983,41.1922646,-8.6565281,3,87.0,,,
3237019985,41.1923274,-8.6556736,3,83.0,,,
3237019989,41.1925085,-8.6565509,3,87.0,,,
3237019992,41.1926016,-8.6570786,4,87.0,,,
3237019995,41.193024,-8.656825,1,87.0,,,
3237086844,41.1825046,-8.6558285,1,76.0,,,
3237086848,41.1827909,-8.6564287,3,74.0,,,
3237086849,41.1830722,-8.6604487,3,71.0,,,
3237086850,41.1831575,-8.6592223,3,75.0,,,
3237086853,41.1834008,-8.6593452,4,73.0,,,
3237086854,41.1834415,-8.6602551,3,73.0,,,
3237086855,41.1835468,-8.6567235,3,75.0,,,
3237086857,41.1836387,-8.6585243,3,73.0,,,
3237086858,41.1836358,-8.6594639,4,73.0,crossing,,
3237086860,41.1838266,-8.658504,3,73.0,,,
3237088062,41.1841301,-8.6572593,3,75.0,,,
3237088065,41.1852239,-8.6601641,4,73.0,,,
3237088069,41.1857039,-8.6602954,3,79.0,,,
3237088070,41.1863387,-8.6571091,3,78.0,,,
3237088074,41.1870177,-8.6571243,3,78.0,,,
3237088075,41.1870547,-8.6570201,3,78.0,crossing,,
3237088078,41.1873124,-8.656189,4,85.0,crossing,,
3237136821,41.1805131,-8.6526589,3,79.0,,,
3237136822,41.1810463,-8.651124,4,85.0,crossing,,
3237136824,41.180996,-8.6535505,1,79.0,,,
3237136826,41.1817927,-8.6529923,3,78.0,,,
3237136828,41.1818925,-8.6537495,3,78.0,,,
3237136829,41.1818981,-8.6522272,1,78.0,,,
3237136830,41.1819363,-8.6537587,1,78.0,,,
3237136833,41.1828554,-8.653982,1,78.0,,,
3237136840,41.1854477,-8.647475,1,92.0,,,
3237191985,41.1827918,-8.6323713,3,83.0,,,
3237191987,41.1834163,-8.6342456,3,88.0,,,
3237191988,41.1834842,-8.6333561,3,88.0,,,
3237191999,41.1848187,-8.6332927,3,90.0,,,
3237192008,41.1869408,-8.6442467,3,94.0,,,
3237192012,41.1877275,-8.6434815,3,98.0,,,
3237192015,41.1894478,-8.6394247,4,95.0,crossing,,
3237192016,41.1895092,-8.6450087,1,99.0,,,
3241140499,41.1800313,-8.6338977,3,78.0,,,
3241140501,41.1803347,-8.6341711,3,78.0,,,
3241140508,41.182568,-8.6339586,3,79.0,,,
3241140525,41.1848212,-8.6332656,3,90.0,,,
3241140530,41.1852242,-8.6332176,3,90.0,,,
3241140540,41.186429,-8.6342193,3,88.0,,,
3241140541,41.1864343,-8.6341099,3,88.0,,,
3241140551,41.1873944,-8.6342357,3,88.0,,,
3241140663,41.1903928,-8.6311085,3,107.0,,,
3241162392,41.1852618,-8.6313914,3,90.0,,,
3241162397,41.1853315,-8.6314066,3,90.0,,,
3241162402,41.185799,-8.6315096,3,93.0,,,
3241162403,41.1858843,-8.6319776,3,93.0,,,
3241162406,41.1857198,-8.6306424,1,95.0,,,
3241162407,41.1859379,-8.6315468,4,93.0,,,
3241162408,41.1859317,-8.6288088,3,104.0,,,
3241162410,41.18604,-8.6307033,4,95.0,,,
3241162411,41.1859989,-8.6289223,4,104.0,crossing,,
3241224132,41.1948995,-8.6422888,3,108.0,,,
3241510056,41.1935949,-8.6439962,3,117.0,,,
3241510057,41.1942217,-8.6440422,4,106.0,,,
3241510058,41.1944997,-8.6440621,3,106.0,,,
3241510059,41.1945454,-8.6440654,3,106.0,,,
3241510060,41.1947933,-8.64422,3,106.0,,,
3241516261,41.1947956,-8.6440833,3,106.0,,,
3241516262,41.1948244,-8.6440854,3,106.0,,,
3241516265,41.1950972,-8.6411957,3,108.0,,,
3241516270,41.1959473,-8.6418058,3,105.0,,,
3241516276,41.1966344,-8.6405677,3,111.0,,,
3241516277,41.1969472,-8.6405826,3,111.0,,,
3241516288,41.1993625,-8.6429699,3,102.0,,,
3241516289,41.2008729,-8.6443791,3,98.0,,,
3241516293,41.2016624,-8.6400222,3,91.0,,,
3241516294,41.2016627,-8.6403587,3,91.0,,,
3241516295,41.2020159,-8.6393799,3,86.0,,,
3241516298,41.2021633,-8.6403994,1,93.0,,,
3241516299,41.2021644,-8.6406484,1,93.0,,,
3241516301,41.2021716,-8.6398959,3,93.0,,,
3241516315,41.2058827,-8.644509,3,92.0,,,
3241516316,41.2063606,-8.6448436,3,82.0,,,
3241516317,41.2063768,-8.6438922,1,82.0,,,
3241516318,41.2065928,-8.6442472,1,82.0,,,
3274472302,41.2042033,-8.6480414,1,72.0,,,
3278386800,41.2026063,-8.6469826,1,84.0,,,
3290036386,41.2010699,-8.642086,3,99.0,,,
3290042264,41.2015794,-8.6430175,1,99.0,,,
3290042265,41.2014967,-8.6430202,3,99.0,,,
3290042267,41.2007631,-8.6418682,3,99.0,,,
3290047031,41.2002556,-8.6415396,1,91.0,,,
3290068860,41.2004948,-8.6416945,3,99.0,,,
3290076764,41.2000627,-8.6420315,3,99.0,,,
3295158543,41.2008656,-8.6224786,3,59.0,,,
3295158544,41.2007083,-8.6217545,3,59.0,,,
3295158546,41.2004258,-8.622247,3,59.0,,,
3295158548,41.2008334,-8.6217578,3,59.0,,,
3295158556,41.2005634,-8.6222597,3,59.0,,,
3295158557,41.2005826,-8.6217393,3,59.0,,,
3295158558,41.2009564,-8.621767,3,59.0,,,
3295158559,41.2003045,-8.6217187,3,59.0,,,
3295158560,41.20045,-8.6217295,3,59.0,,,
3295158661,41.2006877,-8.6222711,3,59.0,,,
3300348975,41.2009072,-8.6415108,3,91.0,,,
3300365356,41.1994631,-8.642138,3,102.0,,,
3300371054,41.2014674,-8.6429292,3,99.0,,,
3300371057,41.2012807,-8.6425185,4,99.0,,,
3300372162,41.2010972,-8.6422055,3,99.0,,,
3300375819,41.2014516,-8.6424077,3,99.0,,,
3300375832,41.2010926,-8.6425443,3,99.0,,,
3300379672,41.2008545,-8.6426411,3,99.0,,,
3300379673,41.2001912,-8.6422373,3,99.0,,,
3300381842,41.2008305,-8.6428952,3,99.0,,,
3300381843,41.2005056,-8.642466,3,99.0,,,
3300383196,41.2008284,-8.6423234,3,99.0,,,
3300383197,41.2005304,-8.6424438,3,99.0,,,
3300387772,41.2004652,-8.6420595,3,99.0,,,
3300387773,41.2005157,-8.6424348,4,99.0,,,
3300389263,41.2000904,-8.6424671,3,99.0,,,
3300429985,41.2008941,-8.6408012,3,91.0,,,
3300429987,41.2006869,-8.6413471,3,91.0,,,
3316845659,41.2014708,-8.6394774,3,86.0,,,
3316845660,41.2014339,-8.6400203,3,91.0,,,
3316848861,41.2008664,-8.6398204,4,91.0,,,
3316848862,41.2010232,-8.6393176,4,86.0,,,
3316849204,41.2004617,-8.6384253,4,86.0,,,
3316849205,41.2003042,-8.638957,3,86.0,,,
3316850115,41.2003173,-8.6389636,3,86.0,,,
3316850116,41.2001672,-8.6394494,3,86.0,,,
3316852471,41.1999361,-8.6384391,3,97.0,,,
3316852472,41.200177,-8.6385714,3,86.0,,,
3316855183,41.2001311,-8.6387192,3,86.0,,,
3316855186,41.2002227,-8.6384243,3,86.0,,,
3316856361,41.2003248,-8.6388874,3,86.0,,,
3316856364,41.2004449,-8.638482,3,86.0,,,
3316869205,41.2005967,-8.6383893,1,86.0,,,
3316869206,41.2002945,-8.638227,3,86.0,,,
3316869212,41.2005627,-8.6373366,3,80.0,,,
3316869224,41.201576,-8.6383487,4,86.0,,,
3316873836,41.201033,-8.6379782,3,86.0,,,
3316873840,41.2013598,-8.6383454,3,86.0,,,
3316890520,41.2014482,-8.6378237,4,86.0,,,
3316890526,41.2014832,-8.6380995,4,86.0,,,
3316894340,41.2013062,-8.6381692,3,86.0,,,
3316894354,41.2018052,-8.6379723,4,86.0,,,
3329944410,41.2005286,-8.6406035,3,91.0,,,
3329945481,41.2006024,-8.6497626,3,91.0,,,
3329946314,41.2011659,-8.6493217,3,91.0,,,
3329950536,41.2000668,-8.6545753,3,68.0,,,
3329950541,41.2004911,-8.6526537,1,76.0,,,
3329950543,41.2003711,-8.6539069,3,76.0,,,
3329951306,41.1999045,-8.6551609,1,72.0,,,
3329951308,41.1999072,-8.6552379,1,72.0,,,
3345718930,41.1933043,-8.633857,4,110.0,,,
3358163893,41.1778216,-8.6709328,3,46.0,,,
3358170612,41.1783424,-8.6703733,1,62.0,,,
3358170613,41.1778442,-8.6703445,3,62.0,,,
3358173853,41.1791152,-8.6693281,3,62.0,,,
3358173854,41.178437,-8.6696333,3,62.0,,,
3385951276,41.1975469,-8.6427747,1,105.0,,,
3385980603,41.2012926,-8.649045,3,91.0,,,
3385980608,41.2009692,-8.6490035,1,91.0,,,
3397148143,41.1829923,-8.6529045,3,78.0,,,
3397148144,41.1830062,-8.6528347,3,78.0,,,
3397148145,41.1830177,-8.6527608,3,78.0,,,
3397148154,41.1900939,-8.6548465,3,83.0,crossing,,
3397148170,41.1937924,-8.6560126,3,80.0,,,
3407031158,41.2074312,-8.6359954,3,92.0,,,
3407035141,41.2075184,-8.6361998,3,92.0,,,
3407044331,41.2069927,-8.6350139,3,87.0,,,
3407044340,41.2076967,-8.6354322,3,92.0,,,
3407044347,41.2083784,-8.6356481,1,90.0,,,
3407045357,41.2073267,-8.6358347,1,92.0,,,
3407045728,41.2076677,-8.6362371,1,92.0,,,
3408883054,41.2001245,-8.6362128,3,80.0,,,
3408883058,41.2007688,-8.6359024,3,80.0,,,
3408904452,41.1994559,-8.635331,1,88.0,,,
3408904453,41.1995348,-8.6347794,1,88.0,,,
3408907015,41.1995586,-8.6350858,3,88.0,,,
3419722593,41.199313,-8.6388379,3,97.0,,,
3419722597,41.1986892,-8.6388088,3,97.0,,,
3419722599,41.1991622,-8.6385536,3,97.0,,,
3419726840,41.1988444,-8.6391761,3,97.0,,,
3419727403,41.1987238,-8.6384869,3,97.0,,,
3444372897,41.1806476,-8.694247,3,0.0,,,
3444372899,41.1818786,-8.6938128,3,9.0,crossing,,
3444372902,41.1828354,-8.6945736,4,9.0,crossing,,
3444372903,41.1828331,-8.6947177,4,9.0,crossing,,
3444372937,41.1807631,-8.6941111,4,0.0,crossing,,
3444707199,41.1971653,-8.6363166,3,95.0,,,
3444707202,41.1973329,-8.635726,3,95.0,,,
3446931149,41.2143881,-8.6231012,3,46.0,,,
3446931150,41.2142144,-8.6231098,3,46.0,,,
3446931152,41.2137983,-8.6231411,3,46.0,,,
3446931155,41.2137897,-8.6229387,3,46.0,,,
3446931157,41.2136269,-8.6224566,3,41.0,,,
3446931158,41.2135143,-8.6224244,3,41.0,,,
3446931163,41.2136185,-8.6220981,3,41.0,,,
3446931165,41.2137105,-8.622381,3,41.0,,,
3446931166,41.2138841,-8.6224199,1,41.0,,,
3446931174,41.2133821,-8.6240604,3,46.0,,,
3446931175,41.2133566,-8.6234462,1,46.0,,,
3469434302,41.1996616,-8.6354908,3,93.0,,,
3469434303,41.1996104,-8.6357244,1,93.0,,,
3469470283,41.2000198,-8.638188,3,86.0,,,
3469470285,41.2003508,-8.6372095,1,80.0,,,
3469472279,41.1999107,-8.6355153,1,93.0,,,
3469472280,41.1996792,-8.6355858,3,93.0,,,
3469472282,41.1997877,-8.6355528,4,93.0,,,
3469472285,41.1996958,-8.635677,3,93.0,,,
3469489102,41.2000806,-8.6382207,3,86.0,,,
3469489103,41.2001083,-8.6381222,1,86.0,,,
3469489978,41.2001523,-8.6377536,3,86.0,,,
3469489981,41.2002021,-8.6375902,3,86.0,,,
3469491893,41.2002987,-8.6372734,3,80.0,,,
3469491896,41.2002934,-8.6371894,1,80.0,,,
3469512707,41.1988608,-8.6356321,1,93.0,,,
3469512833,41.19894,-8.6359849,3,93.0,,,
3469512834,41.1989204,-8.635885,1,93.0,,,
3469515120,41.2000744,-8.6380088,3,86.0,,,
3469515121,41.2001224,-8.6380402,1,86.0,,,
3469515248,41.2001257,-8.6378407,3,86.0,,,
3469515249,41.2001736,-8.6378688,1,86.0,,,
3469516346,41.2001768,-8.6376733,3,86.0,,,
3469516347,41.200224,-8.6377001,1,86.0,,,
3469516351,41.2002276,-8.6375065,3,86.0,,,
3469516352,41.2002735,-8.6375344,1,86.0,,,
3469521519,41.2002791,-8.6373375,3,80.0,,,
3469521520,41.2003248,-8.6373628,1,80.0,,,
3520658823,41.2195441,-8.6886195,3,41.0,,,
3521762403,41.186898,-8.671985,1,59.0,motorway_junction,,1
3521762637,41.1869636,-8.6725409,1,59.0,give_way,,
3528435846,41.1767445,-8.6871669,4,11.0,,,
3528435847,41.1785626,-8.6873869,4,13.0,,,
3530653146,41.1971763,-8.6367183,3,95.0,,,
3530653148,41.197434,-8.6368004,1,95.0,,,
3530654786,41.1981023,-8.6369194,1,93.0,,,
3530655864,41.1978146,-8.6367679,3,95.0,,,
3530655869,41.1975668,-8.6367529,1,95.0,,,
3530659812,41.1975199,-8.6378692,1,103.0,,,
3530665131,41.1991148,-8.6373205,3,93.0,,,
3530665132,41.1991756,-8.6376797,3,97.0,,,
3530665254,41.1992291,-8.63746,1,93.0,,,
3530665255,41.1991455,-8.6374872,3,93.0,,,
3569490401,41.2027338,-8.6309148,3,73.0,,,
3569490403,41.2015808,-8.6311121,3,75.0,,,
3569490410,41.1988385,-8.6322231,3,86.0,,,
3569490412,41.197955,-8.6328423,3,86.0,,,
3569490413,41.1979142,-8.6336501,3,95.0,,,
3569490418,41.1961099,-8.6330618,3,87.0,,,
3569490420,41.1960613,-8.6323408,1,87.0,,,
3569511398,41.1957682,-8.6404173,3,108.0,,,
3569511403,41.1956515,-8.6417542,3,108.0,,,
3569511404,41.1939473,-8.6468243,1,106.0,,,
3569511405,41.1943635,-8.6467842,3,106.0,,,
3599073375,41.1965479,-8.6846128,3,12.0,,,
3599073387,41.1922754,-8.6760681,1,38.0,,,
3599073389,41.1970255,-8.6856428,4,24.0,,,
3599073390,41.1970116,-8.6851283,3,12.0,turning_circle,,
3599073608,41.1975143,-8.6840669,4,12.0,turning_circle,,
3605026706,41.1905267,-8.6006942,1,87.0,,,
3605026712,41.1910175,-8.6013206,3,87.0,,,
3605026719,41.1912262,-8.6015339,3,87.0,,,
3612776156,41.1968231,-8.6367098,3,95.0,,,
3613055620,41.1899116,-8.6994153,3,18.0,,,
3613913720,41.1905838,-8.6962009,3,13.0,crossing,,
3633074007,41.2135875,-8.6224606,3,41.0,,,
3639040185,41.2083912,-8.6219231,3,39.0,,,
3639048657,41.2102982,-8.6268896,3,64.0,,,
3639048658,41.2103514,-8.6268658,3,64.0,,,
3639048665,41.2114952,-8.6269044,3,66.0,,,
3639048666,41.2116866,-8.6274456,3,78.0,,,
3649464391,41.2169568,-8.6824772,3,55.0,,,
3651189965,41.2087487,-8.6881259,1,46.0,,,
3659213721,41.1889742,-8.6261368,3,101.0,,,
3659217325,41.1889875,-8.6264368,3,101.0,,,
3659217327,41.1887333,-8.6256255,3,101.0,,,
3659217344,41.18881,-8.625487,3,101.0,,,
3663136768,41.2142872,-8.6512638,3,60.0,,,
3663136787,41.2151589,-8.6520131,3,57.0,,,
3663136788,41.2143918,-8.6523366,1,49.0,,,
3671693859,41.2179594,-8.7117827,1,10.0,,,
3677975516,41.1903637,-8.6823091,3,10.0,,,
3677979636,41.1899973,-8.6822179,4,10.0,,,
3677979671,41.1898109,-8.6816936,4,10.0,,,
3677979676,41.1896898,-8.6820208,4,10.0,,,
3677979678,41.1908628,-8.6819457,1,10.0,,,
3677979686,41.1896878,-8.6813369,3,10.0,,,
3677979705,41.1894922,-8.6813882,3,27.0,,,
3677979721,41.1899593,-8.6817481,3,10.0,,,
3677979744,41.189001,-8.680194,3,32.0,,,
3677979805,41.1901036,-8.6823266,3,10.0,,,
3677979900,41.1897303,-8.6817916,5,10.0,,,
3677979901,41.1890285,-8.6808499,3,32.0,,,
3677979907,41.1898363,-8.6821753,3,10.0,,,
3677979934,41.189727,-8.6814016,3,10.0,,,
3677979936,41.1902303,-8.6818832,3,10.0,,,
3679308828,41.1942709,-8.688246,4,23.0,crossing,,
3679308947,41.1961495,-8.6852313,3,12.0,,,
3679309022,41.1979067,-8.6841329,1,12.0,,,
3679309027,41.1925571,-8.6805574,1,20.0,,,
3679309046,41.1972181,-8.6834585,3,12.0,,,
3718827243,41.1897604,-8.6818963,4,10.0,,,
3718827244,41.1896191,-8.6815132,6,10.0,,,
3744134995,41.1950737,-8.638025,1,101.0,,,
3744135635,41.1946868,-8.6378239,1,101.0,,,
3744135636,41.1950258,-8.6385394,1,101.0,,,
3755852292,41.1930503,-8.6169079,3,83.0,,,
3755852310,41.1929114,-8.6169359,3,83.0,,,
3755852733,41.1931829,-8.6168692,3,83.0,crossing,,
3755852734,41.1930976,-8.6171401,3,83.0,crossing,,
3755869325,41.1918898,-8.6367888,3,103.0,,,
3755869327,41.1935399,-8.6369332,1,103.0,,,
3755877786,41.1930967,-8.6361462,1,103.0,,,
3755877792,41.1925076,-8.6355574,1,103.0,,,
3755884601,41.1915551,-8.6407219,3,104.0,,,
3755884607,41.191992,-8.6406328,3,103.0,,,
3755884950,41.1917826,-8.6373768,3,103.0,,,
3755884951,41.1921186,-8.6374099,1,103.0,,,
3755891285,41.1916539,-8.6404615,3,104.0,,,
3755891286,41.1918165,-8.6405641,1,103.0,,,
3757207454,41.1900468,-8.6695979,3,69.0,,,
3757207458,41.1898916,-8.6695574,3,69.0,,,
3757217613,41.186638,-8.6677765,1,70.0,,,
3757217615,41.1867009,-8.6675747,1,70.0,,,
3757246962,41.1859384,-8.6672995,1,70.0,,,
3757246964,41.1860192,-8.6671083,1,70.0,,,
3757288322,41.1814521,-8.671054,3,61.0,,,
3757288323,41.1814094,-8.67139,1,61.0,,,
3757291803,41.1794852,-8.6739865,4,51.0,crossing,,
3757291811,41.1792783,-8.674341,4,51.0,crossing,,
3757310119,41.1904453,-8.6584322,1,83.0,,,
3758360928,41.1922223,-8.6402618,3,103.0,,,
3758362277,41.1921208,-8.6405629,1,103.0,,,
3762461164,41.1952029,-8.6423173,4,108.0,,,
3762461168,41.1951805,-8.6432487,3,108.0,,,
3762473946,41.1935842,-8.6430554,3,114.0,,,
3762473947,41.1936484,-8.6430942,3,114.0,,,
3762477684,41.1933112,-8.6431322,3,114.0,,,
3762486300,41.1926755,-8.6433666,3,114.0,,,
3762486315,41.1928676,-8.6443717,1,117.0,,,
3762489683,41.1929586,-8.6440972,3,117.0,,,
3762489684,41.1928346,-8.6440261,1,117.0,,,
3762491388,41.19277,-8.6437452,3,114.0,,,
3762491393,41.1931207,-8.643637,1,114.0,,,
3775068200,41.1830549,-8.6722516,3,61.0,,,
3775068204,41.1833395,-8.6724284,1,60.0,,,
3775072348,41.1831735,-8.6718622,3,61.0,,,
3775072352,41.183057,-8.672227,3,61.0,,,
3775073676,41.1829513,-8.6725259,3,61.0,,,
3775073967,41.1827934,-8.6728102,3,61.0,,,
3775073970,41.1830514,-8.6730825,1,51.0,,,
3775074892,41.1828158,-8.6727662,3,61.0,,,
3775074897,41.1822824,-8.6723538,3,61.0,,,
3775074903,41.1817838,-8.6733397,3,51.0,,,
3775077528,41.1818198,-8.6732633,3,51.0,,,
3775077536,41.1824325,-8.6724129,3,61.0,,,
3775078295,41.1822185,-8.6724325,3,61.0,,,
3775081075,41.1826414,-8.6726077,3,61.0,,,
3775081196,41.1828653,-8.6721935,3,61.0,,,
3775081749,41.1828938,-8.6721503,3,61.0,,,
3775083675,41.1827522,-8.6724064,3,61.0,,,
3775083700,41.1816564,-8.6713396,3,61.0,,,
3775083701,41.1818364,-8.6715081,4,61.0,,,
3775083703,41.1824174,-8.6720691,4,61.0,,,
3775084433,41.1820088,-8.6712091,3,61.0,,,
3775084435,41.1825759,-8.6717533,3,61.0,,,
3775084708,41.1819589,-8.671632,3,61.0,,,
3775084709,41.1819124,-8.6717174,3,61.0,,,
3775085909,41.18254,-8.6734924,3,51.0,,,
3775085911,41.182302,-8.673032,1,51.0,,,
3775811366,41.1886553,-8.6438024,3,99.0,,,
3775811373,41.1896085,-8.6439907,1,98.0,,,
3775824925,41.1886029,-8.6481805,3,92.0,crossing,,
3775824939,41.1905922,-8.6445806,1,98.0,,,
3775844471,41.1888452,-8.6433905,3,98.0,,,
3775844477,41.1883654,-8.6433136,1,98.0,,,
3784294541,41.2604085,-8.7136684,4,39.0,,,
3787948166,41.2603849,-8.7163493,3,25.0,,,
3787948170,41.259553,-8.7158501,3,25.0,,,
3787948181,41.2589476,-8.7161324,1,25.0,,,
3787948183,41.2585879,-8.7154221,1,25.0,,,
3787948194,41.2615011,-8.7161235,3,25.0,,,
3787948195,41.2596334,-8.713624,1,39.0,,,
3787948204,41.260851,-8.7138261,3,30.0,,,
3787948221,41.2615254,-8.7176502,3,20.0,,,
3787948222,41.2599109,-8.7136263,3,39.0,,,
3787948226,41.2585804,-8.7112664,1,50.0,,,
3808789116,41.2603902,-8.7153289,3,25.0,,,
3808789149,41.2613165,-8.7128199,1,30.0,,,
3814788659,41.1911877,-8.6763409,3,42.0,,,
3814788673,41.1904561,-8.6748048,3,56.0,,,
3858130340,41.1939974,-8.6888601,3,23.0,,,
3858131300,41.1982502,-8.6917511,4,37.0,crossing,,
3858131322,41.1995057,-8.6921819,4,37.0,crossing,,
3858131325,41.1996173,-8.6922275,4,37.0,crossing,,
3858131341,41.2003027,-8.6926627,3,32.0,,,
3858184253,41.1989482,-8.6911579,3,25.0,,,
3858184465,41.1993881,-8.6913491,3,25.0,,,
3858184504,41.1997028,-8.6916264,3,25.0,,,
3859527336,41.1997506,-8.6910641,1,25.0,,,
3859527341,41.1998745,-8.6911578,1,25.0,,,
3859529559,41.1989096,-8.6920547,3,37.0,,,
3859529578,41.1989808,-8.6917585,3,37.0,,,
3859529608,41.199363,-8.6916998,3,37.0,,,
3859529624,41.1994025,-8.691414,3,25.0,,,
3859529643,41.1994476,-8.6917409,4,37.0,,,
3859529646,41.1994518,-8.6917429,1,37.0,,,
3859559127,41.1989264,-8.6919101,3,37.0,,,
3859559130,41.1989325,-8.6918861,1,37.0,,,
3859559131,41.1989425,-8.6919175,4,37.0,crossing,,
3859559143,41.1994335,-8.6921157,3,37.0,,,
3859929104,41.1988048,-8.6901648,1,25.0,,,
3859929140,41.1989043,-8.6902083,1,25.0,,,
3859946918,41.1985968,-8.6878611,1,25.0,,,
3859946919,41.1985992,-8.6900749,1,25.0,,,
3859946955,41.1986997,-8.6901191,1,25.0,,,
3859947098,41.1991886,-8.688123,1,25.0,,,
3859947103,41.1991995,-8.6912657,3,25.0,,,
3859947106,41.1992173,-8.6911864,1,25.0,,,
3859947111,41.1992206,-8.6902579,1,25.0,,,
3859947151,41.199406,-8.6912696,1,25.0,,,
3859947183,41.1990224,-8.691045,1,25.0,,,
3860938930,41.1988261,-8.6915851,3,25.0,,,
3860938948,41.1989061,-8.6911188,3,25.0,,,
3860939067,41.1984584,-8.6917243,3,37.0,,,
3860939075,41.1984916,-8.6914493,4,25.0,,,
3860939117,41.1986263,-8.6915037,3,25.0,,,
3860939125,41.1986554,-8.6912697,3,25.0,,,
3860939165,41.1989811,-8.691167,3,25.0,,,
3861006695,41.1984996,-8.6911407,4,25.0,crossing,,
3861006764,41.1985692,-8.6906615,4,25.0,,,
3861006774,41.1985977,-8.6906322,1,25.0,,,
3861006791,41.1986639,-8.6906654,1,25.0,,,
3861337773,41.1981457,-8.691296,3,25.0,,,
3861337800,41.1982318,-8.6913334,3,25.0,,,
3861337824,41.1982909,-8.6911063,3,25.0,,,
3861337834,41.1983123,-8.6911158,3,25.0,,,
3861351664,41.1983679,-8.6913937,4,25.0,,,
3861351691,41.1984308,-8.6914229,3,25.0,,,
3861351701,41.1984596,-8.6913076,3,25.0,,,
3861351708,41.1984702,-8.691262,3,25.0,,,
3861351726,41.1985826,-8.6901433,3,25.0,,,
3861351727,41.1985831,-8.6904495,3,25.0,,,
3861351729,41.1986101,-8.6903444,4,25.0,,,
3861351733,41.1986486,-8.6901721,3,25.0,,,
3861351734,41.1986847,-8.6901864,3,25.0,,,
3861351736,41.1987379,-8.6904022,3,25.0,,,
3861351743,41.1987737,-8.6905337,1,25.0,,,
3861351744,41.198776,-8.6902244,3,25.0,,,
3861351745,41.1987883,-8.6902292,3,25.0,,,
3861351746,41.1988905,-8.6902759,3,25.0,,,
3861351752,41.1989493,-8.6903076,3,25.0,,,
3861352070,41.1992086,-8.6902275,3,25.0,,,
3861352075,41.199261,-8.6901012,1,25.0,,,
3861547211,41.1964387,-8.6894775,3,18.0,,,
3861547238,41.1973762,-8.6883151,3,18.0,crossing,,
3861547299,41.1980415,-8.6915604,4,25.0,crossing,,
3861547332,41.198104,-8.6904096,3,25.0,,,
3861547557,41.1975217,-8.6883786,4,18.0,crossing,,
3861547577,41.1976647,-8.6884416,4,18.0,crossing,,
3861547684,41.198207,-8.6900049,3,25.0,,,
3861547719,41.1984192,-8.686962,1,18.0,,,
3862542923,41.1977401,-8.6885765,3,18.0,,,
3862542931,41.1978303,-8.6886133,1,18.0,,,
3862542933,41.1978438,-8.6881743,3,18.0,,,
3862542944,41.197934,-8.6882122,1,25.0,,,
3862543396,41.1981244,-8.6906243,3,25.0,,,
3862543404,41.1981355,-8.6907342,3,25.0,,,
3862543419,41.198157,-8.6904961,3,25.0,,,
3862543420,41.1981591,-8.6906394,3,25.0,,,
3862543435,41.1981823,-8.6894092,3,25.0,,,
3862543438,41.1981878,-8.6896273,3,25.0,,,
3862543441,41.1981912,-8.6905105,3,25.0,,,
3862543447,41.1982111,-8.690431,3,25.0,,,
3862543454,41.1982347,-8.6892068,4,25.0,,,
3862543480,41.1982903,-8.6901551,3,25.0,,,
3862543520,41.1983461,-8.6892542,1,25.0,,,
3862543521,41.1983472,-8.6902223,3,25.0,,,
3862543527,41.1983592,-8.6895932,3,25.0,,,
3862543537,41.1984202,-8.6890626,1,25.0,,,
3862622226,41.1984984,-8.6876148,1,25.0,,,
3862622282,41.1990066,-8.6877781,1,25.0,,,
3862622312,41.199325,-8.6880691,1,25.0,,,
3866146478,41.2018997,-8.6907024,3,32.0,,,
3866146484,41.2019752,-8.690717,3,32.0,,,
3866146489,41.2020029,-8.6909017,1,32.0,,,
3866147563,41.1990467,-8.6891262,1,25.0,,,
3866147587,41.1993303,-8.6877474,4,25.0,crossing,,
3866147590,41.1994076,-8.6884885,3,25.0,,,
3866147593,41.1996795,-8.6889346,3,25.0,,,
3866147595,41.1996863,-8.6892011,4,25.0,crossing,,
3866147596,41.199705,-8.6888314,4,25.0,crossing,,
3866147597,41.1997295,-8.6887319,3,25.0,,,
3866147598,41.1997489,-8.6889657,4,25.0,crossing,,
3866147607,41.2002384,-8.688959,4,27.0,,,
3866147610,41.2002664,-8.6888185,4,27.0,crossing,,
3866147620,41.2003685,-8.6922056,3,32.0,,,
3866147623,41.2004708,-8.6895397,3,27.0,,,
3866147641,41.2015348,-8.6927635,4,32.0,,,
3866147642,41.2015377,-8.6921768,3,32.0,,,
3866147645,41.2015881,-8.6929666,1,32.0,,,
3866147646,41.2016119,-8.6930762,3,32.0,,,
3866147648,41.2016751,-8.6922362,3,32.0,,,
3866215117,41.2001908,-8.6891606,3,27.0,,,
3866215121,41.2002154,-8.6890564,4,27.0,crossing,,
3869486752,41.2001524,-8.6890289,4,27.0,,,
3869493285,41.1995429,-8.688228,3,25.0,,,
3869493290,41.1995696,-8.6881268,3,25.0,,,
3869493298,41.1996725,-8.6892555,1,25.0,,,
3869493319,41.1997231,-8.6890613,4,25.0,,,
3869493338,41.1997765,-8.688863,4,25.0,,,
3869493355,41.1998394,-8.6886296,4,25.0,,,
3869494317,41.1993661,-8.6889043,3,25.0,,,
3869494328,41.1994018,-8.6887681,3,25.0,,,
3869494336,41.1994262,-8.6880299,3,25.0,,,
3869494343,41.1994385,-8.6887836,3,25.0,,,
3869495161,41.1994801,-8.6884706,3,25.0,,,
3869495183,41.1995133,-8.688747,3,25.0,,,
3869495262,41.1998793,-8.6884649,3,25.0,,,
3869495263,41.1998884,-8.6884295,3,25.0,,,
3869495274,41.2000627,-8.6894045,1,27.0,,,
3869495279,41.2001049,-8.6892272,4,27.0,,,
3869495371,41.2002063,-8.688792,4,27.0,,,
3869495391,41.2003095,-8.6888376,1,27.0,,,
3869495400,41.2004035,-8.6892991,1,27.0,,,
3869495405,41.2004282,-8.6891504,3,27.0,,,
3869495433,41.2023912,-8.6908484,1,31.0,,,
3870153452,41.2002168,-8.6916274,1,32.0,,,
3870153544,41.1979775,-8.6915392,1,25.0,,,
3870153554,41.1982324,-8.6918281,1,37.0,,,
3870153762,41.1982715,-8.6916643,3,25.0,,,
3870153768,41.1983279,-8.6916871,4,37.0,crossing,,
3870153770,41.198394,-8.6917152,4,37.0,crossing,,
3870153795,41.1998675,-8.6916653,3,25.0,,,
3870153807,41.1999099,-8.6914925,1,25.0,,,
3870153841,41.2001768,-8.6917947,3,32.0,,,
3870153933,41.2011521,-8.6922179,3,32.0,,,
3870153939,41.201205,-8.6919912,1,32.0,,,
3870154011,41.2005538,-8.6919546,3,32.0,,,
3870154016,41.2005926,-8.6917938,1,32.0,,,
3870154034,41.2008603,-8.6920855,3,32.0,,,
3870154038,41.2008973,-8.6919305,1,32.0,,,
3870154045,41.2009342,-8.6923511,3,32.0,,,
3870154069,41.2015761,-8.6926277,3,32.0,,,
3870154087,41.2016359,-8.6923972,1,32.0,,,
3876325916,41.1739655,-8.6824239,3,20.0,,,
3897692283,41.1807883,-8.6499985,1,82.0,,,
3897692305,41.1809583,-8.6494244,3,82.0,,,
3897692324,41.1810572,-8.6495327,3,82.0,,,
3897692347,41.1813112,-8.6507486,3,83.0,,,
3897692362,41.1817338,-8.6510487,1,83.0,,,
3897692429,41.2102105,-8.6552086,1,64.0,,,
3897692449,41.2104869,-8.6561992,3,51.0,,,
3897692523,41.2111925,-8.658157,1,53.0,,,
3897692550,41.2113046,-8.6572912,3,53.0,,,
3897692553,41.2114102,-8.6601274,1,58.0,,,
3897692564,41.2115316,-8.6562994,1,53.0,,,
3897692575,41.2116396,-8.6594191,1,58.0,,,
3897692586,41.2116698,-8.6588446,4,58.0,,,
3897692591,41.2116734,-8.6578254,3,53.0,crossing,,
3897692601,41.2117655,-8.6579589,3,53.0,,,
3897692613,41.2119492,-8.658225,3,53.0,,,
3897692617,41.2120635,-8.6603094,3,58.0,,,
3897692629,41.2121405,-8.6595226,4,58.0,,,
3897692640,41.2121418,-8.6585041,3,58.0,crossing,,
3897692649,41.2121528,-8.661512,3,63.0,,,
3897692668,41.2122504,-8.657874,1,53.0,,,
3897692670,41.2122822,-8.6631439,3,63.0,,,
3897692672,41.2122877,-8.6580072,3,53.0,,,
3897692686,41.2123799,-8.657896,3,53.0,,,
3897692687,41.2123372,-8.6634403,3,63.0,,,
3897692696,41.2124445,-8.6630841,4,63.0,,,
3897692699,41.2124633,-8.6624763,4,63.0,,,
3897692701,41.2124689,-8.6621868,3,63.0,,,
3897692704,41.2124806,-8.6652787,3,55.0,,,
3897692715,41.2125117,-8.6651467,3,57.0,,,
3897692718,41.2125451,-8.6630882,3,54.0,,,
3897692720,41.2125537,-8.6583319,3,46.0,,,
3897692723,41.2125992,-8.6619284,1,50.0,,,
3897692730,41.2126039,-8.6582243,3,46.0,,,
3897692752,41.2126693,-8.6623229,1,50.0,,,
3897692763,41.2127355,-8.6651576,3,57.0,,,
3897692776,41.2127783,-8.6581157,1,46.0,,,
3897692787,41.2128047,-8.658523,3,47.0,,,
3897692818,41.212899,-8.6591395,3,47.0,,,
3897692819,41.2129006,-8.6605538,4,50.0,,,
3897692826,41.2129478,-8.65837,3,47.0,,,
3897692852,41.2131765,-8.6634713,3,54.0,,,
3897692857,41.2132231,-8.6587832,1,47.0,,,
3897692869,41.2132963,-8.6617894,3,50.0,crossing,,
3897692873,41.2133252,-8.6623653,4,50.0,crossing,,
3897692883,41.2134084,-8.6630595,3,54.0,,,
3897692885,41.2134442,-8.6620322,3,50.0,,,
3897692889,41.2135084,-8.6606378,1,50.0,,,
3897692895,41.2135827,-8.6618715,1,50.0,,,
3897692897,41.2135864,-8.6629067,3,54.0,,,
3897692901,41.2136443,-8.665034,1,57.0,,,
3897692902,41.2136451,-8.6648204,3,57.0,,,
3897692904,41.2136516,-8.6623399,3,50.0,,,
3897692915,41.2137861,-8.6621881,1,50.0,,,
3897692916,41.2137956,-8.663045,1,54.0,,,
3897692920,41.2139089,-8.6627124,3,54.0,,,
3897692924,41.2139492,-8.6653778,1,57.0,,,
3897692934,41.2141066,-8.66248,1,50.0,,,
3897692935,41.2141319,-8.6631387,3,54.0,,,
3897692937,41.2141657,-8.6598617,1,47.0,,level_crossing,
3897692939,41.2142323,-8.6582477,3,46.0,,,
3897692953,41.214799,-8.6590901,3,36.0,,,
3897692957,41.2149791,-8.6622638,1,43.0,,,
3897692965,41.2152455,-8.6619526,3,43.0,,,
3897692966,41.2152695,-8.6659775,3,47.0,,,
3897692975,41.2155944,-8.6615429,3,43.0,,,
3897692977,41.2156006,-8.663232,3,56.0,,,
3897692979,41.2156384,-8.6634769,3,56.0,,,
3899184996,41.1939874,-8.6562597,3,82.0,,,
3899184998,41.1940631,-8.6560705,3,80.0,,,
3899185017,41.2156739,-8.6541827,3,42.0,,,
3899185025,41.2160659,-8.6543561,3,42.0,crossing,,
3899185032,41.2161492,-8.6543404,3,42.0,,,
3899185045,41.2176113,-8.6534461,3,44.0,,,
3899185048,41.2177558,-8.6538046,3,44.0,,,
3899185052,41.2183062,-8.65378,1,44.0,,,
3907791643,41.2617972,-8.7079548,5,43.0,crossing,,
3920910366,41.2092895,-8.6561119,3,64.0,,,
3920910390,41.2095221,-8.6550703,1,64.0,,,
3921306565,41.2054416,-8.6746968,3,30.0,,,
3921306608,41.2065384,-8.6783419,3,55.0,,,
3921306631,41.2071603,-8.6749592,3,53.0,,,
3921306648,41.2072964,-8.6759819,3,57.0,,,
3950224943,41.1928008,-8.6104319,1,107.0,,,
3950224955,41.1932473,-8.6105728,3,107.0,,,
3950228964,41.1932986,-8.6100469,4,104.0,crossing,,
3950228976,41.1933642,-8.610061,4,104.0,crossing,,
3950228999,41.1934412,-8.6095647,4,104.0,crossing,,
3976822536,41.1823961,-8.6699158,3,67.0,,,
3976822539,41.1840845,-8.671661,4,60.0,,,
3976822544,41.1855598,-8.671536,3,59.0,,,
3976824222,41.1934339,-8.6646905,3,72.0,,,
3994397474,41.2353684,-8.6838161,3,62.0,,,
3994397504,41.2354805,-8.6853119,1,60.0,,,
3994402473,41.2343724,-8.6835298,3,62.0,,,
3994402492,41.2355915,-8.685505,1,64.0,,,
3994402506,41.2352594,-8.6860632,3,63.0,,,
3994402513,41.2345712,-8.6836441,3,62.0,,,
4000877966,41.206233,-8.6286129,3,59.0,,,
4000897099,41.2120167,-8.6473211,3,60.0,,,
4000897105,41.2121577,-8.6494894,3,61.0,,,
4000897106,41.2122123,-8.6474561,3,60.0,,,
4000897110,41.2126066,-8.6481633,3,55.0,,,
4000897113,41.2131741,-8.6475925,1,45.0,,,
4000897117,41.2125778,-8.6468936,1,45.0,,,
4000897122,41.2133408,-8.6478653,1,45.0,,,
4000905007,41.1996282,-8.685675,3,18.0,,,
4000905010,41.1997659,-8.6849791,3,21.0,,,
4000905012,41.2006353,-8.6863491,3,34.0,,,
4000905020,41.1999262,-8.6848115,1,21.0,,,
4000905021,41.1999461,-8.6849285,3,21.0,,,
4000905027,41.1988949,-8.6858711,1,18.0,,,
4004264453,41.1818912,-8.627433,3,86.0,,,
4004264457,41.1808722,-8.6278622,3,92.0,,,
4004264458,41.1805069,-8.6278088,3,92.0,,,
4004264461,41.181688,-8.6306084,3,84.0,,,
4004264463,41.1816783,-8.6300352,1,84.0,,,
4004265890,41.1825799,-8.6271506,4,86.0,,,
4004265893,41.1826748,-8.6271589,4,86.0,,,
4004265896,41.1831142,-8.6271773,3,86.0,,,
4068484610,41.1817972,-8.6897185,4,15.0,crossing,,
4068484629,41.1843884,-8.6919297,4,13.0,,,
4076291219,41.2195137,-8.7140257,3,8.0,,,
4076291225,41.2650701,-8.7275267,3,0.0,,,
4076291228,41.2658428,-8.7270219,3,9.0,,,
4076291229,41.2664365,-8.7268001,4,9.0,,,
4076291230,41.2672061,-8.7267013,3,7.0,,,
4076315162,41.2470641,-8.7237662,3,0.0,,,
4076315165,41.247798,-8.7250807,1,0.0,,,
4076315166,41.2480542,-8.7246139,3,0.0,,,
4076315167,41.2481247,-8.7237342,4,0.0,,,
4076315168,41.2481679,-8.7232122,1,0.0,,,
4076315169,41.2490048,-8.7238819,3,0.0,,,
4076315170,41.2510166,-8.7234287,1,0.0,,,
4076315171,41.2510445,-8.7238488,4,0.0,,,
4076315172,41.2510885,-8.7240843,1,0.0,,,
4076315173,41.2518741,-8.7238305,4,0.0,,,
4076315174,41.2518775,-8.7239528,1,0.0,,,
4076315176,41.2543986,-8.7240125,1,0.0,,,
4076315178,41.2559766,-8.7233637,3,0.0,,,
4076315180,41.2560188,-8.7235512,1,0.0,,,
4076315184,41.259889,-8.7239181,4,0.0,crossing,,
4076315186,41.2604461,-8.7240593,4,8.0,crossing,,
4076315187,41.2654906,-8.7272543,3,0.0,,,
4076315389,41.2658712,-8.7272721,1,0.0,,,
4076315390,41.266746,-8.7267592,4,7.0,,,
4076315391,41.2667537,-8.7269663,1,7.0,,,
4076315392,41.2669984,-8.7267282,4,7.0,,,
4076315393,41.2670123,-8.7269241,1,7.0,,,
4076315395,41.2675444,-8.7266072,3,7.0,,,
4076315397,41.2679976,-8.7265331,3,7.0,,,
4076315398,41.2680123,-8.726737,1,7.0,,,
4076315400,41.268577,-8.7264606,3,7.0,,,
4076315401,41.2685898,-8.7266485,1,7.0,,,
4076315402,41.2688605,-8.7260944,3,4.0,,,
4076315403,41.2688776,-8.7264272,3,4.0,,,
4076315406,41.2694754,-8.7269174,1,4.0,,,
4081010512,41.2001888,-8.6658189,3,73.0,,,
4094216512,41.235974,-8.7233273,3,0.0,,,
4094216520,41.2395486,-8.7252753,1,0.0,,,
4094216522,41.2436042,-8.7258604,3,2.0,,,
4094216524,41.2439249,-8.725932,1,0.0,,,
4095382172,41.1906284,-8.6962348,3,13.0,,,
4095382173,41.1909429,-8.6967416,1,13.0,,,
4095382175,41.1908684,-8.7051681,4,1.0,crossing,,
4095382177,41.19143,-8.7061694,1,1.0,,,
4095382178,41.1916027,-8.7062878,3,0.0,,,
4095382179,41.1916659,-8.7061412,3,1.0,,,
4095382180,41.1917057,-8.7063541,1,0.0,,,
4095382181,41.192174,-8.7066789,1,0.0,,,
4095382183,41.1925032,-8.7066599,4,0.0,,,
4095382184,41.1925589,-8.7065279,4,0.0,crossing,,
4095382185,41.1926369,-8.7063283,3,0.0,crossing,,
4095382293,41.2107282,-8.7139718,1,11.0,,,
4095382295,41.2108667,-8.7135378,3,11.0,,,
4095382297,41.2108672,-8.7137235,4,11.0,,,
4095382308,41.2119908,-8.713414,3,11.0,,,
4095382310,41.212003,-8.7136059,3,11.0,,,
4095382314,41.2145354,-8.7131237,3,10.0,,,
4095382315,41.2145499,-8.7133768,3,10.0,,,
4095382325,41.2186087,-8.7126762,3,9.0,,,
4095382326,41.2186254,-8.712936,3,9.0,,,
4100176267,41.234303,-8.683811,1,62.0,,,
4100176270,41.234554,-8.6838337,1,62.0,,,
4101735921,41.2318582,-8.6738657,1,70.0,,,
4101735943,41.2319061,-8.6735573,3,70.0,,,
4102513307,41.2340036,-8.6695312,3,73.0,crossing,,
4102513310,41.2340706,-8.6698772,3,73.0,,,
4115226514,41.2112281,-8.672961,3,50.0,,,
4115226523,41.2109347,-8.6712833,3,49.0,,,
4115226525,41.2115516,-8.670727,1,32.0,,,
4115226527,41.2098046,-8.6733343,3,40.0,,,
4115226542,41.2116373,-8.6726936,3,49.0,,,
4115226543,41.2118767,-8.6744467,3,50.0,,,
4115226563,41.2121428,-8.6709545,1,49.0,,,
4124447004,41.2592658,-8.7191306,3,13.0,,,
4124447007,41.2588592,-8.7193645,1,13.0,,,
4124447010,41.2600031,-8.7171629,4,16.0,crossing,,
4124447012,41.2629513,-8.7172601,3,21.0,,,
4124447013,41.2629018,-8.7178329,1,21.0,,,
4124447040,41.2591841,-8.7182525,3,16.0,,,
4124447041,41.2594127,-8.7181991,1,16.0,,,
4124447042,41.2593865,-8.7182046,3,16.0,,,
4124447043,41.2593648,-8.7180442,1,16.0,,,
4124447044,41.2593764,-8.7181303,3,16.0,,,
4124447045,41.2594114,-8.718122,1,16.0,,,
4124447049,41.2584628,-8.7195032,3,13.0,,,
4124447050,41.2584235,-8.719129,3,13.0,,,
4124447051,41.2582646,-8.7191585,3,10.0,,,
4124447052,41.2582146,-8.7186819,1,13.0,,,
4124447053,41.2584719,-8.7195896,1,13.0,,,
4124447054,41.2583038,-8.7195327,3,10.0,,,
4124447055,41.2583058,-8.7195514,1,10.0,,,
4124447056,41.2582863,-8.7193659,3,10.0,,,
4124447059,41.2582406,-8.7189301,3,10.0,,,
4124447060,41.2582036,-8.718937,3,10.0,,,
4124447062,41.258099,-8.7192739,3,10.0,,,
4124447063,41.2582972,-8.7194697,3,10.0,,,
4124447064,41.2580952,-8.7195072,1,10.0,,,
4124447065,41.2582915,-8.7194154,3,10.0,,,
4124447066,41.2580889,-8.719453,1,10.0,,,
4124447067,41.2581749,-8.7193866,3,10.0,,,
4124447068,41.2581618,-8.7192623,3,10.0,,,
4124447069,41.2582263,-8.7192503,3,10.0,,,
4124447070,41.2582393,-8.7193746,3,10.0,,,
4124447071,41.2582888,-8.7193898,3,10.0,,,
4124447072,41.2584478,-8.7193603,3,13.0,,,
4124447073,41.258357,-8.7193771,3,13.0,,,
4124447074,41.2583429,-8.719243,1,13.0,,,
4124447075,41.2583512,-8.7193223,3,13.0,,,
4124447077,41.2583768,-8.719234,1,13.0,,,
4124447078,41.258651,-8.7190796,3,13.0,,,
4124447082,41.2584732,-8.7191194,3,13.0,,,
4124447083,41.258172,-8.7192604,3,10.0,,,
4124447084,41.2581394,-8.7189489,3,10.0,,,
4124447085,41.2582365,-8.7188912,4,10.0,,,
4124447088,41.2588324,-8.718969,3,13.0,,,
4124447389,41.2587938,-8.7186009,3,16.0,,,
4124447391,41.2586431,-8.7190041,4,13.0,,,
4124447392,41.2586045,-8.7186361,3,16.0,,,
4124447393,41.2583011,-8.7190676,1,10.0,,,
4124447394,41.2583324,-8.7190618,3,10.0,,,
4124447396,41.2584503,-8.7186647,3,16.0,,,
4124447397,41.2584889,-8.7190328,3,13.0,,,
4177221846,41.2686287,-8.7051212,3,40.0,,,
4178819940,41.1841255,-8.6687119,3,66.0,,,
4178819949,41.1842403,-8.6685519,3,66.0,,,
4178833548,41.1839367,-8.6681397,3,66.0,,,
4178922589,41.1832526,-8.6684054,3,65.0,,,
4178922590,41.1832067,-8.6684741,3,65.0,,,
4178922596,41.1824476,-8.6675418,3,65.0,,,
4178922598,41.1823506,-8.6673725,4,65.0,,,
4178922599,41.1827574,-8.6679205,3,65.0,,,
4179753867,41.1803651,-8.6575769,3,79.0,,,
4179753868,41.1804021,-8.6574262,3,79.0,,,
4179753871,41.1803246,-8.6571768,3,79.0,,,
4189125470,41.2598705,-8.7004993,3,49.0,,,
4189125479,41.2668477,-8.7078616,3,36.0,,,
4222564996,41.2621177,-8.7257614,3,0.0,,,
4222617005,41.2670474,-8.7199534,3,21.0,,,
4222617018,41.2673183,-8.7199551,3,21.0,,,
4222617019,41.2673269,-8.7198062,3,21.0,,,
4222617021,41.2673343,-8.7199856,3,21.0,,,
4222617029,41.2674663,-8.7197675,4,21.0,,,
4222617031,41.2674814,-8.7199981,3,21.0,,,
4222617038,41.2675541,-8.7197254,3,21.0,,,
4222617044,41.2676123,-8.7183191,3,21.0,,,
4222617052,41.2677235,-8.7211402,1,20.0,,,
4222617055,41.2678603,-8.7212568,3,20.0,,,
4222617056,41.2678737,-8.7205635,1,21.0,,,
4222617062,41.2682206,-8.7207114,3,21.0,,,
4222617064,41.2683666,-8.7200204,3,21.0,,,
4222617069,41.2686589,-8.7216136,3,20.0,,,
4222617071,41.2688383,-8.7201947,4,15.0,,,
4222617072,41.2688477,-8.7216698,4,13.0,,,
4222617080,41.2696405,-8.7212406,4,13.0,,,
4228173554,41.2111636,-8.653031,1,49.0,,,
4271290030,41.2157326,-8.6223406,3,38.0,,,
4271290031,41.2157565,-8.622724,3,38.0,,,
4271290033,41.2166813,-8.6226588,3,48.0,,,
4271290037,41.2157438,-8.6225356,3,38.0,,,
4271290040,41.2160892,-8.622697,3,38.0,,,
4271290047,41.2163143,-8.6226762,3,38.0,,,
4271290048,41.2167549,-8.6228262,3,48.0,,,
4278574172,41.2059939,-8.667112,3,11.0,,,
4278574175,41.2057055,-8.6679768,1,11.0,,,
4278574177,41.2064198,-8.6670631,1,45.0,,,
4278574178,41.2077163,-8.6645209,3,47.0,,,
4278574185,41.2071628,-8.6645254,3,47.0,,,
4278574186,41.2070549,-8.6636629,1,47.0,,,
4281059984,41.2150639,-8.6473282,3,35.0,,,
4281071183,41.2177816,-8.6465637,1,23.0,,,
4281115079,41.2191391,-8.6487589,3,27.0,,,
4281115087,41.2262205,-8.6576624,3,62.0,,,
4283165298,41.2176871,-8.646337,1,23.0,,,
4298824173,41.1867762,-8.7016687,6,5.0,,,
4309769485,41.1771769,-8.6900554,3,12.0,crossing,,
4309846153,41.1957019,-8.6974231,4,20.0,,,
4316780295,41.2020729,-8.6930434,3,32.0,,,
4316780317,41.202813,-8.6930888,3,38.0,,,
4316780318,41.2028181,-8.6925458,3,38.0,,,
4316780323,41.2032905,-8.6929418,3,38.0,,,
4316780336,41.2045418,-8.6897013,3,42.0,,,
4316780345,41.2059141,-8.6888442,3,43.0,crossing,,
4316780347,41.2059198,-8.6890899,3,43.0,,,
4316780349,41.2061483,-8.6899663,1,42.0,,,
4316811672,41.197408,-8.695808,1,30.0,,,
4316811674,41.1977692,-8.6959815,3,30.0,,,
4316811675,41.1987741,-8.6992723,3,30.0,,,
4316811676,41.1987884,-8.6992125,3,30.0,,,
4316811679,41.1989079,-8.6987044,3,30.0,,,
4316811680,41.1990491,-8.6981683,3,30.0,,,
4316811991,41.2012087,-8.6974295,3,43.0,,,
4316878099,41.1979516,-8.7017488,4,31.0,crossing,,
4316878102,41.1982157,-8.7019399,3,31.0,,,
4316878109,41.1985392,-8.7015863,1,31.0,,,
4316878121,41.1991754,-8.7009598,3,31.0,,,
4316878123,41.1991802,-8.7016041,3,31.0,,,
4316878134,41.199364,-8.7001564,3,31.0,,,
4316878141,41.199711,-8.7009205,3,31.0,,,
4317006686,41.1931582,-8.6996875,3,24.0,,,
4317007000,41.1951581,-8.70039,1,25.0,,,
4317007001,41.1951293,-8.7008773,3,25.0,,,
4317007005,41.1953189,-8.6992638,3,24.0,,,
4317007006,41.1952835,-8.7004925,4,25.0,,,
4317007008,41.1954759,-8.700016,3,25.0,,,
4317007009,41.195592,-8.7007092,1,25.0,,,
4317007013,41.1958972,-8.7018911,3,28.0,,,
4317007016,41.1963119,-8.7023609,3,23.0,,,
4317007017,41.1965909,-8.701932,3,28.0,,,
4317007019,41.1966915,-8.7016874,3,28.0,,,
4317007021,41.1971162,-8.7025702,3,23.0,,,
4317007022,41.1971381,-8.701935,3,28.0,,,
4317007023,41.1971946,-8.7017709,3,28.0,,,
4317007024,41.1976261,-8.7022055,3,23.0,,,
4317007025,41.1976858,-8.7020352,3,28.0,,,
4317007027,41.1979285,-8.7026689,3,30.0,,,
4317007029,41.1980113,-8.7024338,3,30.0,,,
4317007030,41.1980757,-8.7022509,3,30.0,,,
4317267496,41.1934153,-8.7056401,3,12.0,,,
4317267497,41.1936373,-8.7051602,3,12.0,,,
4317267498,41.1937781,-8.7058864,3,16.0,,,
4317267499,41.1940042,-8.7054053,3,16.0,,,
4317267500,41.1942822,-8.7071824,3,12.0,,,
4317267501,41.1945692,-8.706409,3,12.0,,,
4362200670,41.1912539,-8.6528901,3,86.0,,,
4362200672,41.1910865,-8.652719,3,86.0,,,
4362200679,41.1911312,-8.6526527,3,86.0,,,
4362206389,41.1912119,-8.6525782,4,86.0,crossing,,
4362206390,41.1912116,-8.6524865,3,86.0,,,
4371320909,41.2037741,-8.603261,3,54.0,,,
4391180275,41.1925123,-8.6697084,3,62.0,,,
4391182173,41.1918609,-8.6694293,3,62.0,,,
4391182174,41.1920132,-8.669417,3,62.0,,,
4391191742,41.224166,-8.6955716,3,32.0,,,
4391191743,41.2242221,-8.6957572,3,32.0,,,
4391191745,41.2236286,-8.696005,3,37.0,,,
4391191746,41.2237985,-8.6954256,3,32.0,,,
4391191763,41.2235701,-8.6956493,3,32.0,,,
4391191766,41.2241272,-8.696042,3,37.0,,,
4394719485,41.1812352,-8.6811651,3,23.0,,,
4405124295,41.2086378,-8.7140249,3,6.0,,,
4405124298,41.2076224,-8.7139901,1,10.0,,,
4414928859,41.1902909,-8.5956421,3,103.0,,,
4414928863,41.1907152,-8.5956381,3,103.0,,,
4415068155,41.2101308,-8.6267823,3,64.0,,,
4415154318,41.216798,-8.6229151,3,48.0,,,
4415154320,41.2167664,-8.6237309,1,38.0,,,
4415154321,41.2167235,-8.6229211,3,38.0,,,
4415729210,41.1919479,-8.5970507,3,86.0,,,
4415729224,41.1903834,-8.5956929,4,103.0,,,
4423980917,41.2048592,-8.6947962,1,40.0,,,
4423980918,41.2051457,-8.6922015,3,40.0,,,
4423980919,41.2052295,-8.6951215,1,40.0,,,
4423980921,41.205892,-8.6948928,4,40.0,,,
4423980925,41.206138,-8.6920026,3,40.0,,,
4423980928,41.2095392,-8.6969375,3,40.0,,,
4423980935,41.2098865,-8.6968748,3,40.0,,,
4423980940,41.2102742,-8.6925117,3,46.0,,,
4423980947,41.2117769,-8.6932585,3,40.0,,,
4423980950,41.2122058,-8.6936845,1,40.0,,,
4423980954,41.2127188,-8.6938712,1,41.0,,,
4434367070,41.2131861,-8.6145433,3,87.0,,,
4434367675,41.2114966,-8.6139039,3,80.0,,,
4434367676,41.2111873,-8.6145851,1,78.0,,,
4438953461,41.1983482,-8.7091731,4,13.0,,,
4438953462,41.1983877,-8.7089338,3,13.0,,,
4438953467,41.1990581,-8.7106923,3,1.0,,,
4438953468,41.1990809,-8.7106254,4,1.0,,,
4438953469,41.199119,-8.710441,1,1.0,,,
4438953474,41.1995185,-8.7108815,3,1.0,,,
4438953475,41.1995236,-8.7108086,4,1.0,,,
4438953476,41.1995254,-8.7104026,1,13.0,,,
4438953478,41.1995564,-8.7104067,3,13.0,,,
4438953480,41.1996143,-8.7108178,1,1.0,,,
4438953482,41.1997642,-8.7104178,1,1.0,,,
4438953483,41.1997753,-8.7102983,1,13.0,,,
4438953485,41.2004898,-8.7023144,1,33.0,,,
4438970242,41.2069863,-8.6858964,3,39.0,,,
4438970243,41.2071429,-8.6856597,3,39.0,,,
4438970246,41.2072207,-8.6857351,3,39.0,,,
4439868793,41.2029924,-8.7140208,3,6.0,,,
4439868796,41.2035058,-8.7152294,3,0.0,turning_circle,,
4439868842,41.2022877,-8.7133332,1,6.0,,,
4439868847,41.2025949,-8.7123273,1,14.0,,,
4442696635,41.2132044,-8.7146061,3,0.0,,,
4442696657,41.2197501,-8.7120562,3,14.0,,,
4442696791,41.2167782,-8.7132921,3,9.0,,,
4442696806,41.2165936,-8.7131638,3,11.0,,,
4442696807,41.2166032,-8.7133105,3,11.0,,,
4456681807,41.2031996,-8.6285443,3,65.0,,,
4456681808,41.2018889,-8.6292214,3,75.0,,,
4456681819,41.1979538,-8.6277683,3,77.0,,,
4456681835,41.196384,-8.6280888,3,85.0,,,
4456717340,41.2053337,-8.6274462,3,59.0,,,
4456717349,41.2025225,-8.6275092,3,65.0,motorway_junction,,
4457286173,41.1743592,-8.6767463,1,24.0,,,
4457286176,41.1744241,-8.6759984,3,24.0,,,
4457286178,41.1744823,-8.6766062,1,24.0,,,
4463919462,41.1951113,-8.6067494,1,101.0,,,
4463941126,41.1949125,-8.6006105,3,84.0,,,
4463941130,41.1938194,-8.6006377,1,84.0,,,
4463941131,41.1965173,-8.6003899,3,88.0,,,
4463941136,41.1960617,-8.5994897,1,68.0,turning_circle,,
4463941137,41.1981573,-8.6001338,3,77.0,,,
4463941138,41.1983671,-8.6000007,3,77.0,,,
4463941142,41.1989202,-8.6092938,3,87.0,,,
4463941151,41.2009953,-8.6223538,1,59.0,,,
4463941156,41.2023494,-8.6219782,1,44.0,,,
4463941157,41.199904,-8.6517095,1,83.0,,,
4463941158,41.199964,-8.6516008,1,83.0,,,
4463941174,41.1862309,-8.6743579,3,46.0,,,
4463941177,41.2053601,-8.7143566,3,11.0,,,
4463941180,41.20523,-8.713996,3,11.0,,,
4468021923,41.1780386,-8.6559917,3,78.0,,,
4468029536,41.1736449,-8.6861261,3,19.0,,,
4468029547,41.1755571,-8.6808915,3,13.0,,,
4468029552,41.1796113,-8.6591082,3,70.0,,,
4468029553,41.1795915,-8.6594328,4,70.0,,,
4468029560,41.179637,-8.6594937,3,70.0,crossing,,
4468029561,41.1796597,-8.6594539,5,70.0,crossing,,
4468029563,41.1798419,-8.6595925,4,70.0,,,
4468057763,41.1963827,-8.6855134,1,24.0,,,
4468057774,41.1976721,-8.683713,3,12.0,,,
4468057778,41.1982431,-8.6847483,3,21.0,,,
4468057781,41.1988129,-8.6847642,3,21.0,,,
4468057788,41.1997724,-8.6838884,3,21.0,,,
4468057991,41.2001082,-8.6835101,3,27.0,,,
4468057992,41.2001617,-8.6832801,3,19.0,,,
4479794683,41.2243264,-8.6322384,3,45.0,,,
4479796390,41.2237666,-8.6306855,1,38.0,,,
4479796424,41.1901226,-8.6331387,4,103.0,crossing,,
4479796425,41.1902682,-8.6316624,4,103.0,crossing,,
4479824195,41.2228712,-8.6389437,3,67.0,,,
4479824203,41.2246287,-8.6378979,3,66.0,,,
4479824213,41.2251611,-8.6362964,1,35.0,,,
4479824224,41.2239134,-8.6343746,3,50.0,,,
4479824226,41.2237367,-8.6342411,1,50.0,,,
4479824228,41.2237044,-8.6383815,3,66.0,,,
4479824230,41.2231625,-8.6379118,1,66.0,,,
4479824250,41.2330113,-8.6682366,3,76.0,,,
4479824266,41.2183688,-8.6931807,3,42.0,,,
4479824268,41.2189859,-8.6928106,3,40.0,,,
4479824276,41.2198976,-8.6947374,3,39.0,,,
4479824277,41.2189201,-8.6929841,3,40.0,,,
4479824286,41.2190929,-8.6928842,3,40.0,,,
4479824391,41.2190282,-8.6930547,3,40.0,,,
4479824395,41.2202123,-8.6935789,3,40.0,,,
4479824396,41.2192994,-8.6931344,3,40.0,,,
4479991041,41.2200536,-8.6948144,3,39.0,,,
4479991046,41.2210447,-8.6948223,3,36.0,,,
4479991047,41.2201699,-8.6943855,3,39.0,,,
4479991048,41.2201175,-8.6945789,3,39.0,,,
4479992997,41.2680583,-8.7134428,1,36.0,,,
4479993053,41.2498918,-8.7018195,3,40.0,,,
4479993054,41.2503442,-8.7027502,4,37.0,,,
4479993056,41.2509054,-8.70483,1,34.0,,,
4484231650,41.1871918,-8.6917342,4,14.0,crossing,,
4484231658,41.1871622,-8.6915913,3,14.0,,,
4484231659,41.1872469,-8.691629,4,14.0,crossing,,
4484263632,41.1870759,-8.7005699,1,5.0,turning_circle,,
4484263634,41.1871872,-8.7011487,3,5.0,,,
4484263640,41.187185,-8.7023456,3,4.0,,,
4484263656,41.1938872,-8.7074321,4,12.0,crossing,,
4484263657,41.1939191,-8.7073516,4,12.0,crossing,,
4484263659,41.1950365,-8.7082174,4,12.0,crossing,,
4484263681,41.2029321,-8.7122436,3,14.0,,,
4484263682,41.2028509,-8.7124463,3,14.0,,,
4484264000,41.207127,-8.7152787,3,0.0,,,
4484287432,41.2197134,-8.7121443,4,14.0,,,
4484287433,41.2197767,-8.7121612,4,14.0,,,
4484297759,41.220225,-8.7125231,3,8.0,,,
4484308377,41.2211379,-8.7146717,4,0.0,,,
4484308379,41.2209898,-8.7147907,1,0.0,,,
4484308380,41.2203637,-8.7147591,1,0.0,,,
4484308381,41.2199502,-8.714767,1,0.0,,,
4484330390,41.2022948,-8.7105695,1,14.0,,,
4484330397,41.2062693,-8.6984241,1,32.0,,,
4484330398,41.2061587,-8.6984313,1,32.0,,,
4484330414,41.207745,-8.6981289,1,32.0,,,
4484330416,41.2064524,-8.6983563,3,32.0,,,
4484330417,41.2062604,-8.6982835,3,32.0,,,
4484330420,41.2062558,-8.6982125,3,32.0,,,
4484342283,41.1930575,-8.7070382,3,0.0,,,
4484342284,41.1927023,-8.7067835,3,0.0,,,
4484342286,41.1930033,-8.7071526,3,0.0,,,
4484342287,41.1900821,-8.7051637,3,1.0,,,
4484342292,41.1968591,-8.7096444,4,9.0,,,
4484342293,41.1967689,-8.7098782,3,9.0,,,
4484342294,41.1965651,-8.7097556,1,9.0,,,
4484342296,41.1967953,-8.7098098,4,9.0,,,
4484342297,41.1953958,-8.708858,3,0.0,,,
4484342299,41.1949063,-8.7085196,3,0.0,,,
4484342301,41.1944439,-8.7079901,3,12.0,,,
4484342302,41.1949779,-8.7083536,4,0.0,,,
4484342303,41.1950791,-8.7086378,3,0.0,,,
4484342304,41.1951487,-8.7084708,4,0.0,,,
4484342305,41.1952043,-8.7083309,4,12.0,crossing,,
4484342306,41.1952322,-8.7082489,3,12.0,,,
4484342308,41.1951354,-8.7088027,1,0.0,,,
4484342309,41.1958404,-8.7089454,3,9.0,,,
4484342310,41.1958921,-8.7088044,4,9.0,crossing,,
4484342311,41.1959255,-8.7087175,3,9.0,,,
4484342313,41.197846,-8.7105287,3,0.0,,,
4484342316,41.202239,-8.7135201,4,6.0,,,
4484342317,41.2022212,-8.7135696,3,6.0,,,
4484342318,41.202062,-8.7134648,1,-6.0,,,
4484342321,41.2028131,-8.7137539,3,6.0,,,
4484342323,41.1979352,-8.7105903,3,1.0,,,
4484342324,41.1979115,-8.7106493,3,0.0,,,
4484342325,41.1980201,-8.7107244,1,1.0,,,
4484342329,41.1980294,-8.7106573,3,1.0,,,
4484386651,41.2065402,-8.7117993,1,16.0,,,
4484478120,41.2132535,-8.7025603,3,32.0,,,
4484478121,41.2129515,-8.7026938,1,32.0,,,
4484480790,41.2186661,-8.7045789,3,29.0,,,
4484480791,41.2192906,-8.7039596,3,27.0,,,
4484480798,41.2193006,-8.7035575,3,27.0,,,
4484480814,41.2133196,-8.7026482,3,32.0,,,
4484480815,41.2134178,-8.7025877,4,32.0,,,
4484480819,41.2135926,-8.7024271,1,32.0,,,
4484480821,41.2135999,-8.7027683,1,32.0,,,
4484480822,41.2129494,-8.7021359,3,32.0,,,
4484480829,41.2130107,-8.7020494,1,36.0,,,
4484480856,41.2016507,-8.6982113,3,37.0,,,
4484480999,41.1966651,-8.6943144,3,30.0,,,
4484481004,41.1965839,-8.6929338,3,23.0,,,
4484481007,41.1967355,-8.6934024,3,23.0,,,
4484481008,41.1969722,-8.6935255,1,23.0,,,
4484481009,41.1967494,-8.6931865,3,23.0,,,
4484513927,41.1999117,-8.6758727,1,51.0,,,
4484521170,41.1987881,-8.673937,3,57.0,,,
4484558377,41.1820074,-8.6661804,4,61.0,,,
4484558382,41.1825383,-8.6650385,4,61.0,,,
4484558386,41.1821592,-8.6653468,3,61.0,,,
4484558393,41.181637,-8.6651668,3,61.0,,,
4484558394,41.1816058,-8.6650816,1,61.0,turning_circle,,
4484558412,41.1821747,-8.6657743,3,61.0,,,
4484558433,41.1830752,-8.6687895,4,67.0,crossing,,
4484558440,41.1803083,-8.6789129,3,24.0,,,
4484558441,41.1802841,-8.6794288,1,23.0,,,
4484558443,41.1805832,-8.6783071,3,24.0,,,
4484558446,41.1820998,-8.6768761,3,31.0,,,
4484558452,41.1807528,-8.6796573,3,23.0,,,
4484558456,41.1811214,-8.6790731,3,24.0,,,
4484558460,41.1810869,-8.6787866,3,24.0,,,
4484558461,41.1814791,-8.6784364,3,22.0,,,
4484561880,41.1803338,-8.6822599,3,30.0,,,
4484561882,41.1804564,-8.6819067,3,30.0,,,
4484823879,41.1997167,-8.6489267,1,93.0,,,
4487716832,41.2601407,-8.7209499,3,6.0,,,
4487732349,41.2598838,-8.7192854,3,13.0,,,
4492974892,41.1959781,-8.5988536,1,68.0,,,
4492974896,41.196518,-8.598859,3,68.0,,,
4494941272,41.1882888,-8.5966986,3,107.0,,,
4494941277,41.1850508,-8.5969265,3,120.0,,,
4495039787,41.1985508,-8.6101148,3,87.0,,,
4495041692,41.1987312,-8.6089064,3,87.0,,,
4495041701,41.2010131,-8.6084605,1,75.0,crossing,,
4495041703,41.2010983,-8.6084506,1,75.0,crossing,,
4496173385,41.190019,-8.6053042,3,104.0,,,
4496173386,41.1901491,-8.6051408,3,104.0,,,
4496173902,41.1861821,-8.605995,1,104.0,,,
4496173929,41.186513,-8.6081494,1,95.0,,,
4496173930,41.18786,-8.6111812,3,85.0,,,
4496173947,41.186745,-8.6099112,1,89.0,,,
4496173948,41.186335,-8.6103785,3,89.0,,,
4496173951,41.1863455,-8.6099552,1,89.0,,,
4496228713,41.2044721,-8.6126839,3,44.0,,,
4496228715,41.2050372,-8.6127269,1,44.0,,,
4496228728,41.2051603,-8.6091327,3,67.0,,,
4496228731,41.2045912,-8.6090147,3,67.0,,,
4496228743,41.2054492,-8.6116934,3,56.0,,,
4496228759,41.2044021,-8.6105571,3,56.0,,,
4496228760,41.2044174,-8.6090311,1,67.0,,,
4496228761,41.2006001,-8.6116415,3,67.0,,,
4498987483,41.189238,-8.5965708,3,107.0,,,
4498987484,41.1897501,-8.5965601,1,111.0,,,
4498987485,41.1888979,-8.596774,3,107.0,,,
4498987487,41.1891324,-8.5964376,1,107.0,,,
4498987488,41.1888934,-8.5964612,3,107.0,,,
4498987589,41.1886991,-8.5964634,1,107.0,,,
4498987590,41.1903649,-8.5964699,3,111.0,,,
4498987594,41.1908065,-8.5966096,3,111.0,,,
4498987595,41.1903814,-8.5958038,3,103.0,,,
4498987600,41.1904777,-8.5957823,1,103.0,,,
4498987606,41.1895819,-8.5959456,1,107.0,,,
4498987608,41.1893248,-8.5957092,1,105.0,,,
4504724745,41.2101951,-8.6265098,3,64.0,,,
4526819623,41.1751099,-8.6753704,4,19.0,crossing,,
4526819650,41.1786781,-8.675768,3,29.0,,,
4526819652,41.1787615,-8.6750784,1,29.0,,,
4526836198,41.1779189,-8.6724593,1,46.0,,,
4526836214,41.1797856,-8.6667247,3,55.0,,,
4526836219,41.1781423,-8.6609596,3,70.0,,,
4526836223,41.1785626,-8.6598259,3,75.0,,,
4526836225,41.1782646,-8.6595081,4,75.0,,,
4526895879,41.2091977,-8.6614214,3,65.0,,,
4526988239,41.1735589,-8.6878213,1,8.0,,,
4527002479,41.1865374,-8.6771795,4,50.0,crossing,,
4527002480,41.1865646,-8.6771958,3,50.0,,,
4527005293,41.1933602,-8.6629597,3,80.0,,,
4527005300,41.1921721,-8.6624703,4,83.0,crossing,,
4527005303,41.1911878,-8.6673425,3,73.0,,,
4527005308,41.1913973,-8.667298,3,73.0,,,
4527005313,41.1915114,-8.6672187,3,73.0,,,
4527005314,41.1915272,-8.6672097,3,73.0,,,
4527005315,41.1915263,-8.6670943,3,73.0,,,
4527005325,41.1914487,-8.6671406,3,73.0,,,
4527005329,41.1917526,-8.6672028,1,68.0,,,
4527005337,41.1877317,-8.6743767,3,55.0,,,
4527005348,41.187448,-8.6784079,1,50.0,,,
4527005351,41.1869919,-8.6777879,3,50.0,,,
4527005358,41.1910557,-8.6778899,1,27.0,,,
4527005359,41.1911984,-8.6776859,4,27.0,,,
4530751230,41.2148107,-8.6678282,3,37.0,,,
4563863041,41.1953376,-8.686417,3,1.0,,,
4563863063,41.1976552,-8.6842108,1,12.0,turning_circle,,
4563867609,41.1978988,-8.6836003,4,12.0,crossing,,
4567258253,41.1837615,-8.6383964,1,87.0,turning_circle,,
4567258263,41.1901308,-8.657971,4,84.0,,,
4567258265,41.1898364,-8.6570512,4,84.0,crossing,,
4567258266,41.1894091,-8.655917,3,80.0,,,
4567258269,41.189411,-8.657207,3,75.0,crossing,,
4567258270,41.1894838,-8.658097,4,75.0,,,
4567258271,41.1897326,-8.6594441,3,83.0,crossing,,
4567258272,41.1905832,-8.6601026,3,83.0,,,
4567258277,41.1910473,-8.6591058,3,83.0,,,
4567258279,41.190558,-8.6639713,3,76.0,,,
4567258280,41.1899881,-8.6643998,3,76.0,,,
4567258287,41.1897541,-8.6811926,3,16.0,,,
4567258792,41.1897421,-8.6812847,3,10.0,,,
4567258797,41.1950788,-8.6967489,3,20.0,,,
4567258804,41.1948086,-8.699613,3,24.0,,,
4567266121,41.1961178,-8.7067957,3,14.0,,,
4567266128,41.196148,-8.7066819,3,14.0,,,
4567266130,41.1974443,-8.7062836,3,14.0,,,
4567266131,41.1971666,-8.7061695,1,16.0,,,
4580248155,41.1940342,-8.6346245,1,104.0,,,
4580255462,41.2033725,-8.7158232,1,0.0,,,
4580255467,41.2035373,-8.7135773,1,6.0,,,
4580255472,41.2027714,-8.7138628,3,6.0,,,
4580255473,41.202864,-8.7140085,3,6.0,,,
4580255480,41.2034676,-8.7155349,1,0.0,,,
4580255486,41.2034884,-8.7153778,3,0.0,,,
4585976385,41.1979987,-8.686986,3,18.0,,,
4585976690,41.1995782,-8.6869494,3,18.0,,,
4585976696,41.1983559,-8.6863581,3,18.0,,,
4585976702,41.1992515,-8.6866602,3,18.0,,,
4585976703,41.1966338,-8.6850107,4,12.0,,,
4585976704,41.1965182,-8.6849812,1,12.0,turning_circle,,
4585976708,41.1970385,-8.6857691,3,24.0,,,
4585976710,41.1964809,-8.6859152,3,24.0,,,
4585976719,41.1972209,-8.6859914,3,24.0,,,
4585976739,41.1930045,-8.6910894,3,14.0,,,
4585976763,41.1927961,-8.6910095,3,14.0,,,
4585976775,41.1941063,-8.6894597,3,23.0,,,
4585976787,41.1955683,-8.687181,3,1.0,,,
4587419272,41.2212737,-8.7143353,3,9.0,,,
4587419276,41.2236317,-8.7155355,1,7.0,,,
4587696989,41.1849593,-8.6967591,3,4.0,,,
4587696993,41.1798997,-8.6926446,3,9.0,,,
4587696995,41.1797855,-8.692634,3,9.0,,,
4587696999,41.1800947,-8.6904796,3,16.0,,,
4587697000,41.1810599,-8.6823671,3,30.0,,,
4587697003,41.1872447,-8.6913523,4,14.0,,,
4587697004,41.1870434,-8.6911492,1,14.0,,,
4587702628,41.1905785,-8.6952668,5,6.0,crossing,,
4587702644,41.1905898,-8.695995,1,13.0,,,
4587702645,41.1906395,-8.6960549,1,13.0,,,
4587702649,41.1904674,-8.6958896,1,13.0,,,
4587702659,41.1912444,-8.6956814,3,6.0,,,
4587702661,41.1912963,-8.6959918,3,13.0,,,
4587713290,41.1927733,-8.705735,3,12.0,,,
4587721469,41.1938334,-8.7075725,3,12.0,,,
4587721470,41.1940027,-8.70714,3,12.0,,,
4587721472,41.1939965,-8.7069946,3,12.0,,,
4587721474,41.1940971,-8.707061,3,12.0,,,
4587721475,41.1969146,-8.7095083,4,9.0,crossing,,
4587721476,41.1969508,-8.7094223,4,9.0,crossing,,
4587721477,41.1969967,-8.7093017,3,9.0,crossing,,
4587721478,41.1982021,-8.7101924,3,13.0,,,
4587721479,41.1980275,-8.710072,3,13.0,,,
4587721480,41.1990173,-8.7105839,3,1.0,,,
4587722037,41.1917934,-8.7062225,3,12.0,,,
4587722038,41.1918448,-8.706076,4,12.0,crossing,,
4587722039,41.191969,-8.7057294,4,12.0,crossing,,
4587722043,41.1919166,-8.7054952,4,12.0,crossing,,
4587722047,41.1917398,-8.7055757,4,12.0,crossing,,
4587722048,41.1915731,-8.7060808,3,1.0,,,
4587735775,41.1964148,-8.6923717,4,23.0,,,
4587735780,41.196128,-8.6924087,3,23.0,,,
4587735781,41.1959558,-8.6922232,3,23.0,,,
4587735782,41.1961348,-8.6919388,3,23.0,,,
4587735783,41.1962497,-8.6920704,3,23.0,,,
4587735784,41.1960657,-8.6923432,3,23.0,,,
4587735785,41.1961315,-8.6913558,3,18.0,crossing,,
4587735786,41.1960374,-8.6912516,3,18.0,crossing,,
4587735787,41.1957621,-8.6919365,3,19.0,crossing,,
4587735788,41.1956678,-8.6918287,3,19.0,crossing,,
4587744589,41.1956338,-8.6921322,3,19.0,,,
4587744590,41.1955402,-8.6920317,3,19.0,,,
4587744594,41.1942983,-8.6904524,3,15.0,,,
4587744599,41.1932385,-8.6937974,3,10.0,,,
4587744604,41.1931802,-8.6966825,3,26.0,,,
4587744605,41.1931629,-8.6962158,1,26.0,,,
4587744609,41.1909329,-8.6991199,3,18.0,,,
4587744612,41.1879912,-8.6988222,3,8.0,,,
4587744617,41.188277,-8.6986696,3,8.0,,,
4587744620,41.188153,-8.6985179,4,8.0,crossing,,
4590927809,41.1979358,-8.6867646,4,18.0,,,
4590927814,41.1979536,-8.6865847,1,18.0,,,
4590927825,41.1926376,-8.6914369,3,14.0,,,
4590927826,41.192597,-8.6912818,3,14.0,,,
4590927828,41.1928626,-8.6914975,3,14.0,,,
4590953972,41.1893358,-8.7026955,3,8.0,,,
4590953973,41.1891295,-8.7028373,3,8.0,,,
4590953979,41.1884033,-8.6988237,3,8.0,,,
4590953985,41.1889578,-8.698486,3,8.0,,,
4590969863,41.1935021,-8.6958328,3,10.0,,,
4590969865,41.1933903,-8.6956952,3,10.0,,,
4590970394,41.1940007,-8.6947345,3,23.0,,,
4590970396,41.1939002,-8.6961258,3,20.0,,,
4590986045,41.1876667,-8.599573,3,102.0,crossing,,
4590986052,41.1872801,-8.5992444,1,106.0,,,
4590986053,41.1872285,-8.5994071,3,106.0,,,
4590986054,41.1872669,-8.5996394,1,106.0,,,
4590993770,41.1933513,-8.6951337,3,10.0,,,
4590993772,41.1932774,-8.6947104,3,10.0,,,
4591176495,41.2027413,-8.6895116,1,36.0,,,
4591176496,41.2045442,-8.6895445,3,43.0,crossing,,
4591176498,41.2042031,-8.6894418,3,43.0,,,
4591176678,41.1958375,-8.6885361,3,18.0,,,
4591176683,41.1957512,-8.6883927,3,23.0,,,
4591176684,41.1956647,-8.6882676,4,23.0,,,
4591176686,41.1955582,-8.6881382,1,23.0,,,
4591279962,41.1966936,-8.6921086,3,23.0,,,
4591279966,41.196657,-8.6923644,3,23.0,,,
4591279967,41.1967551,-8.6935314,3,23.0,,,
4591283299,41.1937857,-8.6899379,3,15.0,,,
4591283311,41.1951618,-8.6914095,3,15.0,,,
4591283418,41.2010963,-8.6946488,3,39.0,,,
4591283422,41.2012079,-8.693679,1,32.0,,,
4591283425,41.2031152,-8.6938696,3,38.0,,,
4591283426,41.203022,-8.6938384,1,38.0,,,
4591337338,41.2071068,-8.7148997,3,0.0,,,
4591411240,41.1876126,-8.7017828,3,13.0,,,
4591411250,41.1875819,-8.7017305,3,13.0,,,
4591411253,41.1876422,-8.7017098,3,13.0,,,
4591411259,41.1876705,-8.7016781,3,13.0,,,
4591411260,41.1871454,-8.7011223,3,5.0,,,
4591425859,41.1872983,-8.7030303,3,4.0,,,
4591425864,41.1874477,-8.7027707,5,4.0,,,
4591425867,41.187102,-8.7030747,3,4.0,,,
4591425871,41.1869677,-8.7029388,3,4.0,,,
4591425886,41.1878251,-8.7040795,4,8.0,,,
4591425888,41.1882711,-8.7041611,4,8.0,,,
4591425889,41.1883699,-8.7039948,1,8.0,,,
4591425891,41.1910529,-8.7057463,3,1.0,,,
4591485357,41.2070365,-8.6877565,1,40.0,,,
4591485359,41.2069618,-8.6877121,4,40.0,crossing,,
4591485362,41.2068797,-8.6874759,3,39.0,,,
4591485363,41.2068677,-8.686954,4,39.0,crossing,,
4591485373,41.2076273,-8.6858491,3,39.0,,,
4591485375,41.2076147,-8.6856686,3,39.0,,,
4591485376,41.2076019,-8.687039,1,39.0,,,
4591485378,41.2076367,-8.6860121,3,39.0,,,
4591485379,41.2077135,-8.6858482,4,39.0,crossing,,
4591485382,41.2094787,-8.685523,1,49.0,,,
4591485490,41.2087137,-8.6856355,4,49.0,crossing,,
4591485492,41.2087589,-8.6857153,3,49.0,,,
4591485493,41.2095188,-8.6855232,1,49.0,,,
4591485503,41.2084471,-8.6856274,4,49.0,crossing,,
4591485504,41.2083594,-8.6857053,3,49.0,,,
4591485513,41.2105006,-8.6861466,3,51.0,,,
4591485515,41.2102811,-8.6862158,1,49.0,turning_circle,,
4591485530,41.2098517,-8.6896166,3,39.0,,,
4591485532,41.210055,-8.6893542,3,46.0,,,
4591485533,41.2100674,-8.6892823,3,46.0,,,
4591485536,41.2105921,-8.689238,3,46.0,,,
4591485541,41.2107436,-8.6888564,1,46.0,,,
4591485542,41.2107733,-8.688857,1,46.0,,,
4591485547,41.2106124,-8.6893284,3,46.0,,,
4591485550,41.210617,-8.6895625,4,46.0,crossing,,
4591485551,41.2106341,-8.6896347,3,41.0,,,
4591485552,41.2105345,-8.6893515,1,46.0,,,
4591485559,41.2101624,-8.6895508,4,46.0,crossing,,
4591485560,41.2102027,-8.6896247,3,39.0,,,
4591485566,41.2105345,-8.6893,1,46.0,,,
4591485571,41.2095406,-8.6890921,3,46.0,,,
4591485572,41.2084528,-8.6890717,4,46.0,,,
4591485573,41.2095423,-8.6889018,3,46.0,,,
4591485574,41.2084536,-8.6888796,4,46.0,,,
4591485575,41.209544,-8.6887175,3,46.0,,,
4591485576,41.2084544,-8.6886809,4,46.0,,,
4591485577,41.2089438,-8.6895082,3,46.0,,,
4591485578,41.2089442,-8.6894604,4,46.0,crossing,,
4591485579,41.208946,-8.6892766,4,46.0,crossing,,
4591485580,41.2089479,-8.6890807,4,46.0,crossing,,
4591485581,41.2089497,-8.6888902,4,46.0,crossing,,
4591485582,41.2089516,-8.6886974,4,46.0,crossing,,
4591485583,41.2089534,-8.6885095,4,46.0,crossing,,
4591485584,41.2089596,-8.6883932,3,46.0,,,
4591485585,41.2071479,-8.6890458,3,40.0,,,
4591485586,41.2071489,-8.6888473,3,40.0,,,
4591485587,41.2071499,-8.6886584,3,40.0,,,
4591485588,41.2071509,-8.688463,3,40.0,,,
4591485589,41.207567,-8.6894021,3,40.0,,,
4591485590,41.2075812,-8.6882924,3,40.0,,,
4591485591,41.207208,-8.6891842,3,40.0,,,
4591485593,41.20841,-8.689255,4,46.0,crossing,,
4591485594,41.2084182,-8.6884958,3,46.0,crossing,,
4591485595,41.208006,-8.6883,3,40.0,,,
4591485597,41.207095,-8.6880255,3,40.0,,,
4591485602,41.2074678,-8.6878151,1,40.0,,,
4591485604,41.2083285,-8.6881171,1,40.0,,,
4591485606,41.2080322,-8.6881697,4,40.0,,,
4591485607,41.2088748,-8.6881284,1,46.0,,,
4591485613,41.2074058,-8.686071,1,39.0,,,
4593134597,41.1874357,-8.6734465,3,46.0,,,
4593134598,41.1871975,-8.67324,3,46.0,,,
4593134599,41.187542,-8.673198,3,55.0,,,
4593134600,41.1873038,-8.6729974,3,46.0,,,
4593134601,41.1876792,-8.6728979,4,59.0,,,
4593134602,41.1874408,-8.672684,3,59.0,,,
4593134603,41.1880319,-8.6724916,3,59.0,,,
4593134604,41.1878666,-8.6740516,3,55.0,,,
4593134605,41.1877923,-8.6740014,3,55.0,,,
4593134606,41.187394,-8.6737564,3,46.0,,,
4593134610,41.1875512,-8.6738348,3,55.0,,,
4593134613,41.1886228,-8.6720764,3,59.0,,,
4593134614,41.1886973,-8.6721366,3,59.0,,,
4593134619,41.1883399,-8.6727361,3,59.0,,,
4593134620,41.1884751,-8.6724165,3,59.0,,,
4593134621,41.1880848,-8.6721239,3,59.0,,,
4593134622,41.1882082,-8.6730371,3,55.0,,,
4593134623,41.187813,-8.672728,4,59.0,,,
4593134624,41.1880747,-8.6733478,3,55.0,,,
4593134625,41.1876881,-8.6730529,3,55.0,,,
4593134626,41.187941,-8.6736618,3,55.0,,,
4593134627,41.1875578,-8.6733623,3,55.0,,,
4593134635,41.1839608,-8.6774603,3,36.0,,,
4593134684,41.1865892,-8.6884706,3,15.0,,,
4593134685,41.1864831,-8.6884605,3,15.0,,,
4593134688,41.1861121,-8.6882757,3,15.0,,,
4593134698,41.186154,-8.6883547,3,15.0,,,
4593155633,41.1870059,-8.6938716,4,10.0,,,
4593155638,41.1869328,-8.6938832,3,10.0,,,
4593155640,41.1870005,-8.6937932,3,10.0,,,
4593155644,41.1865143,-8.693394,3,14.0,,,
4593155654,41.1873543,-8.6939899,3,10.0,,,
4593155659,41.1877586,-8.6931727,3,0.0,,,
4593171485,41.1867919,-8.6949814,3,10.0,,,
4598315956,41.1802541,-8.6678875,3,55.0,,,
4598315958,41.1801432,-8.6676754,3,55.0,,,
4598315984,41.1791959,-8.6729258,3,51.0,,,
4598316416,41.1891595,-8.6754457,3,46.0,,,
4598316420,41.1883435,-8.6760723,3,46.0,,,
4598316421,41.1880985,-8.6763644,3,46.0,,,
4598316422,41.1879517,-8.6763618,3,46.0,,,
4598316425,41.1891851,-8.6756264,3,46.0,,,
4598316426,41.1890461,-8.6756679,3,46.0,,,
4598316427,41.1892869,-8.6771981,3,40.0,,,
4598316431,41.1882058,-8.6762335,3,46.0,,,
4598316432,41.1889945,-8.6773909,3,40.0,,,
4598316433,41.1891006,-8.677273,3,40.0,,,
4598316434,41.1883149,-8.6761033,3,46.0,,,
4598316435,41.1891465,-8.6772446,3,40.0,,,
4598316436,41.1889042,-8.6757091,3,46.0,,,
4598316477,41.18978,-8.6809174,3,16.0,,,
4598316481,41.1885414,-8.6776087,3,40.0,,,
4598316487,41.1888453,-8.678612,3,40.0,,,
4598316489,41.1883423,-8.6800246,3,32.0,,,
4598507932,41.218006,-8.6205503,1,65.0,,,
4598508492,41.2168026,-8.6211743,1,48.0,,,
4604273024,41.184582,-8.6421323,3,90.0,,,
4604273054,41.184409,-8.643159,1,90.0,,,
4604292330,41.1828073,-8.6601167,3,75.0,,,
4604292333,41.1827359,-8.6604152,4,75.0,crossing,,
4604292335,41.1827613,-8.6604938,3,71.0,,,
4604292336,41.1827509,-8.6598743,4,75.0,,,
4604292352,41.1825425,-8.66027,4,75.0,crossing,,
4604292353,41.182569,-8.6603497,3,75.0,,,
4604359585,41.181833,-8.6545657,4,76.0,,,
4604362013,41.1785985,-8.6554774,1,78.0,,,
4604362032,41.1814419,-8.656351,4,74.0,,,
4604362038,41.1814796,-8.6569802,3,74.0,,,
4604362048,41.1793898,-8.6535873,1,79.0,turning_circle,,
4604408814,41.1806688,-8.6573281,4,79.0,,,
4605838359,41.1822939,-8.6233983,3,96.0,,,
4605838363,41.1827206,-8.6233751,1,96.0,,,
4605846969,41.1901758,-8.6385978,3,97.0,,,
4605846971,41.1902106,-8.6368188,3,92.0,,,
4605846972,41.1900904,-8.6366773,3,92.0,,,
4605846985,41.1892173,-8.6361639,3,92.0,,,
4605846997,41.1827551,-8.6319968,3,83.0,,,
4605846998,41.1828478,-8.6321273,3,83.0,,,
4605892933,41.1902078,-8.6393291,4,97.0,crossing,,
4605892938,41.1892458,-8.6414871,3,104.0,,,
4605892940,41.1891711,-8.6412514,3,104.0,,,
4605903362,41.187274,-8.6449566,4,94.0,crossing,,
4605903365,41.1871678,-8.6450377,3,94.0,,,
4605903366,41.1872028,-8.6451156,4,94.0,crossing,,
4606429262,41.1836107,-8.6532807,3,82.0,,,
4606429264,41.1838744,-8.6525096,1,82.0,,,
4606429265,41.1837477,-8.6528909,3,82.0,,,
4606429266,41.1845851,-8.6534012,3,82.0,,,
4606429268,41.1846655,-8.6531927,1,82.0,,,
4606429789,41.1881237,-8.6506942,3,88.0,,,
4606429791,41.1880564,-8.6506205,3,88.0,,,
4606429792,41.1888054,-8.6515502,3,88.0,,,
4606429801,41.1918464,-8.653759,1,87.0,,,
4606429802,41.1911273,-8.6545815,3,83.0,,,
4606429803,41.1910668,-8.6543876,3,83.0,,,
4606429804,41.1913468,-8.6540428,1,86.0,,,
4606429805,41.1918955,-8.6533555,3,87.0,,,
4606429813,41.195319,-8.6567347,3,82.0,,,
4606429872,41.2000268,-8.6701532,1,42.0,,,
4606429873,41.1993935,-8.6698554,3,55.0,,,
4606430192,41.2021229,-8.6639916,1,49.0,,,
4606430197,41.2016533,-8.6643852,3,56.0,,,
4606430202,41.2019676,-8.6659621,3,73.0,,,
4606430203,41.2020181,-8.6660709,1,73.0,,,
4606469324,41.1957195,-8.6670979,1,73.0,,,
4606469331,41.1928356,-8.6679744,3,68.0,,,
4606469690,41.1954407,-8.6695844,3,68.0,,,
4606469691,41.1955083,-8.6692737,1,68.0,,,
4606475727,41.196046,-8.6733228,3,63.0,,,
4606475728,41.1961363,-8.6731583,1,63.0,,,
4606475731,41.1968389,-8.6733244,3,63.0,,,
4606477635,41.1972367,-8.6737979,3,63.0,,,
4606477636,41.1974333,-8.6740569,3,63.0,,,
4606477638,41.1971535,-8.6744922,1,63.0,,,
4606537185,41.2095042,-8.684029,4,53.0,crossing,,
4606537186,41.2094523,-8.683607,3,53.0,crossing,,
4606537909,41.2105019,-8.6836557,4,47.0,crossing,,
4606537914,41.2113054,-8.6851771,3,47.0,,,
4606537916,41.2105621,-8.6840187,3,47.0,,,
4606537920,41.2106731,-8.6837719,3,47.0,,,
4606537924,41.2113692,-8.6836512,3,47.0,,,
4606537931,41.2113674,-8.6849852,3,47.0,,,
4606537932,41.2110261,-8.684975,3,47.0,,,
4606537933,41.2113677,-8.6847941,3,47.0,,,
4606537934,41.2109337,-8.6847845,3,47.0,,,
4606537935,41.2113679,-8.6846092,3,47.0,,,
4606537936,41.2108417,-8.684595,3,47.0,,,
4606537937,41.2113682,-8.6844201,3,47.0,,,
4606537938,41.2107498,-8.6844055,3,47.0,,,
4606537939,41.2113684,-8.6842311,3,47.0,,,
4606537940,41.2106575,-8.6842154,3,47.0,,,
4606537942,41.2113687,-8.684042,3,47.0,,,
4606537943,41.2113689,-8.683855,3,47.0,,,
4606537946,41.2113764,-8.6835074,4,47.0,crossing,,
4606537948,41.2113418,-8.6833994,3,47.0,,,
4606537963,41.2110409,-8.6856133,3,51.0,,,
4606538091,41.2103275,-8.6838025,3,53.0,,,
4606538098,41.2088254,-8.6839037,3,53.0,,,
4606538103,41.2080793,-8.6846398,3,47.0,,,
4606538109,41.208047,-8.6843786,3,47.0,,,
4606538118,41.2081665,-8.6843206,3,47.0,,,
4606538126,41.2083277,-8.6842786,1,47.0,,,
4612166015,41.1804126,-8.6934685,3,9.0,,,
4612166020,41.1804441,-8.6934046,3,9.0,,,
4612166025,41.1804552,-8.693455,3,9.0,,,
4612166029,41.1804065,-8.6934146,3,9.0,,,
4612166038,41.1806106,-8.6931058,3,9.0,,,
4612166040,41.1803464,-8.6933544,3,9.0,,,
4612166047,41.1839267,-8.6957771,3,10.0,,,
4612166056,41.1838516,-8.6957023,3,10.0,,,
4612172171,41.1853367,-8.6845574,3,28.0,,,
4612172173,41.1861433,-8.6822855,3,29.0,,,
4612172174,41.1858918,-8.6821282,3,29.0,,,
4612172175,41.1853625,-8.6836269,3,28.0,,,
4612172176,41.1856159,-8.6837804,4,26.0,,,
4612172177,41.1854811,-8.6841689,3,26.0,,,
4612172178,41.1855427,-8.6842136,3,26.0,,,
4612172179,41.1854371,-8.6846002,3,26.0,,,
4612172183,41.1859747,-8.6832169,3,29.0,,,
4612172184,41.1856103,-8.6842562,3,26.0,,,
4612172186,41.1859723,-8.6827757,4,29.0,,,
4612172188,41.1860203,-8.6822086,4,29.0,,,
4612172589,41.1854973,-8.6837086,3,26.0,,,
4612172590,41.1860938,-8.6815561,3,29.0,,,
4636214355,41.2089824,-8.6228075,3,39.0,,,
4636214358,41.2089455,-8.62216,3,39.0,,,
4636214361,41.2084809,-8.6219522,3,39.0,,,
4636214363,41.2080992,-8.6211943,3,56.0,,,
4642270245,41.2103668,-8.6243219,3,52.0,,,
4642270251,41.2075731,-8.6222834,3,56.0,crossing,,
4656689875,41.178653,-8.6601734,3,75.0,,,
4656689876,41.1788033,-8.6600154,3,75.0,,,
4656689877,41.178868,-8.6600871,1,75.0,,,
4656694783,41.1787821,-8.6575693,3,73.0,,,
4656694784,41.1786857,-8.657766,3,73.0,,,
4656694785,41.1790775,-8.6578073,1,73.0,,,
4656694786,41.1782622,-8.6573249,1,73.0,,,
4665705850,41.1748542,-8.6866032,3,19.0,,,
4665705851,41.174234,-8.6863285,3,19.0,,,
4665754376,41.1830669,-8.6849391,3,23.0,,,
4665754379,41.1828406,-8.6850175,4,23.0,crossing,,
4665754381,41.1822683,-8.6831647,3,24.0,,,
4665754990,41.1835698,-8.6838424,3,28.0,,,
4665754991,41.1827001,-8.6833887,3,23.0,,,
4665754992,41.1827557,-8.6832134,3,24.0,,,
4665774638,41.1790263,-8.6815973,3,18.0,,,
4665774639,41.1788356,-8.6815087,3,18.0,,,
4665774641,41.1788885,-8.6811227,3,19.0,,,
4665774643,41.1791766,-8.6813027,3,30.0,,,
4665774664,41.1791991,-8.6788045,4,24.0,crossing,,
4665774668,41.1900267,-8.6618012,3,79.0,,,
4665774670,41.1994996,-8.6935866,1,37.0,,,
4665774673,41.1998659,-8.6943051,3,35.0,,,
4665774674,41.1994417,-8.6941968,3,35.0,,,
4668557495,41.1872303,-8.6864011,3,20.0,,,
4668557503,41.1876075,-8.6850929,3,10.0,,,
4668557544,41.1854171,-8.6801598,4,36.0,crossing,,
4668557545,41.1858104,-8.6803931,3,36.0,,,
4668557572,41.1858486,-8.6827009,4,29.0,,,
4668557573,41.1857177,-8.6826212,3,29.0,,,
4680747194,41.1981333,-8.637371,3,93.0,,,
4680747199,41.1983732,-8.6367615,3,93.0,,,
4699192444,41.197164,-8.6319662,3,87.0,,,
4699192447,41.1968569,-8.6320882,1,87.0,,,
4699192448,41.1981446,-8.6321311,3,86.0,,,
4699192449,41.198628,-8.6321425,3,86.0,,,
4699192450,41.1984396,-8.6322398,3,86.0,,,
4699192452,41.1968922,-8.6316822,3,87.0,,,
4699192457,41.1987056,-8.6316993,1,86.0,,,
4699192458,41.1967907,-8.6316004,3,87.0,,,
4699192459,41.197034,-8.6315458,3,87.0,,,
4699192460,41.1971334,-8.6321185,1,87.0,,,
4699192461,41.1979323,-8.632055,3,86.0,,,
4699192464,41.1969881,-8.6321346,1,87.0,,,
4699192469,41.196859,-8.6316644,3,87.0,,,
4699192470,41.196897,-8.631875,3,87.0,,,
4699192474,41.1977959,-8.6278459,3,85.0,,,
4699192475,41.1985983,-8.6318075,3,86.0,,,
4699192476,41.1967073,-8.6317541,3,87.0,,,
4699192477,41.1970331,-8.6319215,3,87.0,,,
4699192482,41.1987223,-8.6317652,3,86.0,,,
4699555594,41.2031943,-8.6326467,1,74.0,,,
4699555596,41.2044185,-8.6317342,3,78.0,,,
4699555598,41.2031667,-8.6317832,1,74.0,,,
4699555600,41.2031031,-8.631767,3,74.0,,,
4699555603,41.2042734,-8.6317403,1,78.0,,,
4699555607,41.2029829,-8.6318551,3,74.0,,,
4699555609,41.2044386,-8.6325979,3,78.0,,,
4699555610,41.2044632,-8.6333035,4,78.0,,,
4699555611,41.2028784,-8.630802,4,73.0,,,
4699555613,41.204393,-8.63085,3,70.0,,,
4699555616,41.2043242,-8.6326012,1,78.0,,,
4699555619,41.2030575,-8.6326698,3,74.0,,,
4716915912,41.1844817,-8.6556425,4,81.0,,,
4716915913,41.1835715,-8.6563462,3,75.0,,,
4720649123,41.1830833,-8.6188168,3,89.0,,,
4722703955,41.1817511,-8.6835613,3,23.0,,,
4722703956,41.1814822,-8.6838431,3,23.0,,,
4722703978,41.183696,-8.6808562,4,35.0,crossing,,
4722703982,41.184231,-8.6807982,1,35.0,,,
4722703984,41.1837878,-8.680514,3,35.0,,,
4725070008,41.1986929,-8.6100981,4,87.0,,,
4725070009,41.199384,-8.6097758,1,87.0,,,
4728260601,41.1805282,-8.6935219,3,9.0,,,
4728260602,41.1801113,-8.6935736,4,9.0,crossing,,
4728260603,41.1798507,-8.6935236,3,9.0,,,
4753156582,41.1868726,-8.644316,4,94.0,crossing,,
4753156583,41.1871793,-8.6449322,4,94.0,crossing,,
4758353745,41.2115745,-8.6162171,3,78.0,,,
4758353746,41.2121116,-8.614274,4,80.0,,,
4758353750,41.2118035,-8.6141223,3,80.0,,,
4758353751,41.2107486,-8.6163666,3,78.0,,,
4758353761,41.2100602,-8.6163362,3,72.0,,,
4758353764,41.2111796,-8.6136562,3,80.0,,,
4758353766,41.2104597,-8.6153909,3,78.0,,,
4758353771,41.2098401,-8.6150762,1,72.0,,,
4758353775,41.2077849,-8.6194227,3,38.0,,,
4758353777,41.2074417,-8.6192269,1,38.0,,,
4758400219,41.2102716,-8.624701,3,52.0,,,
4758402521,41.2100571,-8.6247265,3,52.0,,,
4758402566,41.2099985,-8.6243295,3,52.0,,,
4758402569,41.2098468,-8.624535,1,52.0,,,
4758402869,41.2067948,-8.614851,3,46.0,,,
4758402874,41.206221,-8.6153808,1,39.0,,,
4758402884,41.2140102,-8.613862,3,87.0,,,
4758402890,41.2138325,-8.6148641,3,76.0,,,
4758402894,41.2138081,-8.6150096,3,76.0,,,
4758402902,41.2137377,-8.6137828,3,87.0,,,
4758402903,41.2135683,-8.61479,3,76.0,,,
4758402910,41.2138762,-8.6138227,3,87.0,,,
4758402911,41.2138179,-8.6141379,1,87.0,,,
4758460639,41.1996061,-8.686212,3,18.0,,,
4758460663,41.1954116,-8.6865452,3,1.0,,,
4758460669,41.1955053,-8.6869723,3,1.0,,,
4758460670,41.1957121,-8.6866619,3,1.0,,,
4758460672,41.1956407,-8.6865729,3,1.0,,,
4758460678,41.1960605,-8.6868483,3,24.0,,,
4758460679,41.1959605,-8.6867275,3,24.0,,,
4758460680,41.1960841,-8.6865274,4,24.0,,,
4758460683,41.196178,-8.6866397,4,24.0,,,
4758460685,41.1957276,-8.6864416,3,1.0,,,
4758460701,41.1959837,-8.6864082,3,24.0,,,
4758460705,41.1957939,-8.6863478,3,1.0,,,
4758460824,41.1963359,-8.6870037,3,24.0,,,
4758460825,41.1962804,-8.6871186,3,24.0,,,
4758460828,41.196122,-8.6876096,1,18.0,,,
4758460861,41.1912779,-8.6944696,1,6.0,,,
4758460865,41.1931291,-8.6929629,3,11.0,,,
4758460872,41.19528,-8.6992189,3,24.0,,,
4760411321,41.2183837,-8.6391016,3,68.0,,,
4760411322,41.2182778,-8.6390182,3,68.0,,,
4760411331,41.2170094,-8.6359115,3,80.0,,,
4760411333,41.2166699,-8.6371045,1,80.0,turning_circle,,
4760411351,41.2227394,-8.6401214,1,58.0,turning_circle,,
4760411359,41.224071,-8.6449309,3,54.0,,,
4760411365,41.222743,-8.6463377,3,33.0,,,
4760411370,41.222595,-8.6473363,1,33.0,,,
4760411371,41.2251641,-8.6369291,3,35.0,,,
4760411373,41.2260297,-8.6398998,1,73.0,,,
4760411374,41.2275353,-8.6390339,3,52.0,,,
4760411376,41.2272729,-8.6387209,1,52.0,,,
4760411377,41.2281263,-8.6382737,3,52.0,,,
4760411378,41.2281107,-8.6382529,3,52.0,,,
4760411381,41.2280801,-8.6382025,3,52.0,,,
4760411382,41.2279355,-8.6380055,1,52.0,,,
4760411385,41.2278798,-8.6385891,3,52.0,,,
4760411386,41.2276441,-8.6382477,1,52.0,,,
4760411387,41.2276713,-8.638859,3,52.0,,,
4760411388,41.2274377,-8.6385208,1,52.0,,,
4760493466,41.2142069,-8.6488676,1,55.0,,,
4760493475,41.2139676,-8.6510121,3,60.0,,,
4760493480,41.2135939,-8.6515288,3,60.0,,,
4760493499,41.2151972,-8.6536881,3,59.0,,,
4760493500,41.2140167,-8.652951,3,49.0,,,
4760493504,41.2141333,-8.6526326,1,49.0,turning_circle,,
4760493507,41.2171512,-8.658333,3,30.0,,,
4760494036,41.2222262,-8.6580267,1,62.0,,,
4760494038,41.2173576,-8.6589187,3,29.0,,,
4760494040,41.2179592,-8.6584744,1,29.0,,,
4760494079,41.2091563,-8.6616288,3,65.0,,,
4760494084,41.2089844,-8.6620607,1,65.0,,,
4760494085,41.2100611,-8.6646504,3,63.0,,,
4760494086,41.2096502,-8.6657389,3,63.0,,,
4760494087,41.2105234,-8.6649675,3,55.0,,,
4760494090,41.2100697,-8.6660315,3,63.0,,,
4760494092,41.211723,-8.6663731,3,55.0,,,
4760494093,41.2103445,-8.665445,3,63.0,,,
4760494094,41.2107747,-8.6657347,3,55.0,,,
4760494095,41.2109481,-8.6652587,3,55.0,,,
4760494118,41.2056739,-8.6623432,1,50.0,,,
4760494142,41.2045048,-8.6656824,1,29.0,,,
4760494153,41.204288,-8.6654327,1,29.0,,,
4760494154,41.2043868,-8.6659215,3,29.0,,,
4760591451,41.2029436,-8.6676469,3,43.0,,,
4760591455,41.202514,-8.6672603,1,43.0,,,
4760591465,41.2020329,-8.6716659,3,66.0,,,
4760591468,41.2054811,-8.6661847,3,29.0,,,
4760591469,41.2053289,-8.6658659,1,29.0,,,
4760591476,41.2149287,-8.6728525,4,61.0,,,
4760591480,41.2155463,-8.6725555,1,61.0,,,
4760591492,41.2090824,-8.6717483,3,27.0,,,
4760591511,41.2113166,-8.671703,1,49.0,,,
4760591512,41.2108566,-8.6716507,3,49.0,,,
4760591835,41.2209051,-8.670455,3,39.0,,,
4760591836,41.2211468,-8.6700608,3,39.0,,,
4760591837,41.2208343,-8.6701969,3,39.0,,,
4760591845,41.2212891,-8.6699547,3,39.0,,,
4760591852,41.2217582,-8.6689435,3,39.0,,,
4760707302,41.2168311,-8.6699599,1,44.0,,,
4760707320,41.2178869,-8.6696961,1,44.0,,,
4760769079,41.179711,-8.6938248,3,0.0,,,
4760769080,41.1789572,-8.6955272,1,0.0,,,
4760769082,41.1794489,-8.6944648,3,0.0,,,
4760769086,41.1770202,-8.6924933,3,0.0,,,
4760769087,41.1761182,-8.691728,3,0.0,,,
4760769090,41.1762872,-8.6913767,1,0.0,,,
4760769096,41.1768295,-8.6921712,1,0.0,,,
4762398766,41.2083799,-8.6333168,3,87.0,,,
4762398783,41.2081444,-8.6331709,3,83.0,,,
4798725276,41.1847187,-8.6473874,4,89.0,,,
4843696605,41.1970798,-8.6123914,3,100.0,,,
4843696607,41.1970941,-8.6123143,3,100.0,,,
4843697129,41.1971581,-8.6127229,3,101.0,,,
4843697130,41.1971504,-8.6123953,3,100.0,,,
4897706623,41.1883006,-8.6929037,1,0.0,,,
4897706633,41.1883695,-8.6927139,1,0.0,,,
4899431811,41.1981429,-8.6828514,1,12.0,,,
5051697830,41.1834033,-8.6952631,4,10.0,crossing,,
5051697834,41.1827315,-8.6946223,4,9.0,crossing,,
5056085665,41.1816053,-8.6554794,3,76.0,,,
5056849325,41.1905726,-8.6962571,3,13.0,,,
5056849328,41.1899771,-8.6958779,3,13.0,,,
5056849331,41.1895392,-8.6964851,4,5.0,crossing,,
5056849344,41.1797416,-8.6917307,4,9.0,crossing,,
5058077079,41.1835443,-8.6532331,3,82.0,,,
5059542268,41.173675,-8.6868008,4,19.0,crossing,,
5063154971,41.1856992,-8.6172264,3,82.0,,,
5152280286,41.177084,-8.6812194,3,19.0,,,
5152280290,41.1772388,-8.6812194,3,19.0,,,
5152280293,41.1772424,-8.6810507,3,19.0,,,
5152280295,41.1771688,-8.6809958,3,19.0,,,
5152280297,41.1770949,-8.6810301,3,19.0,,,
5254175212,41.1839031,-8.678648,3,36.0,,,
5254177585,41.1835029,-8.6785594,3,36.0,,,
5254177589,41.1844823,-8.6791962,3,35.0,,,
5254177591,41.1845971,-8.6793842,3,35.0,,,
5254177592,41.1845199,-8.6796051,3,35.0,,,
5254179876,41.1845455,-8.6795291,3,35.0,,,
5254185810,41.1843359,-8.6794982,1,35.0,,,
5254185811,41.1848517,-8.6797977,1,35.0,,,
5261214117,41.1843394,-8.6296904,3,91.0,,,
5264509356,41.1947119,-8.663821,3,77.0,,,
5264509358,41.1944707,-8.663885,3,77.0,,,
5264509359,41.1947772,-8.6641724,3,77.0,,,
5264537780,41.1940135,-8.6628048,1,77.0,,,
5264537795,41.1943805,-8.6634211,1,77.0,,,
5264563047,41.1941489,-8.6633703,3,77.0,,,
5264563050,41.1940293,-8.6631922,4,77.0,,,
5264563054,41.194245,-8.66324,1,77.0,,,
5264563055,41.1941199,-8.663073,1,77.0,,,
5264563058,41.193835,-8.663353,3,77.0,,,
5264563062,41.1936845,-8.6632448,1,80.0,,,
5264563063,41.19396,-8.6632856,3,77.0,,,
5264563064,41.1938094,-8.6630765,1,77.0,,,
5264563069,41.1935638,-8.6634137,1,80.0,,,
5264563082,41.1933499,-8.6618888,3,83.0,,,
5264563089,41.1940619,-8.6622258,3,78.0,,,
5264590069,41.1919019,-8.6646446,3,72.0,,,
5264590071,41.1921578,-8.6593525,3,82.0,,,
5264590079,41.1917527,-8.6570667,1,87.0,,,
5264590080,41.1916616,-8.6567974,3,84.0,,,
5264590085,41.1916507,-8.6573256,1,84.0,,,
5264590086,41.1915538,-8.6568243,3,84.0,,,
5264590088,41.1912537,-8.6566819,3,84.0,,,
5264715034,41.1876109,-8.6598557,3,78.0,,,
5264715071,41.1899624,-8.6604361,3,79.0,,,
5264715080,41.1914309,-8.6630037,3,76.0,,,
5264715082,41.1916506,-8.6623273,3,79.0,,,
5264715096,41.1901317,-8.6624501,3,79.0,,,
5264715103,41.1899252,-8.6659238,3,73.0,,,
5264715111,41.1901547,-8.6622048,3,79.0,,,
5264715119,41.1921527,-8.6602039,3,82.0,,,
5264784075,41.1902542,-8.6616808,3,79.0,crossing,,
5264784107,41.1880583,-8.6604467,3,80.0,,,
5264784108,41.1880462,-8.6608924,3,80.0,,,
5264784109,41.1877716,-8.6608424,1,80.0,,,
5264784110,41.1882473,-8.6609908,1,80.0,,,
5264784112,41.1865889,-8.6605123,3,74.0,,,
5264784641,41.1842198,-8.6616608,3,75.0,,,
5264784642,41.1842362,-8.6623511,1,75.0,,,
5264784643,41.1838928,-8.659599,3,73.0,,,
5264784647,41.1836538,-8.6594025,4,73.0,crossing,,
5264784648,41.1834196,-8.6592831,4,73.0,,,
5264784649,41.1831751,-8.6591584,3,75.0,,,
5264784650,41.1839096,-8.6595367,1,73.0,,,
5264784652,41.1834976,-8.6599438,3,73.0,,,
5264784653,41.1831106,-8.6593852,3,75.0,,,
5264784656,41.1835922,-8.6586869,3,73.0,,,
5264784657,41.183484,-8.6584324,3,73.0,,,
5264784661,41.1843213,-8.6577254,1,75.0,,,
5264881672,41.1830003,-8.6546833,1,76.0,,,
5264881673,41.182733,-8.6546188,1,76.0,,,
5264881678,41.1848295,-8.6547415,1,81.0,,,
5264881704,41.1832448,-8.6529825,3,78.0,,,
5264882324,41.1819334,-8.6519772,1,83.0,,,
5264882326,41.1808352,-8.650788,1,85.0,,,
5264882416,41.183168,-8.6527237,1,78.0,,,
5264882417,41.1837397,-8.6527398,1,82.0,,,
5264882521,41.1835268,-8.6527067,3,82.0,,,
5264882522,41.1836634,-8.6529656,1,82.0,,,
5264882536,41.1831146,-8.6524964,3,78.0,,,
5264882537,41.1833918,-8.65281,3,82.0,,,
5264882538,41.1834765,-8.6526532,3,82.0,,,
5264933602,41.183203,-8.6564313,3,74.0,,,
5264933605,41.1833814,-8.6557593,4,81.0,,,
5264933609,41.1843903,-8.6558624,3,81.0,,,
5264933611,41.1847311,-8.6560919,3,81.0,,,
5264933612,41.1838182,-8.6556675,4,81.0,,,
5264933614,41.1838327,-8.6562317,3,81.0,,,
5264933616,41.1846,-8.6549062,3,81.0,,,
5264933619,41.1842594,-8.6549183,4,81.0,,,
5264934621,41.1842563,-8.6545918,1,81.0,,,
5264934624,41.1847527,-8.6548644,1,81.0,,,
5264934637,41.1827439,-8.6564182,3,74.0,,,
5264934676,41.1847897,-8.6560596,3,81.0,crossing,,
5264934678,41.1824775,-8.6559589,1,76.0,,,
5265525486,41.1857203,-8.6805523,4,36.0,,,
5265907833,41.2099022,-8.6152759,3,72.0,,,
5265907835,41.2103775,-8.6153473,1,72.0,,,
5265907836,41.2099375,-8.6150869,3,72.0,,,
5266783665,41.1917949,-8.6644771,4,80.0,crossing,,
5266783666,41.19168,-8.6644258,3,80.0,,,
5266783674,41.191968,-8.6592469,3,82.0,,,
5266786422,41.1907967,-8.6563274,3,84.0,,,
5266786423,41.190385,-8.6565869,1,84.0,,,
5266786473,41.1890932,-8.6515363,3,88.0,,,
5266786480,41.1904532,-8.652291,3,86.0,,,
5266786481,41.1905907,-8.6519257,3,86.0,,,
5266786482,41.1911174,-8.6522895,1,86.0,,,
5266786483,41.1899628,-8.6514789,1,86.0,,,
5266786485,41.1914826,-8.6528026,1,86.0,,,
5266786488,41.1913906,-8.651555,3,86.0,,,
5266786493,41.1912343,-8.6521902,3,86.0,,,
5266786501,41.192271,-8.6549864,1,83.0,,,
5266786502,41.1922264,-8.6553281,3,83.0,,,
5266786505,41.1923534,-8.6565385,3,87.0,,,
5266786508,41.1918339,-8.6590548,3,82.0,,,
5266786513,41.1919106,-8.6576364,3,87.0,,,
5266786514,41.1918238,-8.6577454,3,87.0,,,
5266786515,41.1919353,-8.6577862,3,87.0,,,
5266786519,41.191985,-8.6578774,3,87.0,,,
5266786525,41.1923564,-8.657951,3,87.0,,,
5266786529,41.192368,-8.6578052,3,87.0,,,
5266786540,41.192119,-8.6584673,3,82.0,,,
5266867035,41.191948,-8.6589796,3,82.0,,,
5266867058,41.1892819,-8.6507651,1,88.0,,,
5266867062,41.1890165,-8.6510238,3,88.0,,,
5266867066,41.1978032,-8.6545045,3,79.0,,,
5266867067,41.1986186,-8.6547971,3,72.0,,,
5266867068,41.1985844,-8.6551862,3,72.0,,,
5266867069,41.1976098,-8.6552574,3,79.0,,,
5266867070,41.1985459,-8.6555744,3,72.0,,,
5266867071,41.1975896,-8.6556847,3,79.0,,,
5266867076,41.1984423,-8.6555393,3,72.0,,,
5266867077,41.1986,-8.6550143,3,72.0,,,
5266867078,41.1990954,-8.6552035,3,72.0,,,
5266867079,41.1985686,-8.6553453,3,72.0,,,
5266867080,41.1991764,-8.6555552,1,72.0,,,
5266869367,41.1898857,-8.6629055,4,76.0,crossing,,
5266869368,41.190223,-8.6630187,3,76.0,,,
5266869369,41.1897486,-8.6628557,3,76.0,crossing,,
5266869370,41.1897871,-8.6633631,4,76.0,crossing,,
5266869371,41.1896487,-8.6633087,3,76.0,crossing,,
5266869392,41.189911,-8.6661201,5,73.0,crossing,,
5266869398,41.1901737,-8.6662515,3,73.0,,,
5266869415,41.190269,-8.6661824,3,73.0,,,
5266869416,41.1903974,-8.6664886,3,73.0,,,
5266869424,41.190134,-8.6669751,1,73.0,,,
5266869427,41.1909166,-8.6656575,3,73.0,,,
5266964889,41.1886425,-8.6648664,3,73.0,,,
5266964897,41.1897102,-8.6671077,3,73.0,,,
5266964904,41.1897396,-8.6658044,3,73.0,,,
5266964905,41.1895202,-8.6666223,3,73.0,,,
5266964910,41.1895552,-8.6647339,3,73.0,,,
5266964913,41.1889075,-8.6645749,1,74.0,,,
5266965363,41.1851356,-8.6614247,3,75.0,,,
5266965364,41.1852444,-8.6612619,3,75.0,,,
5266965365,41.1851263,-8.6608325,3,75.0,,,
5266965370,41.1855616,-8.6607415,3,74.0,,,
5266965372,41.1853348,-8.6607298,3,75.0,,,
5266965373,41.1851231,-8.6605908,3,75.0,,,
5266965378,41.1861536,-8.6595978,3,79.0,,,
5266965392,41.1848914,-8.6629611,1,69.0,,,
5266965393,41.1848268,-8.6629136,1,69.0,,,
5266965441,41.1812763,-8.6589127,3,75.0,,,
5266965442,41.1815261,-8.6590891,3,75.0,,,
5266965444,41.1818053,-8.6586988,3,75.0,,,
5266965445,41.1820094,-8.6589524,3,75.0,,,
5266965446,41.1816787,-8.6594092,3,75.0,,,
5266965450,41.1819618,-8.659757,3,75.0,,,
5267026404,41.1878588,-8.6491872,3,92.0,,,
5267026407,41.1879578,-8.6491598,3,92.0,,,
5267026412,41.1879339,-8.6492934,3,92.0,,,
5267026413,41.1883417,-8.6480985,3,92.0,,,
5267027721,41.1966553,-8.6617107,3,76.0,,,
5267027725,41.1958962,-8.6626547,3,76.0,,,
5267027741,41.2003973,-8.6567283,3,59.0,,,
5271082968,41.1987965,-8.6653733,3,73.0,,,
5271082989,41.1969597,-8.6680565,4,73.0,,,
5271083015,41.1995335,-8.6678597,1,66.0,,,
5271102189,41.1915504,-8.6659051,3,73.0,,,
5271102192,41.1916587,-8.6659293,3,73.0,,,
5271116853,41.1845758,-8.6691811,3,66.0,,,
5271116855,41.1843202,-8.66927,4,66.0,crossing,,
5271116864,41.1821369,-8.6687855,3,67.0,,,
5271116865,41.1818181,-8.6692464,3,67.0,,,
5271116884,41.1873398,-8.6651644,3,71.0,,,
5271116886,41.1873524,-8.6652982,3,71.0,,,
5271116908,41.1950585,-8.6608437,3,78.0,,,
5297848069,41.1795072,-8.6580987,3,79.0,,,
5310413728,41.1856376,-8.6021948,3,114.0,,,
5316560592,41.181552,-8.6515315,3,83.0,,,
5316631096,41.1824093,-8.690087,4,15.0,,,
5316631100,41.1835513,-8.6912237,3,16.0,,,
5316631103,41.1843342,-8.69202,4,13.0,,,
5317138120,41.198998,-8.609776,3,87.0,,,
5317138222,41.1989902,-8.6096328,3,87.0,,,
5320287424,41.1884492,-8.6855886,4,8.0,crossing,,
5320287426,41.1881451,-8.68599,4,8.0,crossing,,
5320287429,41.1883271,-8.6856006,4,8.0,crossing,,
5320311618,41.1945325,-8.6561555,3,80.0,crossing,,
5320311619,41.1945427,-8.6559798,3,80.0,,,
5320443746,41.200265,-8.6552903,3,68.0,,,
5320443747,41.2002095,-8.6553072,3,68.0,crossing,,
5320530075,41.1865358,-8.6586167,3,79.0,,,
5320530089,41.1901101,-8.6688098,3,69.0,,,
5320530090,41.1899494,-8.6693049,3,69.0,,,
5320530097,41.1900815,-8.6693339,3,69.0,,,
5320530098,41.1898999,-8.6697302,3,69.0,,,
5320530115,41.1943443,-8.6747415,3,53.0,,,
5320530118,41.1935869,-8.6748253,1,64.0,,,
5320531937,41.1994724,-8.6727708,1,60.0,,,
5320531938,41.2004097,-8.672316,1,66.0,,,
5321040085,41.1834531,-8.6337807,3,88.0,,,
5321040090,41.1846224,-8.6338126,3,88.0,,,
5321040091,41.1847303,-8.6338232,3,88.0,,,
5321040092,41.1847503,-8.6341184,3,88.0,,,
5321040095,41.1848342,-8.6342001,1,88.0,,,
5321040096,41.1847845,-8.6344446,4,88.0,,,
5321040097,41.1848033,-8.6341963,3,88.0,,,
5321040098,41.1847519,-8.6335439,3,88.0,,,
5321040104,41.1841513,-8.6340069,3,88.0,,,
5321040109,41.1843059,-8.6339677,3,88.0,,,
5321040113,41.1835915,-8.6338871,3,88.0,,,
5321040117,41.1833366,-8.6341149,3,88.0,,,
5321040118,41.1833682,-8.6336993,3,88.0,,,
5321040621,41.1825247,-8.6336456,3,79.0,,,
5321040622,41.182273,-8.6336338,3,79.0,,,
5321040623,41.1818944,-8.633553,3,79.0,,,
5321040624,41.1828174,-8.6340402,3,79.0,,,
5321040627,41.1820797,-8.6335952,3,79.0,,,
5321040628,41.1820115,-8.6338324,3,79.0,,,
5321040629,41.1824322,-8.6337715,1,79.0,,,
5321040630,41.1824368,-8.6336447,3,79.0,,,
5321040631,41.1827022,-8.6328774,3,83.0,,,
5321040632,41.1829146,-8.6329077,3,83.0,,,
5321040637,41.1832891,-8.6329591,3,83.0,,,
5321040638,41.1831178,-8.6329334,3,83.0,,,
5321040641,41.1833085,-8.6326485,3,83.0,,,
5321040646,41.1833335,-8.6333337,1,88.0,,,
5321040648,41.1832285,-8.6336426,3,79.0,,,
5321040651,41.1823236,-8.6342654,3,79.0,,,
5321040652,41.1823429,-8.6339665,3,79.0,,,
5321040653,41.1825028,-8.6339898,3,79.0,,,
5321040654,41.1824927,-8.6341023,1,79.0,,,
5321040655,41.1826868,-8.6341352,1,79.0,,,
5321040656,41.1826961,-8.6340225,3,79.0,,,
5321040657,41.182566,-8.6340005,3,79.0,,,
5321040659,41.1826223,-8.6337563,3,79.0,,,
5321040660,41.1826042,-8.6336317,3,79.0,,,
5321040665,41.1820477,-8.6339151,3,79.0,,,
5321040666,41.1833459,-8.6331942,1,90.0,,,
5321040699,41.1820286,-8.6333293,3,83.0,,,
5321040700,41.1820412,-8.6332066,4,83.0,crossing,,
5321040701,41.1826044,-8.633347,1,79.0,,,
5321040727,41.182589,-8.6331651,4,83.0,crossing,,
5321091042,41.1861593,-8.6340706,3,88.0,,,
5321091043,41.1860357,-8.6340534,4,88.0,,,
5321091047,41.1849609,-8.6332554,3,90.0,,,
5321091048,41.1868212,-8.634119,3,88.0,,,
5321091049,41.1868753,-8.633444,3,88.0,,,
5321091052,41.1863482,-8.6340969,3,88.0,,,
5321091058,41.1859254,-8.634038,3,88.0,,,
5321095495,41.1871786,-8.6341673,3,88.0,,,
5321095496,41.1871883,-8.6340706,1,88.0,,,
5321095497,41.1871832,-8.6341259,3,88.0,,,
5321095498,41.187086,-8.6339574,1,88.0,,,
5321095499,41.1861638,-8.6340094,4,88.0,,,
5321095500,41.1859307,-8.6339748,4,88.0,,,
5321095501,41.1851667,-8.6338705,3,88.0,,,
5321095502,41.1851969,-8.6335275,3,88.0,,,
5321214367,41.1869802,-8.6308844,3,95.0,,,
5321214385,41.1858531,-8.6314565,3,93.0,,,
5321214386,41.1853117,-8.6313428,3,90.0,,,
5321214403,41.185928,-8.6308048,4,95.0,,,
5321214404,41.1857346,-8.6307647,1,95.0,,,
5321345951,41.1913241,-8.6318973,3,103.0,,,
5321345957,41.1904088,-8.631318,3,103.0,,,
5321345960,41.1906076,-8.6311088,3,107.0,,,
5321345961,41.1907569,-8.6310337,3,107.0,,,
5321345965,41.190468,-8.6310174,4,107.0,,,
5321345966,41.190869,-8.6311195,3,107.0,,,
5321345967,41.1903831,-8.6315631,3,103.0,,,
5321345968,41.1911788,-8.631609,3,103.0,,,
5321345969,41.1911445,-8.6316385,3,103.0,,,
5321345971,41.1907532,-8.631964,3,103.0,,,
5321345972,41.1910802,-8.6316928,3,103.0,,,
5321345973,41.1908262,-8.6311603,3,107.0,,,
5321345976,41.1903558,-8.6318598,3,103.0,,,
5321345981,41.1917731,-8.63275,4,113.0,,,
5321345982,41.1916218,-8.6327136,3,103.0,,,
5321345984,41.1917511,-8.63269,3,113.0,,,
5321345985,41.1916425,-8.6325211,3,103.0,,,
5321345990,41.1919373,-8.6321576,1,113.0,,,
5321345991,41.191718,-8.6326682,3,113.0,,,
5321345992,41.1916375,-8.6325809,3,103.0,,,
5321345994,41.1924322,-8.6326121,3,113.0,,,
5321345996,41.191865,-8.6321821,1,113.0,,,
5321346119,41.1897432,-8.6306026,3,107.0,,,
5321346120,41.1902118,-8.629385,3,107.0,,,
5321346402,41.1840447,-8.6313504,3,90.0,,,
5321346403,41.1842104,-8.6302618,3,91.0,,,
5321346404,41.1841103,-8.6308872,3,91.0,,,
5321346574,41.184826,-8.6325799,3,90.0,,,
5321346576,41.1836934,-8.6327251,3,90.0,,,
5321346580,41.1848056,-8.6318209,3,90.0,,,
5321346587,41.1840021,-8.6320701,3,90.0,,,
5321346767,41.1878278,-8.6382425,1,95.0,,,
5321346778,41.1878289,-8.638261,1,95.0,,,
5321346919,41.1880887,-8.6382529,3,95.0,,,
5321346920,41.1880873,-8.6382026,3,95.0,,,
5321346922,41.1881745,-8.6373889,4,92.0,,,
5321346923,41.188274,-8.6365596,4,92.0,,,
5321347128,41.1825751,-8.633105,3,83.0,,,
5321347134,41.1833045,-8.6327121,3,83.0,,,
5321347136,41.1827687,-8.6326306,3,83.0,,,
5321347137,41.182867,-8.6326287,3,83.0,,,
5321347138,41.182915,-8.6324265,3,83.0,,,
5321384052,41.1822066,-8.6294161,3,84.0,,,
5321384053,41.1825121,-8.6294794,3,84.0,,,
5321384071,41.1824525,-8.6300394,1,84.0,,,
5321384072,41.1824791,-8.6294999,3,84.0,,,
5321384082,41.1828069,-8.6298679,3,84.0,,,
5321384088,41.1826624,-8.6298636,3,84.0,,,
5321384096,41.1833719,-8.6296289,3,91.0,,,
5321384099,41.1832293,-8.6302282,3,84.0,,,
5321384102,41.1833013,-8.6300811,3,84.0,,,
5321384106,41.1833172,-8.6306716,3,84.0,,,
5321384107,41.1833664,-8.630194,1,91.0,,,
5321384110,41.1833991,-8.629334,3,91.0,,,
5321384122,41.1818,-8.6300798,4,84.0,,,
5321384127,41.1822113,-8.6293903,3,84.0,,,
5321384129,41.1818312,-8.6296349,3,84.0,,,
5321384140,41.1818959,-8.6293674,1,84.0,,,
5322633117,41.2012538,-8.6494635,3,91.0,,,
5325637927,41.1903406,-8.6367864,1,92.0,,,
5325638030,41.1904802,-8.6366137,4,92.0,,,
5325638034,41.1906777,-8.6369373,3,92.0,,,
5325638035,41.1907918,-8.6367657,1,92.0,,,
5325638036,41.1909211,-8.6372199,3,92.0,,,
5325638037,41.1910309,-8.6370496,1,92.0,,,
5325638038,41.1909488,-8.6371806,3,92.0,,,
5325638039,41.1909922,-8.6372306,4,92.0,,,
5325638041,41.1909569,-8.637263,1,92.0,,,
5325638042,41.1916237,-8.6378137,1,97.0,,,
5325638043,41.1915261,-8.6378016,3,97.0,,,
5325638044,41.1914956,-8.6376898,3,97.0,,,
5325638045,41.1915576,-8.6375784,1,97.0,,,
5325638046,41.1914128,-8.6376699,4,97.0,,,
5325638047,41.1914669,-8.6374744,1,92.0,,,
5325638048,41.1913923,-8.637659,3,97.0,,,
5325638050,41.1911516,-8.6374191,4,92.0,,,
5325638051,41.191305,-8.6372767,1,92.0,,,
5325638052,41.1911676,-8.6371237,1,92.0,,,
5325638055,41.1914051,-8.6377938,3,97.0,,,
5325638056,41.191262,-8.6377846,3,97.0,,,
5325638057,41.1912671,-8.6376535,3,97.0,,,
5325638058,41.1911139,-8.6376439,3,97.0,,,
5325638060,41.1910742,-8.6377591,3,97.0,,,
5325638061,41.1911475,-8.6378594,3,97.0,,,
5325638063,41.1910263,-8.637792,3,97.0,,,
5325638068,41.1910062,-8.6378447,3,97.0,,,
5325638075,41.1909754,-8.6378888,3,97.0,,,
5325638076,41.1909478,-8.6378564,3,97.0,,,
5325638077,41.1908669,-8.637963,3,97.0,,,
5325638078,41.1909744,-8.6380938,3,97.0,,,
5325638079,41.1910542,-8.6379862,4,97.0,,,
5325638083,41.1909077,-8.6377587,1,97.0,,,
5325638085,41.1909949,-8.6375698,3,97.0,,,
5325638086,41.1909684,-8.637632,1,97.0,,,
5325638088,41.1908753,-8.637397,1,92.0,,,
5325638089,41.1909772,-8.6372531,1,92.0,,,
5325638096,41.1902836,-8.6392693,1,97.0,,,
5325638657,41.1828709,-8.629547,3,84.0,,,
5325648704,41.1882441,-8.6390673,4,95.0,,,
5326616542,41.1826152,-8.6838902,3,23.0,,,
5326616544,41.1826403,-8.6838417,3,23.0,,,
5326616553,41.1827298,-8.6838476,3,23.0,,,
5326616556,41.1827515,-8.6839019,3,23.0,,,
5326616557,41.1833862,-8.683828,4,28.0,,,
5326616562,41.1826387,-8.6839884,3,23.0,,,
5326616563,41.1831451,-8.684405,3,23.0,,,
5326616564,41.1827262,-8.6839882,3,23.0,,,
5326616565,41.1828976,-8.6847505,4,23.0,,,
5326616566,41.1826822,-8.6840088,3,23.0,,,
5326616567,41.1824764,-8.6842532,6,23.0,,,
5326616568,41.1822157,-8.6833171,4,24.0,,,
5326616569,41.1823404,-8.6837715,3,23.0,,,
5326616571,41.1829062,-8.6835779,6,23.0,,,
5326616572,41.1823815,-8.6832943,3,24.0,,,
5326616574,41.1822751,-8.6832352,3,24.0,,,
5326616586,41.1823779,-8.6835174,3,23.0,,,
5326616660,41.1822375,-8.6832144,4,24.0,crossing,,
5326616666,41.1836805,-8.6832301,3,37.0,,,
5326616670,41.1834596,-8.6826159,3,37.0,,,
5326616673,41.1835747,-8.683014,3,37.0,,,
5326616674,41.1836805,-8.6827688,3,37.0,,,
5326616675,41.1835182,-8.6831451,3,37.0,,,
5326616687,41.1840156,-8.6824407,4,37.0,,,
5327118504,41.1724991,-8.6810468,4,25.0,crossing,,
5327118505,41.1724646,-8.681007,3,25.0,,,
5327118506,41.1724038,-8.6810624,4,25.0,,,
5327118509,41.172513,-8.6810663,1,25.0,,,
5328028970,41.1846033,-8.6340996,3,88.0,,,
5328028971,41.1822883,-8.6343174,3,79.0,,,
5328028972,41.1822662,-8.6346601,4,79.0,,,
5328028973,41.1824386,-8.6346896,3,79.0,,,
5328028978,41.1826358,-8.634717,3,79.0,,,
5328028979,41.1829185,-8.6347622,3,79.0,,,
5328028980,41.1822819,-8.6349062,1,79.0,,,
5328028982,41.1823315,-8.6348,1,79.0,,,
5328028983,41.1823406,-8.6346102,1,79.0,,,
5328028984,41.1827336,-8.6348592,1,79.0,,,
5328028985,41.1827436,-8.6346712,1,79.0,,,
5328029012,41.1858133,-8.6318032,3,93.0,,,
5328029013,41.1852769,-8.6316888,3,90.0,,,
5328029018,41.1853916,-8.6308772,1,91.0,,,
5328036322,41.1828065,-8.6330113,1,83.0,,,
5328036323,41.1828152,-8.6328176,1,83.0,,,
5328036324,41.183213,-8.6330492,1,83.0,,,
5328036325,41.1832233,-8.6328777,1,83.0,,,
5328148931,41.1918145,-8.632746,1,113.0,,,
5328149012,41.1926437,-8.6330899,1,113.0,,,
5328149033,41.1924006,-8.6326951,1,113.0,,,
5328149034,41.1920221,-8.6333962,1,110.0,,,
5328149086,41.1917812,-8.6324946,1,113.0,,,
5328149103,41.1908052,-8.6319209,3,103.0,,,
5328149106,41.1904824,-8.6314645,3,103.0,,,
5328149428,41.186302,-8.6256947,3,103.0,,,
5328149432,41.1864856,-8.6254709,3,103.0,,,
5331896010,41.1838691,-8.6313208,3,90.0,,,
5331896016,41.1837448,-8.6311591,3,91.0,,,
5331896085,41.1843322,-8.6307813,3,91.0,,,
5331896098,41.184265,-8.6309212,4,91.0,,,
5331896100,41.1845312,-8.6310003,3,91.0,,,
5331896101,41.1844699,-8.6310951,3,91.0,,,
5331896120,41.184542,-8.631643,3,90.0,,,
5331896220,41.1837301,-8.6308595,3,91.0,,,
5331896222,41.1833511,-8.6293226,3,91.0,,,
5331896223,41.1834053,-8.6287802,3,95.0,,,
5331896231,41.1837921,-8.6295635,4,91.0,,,
5331896240,41.1837455,-8.6289472,3,95.0,,,
5331896241,41.1839181,-8.6289707,4,95.0,,,
5331896242,41.1839141,-8.6290592,3,95.0,,,
5331896243,41.1838623,-8.6290637,1,95.0,,,
5331896245,41.183922,-8.6288978,1,95.0,,,
5331896246,41.1838222,-8.6293984,3,91.0,,,
5331896247,41.1840123,-8.6294175,3,91.0,,,
5331896249,41.1840324,-8.6291728,3,91.0,,,
5331896252,41.1841721,-8.6295254,3,91.0,,,
5331896259,41.1836805,-8.6286301,3,95.0,,,
5331896260,41.1839396,-8.6285874,3,95.0,,,
5331896267,41.1839765,-8.6271793,3,95.0,,,
5332030649,41.1831648,-8.6282927,3,86.0,,,
5332030650,41.1832446,-8.6274084,1,86.0,,,
5332030651,41.1831921,-8.6279898,3,86.0,,,
5332030653,41.1834343,-8.6273842,1,95.0,,,
5332030663,41.1817654,-8.6237192,1,96.0,,,
5332030797,41.1821054,-8.634752,3,79.0,,,
5332030804,41.1822765,-8.6345035,3,79.0,,,
5332030809,41.1821912,-8.6344827,1,79.0,,,
5332030822,41.182037,-8.6345954,3,79.0,,,
5332030829,41.1821867,-8.6342534,3,79.0,,,
5332030834,41.1820208,-8.6345781,1,79.0,,,
5332030847,41.1816685,-8.6359115,1,81.0,,,
5332031024,41.1866773,-8.6373006,3,94.0,,,
5332057632,41.1910838,-8.6370817,1,92.0,,,
5332057653,41.1902685,-8.6388783,1,97.0,,,
5332114757,41.1880904,-8.6277842,3,103.0,,,
5332114770,41.1885201,-8.6263009,3,101.0,,,
5332224084,41.1899323,-8.6307696,3,107.0,,,
5332224100,41.1905534,-8.6296239,3,107.0,,,
5332224101,41.1898106,-8.6304274,3,107.0,,,
5332224108,41.1902002,-8.6303022,3,107.0,,,
5332224710,41.1814981,-8.6240089,3,96.0,,,
5332224719,41.1815359,-8.6236847,3,96.0,,,
5332224720,41.1811254,-8.6236115,3,94.0,,,
5333487696,41.2009084,-8.6187334,3,54.0,,,
5333487703,41.2013827,-8.6184905,3,54.0,,,
5333487704,41.201378,-8.6184376,1,54.0,,,
5333487709,41.2005289,-8.6184111,3,54.0,,,
5333487714,41.1983784,-8.6187252,3,55.0,,,
5333487921,41.2007529,-8.618806,3,52.0,,,
5333487929,41.198204,-8.6186377,3,55.0,,,
5333487931,41.1987552,-8.6202006,3,52.0,,,
5333487942,41.1984102,-8.6188811,3,52.0,,,
5333487944,41.2002094,-8.6187457,1,54.0,,,
5333487945,41.200226,-8.6189206,3,52.0,,,
5333487946,41.1991296,-8.619132,1,52.0,,,
5333487947,41.1991189,-8.6190202,1,52.0,,,
5333487948,41.2002148,-8.6188025,3,52.0,,,
5333487949,41.1999509,-8.6184128,3,55.0,,,
5333487954,41.1995181,-8.6179265,3,55.0,,,
5333487955,41.199582,-8.6184861,4,55.0,,,
5333487956,41.1996016,-8.6186424,3,55.0,,,
5337621077,41.1853835,-8.6825546,3,37.0,,,
5337621078,41.184908,-8.6839015,3,28.0,,,
5337621080,41.1853775,-8.6821448,3,37.0,,,
5337621082,41.1852519,-8.6824751,3,37.0,,,
5337621083,41.1855278,-8.6822422,3,29.0,,,
5337621084,41.1858552,-8.6813105,3,29.0,,,
5337621085,41.1854252,-8.6821757,3,29.0,,,
5337621086,41.1857507,-8.681245,3,36.0,,,
5337621088,41.1855471,-8.6824404,3,29.0,,,
5337621092,41.1853043,-8.6827789,4,37.0,,,
5337621095,41.1851844,-8.6831185,4,37.0,,,
5337621097,41.1849702,-8.6829896,1,37.0,,,
5337621098,41.185067,-8.6834509,4,28.0,,,
5337621100,41.1848489,-8.6833105,1,37.0,,,
5337621103,41.1846383,-8.6840406,3,28.0,,,
5337621104,41.1845976,-8.6841637,3,28.0,crossing,,
5337621111,41.1850237,-8.6842347,1,28.0,,,
5337621112,41.1849728,-8.6842098,3,28.0,,,
5337621113,41.1849343,-8.6843467,3,28.0,,,
5337621114,41.1845706,-8.6840031,1,28.0,,,
5337621116,41.1860412,-8.6814272,4,29.0,,,
5337624699,41.1864989,-8.6821953,3,29.0,,,
5337625023,41.1863896,-8.6796217,1,36.0,,,
5337625030,41.1868472,-8.6810554,3,36.0,,,
5337625045,41.1872081,-8.6821113,3,29.0,,,
5337625050,41.1864277,-8.6821798,1,29.0,,,
5337625056,41.1873528,-8.6825371,3,29.0,,,
5337625057,41.1869722,-8.6824936,3,29.0,,,
5337625062,41.1874214,-8.6827912,3,29.0,,,
5337625066,41.1872446,-8.6822204,3,29.0,,,
5337625865,41.1861779,-8.684434,3,26.0,,,
5337625870,41.1861025,-8.684302,3,26.0,,,
5337625879,41.1861967,-8.684316,3,26.0,,,
5337625882,41.1862542,-8.6841792,3,26.0,,,
5337625896,41.1860766,-8.6846073,3,26.0,,,
5337625898,41.1861641,-8.6846119,3,26.0,,,
5337626032,41.1860652,-8.6841493,3,26.0,,,
5337626033,41.1860867,-8.6843903,3,26.0,,,
5337626034,41.1860184,-8.6845396,3,26.0,,,
5337626048,41.1861794,-8.6841003,3,26.0,,,
5337626069,41.1862588,-8.6837807,5,26.0,,,
5337626070,41.1860057,-8.6836922,1,26.0,,,
5337626072,41.1864439,-8.6840894,3,26.0,,,
5337626078,41.1864171,-8.6838941,3,26.0,,,
5337626086,41.186354,-8.6839291,3,26.0,,,
5337626092,41.1869229,-8.6835768,3,26.0,,,
5337626334,41.1864375,-8.6837621,1,26.0,,,
5337626335,41.1865841,-8.6851975,3,26.0,,,
5337626336,41.1867102,-8.6842567,1,26.0,,,
5337626337,41.1863505,-8.6850923,3,26.0,,,
5337626338,41.1864701,-8.6841288,3,26.0,,,
5337626339,41.1868231,-8.6852495,4,26.0,,,
5337626345,41.1869865,-8.684581,1,26.0,,,
5337626346,41.1863587,-8.6844263,1,26.0,,,
5337626347,41.1869514,-8.6848042,1,26.0,,,
5337626348,41.1863273,-8.6846428,1,26.0,,,
5337626349,41.1863881,-8.6842055,1,26.0,,,
5337626350,41.1864596,-8.6842211,3,26.0,,,
5337626351,41.1870221,-8.6843679,1,26.0,,,
5337626352,41.1869418,-8.68435,3,26.0,,,
5337626354,41.1866999,-8.6843334,4,26.0,,,
5337626356,41.1863768,-8.6848907,4,26.0,,,
5337626357,41.1864398,-8.6849146,3,26.0,,,
5337626358,41.1865167,-8.6849294,3,26.0,,,
5337626359,41.1866169,-8.6849547,4,26.0,,,
5337626360,41.1867054,-8.6849741,3,26.0,,,
5337626361,41.1867769,-8.6849915,3,26.0,,,
5337626362,41.1868554,-8.6850097,3,26.0,,,
5337626364,41.1860338,-8.6847461,3,26.0,,,
5337626365,41.1861026,-8.6847751,3,26.0,,,
5337626366,41.1861269,-8.6846202,3,26.0,,,
5337626367,41.1863648,-8.6830849,3,29.0,,,
5337626368,41.1865669,-8.6831308,1,29.0,,,
5337626369,41.1863643,-8.6829057,1,29.0,,,
5337626370,41.1865898,-8.6829573,1,29.0,,,
5337626371,41.1864302,-8.6826512,3,29.0,,,
5337626372,41.1861409,-8.6826079,1,29.0,,,
5337626377,41.1858251,-8.6845905,1,26.0,,,
5337626378,41.1869822,-8.6829356,3,29.0,,,
5337626383,41.18723,-8.6832591,3,29.0,,,
5337626384,41.1866838,-8.6831545,3,29.0,,,
5337626386,41.1874208,-8.6857405,3,20.0,,,
5337626387,41.1867153,-8.6853753,3,26.0,,,
5337626388,41.1868456,-8.6856937,3,20.0,,,
5337626389,41.1869853,-8.685242,3,26.0,,,
5337626399,41.1863896,-8.6829117,4,29.0,,,
5337626400,41.1868847,-8.6847864,4,26.0,,,
5337626401,41.1866474,-8.6847261,4,26.0,,,
5337626402,41.1864048,-8.6846602,4,26.0,,,
5337626403,41.1869142,-8.6845612,4,26.0,,,
5337626404,41.1866772,-8.6845032,4,26.0,,,
5337626405,41.1864317,-8.6844429,4,26.0,,,
5337662871,41.1859373,-8.681362,3,29.0,,,
5337723276,41.1822677,-8.6564813,3,74.0,,,
5337723278,41.1818579,-8.6566684,4,74.0,,,
5337723279,41.1815541,-8.6565678,3,74.0,,,
5337723280,41.1818975,-8.6564678,3,74.0,,,
5337723281,41.1815926,-8.6563659,3,74.0,,,
5337723282,41.1821299,-8.6565446,3,74.0,,,
5337723283,41.1816139,-8.6562534,3,74.0,,,
5337723284,41.1819294,-8.6563615,3,74.0,,,
5337723285,41.1820444,-8.6557528,3,76.0,,,
5337723286,41.1823265,-8.6561729,4,76.0,,,
5337723287,41.1819868,-8.6560579,4,76.0,,,
5337723288,41.1816719,-8.6559481,3,76.0,,,
5337723289,41.1817569,-8.6563023,3,74.0,,,
5337723290,41.1818187,-8.6559975,4,76.0,,,
5337723291,41.1818769,-8.6556973,3,76.0,,,
5337723292,41.1820929,-8.6564175,3,74.0,,,
5337723293,41.1821524,-8.6561129,4,76.0,,,
5337723294,41.182209,-8.6558073,3,76.0,,,
5337723295,41.1819995,-8.6562297,1,76.0,,,
5337723296,41.1821216,-8.6562703,4,74.0,,,
5337723297,41.1822596,-8.6563184,1,74.0,,,
5337723298,41.1820627,-8.6559168,1,76.0,,,
5337723299,41.1821815,-8.6559556,4,76.0,,,
5337723300,41.1823053,-8.6559962,1,76.0,,,
5337723301,41.1817869,-8.6561543,4,76.0,,,
5337723302,41.1819116,-8.656197,1,76.0,,,
5337723303,41.1816884,-8.6561199,1,76.0,,,
5337723304,41.1818494,-8.6558389,4,76.0,,,
5337723305,41.1819541,-8.6558764,1,76.0,,,
5337723306,41.1817394,-8.6558024,1,76.0,,,
5337723307,41.1817036,-8.6566206,3,74.0,,,
5337723308,41.1817338,-8.6564615,1,74.0,,,
5337723309,41.1818233,-8.6565727,1,74.0,,,
5337723310,41.1817209,-8.6565347,4,74.0,,,
5337723311,41.1816292,-8.6565037,1,74.0,,,
5337727888,41.1838033,-8.6311765,4,91.0,,,
5337740842,41.1820585,-8.6331523,3,83.0,,,
5337740844,41.181907,-8.6333525,3,79.0,,,
5337740849,41.1823712,-8.6334023,1,79.0,,,
5337740851,41.1824219,-8.6333989,1,79.0,,,
5337770542,41.1821916,-8.6337432,1,79.0,,,
5337770543,41.1822033,-8.6336207,3,79.0,,,
5337770544,41.1822749,-8.6335412,1,79.0,,,
5337770545,41.182014,-8.6335798,3,79.0,,,
5337770546,41.1820155,-8.633513,1,79.0,,,
5337770547,41.1825163,-8.6335383,1,79.0,,,
5337770548,41.182838,-8.6337823,4,79.0,,,
5337770549,41.1829121,-8.6337907,1,79.0,,,
5337770552,41.182979,-8.6336093,3,79.0,,,
5337770553,41.1829826,-8.6335252,1,79.0,,,
5337770554,41.1832349,-8.6335614,1,79.0,,,
5337770555,41.1827754,-8.6336007,3,79.0,,,
5337770556,41.182771,-8.6335179,1,79.0,,,
5337770557,41.18275,-8.633604,3,79.0,,,
5337770558,41.1828433,-8.6337144,3,79.0,,,
5337770560,41.1833313,-8.6336841,3,79.0,,,
5337770561,41.1829418,-8.6340581,3,79.0,,,
5337770562,41.1829314,-8.6341737,1,79.0,,,
5337770563,41.1831924,-8.6340941,3,79.0,,,
5337770564,41.1831824,-8.6342147,1,79.0,,,
5337770565,41.1824043,-8.6348408,1,79.0,,,
5337770566,41.1824196,-8.6345919,1,79.0,,,
5337770567,41.182649,-8.6348694,1,79.0,,,
5337770568,41.1826637,-8.6346235,1,79.0,,,
5337770569,41.1828762,-8.6330477,1,83.0,,,
5337770570,41.1828874,-8.632804,1,83.0,,,
5337770571,41.1831321,-8.6330749,1,83.0,,,
5337770572,41.183144,-8.6328401,1,83.0,,,
5337811382,41.1814864,-8.6241649,3,96.0,,,
5337811383,41.1815458,-8.6236066,1,96.0,,,
5337811384,41.1804677,-8.628249,3,92.0,,,
5337811386,41.1804985,-8.6279036,3,92.0,,,
5337830554,41.1853986,-8.6290466,3,95.0,,,
5341041759,41.1869537,-8.6832058,4,29.0,,,
5341041760,41.1869305,-8.6834814,4,26.0,,,
5347768476,41.1829534,-8.6840914,1,23.0,,,
5347768485,41.1836264,-8.6828939,3,37.0,,,
5347824689,41.1859439,-8.6323357,3,93.0,,,
5347824690,41.185453,-8.6322837,3,93.0,,,
5347824691,41.1854107,-8.6326656,3,90.0,,,
5347824692,41.185769,-8.6327138,3,93.0,,,
5347824693,41.1857904,-8.6324751,3,93.0,,,
5347824694,41.1854368,-8.632424,3,93.0,,,
5347824695,41.1858955,-8.6322049,1,93.0,,,
5347824696,41.1859415,-8.6323707,3,93.0,,,
5347824706,41.1857599,-8.6327998,3,93.0,,,
5347824707,41.1857098,-8.6327047,3,93.0,,,
5347824713,41.1852884,-8.6322596,3,90.0,,,
5347824715,41.1853042,-8.6328648,3,90.0,,,
5347867721,41.1850477,-8.6322249,4,90.0,,,
5347867722,41.1850806,-8.6318707,3,90.0,,,
5347867723,41.1850604,-8.6320909,3,90.0,,,
5347867724,41.1849597,-8.6320741,3,90.0,,,
5347867730,41.1849502,-8.6322093,3,90.0,,,
5347867736,41.1849594,-8.6329979,1,90.0,,,
5347867737,41.1849734,-8.6328756,3,90.0,,,
5347867738,41.1850024,-8.632621,3,90.0,,,
5347867739,41.1849642,-8.6325742,3,90.0,,,
5347867740,41.1849748,-8.6324587,3,90.0,,,
5347867741,41.1850251,-8.6324226,3,90.0,,,
5347867748,41.1854513,-8.6329928,3,93.0,,,
5347867749,41.1853409,-8.6329781,3,90.0,,,
5347867750,41.1857432,-8.6330238,3,93.0,,,
5347867755,41.1863526,-8.6340362,3,88.0,,,
5347867756,41.1858444,-8.6330372,3,93.0,,,
5347867758,41.1857633,-8.6327675,3,93.0,,,
5347867759,41.1855784,-8.6330077,3,93.0,,,
5347867760,41.1855836,-8.6329408,1,93.0,,,
5347867764,41.1852696,-8.6319144,3,90.0,,,
5347867767,41.185206,-8.6320372,1,90.0,,,
5347867768,41.1853952,-8.6320796,1,90.0,,,
5347867769,41.185412,-8.6319473,3,90.0,,,
5347867770,41.1854633,-8.6319591,3,93.0,,,
5347867773,41.1855112,-8.6320773,1,93.0,,,
5347867774,41.1859363,-8.6320981,3,93.0,,,
5347867776,41.1858414,-8.632112,1,93.0,,,
5347867777,41.1859928,-8.6330579,3,93.0,,,
5347867783,41.1860622,-8.6330673,3,93.0,,,
5347867784,41.1860551,-8.632771,3,93.0,,,
5347867786,41.1860094,-8.6328665,1,93.0,,,
5347867787,41.1860072,-8.6325259,3,93.0,,,
5347867789,41.185935,-8.6326644,1,93.0,,,
5347867790,41.1858915,-8.6324577,1,93.0,,,
5347867791,41.1858949,-8.6324049,4,93.0,,,
5347867792,41.185898,-8.6323661,3,93.0,,,
5347960846,41.1905012,-8.6366394,1,92.0,,,
5347960850,41.1903144,-8.6365786,1,92.0,,,
5347960852,41.1905576,-8.6364951,1,92.0,,,
5347960908,41.1915649,-8.6380919,3,97.0,,,
5347960912,41.1911,-8.6384504,1,97.0,,,
5348016862,41.1839939,-8.6290688,1,95.0,,,
5348016867,41.1839347,-8.6285164,3,95.0,,,
5348318724,41.1899073,-8.6618762,3,79.0,crossing,,
5348318725,41.1893908,-8.6615045,3,80.0,crossing,,
5348318726,41.1892619,-8.661361,3,80.0,,,
5348318727,41.1893639,-8.6611441,1,80.0,,,
5348318734,41.1861526,-8.6596163,3,79.0,,,
5348318952,41.1770721,-8.6921412,3,0.0,,,
5348318954,41.1767618,-8.6920217,1,0.0,,,
5348318955,41.1772382,-8.6921242,1,4.0,,,
5348358108,41.188847,-8.655959,3,80.0,,,
5348358942,41.1875767,-8.6549877,3,80.0,,,
5348358944,41.1876784,-8.6548074,1,80.0,,,
5348358945,41.1877005,-8.6546059,3,80.0,,,
5358968040,41.1748311,-8.6760415,3,24.0,,,
5358968041,41.1748352,-8.6758792,3,24.0,,,
5358968042,41.1756368,-8.6761895,3,19.0,,,
5358968043,41.1756409,-8.6761071,4,19.0,,,
5358968044,41.1756514,-8.6758715,3,19.0,,,
5358968045,41.1749949,-8.6761286,3,24.0,,,
5358968046,41.1749971,-8.6760554,4,24.0,,,
5358968047,41.1750007,-8.6759032,4,19.0,,,
5358968048,41.1750039,-8.6758205,3,19.0,,,
5358968049,41.1754286,-8.67609,3,19.0,,,
5358968050,41.1754332,-8.6759408,3,19.0,,,
5358968051,41.1751376,-8.6760667,3,19.0,,,
5358968052,41.1751425,-8.6759155,3,19.0,,,
5358968053,41.175919,-8.6761225,4,19.0,,,
5358968054,41.1756478,-8.6759594,6,19.0,,,
5358968055,41.175444,-8.6758535,3,19.0,,,
5358968056,41.1759205,-8.6760477,3,19.0,,,
5358968057,41.1758506,-8.675977,4,19.0,,,
5358968058,41.1757655,-8.6758821,3,19.0,,,
5358968059,41.1756924,-8.6761949,3,19.0,,,
5358968060,41.1757675,-8.6761197,4,19.0,,,
5358968061,41.1758269,-8.6760659,4,19.0,,,
5358968062,41.1758861,-8.6760106,4,19.0,,,
5358968063,41.1759233,-8.6759851,4,19.0,,,
5358968068,41.175365,-8.6757017,3,19.0,,,
5358968069,41.1753538,-8.6752833,3,19.0,,,
5358968070,41.1752176,-8.6756872,3,19.0,,,
5358968071,41.1752601,-8.6752867,3,19.0,,,
5358968072,41.1751905,-8.675418,3,19.0,,,
5358968073,41.1752414,-8.6754474,4,19.0,,,
5358968074,41.1753596,-8.6755182,4,19.0,,,
5358968075,41.1753996,-8.6755382,3,19.0,,,
5358968076,41.1752668,-8.6751966,3,19.0,,,
5358968077,41.1753003,-8.6748436,1,29.0,,,
5358968078,41.1753467,-8.6751893,3,19.0,,,
5358968079,41.1753339,-8.6748477,1,29.0,,,
5358968080,41.1753773,-8.6751324,3,19.0,,,
5358968081,41.1753418,-8.6751147,4,19.0,,,
5358968082,41.1752768,-8.6750816,4,19.0,,,
5358968083,41.1752207,-8.6750557,3,19.0,,,
5358968114,41.1751617,-8.6756849,3,19.0,,,
5359091383,41.2020423,-8.6447422,3,98.0,,,
5359091384,41.2021779,-8.644759,3,94.0,,,
5362299764,41.1864195,-8.6827199,3,29.0,,,
5362299768,41.1864835,-8.6827375,3,29.0,,,
5362299769,41.186527,-8.6827899,3,29.0,,,
5362299770,41.186546,-8.6827943,1,29.0,,,
5362299824,41.1866412,-8.6807798,1,36.0,,,
5362299876,41.1873049,-8.6839671,3,26.0,crossing,,
5362299879,41.1869511,-8.683673,3,26.0,,,
5362299881,41.1866786,-8.6836365,1,26.0,,,
5362299882,41.1871895,-8.6839134,3,26.0,,,
5362307584,41.1867916,-8.6834551,3,26.0,,,
5362307585,41.1868207,-8.6831798,4,29.0,,,
5362307586,41.1868519,-8.6829048,3,29.0,,,
5362307587,41.1870672,-8.6835078,3,26.0,,,
5362307588,41.1870971,-8.6832335,4,29.0,,,
5362307589,41.18712,-8.6830331,1,29.0,,,
5373731847,41.1902862,-8.6590221,4,83.0,crossing,,
5373731852,41.1895241,-8.6585876,3,78.0,,,
5373731853,41.1885461,-8.660738,3,80.0,crossing,,
5373731859,41.1888684,-8.6593613,4,78.0,crossing,,
5373731860,41.1883838,-8.6594247,3,78.0,,,
5373731861,41.1885621,-8.6605605,3,80.0,,,
5373731863,41.1879008,-8.659783,3,78.0,,,
5373731866,41.1850665,-8.660327,3,73.0,,,
5373731867,41.1849942,-8.6603172,3,73.0,,,
5373731874,41.185172,-8.6604228,3,75.0,,,
5373731881,41.1833463,-8.6603615,3,73.0,,,
5373919132,41.1844369,-8.6601494,3,73.0,,,
5373919134,41.184167,-8.6600263,3,73.0,,,
5373919136,41.1838216,-8.6598596,3,73.0,,,
5373919146,41.1854403,-8.6615055,3,74.0,,,
5373919150,41.1848741,-8.6612844,1,75.0,,,
5373919151,41.1849193,-8.6611262,1,75.0,,,
5373919158,41.1829063,-8.6606065,4,71.0,crossing,,
5373919162,41.1829474,-8.6605179,3,71.0,,,
5373919323,41.1895481,-8.6618209,3,80.0,,,
5373919328,41.1876943,-8.6550131,3,80.0,,,
5373919329,41.1846524,-8.6521564,1,82.0,,,
5373919330,41.1845747,-8.6521443,3,82.0,,,
5373919331,41.1844354,-8.6520692,3,84.0,,,
5373919337,41.1846534,-8.6511412,1,84.0,,,
5373919338,41.1843357,-8.6527747,1,82.0,,,
5373919339,41.1846191,-8.6518439,1,84.0,,,
5373919340,41.1845605,-8.6511203,3,84.0,,,
5373919349,41.1845484,-8.6488666,3,90.0,,,
5373919353,41.1849663,-8.6488881,3,90.0,,,
5373919354,41.1850665,-8.6489067,1,90.0,,,
5373919355,41.1845787,-8.6490142,1,90.0,,,
5373919356,41.1842376,-8.6489981,3,90.0,,,
5373919357,41.1842577,-8.6493199,1,90.0,,,
5373919358,41.1837362,-8.6494106,3,90.0,,,
5373919359,41.1838338,-8.649564,1,90.0,,,
5373919363,41.1842113,-8.6498591,1,90.0,,,
5373919379,41.1819953,-8.6515405,3,83.0,,,
5373919383,41.182141,-8.6515096,3,83.0,,,
5373919389,41.1823218,-8.6519257,3,83.0,,,
5373919390,41.1822303,-8.6515983,3,83.0,,,
5374060297,41.1922913,-8.6682368,3,68.0,,,
5374060298,41.1922513,-8.6683939,3,68.0,,,
5374060308,41.1919211,-8.669178,3,62.0,,,
5374060528,41.1922209,-8.6675806,3,68.0,,,
5374060533,41.1925556,-8.6675762,4,68.0,crossing,,
5374060547,41.1936051,-8.6671285,4,68.0,crossing,,
5379591304,41.2024316,-8.6415457,3,93.0,,,
5379591305,41.202533,-8.6426523,3,97.0,,,
5379591306,41.2025274,-8.6416507,3,93.0,,,
5379591308,41.2031343,-8.6419458,3,97.0,,,
5379591309,41.203105,-8.6418761,3,97.0,,,
5379591310,41.2030103,-8.6419731,3,97.0,,,
5379591313,41.2025239,-8.6420671,4,97.0,,,
5379591314,41.2026653,-8.6421078,4,97.0,,,
5379591315,41.2024324,-8.6418789,3,97.0,,,
5379591316,41.2025252,-8.6418069,3,97.0,,,
5379591317,41.2024357,-8.6420626,4,97.0,,,
5379591837,41.202672,-8.6417839,3,97.0,,,
5379591838,41.2025248,-8.6417681,3,97.0,,,
5379591841,41.2028491,-8.641814,3,97.0,,,
5379591842,41.2028529,-8.6417196,4,97.0,,,
5379591843,41.2028581,-8.6416387,3,93.0,,,
5379591844,41.2028383,-8.6423347,3,97.0,,,
5379591845,41.2028413,-8.6421467,4,97.0,,,
5379591846,41.2026697,-8.6419184,3,97.0,,,
5379591847,41.2028459,-8.6419469,3,97.0,,,
5379591848,41.2029792,-8.6421881,3,97.0,,,
5379591851,41.2029944,-8.6421723,3,97.0,,,
5379591852,41.2029451,-8.6420769,4,97.0,,,
5379591853,41.2028473,-8.6418864,3,97.0,,,
5379591855,41.2028794,-8.6421564,3,97.0,,,
5379591873,41.2030183,-8.6420095,3,97.0,,,
5379591875,41.2029079,-8.6420043,3,97.0,,,
5379591876,41.2024459,-8.6426417,3,97.0,,,
5379591877,41.202532,-8.6425564,3,97.0,,,
5379591878,41.2026686,-8.6425113,3,97.0,,,
5379591884,41.2029245,-8.6419897,3,97.0,,,
5379591885,41.2026912,-8.6416753,3,97.0,,,
5379591886,41.2026981,-8.6415933,3,93.0,,,
5410053512,41.1799673,-8.6896403,3,16.0,crossing,,
5410133351,41.1899058,-8.6701866,3,69.0,,,
5410171128,41.1918191,-8.6327605,1,113.0,,,
5410535239,41.1828852,-8.6848088,4,23.0,crossing,,
5410905414,41.1848891,-8.6345646,3,88.0,,,
5412057373,41.1798543,-8.6916501,4,16.0,crossing,,
5412057384,41.1802697,-8.690442,4,16.0,,,
5412057385,41.1800969,-8.6902278,4,16.0,crossing,,
5412057386,41.1799319,-8.6902034,4,16.0,crossing,,
5412057387,41.1799004,-8.689519,4,17.0,crossing,,
5412057388,41.1799724,-8.6885555,4,17.0,crossing,,
5413372390,41.1864272,-8.6838284,4,26.0,,,
5413372392,41.1865345,-8.6842455,3,26.0,,,
5413372394,41.1861982,-8.6839938,3,26.0,,,
5413372396,41.1861225,-8.6837361,3,26.0,,,
5413395815,41.1823612,-8.6229492,3,96.0,,,
5413401426,41.1823201,-8.6230149,3,96.0,,,
5413401444,41.1818295,-8.6280265,4,86.0,,,
5413409923,41.1821598,-8.6247314,3,96.0,,,
5413409925,41.1825343,-8.6241143,3,96.0,,,
5413409927,41.1828049,-8.6237446,3,96.0,,,
5413409928,41.1828538,-8.6237524,3,96.0,,,
5413409929,41.1825032,-8.6245037,3,96.0,,,
5413409931,41.1831913,-8.6251108,1,85.0,,,
5413409932,41.1825683,-8.6237048,3,96.0,,,
5413409933,41.1822679,-8.623654,3,96.0,,,
5413409934,41.1827935,-8.6245508,3,96.0,,,
5413409936,41.1829941,-8.623288,3,96.0,,,
5413411224,41.1803083,-8.6259473,1,94.0,,,
5413411229,41.1804721,-8.6249676,3,94.0,,,
5413429241,41.1860404,-8.6339911,3,88.0,,,
5413456555,41.187238,-8.6355288,1,94.0,,,
5413459129,41.1875142,-8.6343895,3,94.0,,,
5441466802,41.1916025,-8.6360673,1,92.0,,,
5441522067,41.1826877,-8.6316851,1,83.0,,,
5441522068,41.1820229,-8.631422,3,83.0,,,
5441522070,41.1815658,-8.6312866,3,83.0,,,
5441522071,41.18198,-8.6314035,3,83.0,,,
5441522072,41.1820454,-8.631143,1,84.0,,,
5441522074,41.1819072,-8.6314306,3,83.0,,,
5454490781,41.184192,-8.6303785,4,91.0,,,
5454490783,41.1838382,-8.6310316,3,91.0,,,
5454490784,41.1839252,-8.631052,1,91.0,,,
5454490785,41.1839352,-8.6306839,3,91.0,,,
5454490786,41.1839735,-8.6306943,1,91.0,,,
5454490787,41.1839054,-8.6312038,1,91.0,,,
5454490789,41.1837137,-8.6312483,3,91.0,,,
5454490793,41.1837966,-8.6314735,3,90.0,,,
5454490795,41.1836773,-8.6313042,4,90.0,crossing,,
5454490802,41.1837256,-8.6313358,4,90.0,crossing,,
5454490804,41.1808341,-8.6283353,1,92.0,,,
5454492441,41.1854063,-8.6251924,3,94.0,,,
5454492450,41.1853896,-8.6254071,3,94.0,,,
5454492451,41.1849356,-8.6253514,1,94.0,,,
5454492454,41.1849356,-8.6251949,1,94.0,,,
5454492466,41.1860001,-8.6251405,3,103.0,,,
5454492521,41.1853102,-8.6263703,3,94.0,,,
5454492525,41.185068,-8.6261809,1,94.0,,,
5455156470,41.1818066,-8.629067,3,86.0,,,
5455156472,41.1825351,-8.6289852,1,86.0,,,
5455156473,41.1824669,-8.6289747,3,86.0,,,
5455156474,41.1824501,-8.6291315,1,86.0,,,
5455156476,41.1824589,-8.6290491,3,86.0,,,
5455156477,41.1824166,-8.6291031,1,86.0,,,
5455156478,41.1817228,-8.6290532,3,86.0,,,
5455156479,41.1819751,-8.6290948,1,86.0,,,
5455156508,41.1825103,-8.628963,1,86.0,,,
5455156509,41.1824929,-8.6291266,3,86.0,,,
5455157034,41.1828794,-8.6295174,1,84.0,,,
5455157035,41.1828359,-8.6295091,3,84.0,,,
5455157036,41.1828563,-8.6293322,1,84.0,,,
5455320193,41.1832552,-8.6296102,3,84.0,,,
5455320194,41.1833461,-8.6287692,3,95.0,,,
5455320196,41.1832883,-8.6293106,3,84.0,,,
5455320201,41.1835754,-8.6305902,1,91.0,,,
5455320202,41.1836121,-8.6301654,3,91.0,,,
5455320203,41.1835723,-8.6301613,3,91.0,,,
5455320208,41.18353,-8.630156,1,91.0,,,
5455320209,41.1837614,-8.6301962,4,91.0,,,
5455320210,41.1838977,-8.6302021,3,91.0,,,
5455320216,41.1837754,-8.6308801,3,91.0,,,
5455320898,41.1847703,-8.6346791,3,88.0,,,
5455320907,41.1834232,-8.6344764,3,88.0,,,
5455320917,41.1834433,-8.6342505,3,88.0,,,
5455320923,41.1835237,-8.6333615,3,88.0,,,
5455320927,41.184767,-8.6335462,3,88.0,,,
5455320933,41.1847859,-8.6332885,3,90.0,,,
5455320937,41.1835382,-8.6331125,3,90.0,,,
5455320975,41.1889038,-8.6308742,3,102.0,,,
5455320976,41.1887293,-8.6308453,4,102.0,,,
5455320977,41.1881205,-8.6311985,3,102.0,,,
5455320978,41.188173,-8.6307938,3,102.0,,,
5455320979,41.1882226,-8.6308049,3,102.0,,,
5455320981,41.1873144,-8.6302996,3,95.0,,,
5455320983,41.1875395,-8.6302249,3,102.0,,,
5455320989,41.1885321,-8.6308097,4,102.0,,,
5455320990,41.1882283,-8.6307491,3,102.0,,,
5455320991,41.1881355,-8.6310793,4,102.0,,,
5455320992,41.1884844,-8.6313361,3,104.0,,,
5455320994,41.1889599,-8.6312608,3,104.0,,,
5455320999,41.1881651,-8.6308547,4,102.0,,,
5455321023,41.1874185,-8.6303246,3,95.0,,,
5455321025,41.187396,-8.6304899,3,95.0,,,
5455321026,41.1872383,-8.6304498,3,95.0,,,
5455321034,41.1872116,-8.6294732,3,95.0,,,
5455321035,41.1874212,-8.6295172,3,95.0,,,
5455321043,41.1882298,-8.6307375,3,102.0,,,
5455321044,41.1873679,-8.630484,3,95.0,,,
5455321045,41.1873528,-8.6305942,4,95.0,,,
5455321046,41.1873421,-8.6306907,3,95.0,,,
5455321047,41.1873858,-8.6303158,3,95.0,,,
5455321048,41.1874005,-8.6301965,3,95.0,,,
5455321051,41.1875253,-8.6303486,3,102.0,,,
5455321052,41.1873665,-8.6295057,3,95.0,,,
5455321054,41.1871184,-8.6294283,3,95.0,,,
5455321055,41.1870376,-8.6299992,3,95.0,,,
5455321062,41.186179,-8.6306052,3,95.0,,,
5455321063,41.1861635,-8.6307297,4,95.0,,,
5455321064,41.1861477,-8.6308546,3,95.0,,,
5455321077,41.1860227,-8.628746,3,104.0,,,
5455321078,41.186119,-8.6308465,3,95.0,,,
5455321080,41.1859038,-8.6318228,4,93.0,crossing,,
5455321081,41.1860248,-8.6308239,4,95.0,,,
5455321082,41.1859438,-8.6306852,4,95.0,crossing,,
5455321089,41.1858627,-8.6288439,3,104.0,,,
5455321090,41.1859316,-8.6289885,3,104.0,,,
5455321091,41.1860716,-8.6288561,3,104.0,,,
5455321092,41.1859668,-8.6305053,3,95.0,,,
5455321093,41.186139,-8.6305374,3,95.0,,,
5455321094,41.1869343,-8.6307035,3,95.0,,,
5455321096,41.1870458,-8.6307269,3,95.0,,,
5455321104,41.186828,-8.6309836,3,95.0,,,
5455321105,41.18684,-8.6308582,4,95.0,,,
5455321106,41.1868522,-8.6307262,3,95.0,,,
5455321109,41.1881362,-8.6310745,3,102.0,,,
5455321119,41.1888834,-8.6310571,4,102.0,,,
5455321120,41.1887181,-8.6309555,4,102.0,,,
5455321225,41.1885863,-8.6308194,4,102.0,,,
5455321227,41.1892436,-8.6304694,3,102.0,,,
5455321230,41.1889351,-8.6310859,3,102.0,,,
5455321232,41.1891,-8.6303872,3,102.0,,,
5455321241,41.188851,-8.6310372,3,102.0,,,
5455321242,41.1888693,-8.6308685,4,102.0,,,
5455321246,41.1887728,-8.6308525,3,102.0,,,
5455321250,41.1886966,-8.6308394,3,102.0,,,
5455321253,41.18848,-8.6307985,3,102.0,,,
5455321256,41.1883653,-8.6307746,3,102.0,,,
5455321259,41.1885327,-8.6297512,3,102.0,,,
5455321269,41.1886347,-8.6297767,3,102.0,,,
5455321273,41.1885376,-8.6293108,3,102.0,,,
5455321293,41.1883132,-8.6283374,1,103.0,,,
5455321294,41.1884707,-8.6285412,3,103.0,,,
5455321295,41.1885594,-8.6284581,1,103.0,,,
5455321311,41.1889731,-8.6311766,4,102.0,,,
5455321312,41.188984,-8.6311132,3,102.0,,,
5455331224,41.1852944,-8.6306478,1,91.0,,,
5455331225,41.1851679,-8.6316635,3,90.0,,,
5455331228,41.1845257,-8.6315751,3,90.0,,,
5455331231,41.1848392,-8.631791,3,90.0,,,
5455331232,41.1848458,-8.6317204,4,90.0,crossing,,
5455331233,41.1848519,-8.6316557,3,90.0,,,
5455331234,41.1852305,-8.6316787,4,90.0,crossing,,
5455331237,41.1842553,-8.6305112,1,91.0,,,
5455331241,41.1842349,-8.63027,3,91.0,,,
5455331244,41.1842195,-8.6303854,4,91.0,,,
5455331245,41.1848607,-8.6305477,1,91.0,,,
5455331246,41.183655,-8.6327107,4,90.0,,,
5455331252,41.1846821,-8.6325453,3,90.0,,,
5455331253,41.1846946,-8.6324595,4,90.0,,,
5455331254,41.184718,-8.6323037,4,90.0,,,
5455331255,41.1847275,-8.6322423,3,90.0,,,
5456747071,41.1848781,-8.6318802,3,90.0,,,
5456747072,41.1849367,-8.6318916,4,90.0,crossing,,
5456747073,41.1849746,-8.631899,3,90.0,,,
5456747074,41.1833565,-8.6329684,1,90.0,,,
5456769842,41.2023879,-8.6420615,3,97.0,,,
5456805033,41.1751252,-8.6756796,4,19.0,,,
5456805040,41.1747352,-8.6754696,3,24.0,,,
5456805059,41.174816,-8.6756675,1,24.0,,,
5456805063,41.1750675,-8.6756501,4,19.0,,,
5456805070,41.1749797,-8.6753549,3,24.0,,,
5456805073,41.1750959,-8.6754401,3,19.0,,,
5472588721,41.2055885,-8.6391138,1,95.0,,,
5474314452,41.1970311,-8.6415931,3,111.0,,,
5474314456,41.1972497,-8.6412491,3,111.0,,,
5474314457,41.1969007,-8.6410801,3,111.0,,,
5474314458,41.1970982,-8.6415662,3,111.0,,,
5474314459,41.1972828,-8.6411501,3,111.0,,,
5474314460,41.1967811,-8.6408862,3,111.0,,,
5474314461,41.1968211,-8.6409073,3,111.0,,,
5474314462,41.1973435,-8.6409687,3,111.0,,,
5474314464,41.1969862,-8.6409941,3,111.0,,,
5474314469,41.2015187,-8.6446029,3,98.0,,,
5474314470,41.2015464,-8.6444562,4,98.0,,,
5474314471,41.2017094,-8.6436184,3,99.0,,,
5474314472,41.2014133,-8.6444114,3,98.0,,,
5474314473,41.2015848,-8.6435585,3,99.0,,,
5474314474,41.2016772,-8.6445002,3,98.0,,,
5474314475,41.2018419,-8.6436822,3,99.0,,,
5474314476,41.2019791,-8.6437482,3,99.0,,,
5474314477,41.201825,-8.64455,4,98.0,,,
5474314478,41.2017987,-8.6446963,3,98.0,,,
5474314509,41.2018172,-8.6458881,3,95.0,,,
5474314511,41.2012393,-8.6456953,3,98.0,,,
5474314514,41.2016574,-8.6458362,3,95.0,,,
5474314516,41.2011596,-8.6460882,1,95.0,,,
5474314826,41.183345,-8.6389488,1,87.0,,,
5474314828,41.1833634,-8.6398913,3,92.0,,,
5474314853,41.1845784,-8.6415309,3,92.0,,,
5474378454,41.1857689,-8.635476,3,94.0,,,
5474378466,41.1840182,-8.6297799,1,91.0,,,
5474378467,41.1840044,-8.6297797,4,91.0,,,
5474378468,41.1838947,-8.6297769,3,91.0,,,
5474378469,41.1840497,-8.6288904,3,95.0,,,
5474378491,41.1804373,-8.6287724,3,92.0,,,
5474378496,41.1871321,-8.6261232,3,103.0,,,
5474378497,41.1868466,-8.6259742,3,103.0,,,
5474378498,41.1870553,-8.6262633,1,103.0,,,
5474378499,41.1870373,-8.6262383,3,103.0,,,
5474378500,41.1871589,-8.6260911,1,103.0,,,
5474378501,41.1874218,-8.6262915,3,103.0,,,
5474378502,41.1875445,-8.6264654,1,101.0,,,
5474378504,41.1867922,-8.6254874,3,103.0,,,
5474378505,41.1875398,-8.6277818,3,103.0,,,
5474378514,41.179759,-8.6277748,3,92.0,,,
5474378515,41.1797213,-8.6281116,3,92.0,,,
5474378516,41.1796797,-8.6284838,3,92.0,,,
5476693905,41.1922625,-8.6584948,3,82.0,,,
5476693911,41.1924766,-8.6579209,3,87.0,,,
5476693913,41.1925539,-8.6579926,3,87.0,,,
5476693918,41.1910652,-8.6600429,3,83.0,,,
5476693919,41.1907353,-8.6597719,3,83.0,,,
5476693920,41.1911942,-8.6596398,3,83.0,,,
5476695568,41.1916277,-8.6582942,3,84.0,,,
5476741635,41.1895708,-8.6598254,3,78.0,,,
5476741637,41.1898937,-8.6605603,3,79.0,,,
5476741638,41.1894024,-8.6601824,4,78.0,,,
5476741639,41.18933,-8.660176,3,78.0,,,
5476741641,41.1892688,-8.6592967,3,78.0,,,
5476746085,41.1844244,-8.6568315,3,75.0,crossing,,
5476746087,41.1844125,-8.6561755,1,81.0,,,
5476746089,41.1848141,-8.6559572,3,81.0,,,
5476746090,41.1848499,-8.6557287,3,81.0,,,
5476746091,41.1848975,-8.6559154,3,81.0,,,
5476746098,41.1848556,-8.6556918,3,81.0,,,
5476746101,41.1849108,-8.6558242,3,81.0,,,
5476828946,41.184034,-8.6512033,1,84.0,,,
5476828953,41.1842682,-8.6511367,1,84.0,,,
5476829025,41.182702,-8.6463411,4,85.0,crossing,,
5476877544,41.180092,-8.6509152,3,85.0,,,
5477995526,41.1815478,-8.6632973,4,73.0,,,
5478142740,41.1908327,-8.6370828,1,92.0,,,
5478142741,41.1909917,-8.6368381,3,92.0,,,
5478142742,41.190565,-8.6367707,1,92.0,,,
5478142743,41.1907296,-8.6365276,3,92.0,,,
5478142744,41.1910475,-8.637259,1,92.0,,,
5478142745,41.1911774,-8.6370558,3,92.0,,,
5478142746,41.1911317,-8.6389288,3,97.0,,,
5478142747,41.1910031,-8.6387522,1,97.0,,,
5478142748,41.1908717,-8.6392718,3,97.0,,,
5478142749,41.1907332,-8.639084,1,97.0,,,
5478142750,41.1904262,-8.6390754,3,97.0,,,
5478142753,41.1915042,-8.6380746,3,97.0,,,
5478142754,41.1915149,-8.6378009,3,97.0,,,
5478142755,41.1910067,-8.639093,3,97.0,,,
5478142756,41.190827,-8.6388585,3,97.0,,,
5478142757,41.1910281,-8.6385913,1,97.0,,,
5478142758,41.1905633,-8.6392248,1,97.0,,,
5478142763,41.1914191,-8.6381162,3,97.0,,,
5478142765,41.1913043,-8.6381054,1,97.0,,,
5478142766,41.1911588,-8.638376,3,97.0,,,
5478142767,41.1910945,-8.6383737,1,97.0,,,
5478142768,41.1911915,-8.6381654,3,97.0,,,
5478519718,41.1813916,-8.6658233,4,61.0,crossing,,
5478521521,41.1820577,-8.6662272,4,61.0,crossing,,
5478521524,41.1821307,-8.6663915,3,61.0,,,
5478521531,41.1822174,-8.6653403,3,61.0,,,
5478669782,41.1910021,-8.6553772,3,83.0,,,
5478669786,41.191113,-8.6530394,3,86.0,crossing,,
5478669788,41.1905252,-8.6551871,4,83.0,crossing,,
5478669789,41.1905577,-8.6549497,3,83.0,crossing,,
5478669801,41.1937431,-8.6557062,3,83.0,,,
5478669802,41.1937498,-8.655902,3,83.0,,,
5478669809,41.1945357,-8.6555815,3,80.0,,,
5478669810,41.1945307,-8.6560856,3,80.0,,,
5478680613,41.1900305,-8.6696195,3,69.0,,,
5478680617,41.1908596,-8.6682251,3,73.0,,,
5478680619,41.1906784,-8.6679161,1,73.0,,,
5481306167,41.1871694,-8.6795534,3,36.0,,,
5481306172,41.1870803,-8.679564,3,36.0,,,
5481306182,41.1871429,-8.6794903,3,36.0,,,
5481455414,41.1839243,-8.6509576,3,84.0,,,
5481456334,41.1840464,-8.6508236,3,84.0,,,
5481456349,41.1835655,-8.650491,3,84.0,,,
5481456350,41.1839503,-8.6505998,4,84.0,,,
5481456351,41.1839456,-8.6506574,3,84.0,,,
5481456352,41.1838923,-8.6505859,3,84.0,,,
5481456364,41.1839958,-8.6506105,3,84.0,,,
5481456368,41.183725,-8.650548,3,84.0,,,
5481456369,41.1838226,-8.6507761,3,84.0,,,
5481456370,41.1836895,-8.6507507,3,84.0,,,
5481456371,41.1835128,-8.6508757,3,84.0,,,
5481456376,41.1836153,-8.651209,3,84.0,,,
5481456386,41.183664,-8.6511858,3,84.0,,,
5481456397,41.1839204,-8.6510123,3,84.0,,,
5481456401,41.1840846,-8.6506307,3,84.0,,,
5481456402,41.184048,-8.6510307,4,84.0,,,
5481456404,41.1840656,-8.6508281,4,84.0,,,
5481456405,41.1842388,-8.6508579,3,84.0,,,
5481456406,41.1842226,-8.6510551,3,84.0,,,
5481456407,41.184214,-8.6511794,1,84.0,,,
5481456408,41.1839621,-8.6504421,1,84.0,,,
5481456410,41.1831945,-8.6525271,3,78.0,,,
5481456415,41.1835453,-8.6525886,3,82.0,,,
5481456420,41.183333,-8.651954,4,83.0,,,
5481456424,41.1837296,-8.6513335,4,84.0,,,
5481456431,41.1837664,-8.6514998,4,84.0,,,
5481456439,41.183618,-8.6524715,3,82.0,,,
5481456440,41.1836942,-8.6523524,3,82.0,,,
5481456446,41.1838043,-8.6516593,4,84.0,,,
5481456450,41.1840029,-8.6517956,3,84.0,,,
5481456452,41.1838303,-8.6517695,3,84.0,,,
5481456455,41.1836788,-8.6520084,3,84.0,,,
5481456462,41.1836395,-8.6524398,3,82.0,,,
5481456463,41.1834644,-8.6519751,4,84.0,,,
5481456464,41.1835891,-8.6519947,4,84.0,,,
5481456465,41.1837536,-8.6522617,3,82.0,,,
5481456570,41.1840497,-8.6518512,1,84.0,,,
5481456602,41.183672,-8.6508507,3,84.0,,,
5481456617,41.1837445,-8.6509877,3,84.0,,,
5486537273,41.1831513,-8.6395033,3,85.0,,,
5494533875,41.1942887,-8.6446309,1,106.0,,,
5494533876,41.1938866,-8.6446107,3,106.0,,,
5494533885,41.1939,-8.6441466,3,106.0,,,
5494533888,41.1910441,-8.6469041,1,102.0,,,
5497751450,41.1906275,-8.6317263,1,103.0,,,
5497774163,41.1838045,-8.6927076,3,13.0,,,
5497774164,41.1832543,-8.6931408,3,13.0,,,
5512489618,41.1840436,-8.6556108,3,81.0,,,
5512495044,41.1845857,-8.6562899,3,75.0,,,
5512495045,41.1845636,-8.6561359,3,81.0,,,
5512495046,41.1848868,-8.6554256,3,81.0,,,
5512564805,41.1834404,-8.6504772,3,84.0,,,
5512564807,41.1833883,-8.6511038,3,84.0,,,
5512564809,41.1832234,-8.6519372,4,83.0,crossing,,
5512612116,41.1885313,-8.6544826,3,80.0,crossing,,
5512613126,41.1866896,-8.654083,3,85.0,crossing,,
5512613130,41.1864821,-8.6552357,3,85.0,,,
5512613137,41.1875525,-8.6553005,4,80.0,,,
5512613151,41.185213,-8.6622739,3,75.0,,,
5512613163,41.1855746,-8.662066,3,74.0,,,
5512613179,41.1870346,-8.6599602,3,79.0,,,
5521111317,41.1825156,-8.6835342,4,23.0,,,
5556784545,41.210929,-8.6240698,3,48.0,,,
5556784546,41.2109448,-8.6242752,3,48.0,,,
5558904727,41.212025,-8.6237638,3,48.0,,,
5558904728,41.2120365,-8.6239716,3,48.0,,,
5581472838,41.1889225,-8.6599627,3,78.0,,,
5581472839,41.1883114,-8.660051,3,78.0,,,
5581472840,41.188646,-8.6602716,3,78.0,,,
5581472841,41.1887603,-8.6599861,3,78.0,,,
5581472846,41.1831366,-8.6579342,3,74.0,,,
5581472848,41.1830626,-8.6577296,3,74.0,,,
5581472856,41.1827521,-8.6570014,3,74.0,,,
5581472858,41.1855575,-8.6615634,3,74.0,,,
5581472860,41.1856882,-8.661165,3,74.0,,,
5581472869,41.1902201,-8.6632564,3,76.0,,,
5581472910,41.1920971,-8.6647967,3,72.0,,,
5581472918,41.1922721,-8.6647199,3,72.0,,,
5581472935,41.1877472,-8.6603089,3,78.0,,,
5581472960,41.1847098,-8.65896,3,73.0,,,
5581472961,41.1846954,-8.6590892,3,73.0,,,
5581472971,41.1842923,-8.6567273,1,75.0,,,
5581472972,41.1842175,-8.6511291,3,84.0,,,
5581487086,41.1849842,-8.6546047,3,81.0,,,
5581508497,41.1943329,-8.6647845,1,77.0,,,
5581508500,41.1943337,-8.6643781,3,77.0,,,
5581508846,41.1903658,-8.6693073,3,69.0,,,
5581508854,41.1901912,-8.6694008,3,69.0,,,
5581508868,41.1900721,-8.6693126,3,69.0,,,
5581508887,41.1898773,-8.6748386,4,56.0,,,
5581508906,41.1904279,-8.6746883,3,56.0,,,
5581508908,41.190161,-8.6745098,3,56.0,,,
5581508912,41.1904713,-8.674685,3,56.0,,,
5581514900,41.1914453,-8.67376,3,56.0,,,
5581514903,41.1901064,-8.6737646,4,56.0,,,
5581514910,41.1901064,-8.6733626,3,56.0,,,
5581514911,41.1915131,-8.6733545,3,56.0,,,
5581514912,41.1911687,-8.6741605,3,56.0,,,
5581514913,41.1911647,-8.673761,4,56.0,,,
5581514914,41.1911647,-8.6733565,3,56.0,,,
5581514915,41.1908014,-8.6741614,3,56.0,,,
5581514916,41.1908014,-8.6737622,4,56.0,,,
5581514917,41.1908014,-8.6733586,3,56.0,,,
5581514918,41.190438,-8.6741623,3,56.0,,,
5581514919,41.190438,-8.6737635,4,56.0,,,
5581514920,41.190438,-8.6733607,3,56.0,,,
5581517423,41.1914935,-8.6727003,3,60.0,,,
5581517425,41.191494,-8.6728006,3,60.0,,,
5581517426,41.1901064,-8.6728006,3,60.0,,,
5581517427,41.1915132,-8.673219,3,56.0,,,
5581517428,41.1901064,-8.6732217,3,56.0,,,
5581517429,41.1904392,-8.6732211,3,56.0,,,
5581517430,41.1904391,-8.6728006,4,60.0,,,
5581517431,41.1904392,-8.6723374,3,60.0,,,
5581517432,41.1908025,-8.6732204,3,56.0,,,
5581517433,41.1907984,-8.6728006,4,60.0,,,
5581517434,41.1907944,-8.6723411,3,60.0,,,
5581517435,41.1911658,-8.6732197,3,56.0,,,
5581517436,41.1911658,-8.6728006,4,60.0,,,
5581517437,41.1911638,-8.6723406,3,60.0,,,
5581517439,41.1918075,-8.6725272,3,57.0,,,
5581517440,41.1915413,-8.6725205,4,60.0,,,
5581517441,41.1911645,-8.6725178,4,60.0,,,
5581517442,41.1911653,-8.6726976,4,60.0,,,
5581517443,41.1915417,-8.6726076,3,60.0,,,
5581517444,41.1911649,-8.6726083,4,60.0,,,
5581517445,41.1915417,-8.6724275,3,60.0,,,
5581517446,41.1911642,-8.6724275,4,60.0,,,
5581517447,41.1907975,-8.6726983,4,60.0,,,
5581517448,41.1907968,-8.6726097,4,60.0,,,
5581517449,41.190796,-8.672519,4,60.0,,,
5581517450,41.1907952,-8.6724282,4,60.0,,,
5581517451,41.1904391,-8.672699,4,60.0,,,
5581517452,41.1904392,-8.6726097,4,60.0,,,
5581517453,41.1904392,-8.6725204,4,60.0,,,
5581517454,41.1904392,-8.6724289,4,60.0,,,
5581517455,41.1901064,-8.6727011,3,60.0,,,
5581517456,41.1901064,-8.6726111,3,60.0,,,
5581517457,41.1901064,-8.6725204,3,60.0,,,
5581517458,41.1901064,-8.6724296,3,60.0,,,
5581518985,41.1899095,-8.6710037,3,60.0,,,
5581518988,41.1899074,-8.6730768,3,56.0,,,
5581559340,41.1924434,-8.669859,3,62.0,,,
5581559347,41.1925823,-8.6697878,3,62.0,,,
5581559348,41.1925698,-8.6698668,3,62.0,,,
5581559360,41.1918038,-8.6720966,3,57.0,,,
5581559364,41.1930702,-8.67191,1,57.0,,,
5581559365,41.1920096,-8.6720428,3,57.0,,,
5581559366,41.1919508,-8.6709829,1,57.0,,,
5585491336,41.1823048,-8.6566652,3,74.0,,,
5585491340,41.1814079,-8.6568814,3,74.0,,,
5585519340,41.1827812,-8.6599288,3,75.0,,,
5585519356,41.1828711,-8.660694,4,71.0,crossing,,
5585519377,41.1787524,-8.6552225,1,78.0,,,
5585519383,41.1797304,-8.6526871,1,79.0,,,
5585519385,41.1797518,-8.6524863,3,79.0,,,
5585520848,41.18795,-8.6659079,3,73.0,,,
5585520850,41.187358,-8.6653508,3,71.0,,,
5585520852,41.1881861,-8.6655492,3,73.0,,,
5585520857,41.1896169,-8.6669801,3,73.0,,,
5585520858,41.1892207,-8.666512,3,73.0,,,
5585520859,41.1893938,-8.6656778,3,73.0,,,
5585520860,41.1891994,-8.6666171,3,73.0,,,
5585520861,41.1891223,-8.666989,3,66.0,,,
5585520864,41.1898405,-8.6656047,3,73.0,,,
5585520865,41.1894201,-8.6655642,3,73.0,,,
5585520866,41.1894858,-8.6652434,3,73.0,,,
5585520867,41.1884554,-8.6663437,3,73.0,,,
5585520868,41.1883794,-8.6667125,3,66.0,,,
5585520869,41.188478,-8.6662385,3,73.0,,,
5585520870,41.18865,-8.6654159,3,73.0,,,
5585520871,41.1886746,-8.6652993,3,73.0,,,
5585520882,41.1890499,-8.6642205,3,74.0,,,
5585520887,41.1890398,-8.6642736,3,74.0,,,
5585520889,41.1892941,-8.6643513,3,74.0,,,
5585520890,41.1894187,-8.6637942,3,74.0,,,
5585520922,41.1872745,-8.6553176,3,85.0,,,
5585574417,41.1957878,-8.6723241,3,58.0,,,
5585575722,41.1946537,-8.6713704,3,58.0,,,
5585575723,41.1939037,-8.6709931,3,58.0,,,
5585575727,41.1928801,-8.6702905,3,62.0,,,
5585575732,41.19306,-8.6702985,3,62.0,,,
5585575740,41.1932045,-8.6699157,1,62.0,,,
5585575741,41.1932968,-8.6704653,3,62.0,,,
5585575742,41.1934451,-8.6700941,1,62.0,,,
5585575743,41.1935601,-8.670655,3,62.0,,,
5585575744,41.1937107,-8.6702874,1,62.0,,,
5585575745,41.1938157,-8.6708532,3,58.0,,,
5585575746,41.1939762,-8.6704686,1,68.0,,,
5585575799,41.1918058,-8.6720082,3,57.0,,,
5585575800,41.1915508,-8.6719938,1,60.0,,,
5585575801,41.1916614,-8.6720083,3,60.0,,,
5585575802,41.1916615,-8.6724381,1,60.0,,,
5585575804,41.1898515,-8.6744712,3,56.0,,,
5585575805,41.1899078,-8.6732094,3,56.0,,,
5585575822,41.1886534,-8.674101,3,55.0,,,
5585575847,41.1864133,-8.6759458,3,45.0,,,
5585575858,41.1847877,-8.6761104,3,35.0,,,
5585575862,41.1848507,-8.6759163,1,35.0,,,
5585575863,41.1846997,-8.6758321,3,35.0,,,
5585575865,41.1849195,-8.675714,1,35.0,,,
5585575866,41.184623,-8.67717,1,36.0,,,
5585575884,41.185198,-8.6820284,3,37.0,,,
5585575914,41.187363,-8.6859411,3,20.0,,,
5585575916,41.1873463,-8.6857026,4,20.0,,,
5585575918,41.1874764,-8.6855476,3,20.0,,,
5585575927,41.1858069,-8.6795973,3,36.0,,,
5586150789,41.1830311,-8.652836,4,78.0,crossing,,
5586150790,41.1831475,-8.6528336,4,78.0,crossing,,
5586150797,41.1896457,-8.6595353,3,83.0,,,
5586150798,41.1901842,-8.6599542,3,83.0,,,
5586150799,41.1900651,-8.6622996,3,79.0,,,
5586150801,41.1900207,-8.6625713,3,76.0,,,
5586150804,41.1926629,-8.6617775,3,83.0,,,
5586150810,41.1927873,-8.6619358,3,83.0,,,
5586151358,41.1881433,-8.6481162,3,92.0,,,
5586151367,41.1905714,-8.6535271,3,86.0,,,
5586151372,41.1907293,-8.6535129,3,86.0,,,
5586151375,41.1918308,-8.6534526,3,87.0,,,
5586151396,41.1911958,-8.6525712,4,86.0,crossing,,
5586151399,41.1908221,-8.6541654,3,86.0,,,
5586151402,41.1896923,-8.6638052,4,76.0,crossing,,
5586151406,41.1899076,-8.6620606,3,79.0,crossing,,
5586209583,41.1797271,-8.6935202,3,9.0,,,
5586209591,41.1806945,-8.6941773,3,0.0,,,
5586209607,41.1879642,-8.69236,3,0.0,,,
5586209620,41.188146,-8.6861661,4,8.0,crossing,,
5586209921,41.1882697,-8.6859466,3,8.0,,,
5586239796,41.1886446,-8.6777637,3,40.0,,,
5586239797,41.188874,-8.6774994,3,40.0,,,
5586239803,41.1875414,-8.6757565,3,46.0,,,
5586239804,41.1875267,-8.6755416,3,46.0,,,
5586456599,41.1796345,-8.6593483,4,70.0,crossing,,
5586456603,41.1795599,-8.6592931,4,70.0,crossing,,
5586456610,41.177509,-8.6578097,4,73.0,crossing,,
5633756173,41.1831268,-8.6844353,3,23.0,,,
5633756174,41.1831362,-8.6844198,4,23.0,,,
5633756175,41.1834214,-8.6827053,4,37.0,,,
5633756176,41.1837726,-8.6830137,4,37.0,,,
5633756177,41.1837233,-8.6831298,4,37.0,,,
5633756178,41.1838267,-8.6828809,4,37.0,,,
5633756181,41.1823374,-8.6829955,3,24.0,,,
5633756200,41.1834196,-8.6806203,3,35.0,,,
5633756204,41.1829639,-8.6852135,4,23.0,crossing,,
5633756208,41.1823514,-8.6844417,4,23.0,crossing,,
5633756216,41.1840356,-8.6840778,3,28.0,,,
5633756825,41.1847588,-8.6842548,3,28.0,,,
5633756846,41.1868635,-8.6852476,3,26.0,,,
5633756852,41.1870923,-8.6848469,3,26.0,,,
5633768917,41.1823174,-8.682959,3,24.0,,,
5642879681,41.1910072,-8.6678391,3,73.0,,,
5642879689,41.1916293,-8.6671416,3,73.0,,,
5649516199,41.1789406,-8.6556059,3,78.0,,,
5690058925,41.2020806,-8.6448445,3,98.0,,,
5690058926,41.2021092,-8.6446705,3,94.0,,,
5705657623,41.1933662,-8.7076128,3,0.0,,,
5705657626,41.1933374,-8.7074503,3,0.0,,,
5705657627,41.1932052,-8.7076688,3,0.0,,,
5705657665,41.1964008,-8.7060649,3,16.0,,,
5705657672,41.1962043,-8.7064551,3,14.0,,,
5705657673,41.1962978,-8.7064937,3,14.0,,,
5705657674,41.1899422,-8.7049687,4,1.0,crossing,,
5705657675,41.1899124,-8.7050583,3,1.0,,,
5755801805,41.2127985,-8.6482328,3,55.0,,,
5755801815,41.2135646,-8.64887,3,55.0,,,
5755801816,41.2137416,-8.6487195,3,55.0,,,
5760768381,41.1856623,-8.6146343,4,87.0,,,
5760768382,41.1859579,-8.6152645,3,87.0,,,
5760768383,41.1860971,-8.614291,3,96.0,,,
5760768385,41.1856707,-8.6144413,3,96.0,,,
5760842693,41.2154461,-8.6142606,4,91.0,crossing,,
5760842694,41.2135875,-8.613738,4,87.0,crossing,,
5760842696,41.2132781,-8.6136396,4,87.0,crossing,,
5760842697,41.212207,-8.6132274,4,80.0,crossing,,
5760842712,41.207582,-8.6137132,3,57.0,,,
5760842713,41.2072966,-8.6126427,3,57.0,,,
5760842727,41.1994318,-8.6087983,3,87.0,crossing,,
5760842728,41.1994747,-8.6092319,3,87.0,crossing,,
5760842752,41.1932364,-8.6113998,4,107.0,crossing,,
5760842753,41.1931459,-8.6115257,4,107.0,crossing,,
5760842754,41.1930734,-8.6114104,4,107.0,crossing,,
5760842755,41.1931757,-8.6113036,4,107.0,crossing,,
5760842761,41.1903692,-8.6118907,3,97.0,crossing,,
5765890566,41.2103267,-8.626508,3,64.0,crossing,,
5770288097,41.2090688,-8.6146573,3,72.0,,,
5770288100,41.2087131,-8.6144825,3,66.0,,,
5770288102,41.2085061,-8.6141917,3,66.0,,,
5770288103,41.2082315,-8.6142546,3,57.0,,,
5770288106,41.2090127,-8.6141617,3,66.0,,,
5770288107,41.2087299,-8.6141973,3,66.0,,,
5773257657,41.1956594,-8.6129909,3,97.0,,,
5774166516,41.2133989,-8.6138272,4,87.0,crossing,,
5777532678,41.2103109,-8.6249153,3,52.0,,,
5777532683,41.209965,-8.6251263,1,64.0,,,
5777586362,41.2232762,-8.6247029,4,89.0,crossing,,
5777586363,41.2257973,-8.624403,4,88.0,crossing,,
5777586377,41.2239569,-8.6208669,4,78.0,crossing,,
5781637472,41.213343,-8.6173755,3,65.0,,,
5851918618,41.2687612,-8.7253701,1,4.0,,,
5851918626,41.2676808,-8.7264426,3,7.0,crossing,,
5851918627,41.2676922,-8.7265901,3,7.0,,,
5851918628,41.267658,-8.7267903,1,7.0,,,
5851918629,41.2676388,-8.7265943,3,7.0,,,
5851918630,41.2677976,-8.7267796,1,7.0,,,
5851918631,41.2677822,-8.7265794,3,7.0,,,
5851918633,41.266746,-8.7265471,4,7.0,crossing,,
5851918634,41.2667575,-8.7266583,3,7.0,,,
5851918636,41.266422,-8.7266048,4,9.0,crossing,,
5851918637,41.2664504,-8.7270096,1,9.0,,,
5851918642,41.2640445,-8.7239438,3,10.0,,,
5851918646,41.2620859,-8.7258647,1,0.0,,,
5851919043,41.2701809,-8.7207531,3,15.0,,,
5851919044,41.2695737,-8.7197321,1,15.0,,,
5851919055,41.2691657,-8.7217617,3,13.0,,,
5851919056,41.2698358,-8.7222634,3,13.0,,,
5851919071,41.2700647,-8.7259796,3,4.0,,,
5869784227,41.1908967,-8.6959717,4,13.0,,,
5869784229,41.190919,-8.6959756,4,13.0,,,
5869784242,41.1914014,-8.6960483,3,13.0,,,
5869784251,41.1917459,-8.6960789,3,26.0,,,
5869784262,41.1911818,-8.696604,3,13.0,,,
5869784263,41.1917385,-8.6960988,3,26.0,,,
5869784273,41.1912545,-8.696262,3,13.0,,,
5869784287,41.1905429,-8.6953607,3,6.0,,,
5869784297,41.190597,-8.6954716,1,6.0,,,
5869784313,41.190965,-8.6991546,3,18.0,,,
5869784342,41.1909591,-8.699279,3,18.0,,,
5869784343,41.1913011,-8.6991693,3,18.0,,,
5869784344,41.1913257,-8.6990371,3,18.0,,,
5869784347,41.1913856,-8.6989968,3,18.0,,,
5869784348,41.1906338,-8.6990723,3,18.0,,,
5869784360,41.1913669,-8.6989874,3,18.0,,,
5869817043,41.1828537,-8.6534365,1,78.0,traffic_signals,,
5919241127,41.2684793,-8.7185511,3,21.0,,,
5919241128,41.2687076,-8.720613,4,21.0,,,
5919241131,41.2679815,-8.7206539,1,21.0,,,
5919241132,41.2687602,-8.7213534,1,13.0,,,
5919241134,41.2697403,-8.7209299,3,13.0,,,
5919241136,41.2687384,-8.7190969,3,21.0,,,
5919241139,41.2685083,-8.7195855,1,21.0,,,
5919241143,41.2692246,-8.720092,4,15.0,,,
5919241147,41.2686781,-8.7215282,3,20.0,,,
5919241150,41.269169,-8.7193628,1,15.0,,,
5919241154,41.2691577,-8.7207739,4,15.0,,,
5919241155,41.2690967,-8.7211076,3,13.0,,,
5919241156,41.268805,-8.7198512,3,15.0,,,
5919241160,41.2679315,-8.7207394,3,21.0,,,
5919241164,41.267747,-8.721011,1,20.0,,,
5919241165,41.2687353,-8.7188429,3,21.0,,,
5919241168,41.2685357,-8.7189371,3,21.0,,,
5919241169,41.2680711,-8.7184612,3,21.0,,,
5919241174,41.268093,-8.7208747,3,20.0,,,
5919241178,41.268372,-8.7204003,3,21.0,,,
5919241179,41.2682977,-8.7209132,3,20.0,,,
5919241183,41.2691794,-8.7185841,1,6.0,,,
5919242785,41.2678711,-8.7182794,3,21.0,,,
5919242789,41.2687924,-8.7194534,3,15.0,,,
5919242797,41.2689821,-8.7217674,3,13.0,,,
5919242799,41.2681403,-8.719032,3,21.0,,,
5971114304,41.1792109,-8.6564863,3,79.0,,,
5971114308,41.189135,-8.6516833,3,88.0,,,
5971114331,41.1909293,-8.6591017,3,83.0,,,
6052501880,41.2673643,-8.7205302,3,21.0,,,
6052501882,41.2670467,-8.7197966,3,21.0,,,
6053456891,41.1891662,-8.6069105,3,94.0,,,
6056393990,41.1787963,-8.6556843,4,78.0,crossing,,
6056393994,41.1816909,-8.6553141,4,76.0,crossing,,
6056394005,41.1813551,-8.6570145,4,74.0,,,
6056394008,41.1815593,-8.6570634,4,74.0,crossing,,
6056394043,41.1845475,-8.6476149,3,89.0,,,
6056433047,41.195185,-8.6600728,1,80.0,,,
6094066047,41.1865765,-8.6775952,4,50.0,,,
6094066052,41.1876773,-8.6781204,3,40.0,,,
6094066057,41.1888146,-8.6817388,1,27.0,,,
6094066058,41.1883019,-8.6821173,3,27.0,,,
6094066059,41.1886108,-8.6823739,1,27.0,,,
6094066084,41.1882745,-8.6866081,4,8.0,crossing,,
6094066386,41.188193,-8.6856041,3,8.0,,,
6094200806,41.186588,-8.6923035,3,14.0,,,
6094200809,41.1863779,-8.6931263,4,14.0,crossing,,
6094200811,41.1863693,-8.692879,4,14.0,crossing,,
6094201951,41.187708,-8.6704681,1,61.0,,,
6094201953,41.1871325,-8.6713429,4,59.0,,,
6094201954,41.1871183,-8.6716203,1,59.0,,,
6094201960,41.1872595,-8.6705422,1,61.0,,,
6094201973,41.1854304,-8.6740152,3,46.0,,,
6094201974,41.1825894,-8.6778645,1,22.0,,,
6094201982,41.1824749,-8.6776455,1,22.0,,,
6094201991,41.1828255,-8.6774762,3,22.0,,,
6094202049,41.1818517,-8.681986,3,24.0,,,
6094202054,41.1824033,-8.6807884,4,27.0,,,
6094202068,41.1828845,-8.6841487,3,23.0,,,
6094202073,41.1837448,-8.6822202,3,37.0,,,
6094202075,41.1835447,-8.6826694,4,37.0,,,
6094242597,41.1834639,-8.6837833,4,28.0,,,
6094242598,41.1835161,-8.6836078,4,28.0,,,
6094242599,41.182398,-8.683027,4,24.0,,,
6094242600,41.1823478,-8.6832058,3,24.0,,,
6094242603,41.1836304,-8.6840004,4,28.0,crossing,,
6094242604,41.1835065,-8.6839455,4,28.0,crossing,,
6094242605,41.1834858,-8.6842564,3,28.0,,,
6094242610,41.1832008,-8.6844183,3,23.0,,,
6094242612,41.1831375,-8.6845259,3,23.0,,,
6094242616,41.1831336,-8.6848405,3,23.0,,,
6094242617,41.1821986,-8.6842574,3,23.0,,,
6094242620,41.1824431,-8.6843035,5,23.0,crossing,,
6094265978,41.1821375,-8.6767994,3,31.0,,,
6094371569,41.1808764,-8.6824344,4,30.0,crossing,,
6094371574,41.1807396,-8.6824264,3,30.0,,,
6094371575,41.1809273,-8.6822913,4,30.0,crossing,,
6094371583,41.1808334,-8.6801542,4,23.0,crossing,,
6094371584,41.1807777,-8.6806907,4,23.0,crossing,,
6094371906,41.1802333,-8.6820972,4,30.0,crossing,,
6094371910,41.1804245,-8.6819283,3,30.0,,,
6094371919,41.1802018,-8.6895005,1,17.0,,,
6094371923,41.1800583,-8.6895568,3,17.0,,,
6094371969,41.1791282,-8.6799101,4,19.0,crossing,,
6094371975,41.1774946,-8.6753017,3,29.0,,,
6094371984,41.1778465,-8.6772851,3,27.0,,,
6094371993,41.1819639,-8.6770618,3,31.0,,,
6094371994,41.1821797,-8.6765778,3,31.0,,,
6094371998,41.181931,-8.6765466,3,31.0,,,
6094372008,41.1812626,-8.6735578,3,51.0,crossing,,
6094372015,41.1804044,-8.6762178,1,34.0,,,
6094372016,41.1806522,-8.6756069,3,34.0,,,
6094372018,41.1813692,-8.6756689,3,31.0,,,
6094372019,41.1810405,-8.6764089,3,34.0,,,
6094372022,41.1808367,-8.6762713,4,34.0,,,
6094372027,41.1809261,-8.6758386,3,34.0,,,
6094372030,41.1807953,-8.676154,3,34.0,,,
6094372048,41.1816446,-8.6774855,3,22.0,,,
6094372049,41.1813131,-8.6772565,1,22.0,,,
6094372050,41.1815303,-8.6697229,3,67.0,,,
6094456141,41.1798909,-8.6904063,3,16.0,,,
6094456148,41.1797471,-8.6903759,5,16.0,crossing,,
6094456150,41.180038,-8.6920409,4,9.0,crossing,,
6094456151,41.1799346,-8.6921303,4,9.0,crossing,,
6094456156,41.1802577,-8.6937637,3,0.0,,,
6094456171,41.1793783,-8.6934989,4,9.0,crossing,,
6094456174,41.1782324,-8.6925515,1,4.0,,,
6094456175,41.1782199,-8.6925777,4,4.0,crossing,,
6094456181,41.1772471,-8.6918134,4,4.0,crossing,,
6094457189,41.1762811,-8.6910418,4,0.0,crossing,,
6094457192,41.1749259,-8.6897896,5,0.0,crossing,,
6094457194,41.1748837,-8.6899509,4,0.0,crossing,,
6094457197,41.1749266,-8.6897218,1,0.0,,,
6094457222,41.1745271,-8.6843092,3,25.0,,,
6094457223,41.1744186,-8.6842955,3,25.0,,,
6094457230,41.1744731,-8.6835222,3,25.0,,,
6094457231,41.1745717,-8.683537,4,25.0,,,
6094457264,41.1745148,-8.6744583,4,36.0,crossing,,
6094463496,41.1904197,-8.6594415,3,83.0,,,
6094493377,41.1817839,-8.6542928,3,76.0,,,
6094493381,41.181699,-8.6544685,3,76.0,,,
6094501321,41.1818575,-8.6540026,3,78.0,,,
6128452826,41.1768494,-8.6760237,1,19.0,,,
6128458147,41.1765227,-8.6764675,3,19.0,,,
6128461015,41.1768829,-8.6760965,1,19.0,,,
6128461018,41.1766982,-8.6765345,3,19.0,,,
6128476885,41.1765838,-8.6759128,3,19.0,,,
6128476889,41.1764917,-8.6765669,3,19.0,,,
6131816471,41.1836963,-8.6583239,3,75.0,,,
6131816472,41.1841049,-8.6577402,3,75.0,,,
6131816475,41.1842343,-8.6584831,3,73.0,,,
6131816476,41.1839133,-8.658591,3,73.0,,,
6131816479,41.1841699,-8.6583347,3,73.0,,,
6131816482,41.1850022,-8.6615519,3,75.0,,,
6131947772,41.1822574,-8.6674293,4,65.0,crossing,,
6131947773,41.1819246,-8.6682661,3,65.0,,,
6131949111,41.1807192,-8.6634359,4,65.0,crossing,,
6131949112,41.1806398,-8.6634764,4,65.0,crossing,,
6131949113,41.1806164,-8.6630595,4,65.0,crossing,,
6131949118,41.1801915,-8.661038,3,67.0,,,
6131949142,41.1781398,-8.6564506,1,73.0,,,
6131949147,41.1777147,-8.657731,3,73.0,,,
6131949151,41.1791928,-8.6581657,3,79.0,,,
6131949167,41.1790986,-8.6578245,1,73.0,,,
6131949234,41.179455,-8.6587445,3,70.0,,,
6165523596,41.1925566,-8.6917279,3,11.0,,,
6165523602,41.1921967,-8.6914463,1,14.0,,,
6165611571,41.1912762,-8.6928728,4,-1.0,crossing,,
6165654444,41.191427,-8.6930154,3,-1.0,,,
6165683026,41.1941454,-8.6888839,3,23.0,crossing,,
6165683028,41.194396,-8.6890156,3,23.0,,,
6167080866,41.1874665,-8.7013817,3,5.0,,,
6167122338,41.1907736,-8.6966914,3,13.0,,,
6184453244,41.2087071,-8.6330845,3,87.0,,,
6184453248,41.2085513,-8.6330889,3,87.0,,,
6228577695,41.1736579,-8.6884888,3,8.0,,,
6228577719,41.1759315,-8.670747,4,64.0,crossing,,
6228577737,41.1793954,-8.6663015,3,68.0,,,
6228577739,41.1793495,-8.6661346,3,68.0,,,
6228577741,41.1799966,-8.6673608,5,55.0,,,
6228577742,41.1799865,-8.6674682,4,55.0,crossing,,
6228577758,41.1783108,-8.6683249,3,69.0,,,
6228577777,41.1770391,-8.6728788,3,46.0,,,
6228577778,41.1773383,-8.6730143,3,26.0,,,
6228577780,41.1793686,-8.6695461,3,53.0,,,
6228577883,41.1801094,-8.6757065,3,34.0,,,
6228577891,41.1795496,-8.6755964,1,34.0,,,
6228577932,41.1805542,-8.6746627,3,51.0,,,
6228577934,41.1808651,-8.6749027,3,51.0,,,
6228577940,41.1803722,-8.6746634,3,51.0,,,
6228577945,41.1805161,-8.6743402,3,51.0,,,
6228577979,41.1813553,-8.6749765,1,51.0,,,
6228578045,41.1800339,-8.6681112,3,55.0,,,
6228578048,41.1804053,-8.6682335,3,55.0,,,
6228578049,41.1804906,-8.6682568,3,55.0,,,
6228578050,41.1800879,-8.6681542,3,55.0,,,
6228578052,41.1802585,-8.667965,3,55.0,,,
6228578055,41.1808786,-8.6674826,3,55.0,,,
6228578056,41.1803846,-8.667664,3,55.0,,,
6228651353,41.1790381,-8.6553005,3,78.0,,,
6228651358,41.178992,-8.6556563,3,78.0,,,
6228651371,41.1790222,-8.6557422,3,78.0,,,
6228651376,41.179124,-8.6554238,3,78.0,,,
6228651378,41.1791992,-8.6551486,3,90.0,,,
6228651486,41.1799541,-8.6538711,1,79.0,,,
6228651497,41.1804966,-8.6579085,3,79.0,,,
6228676138,41.1814355,-8.6567313,3,74.0,,,
6241914180,41.1823089,-8.6379891,3,85.0,,,
6259770166,41.2303742,-8.674868,3,69.0,,,
6285300488,41.1785771,-8.6555172,3,78.0,,,
6285300491,41.1792397,-8.6534541,3,79.0,,,
6323856294,41.2323085,-8.7220033,1,0.0,,,
6357435106,41.178688,-8.6582487,3,73.0,,,
6357435108,41.1785351,-8.6585966,3,75.0,,,
6357435109,41.1781067,-8.657803,3,73.0,,,
6357435110,41.1779594,-8.6581411,3,73.0,,,
6357435111,41.178041,-8.6577497,3,73.0,,,
6357435123,41.1840042,-8.6607071,3,75.0,,,
6357435125,41.1841103,-8.6602357,3,73.0,,,
6357435126,41.1837657,-8.6600641,3,73.0,,,
6357435127,41.1838694,-8.6601157,3,73.0,,,
6357435128,41.1839262,-8.6599108,3,73.0,,,
6357435129,41.1842481,-8.6596887,3,73.0,,,
6357435131,41.1840559,-8.6589454,3,73.0,,,
6357435132,41.1840648,-8.6589126,3,73.0,,,
6357435134,41.18387,-8.6586329,3,73.0,,,
6357435136,41.1843168,-8.6588442,3,73.0,,,
6357435137,41.1843968,-8.659006,3,73.0,,,
6357435138,41.1843039,-8.6593351,3,73.0,,,
6357435142,41.1840093,-8.6591042,3,73.0,,,
6357435143,41.1842345,-8.6592261,3,73.0,,,
6357435144,41.1845159,-8.6585245,3,73.0,,,
6357435145,41.184342,-8.6586456,3,73.0,,,
6357435146,41.1843015,-8.6584563,3,73.0,,,
6357435147,41.1844602,-8.6589909,3,73.0,,,
6357435148,41.184658,-8.6588438,3,73.0,,,
6357435154,41.18477,-8.6597768,3,73.0,,,
6357435155,41.1848885,-8.6593686,3,73.0,,,
6357435156,41.1846549,-8.6602136,3,73.0,,,
6357435157,41.1851089,-8.6614372,3,75.0,,,
6357435158,41.1849679,-8.6613891,3,75.0,,,
6357435159,41.183066,-8.6601582,3,75.0,,,
6357435160,41.1829146,-8.660077,3,75.0,,,
6357435161,41.1831163,-8.6603004,3,75.0,,,
6357435163,41.1831753,-8.6601025,3,75.0,,,
6357435178,41.1844675,-8.6609649,3,75.0,,,
6357435179,41.1846874,-8.6602292,3,73.0,,,
6382108995,41.2618282,-8.7077238,3,43.0,,,
6382108998,41.2618528,-8.7075031,3,43.0,,,
6382109001,41.261522,-8.7076377,3,43.0,,,
6382109012,41.2616729,-8.7078122,3,43.0,,,
6382109013,41.2618428,-8.707696,3,43.0,,,
6382109014,41.2614505,-8.7074875,4,43.0,crossing,,
6382109015,41.2604724,-8.7156533,3,25.0,,,
6382109029,41.2619726,-8.7076432,5,43.0,crossing,,
6394782017,41.2305579,-8.675161,3,71.0,,,
6394782020,41.2304227,-8.6751116,3,71.0,,,
6394782025,41.2302209,-8.6749348,3,69.0,crossing,,
6397321209,41.2236648,-8.6841292,1,50.0,,,
6397336750,41.2256298,-8.6816369,3,54.0,,,
6397336751,41.2256521,-8.681352,3,54.0,,,
6397336760,41.2257172,-8.6813868,3,54.0,,,
6424153201,41.1876497,-8.6313016,1,104.0,,,
6424153202,41.1876353,-8.6314648,1,104.0,,,
6424153205,41.1872958,-8.6309528,3,95.0,,,
6424153208,41.1881248,-8.6313427,3,104.0,,,
6424153210,41.1888566,-8.6316869,3,104.0,,,
6424153212,41.1888859,-8.6320519,3,104.0,,,
6424153228,41.1888739,-8.6315528,4,104.0,,,
6424153229,41.1888872,-8.6314286,3,104.0,,,
6424158667,41.1868441,-8.6338328,3,88.0,,,
6424158668,41.1868769,-8.6338375,1,88.0,,,
6424158669,41.1868498,-8.6337616,3,88.0,,,
6424158670,41.1868239,-8.633758,1,88.0,,,
6424158671,41.1828243,-8.6337806,1,79.0,,,
6424158909,41.187874,-8.6319958,1,104.0,,,
6424158911,41.1879038,-8.6312107,4,102.0,,,
6424158913,41.1879247,-8.6311088,3,102.0,,,
6424158918,41.1884029,-8.6315789,3,104.0,,,
6426354870,41.2058536,-8.6278159,3,59.0,,,
6426760775,41.2107732,-8.6618695,1,63.0,,,
6426760776,41.2101304,-8.6617911,3,65.0,,,
6426760777,41.2101454,-8.6615731,3,65.0,,,
6426760778,41.2101045,-8.6621688,3,65.0,,,
6426764190,41.2088322,-8.6581,3,67.0,,,
6426764217,41.2079443,-8.6600796,3,67.0,,,
6426764226,41.2079235,-8.6592082,3,67.0,,,
6426764231,41.2074841,-8.656497,3,70.0,,,
6426764237,41.2081379,-8.6579078,3,70.0,,,
6426764239,41.2095947,-8.6583255,3,67.0,,,
6426764270,41.210508,-8.6589008,4,58.0,crossing,,
6426764272,41.2102576,-8.6585182,3,64.0,,,
6426764273,41.2104151,-8.6583169,3,67.0,,,
6426764281,41.2018381,-8.6827369,1,19.0,,,
6426764282,41.2023118,-8.6824807,3,43.0,,,
6426764283,41.2060094,-8.6790517,1,51.0,,,
6426764287,41.205721,-8.6783174,3,51.0,,,
6426764296,41.205693,-8.680912,3,40.0,,,
6426764300,41.2077652,-8.6810924,3,45.0,,,
6426764308,41.2058685,-8.682001,3,46.0,,,
6426764309,41.2059728,-8.6818206,3,46.0,,,
6426764312,41.2061798,-8.68194,3,46.0,,,
6426764314,41.206162,-8.6821437,3,46.0,,,
6426764322,41.2048539,-8.6814074,4,46.0,,,
6426764323,41.2036144,-8.6820511,4,43.0,,,
6426764324,41.2023771,-8.682696,4,43.0,,,
6426764325,41.2018937,-8.6829388,1,19.0,,,
6426764326,41.2039358,-8.6831264,3,43.0,,,
6426764331,41.2044275,-8.6800151,3,40.0,,,
6426764332,41.2051796,-8.6824799,3,46.0,,,
6426764333,41.200877,-8.6847128,1,27.0,,,
6426764334,41.2021819,-8.6820449,1,43.0,,,
6426764335,41.2026896,-8.6837753,4,38.0,,,
6428721670,41.1997719,-8.655679,3,72.0,,,
6428721671,41.197694,-8.6562697,3,78.0,crossing,,
6443793484,41.1894456,-8.6297803,1,102.0,,,
6443794185,41.18964,-8.6298245,3,107.0,,,
6443794186,41.1895729,-8.6301109,1,102.0,,,
6443794195,41.189712,-8.6295336,1,107.0,,,
6443794196,41.1900224,-8.6292566,3,107.0,,,
6443794199,41.1895174,-8.6291035,1,103.0,,,
6443794202,41.1897688,-8.629193,3,107.0,,,
6443794203,41.1901575,-8.6289121,3,100.0,,,
6443794211,41.1908559,-8.6293856,1,107.0,,,
6468298823,41.2295742,-8.7192937,4,3.0,crossing,,
6468298842,41.2272848,-8.7184265,4,8.0,crossing,,
6468298847,41.2265752,-8.7174887,4,2.0,crossing,,
6468298848,41.2260205,-8.7167118,3,2.0,,,
6468298851,41.2264657,-8.7169554,3,2.0,,,
6468298853,41.2267692,-8.7168815,1,2.0,,,
6468298854,41.2265569,-8.7168746,3,2.0,,,
6468298855,41.2259517,-8.7166787,3,2.0,crossing,,
6468298856,41.2234138,-8.7152906,4,7.0,crossing,,
6468298857,41.2233946,-8.7151657,4,7.0,crossing,,
6468298858,41.2233179,-8.715219,4,7.0,crossing,,
6468298865,41.221997,-8.7145596,3,9.0,,,
6468298869,41.2232889,-8.7153025,3,7.0,,,
6468299288,41.2236885,-8.7155166,3,7.0,,,
6468299291,41.2247952,-8.7161562,3,7.0,,,
6468299292,41.2326387,-8.7221925,3,0.0,,,
6468299293,41.2325935,-8.7221774,1,0.0,,,
6468299295,41.2326701,-8.7222485,1,0.0,,,
6468299302,41.2243116,-8.7161836,3,7.0,,,
6468299303,41.2243622,-8.7159684,3,7.0,,,
6468299312,41.2335927,-8.7205802,4,7.0,crossing,,
6468299314,41.2335804,-8.7206414,3,7.0,,,
6468299315,41.2341024,-8.7208498,3,4.0,,,
6468299321,41.2306799,-8.7204868,4,3.0,crossing,,
6468299322,41.2311043,-8.7206806,4,3.0,crossing,,
6468299323,41.230752,-8.7200083,4,3.0,crossing,,
6468424632,41.2184746,-8.712592,4,9.0,crossing,,
6468424633,41.2184787,-8.7126905,3,9.0,crossing,,
6468424641,41.2196893,-8.7121229,3,14.0,,,
6468424650,41.2202086,-8.7125389,3,8.0,crossing,,
6468424659,41.2209202,-8.7097803,4,18.0,,,
6468424660,41.2211747,-8.7094206,1,18.0,,,
6468424887,41.2198299,-8.7103859,1,15.0,,,
6468424890,41.219821,-8.7102551,1,15.0,,,
6468451342,41.2352474,-8.7120649,3,31.0,,,
6481611539,41.2265925,-8.718516,4,2.0,crossing,,
6481611545,41.2309502,-8.7194906,4,3.0,crossing,,
6481611576,41.2348542,-8.721101,4,4.0,crossing,,
6481611577,41.2349535,-8.7210423,4,4.0,crossing,,
6481611578,41.2349997,-8.7211615,4,4.0,crossing,,
6481611579,41.2345127,-8.7209601,4,4.0,crossing,,
6481611581,41.2368498,-8.721857,1,7.0,,,
6481611584,41.2350208,-8.7210833,3,4.0,,,
6481624385,41.2348803,-8.7210184,3,4.0,,,
6481624386,41.2348418,-8.7211527,3,4.0,,,
6481624388,41.2345257,-8.7208945,3,4.0,,,
6481624389,41.2345003,-8.7210223,3,4.0,,,
6481624390,41.2348028,-8.7211405,3,4.0,,,
6481624393,41.2336157,-8.7204404,3,7.0,,,
6481624453,41.2310004,-8.7193752,3,3.0,,,
6481624468,41.2308014,-8.7193153,3,3.0,,,
6481624469,41.2307291,-8.7194242,4,3.0,,,
6481624471,41.2307144,-8.7195267,4,3.0,,,
6481624478,41.229573,-8.7192326,3,3.0,,,
6481624484,41.2295749,-8.7193707,3,3.0,,,
6481624493,41.2284429,-8.7194023,4,9.0,crossing,,
6481624494,41.2281327,-8.7194648,3,9.0,,,
6481624495,41.2281551,-8.719603,3,9.0,,,
6481624510,41.2280623,-8.7196112,4,9.0,,,
6481624515,41.2273932,-8.7195255,4,9.0,,,
6481624516,41.2272559,-8.7194905,4,9.0,,,
6481624525,41.2266412,-8.7185016,3,2.0,,,
6481624542,41.2272619,-8.718485,3,8.0,,,
6481624547,41.2273579,-8.7179373,3,8.0,,,
6481807961,41.222324,-8.7013141,3,33.0,,,
6481807977,41.2213036,-8.6977516,1,42.0,,,
6481807984,41.2244148,-8.6958742,3,37.0,,,
6481808085,41.2241993,-8.6959098,3,37.0,,,
6481821587,41.2385994,-8.7231006,3,6.0,crossing,,
6481821593,41.2392221,-8.7232426,3,6.0,crossing,,
6481821621,41.2393889,-8.7234097,1,6.0,,,
6481821622,41.2394266,-8.7232525,3,6.0,,,
6481821623,41.2394624,-8.7232547,3,6.0,,,
6481821624,41.2394074,-8.7234605,1,6.0,,,
6481821632,41.2396395,-8.7232658,3,7.0,,,
6481821641,41.2406519,-8.7246976,4,7.0,crossing,,
6481821667,41.242951,-8.724159,3,6.0,crossing,,
6481821670,41.2429426,-8.7244574,3,6.0,crossing,,
6481821687,41.2432014,-8.7243772,4,6.0,crossing,,
6481821688,41.2432081,-8.7242993,3,6.0,,,
6481821694,41.2437687,-8.7244916,4,0.0,,,
6481821695,41.2431994,-8.7244408,1,6.0,,,
6481821703,41.2440424,-8.7241791,3,0.0,crossing,,
6481821705,41.2434616,-8.7225977,3,8.0,,,
6481821708,41.2440028,-8.7226043,3,11.0,,,
6481821709,41.2434634,-8.7225235,4,8.0,crossing,,
6481821710,41.2439451,-8.7226036,4,11.0,crossing,,
6481821711,41.2439966,-8.7225263,4,11.0,crossing,,
6481821713,41.2439479,-8.7225495,3,11.0,,,
6481821717,41.2434242,-8.7225235,3,8.0,,,
6481821728,41.2434222,-8.7225973,3,8.0,,,
6481821731,41.2430693,-8.7225928,3,8.0,crossing,,
6481821732,41.2430697,-8.7227086,4,8.0,,,
6481821741,41.2430381,-8.724156,3,6.0,,,
6481839975,41.2457519,-8.7217048,3,11.0,,,
6481839978,41.2453494,-8.7222552,3,11.0,,,
6481839979,41.2453988,-8.7225135,4,11.0,crossing,,
6481839980,41.2455599,-8.7227555,4,11.0,crossing,,
6481839981,41.2451963,-8.7227095,4,11.0,crossing,,
6481839983,41.24586,-8.7230796,3,0.0,,,
6481840087,41.2453191,-8.7231413,3,0.0,,,
6481840102,41.2455557,-8.7228576,3,11.0,,,
6481840103,41.2451982,-8.7228144,3,11.0,,,
6481840114,41.2452106,-8.7230572,3,0.0,,,
6481840118,41.2452516,-8.723282,4,0.0,,,
6481840119,41.2453296,-8.7232759,4,0.0,,,
6481840120,41.2458432,-8.7232173,4,0.0,,,
6481840122,41.2467285,-8.7231303,3,0.0,,,
6481840125,41.246719,-8.7229996,4,0.0,crossing,,
6481840127,41.2467252,-8.7228959,4,12.0,crossing,,
6481840128,41.2467303,-8.7228066,3,12.0,,,
6481840130,41.2455483,-8.7226557,3,11.0,,,
6481840131,41.2469365,-8.722677,4,12.0,crossing,,
6481840134,41.2473166,-8.7229131,3,12.0,,,
6481840135,41.2473072,-8.7230133,4,0.0,crossing,,
6481840137,41.247302,-8.7231075,3,0.0,,,
6481840154,41.2486798,-8.7230991,3,0.0,,,
6481840155,41.2486707,-8.7232209,4,0.0,crossing,,
6481840156,41.2486613,-8.7233044,3,0.0,,,
6481840160,41.2481661,-8.7232332,4,0.0,,,
6481840172,41.248961,-8.7232424,3,0.0,crossing,,
6481840173,41.2489629,-8.723196,3,0.0,,,
6481840176,41.2488629,-8.7231565,4,0.0,crossing,,
6481840177,41.2488143,-8.7231482,3,0.0,,,
6481840179,41.2486754,-8.7231577,3,0.0,,,
6481840181,41.2488201,-8.7230345,3,0.0,,,
6481840184,41.2487946,-8.7226863,4,11.0,,,
6481840185,41.248789,-8.7226018,1,11.0,,,
6481840198,41.2495252,-8.7237889,1,0.0,,,
6481840200,41.2504636,-8.7235709,4,0.0,,,
6481858921,41.2569042,-8.7231611,4,0.0,,,
6481858923,41.2573879,-8.7233425,3,0.0,,,
6481858929,41.2569432,-8.723101,4,0.0,crossing,,
6481858930,41.2569011,-8.7229952,4,0.0,crossing,,
6481858933,41.2569618,-8.7230236,3,0.0,,,
6481858937,41.2567898,-8.7235692,3,0.0,,,
6481858939,41.2567666,-8.7230978,3,0.0,,,
6481858947,41.2588451,-8.7233767,3,0.0,,,
6481858948,41.2588262,-8.7234277,4,0.0,crossing,,
6481858949,41.2585035,-8.7233369,1,0.0,,,
6481858950,41.2585048,-8.7233682,4,0.0,,,
6481858959,41.2588016,-8.7235672,3,0.0,,,
6481858961,41.259124,-8.7234992,4,0.0,crossing,,
6481858964,41.2599055,-8.7238229,3,0.0,,,
6481858965,41.2604612,-8.7239907,4,8.0,crossing,,
6481858966,41.260292,-8.7240689,3,0.0,,,
6481858969,41.2600429,-8.7240161,3,0.0,,,
6481858972,41.2600753,-8.7238704,3,0.0,,,
6481858974,41.2601622,-8.7237189,4,0.0,crossing,,
6481858980,41.2606593,-8.7241181,3,8.0,crossing,,
6481858982,41.2604736,-8.7239572,3,8.0,,,
6481859287,41.2602177,-8.7237215,3,0.0,,,
6481859288,41.2601278,-8.7237177,3,0.0,,,
6481859294,41.2602508,-8.7223227,3,6.0,,,
6481859295,41.2601319,-8.7232644,4,0.0,crossing,,
6481859296,41.2602028,-8.7223223,4,6.0,crossing,,
6481859297,41.2602559,-8.7222328,4,6.0,crossing,,
6481859298,41.2601604,-8.7223222,3,6.0,,,
6481859311,41.2598342,-8.7192969,4,13.0,crossing,,
6481859330,41.2602527,-8.7223045,3,6.0,,,
6481859332,41.2607595,-8.7223421,1,11.0,,,
6481859336,41.2601929,-8.7209353,4,6.0,,,
6481859337,41.2601801,-8.7208569,3,6.0,,,
6481859338,41.260129,-8.7208737,4,6.0,crossing,,
6481859339,41.2600741,-8.7208897,3,6.0,,,
6481859349,41.2596369,-8.7175311,4,16.0,crossing,,
6481859350,41.2595553,-8.717547,1,16.0,,,
6481859351,41.2595885,-8.7175398,3,16.0,,,
6481859353,41.2592263,-8.7175329,3,16.0,crossing,,
6481859354,41.2591401,-8.7177204,3,16.0,crossing,,
6481859355,41.258813,-8.7187842,4,13.0,,,
6481859356,41.2589857,-8.7187521,3,13.0,,,
6481859357,41.2586237,-8.7188193,4,13.0,,,
6481859358,41.258313,-8.718877,4,10.0,,,
6481859359,41.2584695,-8.7188479,4,13.0,,,
6481875314,41.2603554,-8.7172357,4,16.0,crossing,,
6481875315,41.2602432,-8.7176086,3,16.0,,,
6481875316,41.2603164,-8.7173537,3,16.0,,,
6481875317,41.2600771,-8.7172317,4,16.0,,,
6481875320,41.2603795,-8.717154,3,16.0,,,
6481875327,41.2606925,-8.7163643,1,25.0,,,
6481875353,41.2615891,-8.7102656,3,40.0,,,
6481875357,41.2617445,-8.7099013,3,40.0,,,
6481875359,41.2616969,-8.7098767,4,40.0,,,
6481875376,41.2618449,-8.7079236,3,43.0,,,
6481875384,41.2618623,-8.7094849,4,40.0,,,
6481875586,41.2616632,-8.7101852,1,40.0,,,
6481875596,41.2617501,-8.7079724,3,43.0,,,
6481875601,41.2612952,-8.7075173,3,43.0,,,
6481875602,41.2614405,-8.7075895,4,43.0,crossing,,
6481875625,41.2614318,-8.7076365,3,43.0,,,
6481875667,41.2600681,-8.7076253,3,34.0,,,
6481875668,41.2600084,-8.7075486,4,34.0,crossing,,
6481875672,41.259882,-8.7072733,4,34.0,crossing,,
6481875673,41.2599069,-8.707229,1,34.0,,,
6481875674,41.259868,-8.7077193,1,34.0,,,
6481875718,41.2598272,-8.7045139,3,40.0,,,
6481886179,41.250393,-8.7021536,3,37.0,,,
6481886180,41.2503005,-8.7021821,4,37.0,crossing,,
6481886181,41.2502162,-8.7022147,4,37.0,,,
6481886182,41.2500754,-8.7023237,1,37.0,,,
6481886184,41.2498943,-8.7017059,3,40.0,,,
6481886585,41.2498643,-8.7016569,3,40.0,,,
6481886586,41.2498231,-8.701705,4,40.0,crossing,,
6481886587,41.2497913,-8.7017453,1,40.0,,,
6481886588,41.2499456,-8.7018034,4,40.0,crossing,,
6481886592,41.2503896,-8.7026904,4,37.0,,,
6481886595,41.2504406,-8.7027585,3,37.0,,,
6481886597,41.2504104,-8.702846,3,37.0,crossing,,
6481886601,41.2494403,-8.7010183,4,40.0,crossing,,
6481886602,41.2494085,-8.7009809,1,40.0,,,
6481886639,41.2459098,-8.7054208,3,37.0,,,
6481886640,41.2458858,-8.707061,3,34.0,,,
6481886644,41.245023,-8.7072132,3,32.0,,,
6481886652,41.2452827,-8.7055797,1,37.0,,,
6481886682,41.2215112,-8.7113311,4,14.0,crossing,,
6481886683,41.2215798,-8.7112578,1,14.0,,,
6481886684,41.2214576,-8.7113893,4,14.0,crossing,,
6481886785,41.2214129,-8.7114383,1,14.0,,,
6482483972,41.2406864,-8.72578,3,1.0,,,
6482483973,41.2407141,-8.7255793,3,1.0,,,
6482483980,41.2414982,-8.7258673,3,1.0,,,
6482483981,41.241472,-8.7259752,4,1.0,crossing,,
6482483983,41.2414551,-8.7260566,3,1.0,,,
6482483984,41.241563,-8.7260993,3,1.0,,,
6482484596,41.2421418,-8.7263212,3,2.0,,,
6482484597,41.242022,-8.7266703,4,2.0,,,
6482484598,41.2426843,-8.7265105,3,2.0,,,
6482484600,41.2426959,-8.7264193,4,2.0,crossing,,
6482484620,41.2490705,-8.7240321,3,0.0,,,
6482484621,41.2493866,-8.7239687,3,0.0,,,
6482484638,41.2490232,-8.7238516,3,0.0,,,
6482484655,41.2506053,-8.7228111,1,13.0,,,
6482484665,41.2503503,-8.718842,4,16.0,crossing,,
6482484666,41.2504102,-8.7189449,4,16.0,crossing,,
6482484667,41.2503385,-8.7190171,4,16.0,crossing,,
6482484673,41.2502928,-8.7189156,4,16.0,crossing,,
6482484676,41.2502654,-8.7189106,3,16.0,,,
6482484680,41.2502939,-8.7182065,1,25.0,,,
6482484683,41.2515531,-8.7192776,4,16.0,crossing,,
6482484684,41.2516788,-8.7193339,4,16.0,crossing,,
6482484685,41.251593,-8.719397,4,16.0,crossing,,
6482484686,41.2516212,-8.7194111,3,16.0,,,
6482484694,41.2512626,-8.7191001,1,16.0,,,
6482508130,41.2514559,-8.7217485,1,13.0,,,
6482508151,41.252588,-8.7199156,4,15.0,crossing,,
6482508158,41.2522508,-8.719663,3,15.0,,,
6482508159,41.2522637,-8.7196251,4,15.0,,,
6482508160,41.2523974,-8.7190484,1,15.0,,,
6482508161,41.2525998,-8.719866,3,15.0,,,
6482508166,41.2541049,-8.7207973,4,15.0,crossing,,
6482508167,41.2541629,-8.720846,3,8.0,,,
6482508168,41.2541322,-8.7209155,4,8.0,crossing,,
6482508169,41.2541011,-8.7209951,3,8.0,,,
6482508170,41.2540459,-8.7209571,4,8.0,crossing,,
6482508172,41.2540052,-8.720832,4,15.0,crossing,,
6482508173,41.2540299,-8.7207504,4,15.0,,,
6482508175,41.2540521,-8.7203521,1,15.0,,,
6482508176,41.2543439,-8.7201764,3,13.0,,,
6482508178,41.2546183,-8.7191916,3,13.0,,,
6482508184,41.2541391,-8.7203192,3,15.0,,,
6482508385,41.2542582,-8.7203991,3,13.0,,,
6482508398,41.2545914,-8.7190583,1,13.0,,,
6482508399,41.2546063,-8.7189795,3,13.0,,,
6482508400,41.2546542,-8.7189946,4,13.0,crossing,,
6482508403,41.254751,-8.7184583,4,16.0,crossing,,
6482508413,41.2588718,-8.7177874,4,16.0,crossing,,
6482508416,41.2599541,-8.7171329,3,16.0,,,
6482592137,41.2320938,-8.7115474,3,26.0,,,
6482592138,41.2326151,-8.7115698,1,26.0,,,
6482592717,41.2125966,-8.6798157,3,63.0,,,
6500313210,41.2452087,-8.7226149,3,11.0,,,
6500313213,41.2440427,-8.7225064,3,11.0,,,
6501005994,41.222985,-8.6992586,3,40.0,crossing,,
6501005995,41.2232507,-8.6993449,3,40.0,,,
6535702678,41.1921036,-8.68056,1,20.0,,,
6535702684,41.1923881,-8.6807439,3,20.0,,,
6535772131,41.1813942,-8.6632655,3,73.0,,,
6535772132,41.1808771,-8.6632587,3,65.0,,,
6535772134,41.1812328,-8.6632127,4,65.0,,,
6535772136,41.1813203,-8.6627456,3,73.0,,,
6535772139,41.1816144,-8.6628429,3,73.0,,,
6535772142,41.1824149,-8.6615926,3,71.0,,,
6535772148,41.1825047,-8.6644518,3,73.0,,,
6535772150,41.1811103,-8.6649349,4,68.0,crossing,,
6535772151,41.1810592,-8.6649518,3,68.0,,,
6535772154,41.1818192,-8.6620092,1,71.0,,,
6535772155,41.1822287,-8.6615331,3,71.0,,,
6535772158,41.1820633,-8.6614801,3,71.0,,,
6535772159,41.1823453,-8.6618957,1,71.0,,,
6535772160,41.1828187,-8.6626551,3,73.0,,,
6535772161,41.1826561,-8.6626011,1,73.0,,,
6535772162,41.1827698,-8.662895,3,73.0,,,
6535772163,41.1825007,-8.6628157,1,73.0,,,
6535772164,41.1827502,-8.6630052,3,73.0,,,
6535772165,41.1829246,-8.6630625,1,73.0,,,
6535772166,41.1828034,-8.6630227,3,73.0,,,
6535772167,41.1828802,-8.6626279,3,73.0,,,
6535772168,41.1828279,-8.6626078,3,73.0,,,
6535772169,41.1829993,-8.6626655,1,73.0,,,
6535772170,41.1826933,-8.6633075,4,73.0,crossing,,
6535772171,41.1824765,-8.6632261,1,73.0,,,
6535772172,41.1826976,-8.6632848,3,73.0,,,
6535772173,41.1830498,-8.6634004,3,73.0,,,
6535772180,41.1826864,-8.6643902,3,73.0,,,
6535772181,41.1834726,-8.6641225,3,69.0,,,
6535772182,41.1836532,-8.6630964,3,69.0,,,
6535772183,41.1833336,-8.6641691,3,69.0,,,
6535772184,41.1835547,-8.6629563,3,69.0,,,
6535780585,41.1831843,-8.6642201,3,73.0,,,
6535780586,41.1834643,-8.6628321,3,69.0,,,
6535780587,41.1830368,-8.6642705,3,73.0,,,
6535780588,41.1833496,-8.6626737,3,69.0,,,
6535780589,41.1828827,-8.6643231,3,73.0,,,
6535780590,41.1828729,-8.6633424,3,73.0,,,
6535780591,41.1825325,-8.6642789,3,73.0,,,
6535780592,41.1818091,-8.6640868,3,73.0,,,
6535780593,41.1814439,-8.6639658,3,73.0,,,
6535780594,41.181513,-8.6634851,4,73.0,,,
6535780595,41.1823858,-8.664278,3,73.0,,,
6535780596,41.1823806,-8.6644975,3,73.0,,,
6535780602,41.1811824,-8.6633585,4,65.0,,,
6535780603,41.1813658,-8.6634185,4,73.0,,,
6535780606,41.1813615,-8.6646572,3,61.0,,,
6552931429,41.2013554,-8.6382967,4,86.0,,,
6553024991,41.2004906,-8.6383317,4,86.0,,,
6553024997,41.2007486,-8.6374668,4,80.0,,,
6553025003,41.2015708,-8.6383885,3,86.0,,,
6553025004,41.2018254,-8.6379035,3,86.0,,,
6553025005,41.2014819,-8.6377238,1,86.0,,,
6553025006,41.2007776,-8.63736,3,80.0,,,
6553025007,41.2006695,-8.6377281,3,86.0,,,
6553025008,41.2004737,-8.6376319,3,86.0,,,
6568775342,41.2381063,-8.6939294,3,51.0,,,
6568775345,41.2394136,-8.6944114,1,51.0,,,
6636962583,41.1875135,-8.6935846,3,0.0,,,
6636962584,41.1874811,-8.6935562,4,14.0,,,
6636996185,41.1874656,-8.6935428,1,14.0,,,
6699355566,41.186006,-8.693555,4,14.0,crossing,,
6701036152,41.1972131,-8.6367309,4,95.0,,,
6701036161,41.1973731,-8.6372574,3,95.0,,,
6701036163,41.1973659,-8.6371617,1,95.0,,,
6701036168,41.1975021,-8.637146,1,95.0,,,
6701036182,41.1975222,-8.6367411,1,95.0,,,
6701123089,41.1974205,-8.6365114,3,95.0,,,
6701123090,41.1974117,-8.6365482,1,95.0,,,
6715594561,41.2076025,-8.6223517,3,56.0,,,
6765496680,41.2607715,-8.7241725,4,8.0,crossing,,
6765508027,41.2549876,-8.7213923,1,9.0,,,
6765533193,41.266328,-8.7265259,4,9.0,crossing,,
6765533194,41.2667406,-8.7264268,4,7.0,crossing,,
6765533195,41.2664184,-8.7265426,3,9.0,,,
6765533199,41.266314,-8.7263252,1,9.0,,,
6781592120,41.206968,-8.6230029,3,65.0,,,
6781592123,41.2069381,-8.6227763,3,56.0,,,
6781592128,41.2068487,-8.6229088,3,56.0,,,
6783863954,41.2588996,-8.717785,1,16.0,,,
6783863968,41.2590952,-8.7177244,1,16.0,,,
6786679812,41.1784392,-8.6905065,4,12.0,crossing,,
6786679819,41.1787112,-8.686434,4,13.0,crossing,,
6786679820,41.1786314,-8.6863161,4,13.0,crossing,,
6786679821,41.1786174,-8.6865339,4,13.0,crossing,,
6786679822,41.1785358,-8.6864129,4,13.0,crossing,,
6786679823,41.1786573,-8.6873993,4,13.0,crossing,,
6786679825,41.1784925,-8.6873796,4,13.0,crossing,,
6786679826,41.1785692,-8.6872684,4,13.0,crossing,,
6786679827,41.1785522,-8.6875246,4,10.0,crossing,,
6786679828,41.1785796,-8.6883935,4,10.0,crossing,,
6786679829,41.1785062,-8.6882612,4,10.0,crossing,,
6786679830,41.1784918,-8.6884841,4,10.0,crossing,,
6786679831,41.1784204,-8.6883751,4,10.0,crossing,,
6805115081,41.1806844,-8.6530275,3,79.0,,,
6805115082,41.1806411,-8.6533568,3,79.0,,,
6805152886,41.1807686,-8.6533803,3,79.0,,,
6805152887,41.1810105,-8.6534419,1,79.0,,,
6805152893,41.1818667,-8.6539296,3,78.0,,,
6816771068,41.216037,-8.6835158,3,55.0,,,
6816771071,41.215966,-8.6838059,3,55.0,,,
6816771072,41.2168136,-8.6848838,3,49.0,,,
6816771073,41.2163167,-8.6858648,3,50.0,,,
6816771075,41.2163347,-8.6838171,3,55.0,,,
6816771076,41.216335,-8.684008,3,55.0,,,
6816771077,41.2166579,-8.6840129,3,55.0,,,
6816771078,41.2163328,-8.6841903,3,55.0,,,
6816771079,41.2166572,-8.6841976,3,55.0,,,
6816771080,41.2163297,-8.6843734,3,55.0,,,
6816771081,41.2166542,-8.68438,3,55.0,,,
6816771082,41.2163308,-8.6845506,3,55.0,,,
6816771083,41.2166539,-8.6845533,3,55.0,,,
6816771084,41.2163268,-8.6847453,3,55.0,,,
6816806285,41.2163241,-8.6849371,3,55.0,,,
6816806286,41.216649,-8.6849412,3,55.0,,,
6816806287,41.2163243,-8.6851045,3,55.0,,,
6816806288,41.2166469,-8.6851129,3,55.0,,,
6816806289,41.2163214,-8.6852936,3,55.0,,,
6816806298,41.2166541,-8.6847489,4,55.0,,,
6816806300,41.2167361,-8.6847916,4,49.0,crossing,,
6819442820,41.2194521,-8.6805272,1,61.0,,,
6819442821,41.2199643,-8.6804994,3,61.0,,,
6819546582,41.208098,-8.6847467,3,47.0,,,
6819576885,41.2082488,-8.6847058,1,47.0,,,
6819576886,41.2082065,-8.6849324,3,47.0,,,
6819576888,41.2080611,-8.685693,3,39.0,,,
6821170549,41.22445,-8.6848893,1,50.0,,,
6821170550,41.2247903,-8.6847075,3,50.0,,,
6838576013,41.2219652,-8.6665578,4,33.0,,,
6838576018,41.2222315,-8.6668148,1,30.0,,,
6838576029,41.2224011,-8.6664763,3,33.0,,,
6838591191,41.2220374,-8.6649844,1,33.0,,,
6838591214,41.221751,-8.6666064,3,33.0,,,
6838591230,41.219905,-8.6669251,3,26.0,,,
6840376087,41.1792998,-8.6913151,3,16.0,,,
6896131848,41.2193399,-8.6239654,3,48.0,,,
6896131850,41.2192873,-8.6238708,3,48.0,,,
6896131853,41.2191731,-8.6240626,3,48.0,,,
6926773682,41.1862098,-8.6918864,3,14.0,,,
6942725791,41.1831044,-8.6882195,4,18.0,crossing,,
7010080130,41.2139121,-8.6845132,3,48.0,,,
7010080131,41.2139121,-8.684334,3,48.0,,,
7010080133,41.2137817,-8.6843361,3,48.0,,,
7010080134,41.2143534,-8.6845234,3,48.0,crossing,,
7010080136,41.214677,-8.6843477,3,55.0,,,
7010080139,41.213081,-8.6843259,3,48.0,,,
7010080141,41.2133476,-8.6845027,3,48.0,,,
7010080142,41.2137798,-8.6845116,3,48.0,,,
7010080143,41.2137222,-8.6841498,3,48.0,,,
7010080149,41.2137249,-8.6839772,3,48.0,,,
7010080153,41.2130857,-8.6839545,3,48.0,,,
7010080154,41.2130829,-8.6841417,3,48.0,,,
7010080158,41.2146825,-8.6839937,3,55.0,,,
7010080159,41.2139806,-8.6839791,3,48.0,,,
7010080160,41.2139806,-8.6841544,3,48.0,,,
7010080161,41.2146797,-8.6841695,3,55.0,,,
7010080171,41.2131275,-8.6858041,3,48.0,,,
7010080172,41.2131283,-8.6855092,1,48.0,,,
7010080173,41.2138724,-8.6858178,3,48.0,,,
7010080174,41.2138734,-8.6855223,1,48.0,,,
7010080175,41.2145672,-8.6855345,1,48.0,,,
7010080176,41.2145665,-8.6858287,3,48.0,,,
7010888602,41.2580028,-8.71893,3,10.0,,,
7015332248,41.1816887,-8.6878092,3,18.0,,,
7037039331,41.1860509,-8.631403,3,93.0,,,
7037039332,41.1861398,-8.6314216,3,93.0,,,
7037039334,41.1860747,-8.631206,3,95.0,,,
7037039336,41.1862312,-8.6312354,1,95.0,,,
7037039338,41.1860297,-8.6315753,4,93.0,,,
7037039339,41.1861181,-8.6316024,3,93.0,,,
7037039341,41.1861633,-8.6312228,4,95.0,,,
7048992271,41.1849489,-8.6926449,3,13.0,,,
7092339092,41.1907894,-8.6966126,4,13.0,crossing,,
7114167910,41.1830465,-8.6754382,3,31.0,,,
7114167912,41.183028,-8.6753292,4,31.0,,,
7114167917,41.182847,-8.6752745,3,31.0,,,
7114167922,41.1828155,-8.6755268,3,31.0,,,
7114167924,41.1829026,-8.6755911,3,31.0,,,
7115350897,41.1818493,-8.6478456,3,85.0,,,
7115350900,41.1816943,-8.6481175,3,85.0,,,
7116162211,41.2383037,-8.7014798,3,41.0,,,
7117960497,41.1770583,-8.6618943,3,72.0,,,
7183599337,41.2043179,-8.6948894,3,40.0,,,
7183599342,41.2045537,-8.6946348,3,40.0,,,
7183668613,41.209991,-8.6824894,3,51.0,,,
7183668614,41.209832,-8.6828334,3,51.0,,,
7183668617,41.2099983,-8.6830408,3,51.0,,,
7183668618,41.2103625,-8.6830468,3,51.0,,,
7183668619,41.2103656,-8.6823321,3,51.0,,,
7183668622,41.2097154,-8.6829221,3,51.0,,,
7183701411,41.2114894,-8.6830724,3,48.0,,,
7183701412,41.2119127,-8.6830566,3,48.0,,,
7183701413,41.211912,-8.6828699,3,48.0,,,
7183701414,41.2114846,-8.6828859,3,48.0,,,
7184058098,41.1933595,-8.6888597,1,1.0,,,
7184243509,41.1875144,-8.6639743,1,74.0,,,
7184243511,41.1876588,-8.663645,3,74.0,,,
7184243512,41.1874154,-8.6638402,1,65.0,,,
7184244471,41.1937932,-8.693071,3,19.0,,,
7184244472,41.1937084,-8.6923769,1,11.0,,,
7184256935,41.1819226,-8.6818733,3,24.0,,,
7184256938,41.1823358,-8.6809734,3,27.0,,,
7184289243,41.1800644,-8.6806541,3,23.0,,,
7184289245,41.1795694,-8.6799315,3,23.0,,,
7184289247,41.1803889,-8.680421,3,23.0,,,
7184297871,41.1813953,-8.6581752,4,74.0,,,
7184297875,41.1819787,-8.658293,4,74.0,crossing,,
7184362179,41.212117,-8.679513,1,52.0,,,
7184362180,41.2114628,-8.6803497,4,52.0,,,
7184362181,41.2113442,-8.680492,1,52.0,,,
7184362182,41.210987,-8.6802158,1,52.0,,,
7184362183,41.2115399,-8.6792636,1,52.0,,,
7184363468,41.1989985,-8.6829838,3,12.0,,,
7184363470,41.1992225,-8.6842229,3,21.0,,,
7184363472,41.1991475,-8.6833672,3,21.0,,,
7184363474,41.1987564,-8.6835836,3,21.0,,,
7184363476,41.1986259,-8.6836335,3,21.0,,,
7184363481,41.1993142,-8.6828126,3,12.0,,,
7184364890,41.198363,-8.6832936,4,12.0,,,
7184364892,41.1981572,-8.6833205,3,12.0,,,
7184364894,41.1980773,-8.6833354,3,21.0,,,
7184364899,41.1978554,-8.6834799,3,12.0,,,
7184380985,41.2111727,-8.679902,3,52.0,,,
7184380997,41.2119691,-8.6982346,3,40.0,,,
7184381005,41.2104707,-8.6965864,3,36.0,,,
7184410549,41.1911673,-8.671106,3,60.0,,,
7184410550,41.1911653,-8.6716407,3,60.0,,,
7184410551,41.191025,-8.6711064,3,60.0,,,
7184410552,41.191025,-8.6716419,3,60.0,,,
7184410553,41.1901279,-8.6716501,1,60.0,,,
7184410556,41.190006,-8.6711088,3,60.0,,,
7184421471,41.2033946,-8.6862119,1,32.0,,,
7184421474,41.2038968,-8.6860104,3,32.0,,,
7184463710,41.1974921,-8.6282878,3,85.0,,,
7184463712,41.1965724,-8.6286241,3,85.0,,,
7184463713,41.1964452,-8.6286476,1,85.0,,,
7184463719,41.1982414,-8.6299458,3,73.0,,,
7184463720,41.1980921,-8.6281836,3,77.0,,,
7184463721,41.1973981,-8.628304,3,85.0,,,
7184464987,41.1862422,-8.621293,1,87.0,,,
7184464990,41.1848786,-8.6217294,3,92.0,,,
7184475909,41.1896413,-8.6404949,1,104.0,,,
7184475913,41.1901221,-8.6398583,3,104.0,,,
7184478371,41.1989336,-8.6282417,1,77.0,,,
7184478372,41.1994113,-8.6281562,3,77.0,,,
7184493397,41.1819264,-8.6485054,1,85.0,,,
7184493402,41.1823371,-8.6487075,3,85.0,,,
7184494126,41.2097226,-8.6134002,3,66.0,,,
7184494129,41.210036,-8.6133401,3,66.0,,,
7184494937,41.1851814,-8.6574934,1,75.0,,,
7184494939,41.1844878,-8.6567379,3,75.0,,,
7184495643,41.2001869,-8.6249945,1,62.0,,,
7184495645,41.1997454,-8.6249805,3,63.0,,,
7184498771,41.1883552,-8.6576856,3,75.0,,,
7184506071,41.2009004,-8.6445405,3,98.0,,,
7184506072,41.2009241,-8.644397,3,98.0,,,
7184515763,41.198088,-8.629962,1,73.0,,,
7184546462,41.202811,-8.6167507,1,42.0,,,
7184546463,41.2032603,-8.6160055,3,59.0,,,
7186568070,41.182649,-8.6383478,1,85.0,,,
7186568071,41.1822207,-8.637564,4,85.0,,,
7186568075,41.1828539,-8.6369249,3,81.0,,,
7186710896,41.2054867,-8.6213947,3,50.0,,,
7186837619,41.1975744,-8.6342025,1,95.0,,,
7186837621,41.197637,-8.6336619,3,95.0,,,
7186877293,41.1945218,-8.6411843,1,108.0,,,
7186877297,41.1944216,-8.6403452,3,108.0,,,
7186887857,41.2065777,-8.6418311,1,78.0,,,
7186887859,41.2059444,-8.6412696,3,93.0,,,
7186893042,41.1960658,-8.6392115,1,103.0,,,
7186893044,41.1962262,-8.6396065,3,111.0,,,
7186913569,41.2166992,-8.6267296,3,40.0,,,
7186913574,41.216257,-8.6267505,3,53.0,,,
7186913575,41.216668,-8.6261398,3,40.0,,,
7186948215,41.2136696,-8.6253619,3,58.0,,,
7186997399,41.2326868,-8.6682612,1,76.0,,,
7186998639,41.2208937,-8.6816803,1,61.0,,,
7186999114,41.2229967,-8.6787183,3,63.0,,,
7186999120,41.2244226,-8.679735,3,59.0,,,
7186999121,41.2229801,-8.6788018,3,63.0,,,
7186999141,41.2245856,-8.6795452,1,59.0,,,
7186999142,41.2245008,-8.6794165,3,59.0,,,
7186999143,41.2243799,-8.6799062,3,59.0,,,
7187000907,41.2167638,-8.6969217,3,41.0,,,
7187000909,41.2150653,-8.6976571,3,40.0,,,
7187000910,41.2149983,-8.6982429,1,38.0,,,
7187000911,41.2151761,-8.6966889,3,40.0,,,
7187005458,41.2397528,-8.6992058,3,46.0,,,
7187010961,41.2252163,-8.6853357,1,53.0,,,
7187010964,41.2254764,-8.6846958,3,53.0,,,
7187016841,41.2276479,-8.6790437,1,66.0,,,
7187016842,41.2272572,-8.6784589,3,66.0,,,
7187022918,41.2335598,-8.6971134,3,50.0,,,
7187022919,41.2351499,-8.6970681,3,50.0,,,
7187022920,41.2345172,-8.6975079,3,50.0,,,
7187022921,41.234535,-8.6990632,3,39.0,,,
7187022929,41.2333868,-8.6975268,3,50.0,,,
7187022935,41.2343978,-8.6991039,3,39.0,,,
7187050229,41.2303066,-8.6739206,1,69.0,,,
7187050231,41.2313285,-8.6727385,3,74.0,,,
7187050232,41.2309765,-8.6710926,3,69.0,,,
7187050234,41.2298701,-8.6718592,3,69.0,,,
7187050235,41.2294432,-8.6717051,1,69.0,,,
7187050236,41.2308916,-8.6704552,1,75.0,,,
7187050238,41.2306616,-8.672145,3,69.0,,,
7187064677,41.1777448,-8.6847715,1,13.0,,,
7187064679,41.177522,-8.6847422,3,13.0,,,
7187064680,41.1775469,-8.6843459,3,13.0,,,
7187082958,41.1740228,-8.6868459,3,19.0,,,
7187106105,41.1751096,-8.6885686,1,9.0,,,
7187106106,41.1751529,-8.687981,3,9.0,,,
7192942855,41.2536231,-8.7076366,3,30.0,,,
7192942859,41.2544571,-8.7073653,3,29.0,,,
7192942861,41.2545211,-8.70774,1,29.0,,,
7192942862,41.2537807,-8.707567,3,30.0,,,
7192942865,41.2544302,-8.7079209,1,29.0,,,
7202940874,41.1764665,-8.6910011,4,0.0,crossing,,
7202940875,41.1765319,-8.6901424,4,0.0,crossing,,
7202940876,41.1765533,-8.6898173,4,0.0,crossing,,
7202940877,41.1765871,-8.6893348,4,9.0,crossing,,
7202940878,41.1766105,-8.688971,4,9.0,crossing,,
7202940879,41.1766636,-8.6882868,4,9.0,crossing,,
7202988185,41.1766836,-8.68803,4,9.0,crossing,,
7202988186,41.1766434,-8.6880246,1,9.0,crossing,,
7202988187,41.1767337,-8.6873167,4,11.0,crossing,,
7202988188,41.1766932,-8.6873116,1,11.0,crossing,,
7202988190,41.1767515,-8.6870694,4,11.0,crossing,,
7202988193,41.1766581,-8.6871594,4,11.0,crossing,,
7202988194,41.176931,-8.6862346,3,11.0,crossing,,
7202988198,41.176875,-8.6853581,3,16.0,,,
7202988199,41.176827,-8.6853517,1,16.0,,,
7202988200,41.1768922,-8.6851204,3,16.0,,,
7202988202,41.1768462,-8.6851153,1,16.0,,,
7202988215,41.177537,-8.6759151,4,29.0,crossing,,
7211695672,41.180722,-8.6814676,3,30.0,,,
7211695674,41.1808753,-8.6814114,4,30.0,crossing,,
7211695678,41.1810133,-8.6813188,1,30.0,,,
7211695681,41.1806042,-8.6806707,4,23.0,crossing,,
7211695684,41.1805421,-8.6807668,4,23.0,crossing,,
7211714286,41.1803465,-8.6804515,4,23.0,crossing,,
7211737665,41.1779032,-8.6692667,1,62.0,,,
7211737679,41.1779104,-8.6690993,3,62.0,,,
7211737681,41.1778763,-8.6692653,1,62.0,,,
7211737682,41.1778793,-8.6690819,3,62.0,,,
7211744492,41.1784342,-8.6695757,4,62.0,crossing,,
7211744496,41.1785497,-8.6683451,3,69.0,,,
7211744498,41.1784119,-8.6693296,3,62.0,,,
7215812131,41.1790795,-8.6741605,3,26.0,,,
7215812136,41.1789939,-8.6714459,3,46.0,,,
7215812140,41.1792525,-8.6695834,4,53.0,,,
7215863631,41.1784441,-8.6696977,3,62.0,,,
7215863635,41.1791912,-8.6699666,4,53.0,,,
7215863639,41.1786319,-8.6713444,3,46.0,,,
7215863642,41.1773887,-8.673021,3,26.0,,,
7222306341,41.2234096,-8.6857898,1,52.0,,,
7234074246,41.190749,-8.6222371,3,87.0,,,
7234074248,41.1906571,-8.6220474,3,87.0,,,
7234074272,41.190768,-8.6217076,3,87.0,,,
7260745935,41.1802781,-8.6662575,1,68.0,,,
7280394803,41.2028245,-8.6308951,3,73.0,,,
7280394810,41.2028342,-8.6308273,4,73.0,passing_place,,
7291704450,41.2510309,-8.6871199,3,58.0,,,
7291704451,41.2505114,-8.6863134,3,58.0,,,
7417012240,41.2060183,-8.6206902,3,39.0,,,
7417012241,41.2054883,-8.6200285,3,39.0,,,
7417622226,41.1908747,-8.6220157,3,87.0,,,
7427561266,41.206836,-8.6308991,1,75.0,,,
7427619209,41.2064215,-8.6288046,4,76.0,,,
7427621840,41.210719,-8.6282654,3,78.0,,,
7607245614,41.2046962,-8.6481604,3,72.0,,,
7607245615,41.204949,-8.6470498,3,89.0,,,
7607245616,41.2054733,-8.6475837,1,89.0,,,
7607245621,41.2057189,-8.6482164,1,72.0,,,
7607245622,41.2055736,-8.6481797,1,72.0,,,
7607245627,41.2039283,-8.6504957,3,83.0,,,
7607245633,41.2044671,-8.6494357,1,72.0,,,
7607245648,41.2035555,-8.6482789,1,79.0,,,
7613506809,41.2119178,-8.6832906,3,48.0,,,
7613506810,41.2075784,-8.6884732,4,40.0,crossing,,
7613506811,41.2075662,-8.6892391,4,40.0,crossing,,
7613506812,41.2079944,-8.6892471,4,40.0,crossing,,
7613506813,41.2072096,-8.6890471,4,40.0,crossing,,
7613506814,41.2075692,-8.6890542,4,40.0,crossing,,
7613506815,41.2079967,-8.6890627,4,40.0,crossing,,
7613506816,41.2084125,-8.689071,4,46.0,crossing,,
7613506817,41.2072118,-8.6888489,4,40.0,crossing,,
7613506818,41.2075723,-8.6888578,4,40.0,crossing,,
7613506819,41.207999,-8.6888684,4,40.0,crossing,,
7613506820,41.2084144,-8.6888787,4,46.0,crossing,,
7613506821,41.2072138,-8.6886595,4,40.0,crossing,,
7613506822,41.2075753,-8.6886658,4,40.0,crossing,,
7613506823,41.2080014,-8.6886732,4,40.0,crossing,,
7613506824,41.2084164,-8.6886803,4,46.0,crossing,,
7613506825,41.207216,-8.6884646,4,40.0,crossing,,
7613506826,41.2080038,-8.6884834,4,40.0,crossing,,
7615227701,41.2254879,-8.6810717,3,60.0,crossing,,
7653558497,41.1921609,-8.5978659,3,86.0,,,
7653558498,41.1927642,-8.5979002,1,86.0,,,
7653558513,41.1928206,-8.6055865,3,102.0,,,
7653558514,41.1928478,-8.6057036,3,102.0,,,
7653558669,41.1965815,-8.6030093,3,104.0,,,
7653558671,41.1967046,-8.6026919,3,104.0,,,
7653558672,41.1966958,-8.6026125,3,104.0,,,
7653558673,41.1967433,-8.6020545,4,88.0,,,
7653558678,41.1970773,-8.6022185,1,104.0,,,
7653558679,41.1967977,-8.6004643,1,88.0,,,
7653558680,41.1967956,-8.6005504,3,88.0,,,
7653558685,41.197815,-8.6005437,1,88.0,,,
7653558686,41.1976775,-8.6014967,3,88.0,,,
7653558689,41.1967712,-8.6015172,3,88.0,,,
7653558690,41.1967757,-8.6013395,3,88.0,,,
7653558692,41.1964516,-8.6016715,1,88.0,,,
7653558697,41.1966168,-8.6025495,3,104.0,,,
7653558699,41.1966296,-8.6028965,3,104.0,,,
7653558700,41.1966888,-8.6020498,3,88.0,,,
7653558703,41.1968909,-8.602769,1,104.0,,,
7653558704,41.1966093,-8.6020324,3,88.0,,,
7692044604,41.1857332,-8.626434,3,103.0,,,
7692044605,41.1855782,-8.6264068,3,103.0,,,
7692044606,41.185629,-8.6258473,3,103.0,,,
7692044607,41.1854354,-8.6258119,3,103.0,,,
7692044608,41.1857711,-8.6258736,1,103.0,,,
7705439437,41.208184,-8.6978352,3,35.0,,,
7705439439,41.2089335,-8.6985574,1,38.0,,,
7705439440,41.2086722,-8.6983378,3,38.0,,,
7705439441,41.2090058,-8.6976837,3,40.0,,,
7711504457,41.2129463,-8.7142066,1,10.0,,,
7711504458,41.2129315,-8.7139508,3,10.0,,,
7711504459,41.2132374,-8.7139188,1,10.0,,,
7711504462,41.2123791,-8.7136161,3,11.0,,,
7731927330,41.1766996,-8.7022799,3,0.0,,,
7731927334,41.1772673,-8.7008924,3,0.0,,,
7731927340,41.1802678,-8.6952575,3,0.0,,,
7731927343,41.1807038,-8.6942848,4,0.0,crossing,,
7770351648,41.1905241,-8.6318093,3,103.0,,,
7770471033,41.259152,-8.7184591,1,16.0,,,
7770471034,41.2590187,-8.7184598,1,16.0,,,
7770471036,41.2592135,-8.7174499,3,16.0,,,
7770471043,41.2587012,-8.7177611,4,16.0,crossing,,
7800936586,41.1857652,-8.5973947,1,117.0,,,
7800936587,41.1860968,-8.5973736,3,117.0,,,
7805007534,41.1830005,-8.6530987,3,78.0,,,
7805007667,41.1815689,-8.6619282,3,71.0,,,
7816938612,41.2123584,-8.6755688,3,55.0,,,
7816938636,41.2198506,-8.6789585,3,64.0,,,
7820206977,41.1774535,-8.6693406,1,62.0,,,
7820270126,41.1773971,-8.6698636,1,62.0,,,
7820270127,41.1773757,-8.6698632,1,62.0,,,
7820270131,41.1776668,-8.6693777,1,62.0,,,
7820270132,41.177653,-8.6693772,1,62.0,,,
7820270136,41.177609,-8.6697049,1,62.0,,,
7820270137,41.177601,-8.6697047,1,62.0,,,
7820270180,41.1778465,-8.6698982,1,62.0,,,
7820270181,41.1778674,-8.6698993,1,62.0,,,
7820270182,41.1775805,-8.6697284,1,62.0,,,
7820270183,41.1775728,-8.6700178,3,62.0,,,
7820270184,41.1780626,-8.6694233,1,62.0,,,
7820270185,41.1781624,-8.6694318,3,62.0,,,
7820270201,41.1790951,-8.6691247,3,62.0,,,
7820270206,41.1792543,-8.6688867,3,53.0,,,
7820270213,41.1791665,-8.6688536,1,62.0,,,
7820270215,41.1790575,-8.668812,1,62.0,,,
7820270263,41.1790045,-8.6687923,3,62.0,,,
7820270280,41.1798375,-8.6679886,3,55.0,,,
7820270292,41.1795483,-8.6685426,3,55.0,,,
7821345390,41.1824453,-8.6563478,3,74.0,,,
7821345391,41.1824697,-8.6562208,3,76.0,,,
7826085925,41.1754223,-8.6870181,3,11.0,,,
7826085926,41.175484,-8.6860546,3,11.0,,,
7826699889,41.17936,-8.6757232,4,34.0,crossing,,
7826699892,41.1792055,-8.6757118,4,34.0,crossing,,
7826699893,41.1793461,-8.6759588,4,34.0,crossing,,
7826699896,41.1791938,-8.6759461,4,34.0,crossing,,
7826699897,41.1792244,-8.6783948,4,24.0,crossing,,
7826699901,41.1790646,-8.6786603,4,27.0,crossing,,
7827950738,41.2355285,-8.7230196,3,0.0,,,
7827950742,41.2357966,-8.723209,3,0.0,,,
7831959907,41.1806611,-8.6801052,4,23.0,crossing,,
7831959909,41.1806166,-8.6799755,4,23.0,crossing,,
7831959911,41.1809259,-8.6800572,4,23.0,crossing,,
7831959921,41.1805509,-8.6836325,4,24.0,crossing,,
7831959922,41.1804098,-8.6836189,4,24.0,crossing,,
7831959926,41.1806219,-8.6837314,4,24.0,crossing,,
7831959927,41.1803311,-8.6837015,4,24.0,crossing,,
7831959928,41.1805384,-8.6838223,4,24.0,crossing,,
7831959931,41.1803962,-8.683807,4,24.0,crossing,,
7831959933,41.1802659,-8.6846738,4,24.0,crossing,,
7831959934,41.1804854,-8.6846065,4,24.0,crossing,,
7831959935,41.1803396,-8.6845873,4,24.0,crossing,,
7831959938,41.1804718,-8.6847883,4,24.0,crossing,,
7831959941,41.180326,-8.68477,4,24.0,crossing,,
7831959942,41.1804091,-8.68556,4,18.0,crossing,,
7831959945,41.1802667,-8.6855462,4,18.0,crossing,,
7831959947,41.1801911,-8.6856334,4,18.0,crossing,,
7831959948,41.1803958,-8.6857401,4,18.0,crossing,,
7831959951,41.1802533,-8.6857276,4,18.0,crossing,,
7831959955,41.1804304,-8.6866511,4,18.0,crossing,,
7831959956,41.1803422,-8.6865506,4,18.0,crossing,,
7831959959,41.1801967,-8.6865301,4,18.0,crossing,,
7831959960,41.180131,-8.6866183,4,18.0,crossing,,
7831959961,41.1803299,-8.6867342,4,18.0,crossing,,
7831959964,41.180183,-8.6867149,4,18.0,crossing,,
7831959969,41.1803299,-8.6876236,4,17.0,crossing,,
7831959971,41.1800556,-8.6875777,4,17.0,crossing,,
7831959972,41.1802773,-8.6875105,4,17.0,crossing,,
7831959975,41.1801219,-8.6874915,4,18.0,crossing,,
7831959976,41.1802408,-8.6880553,4,17.0,crossing,,
7831959979,41.1800802,-8.6880309,4,17.0,crossing,,
7832145410,41.1801682,-8.6891074,4,17.0,crossing,,
7832145413,41.1800063,-8.6890886,4,17.0,crossing,,
7832145416,41.1801502,-8.6893568,4,17.0,crossing,,
7832145419,41.1799896,-8.6893348,4,17.0,crossing,,
7832543420,41.1965046,-8.6874423,3,24.0,,,
7832543421,41.1968384,-8.6879036,3,18.0,,,
7832543426,41.1970475,-8.6873969,3,24.0,,,
7832543428,41.1969897,-8.6877627,1,18.0,,,
7832543429,41.1970797,-8.6874138,3,24.0,,,
7832543430,41.1965872,-8.6881689,1,18.0,,,
7832543431,41.1963797,-8.6884311,3,18.0,,,
7832543438,41.1958607,-8.6885708,4,18.0,,,
7832543439,41.1961902,-8.688283,3,18.0,,,
7832543444,41.1956979,-8.6889986,1,23.0,,,
7832543453,41.1968618,-8.6887084,1,18.0,,,
7832543454,41.1968489,-8.6879258,1,18.0,,,
7838116241,41.1825005,-8.6290555,4,86.0,,,
7838116242,41.182452,-8.629114,4,86.0,,,
7838116243,41.1825084,-8.6289811,4,86.0,,,
7838388282,41.2191565,-8.6889914,4,41.0,crossing,,
7838406385,41.2219541,-8.6858777,4,49.0,crossing,,
7838406390,41.2185495,-8.6898235,1,41.0,,,
7838406420,41.2263678,-8.6807236,3,60.0,,,
7838406426,41.2308006,-8.674639,4,69.0,crossing,,
7838406427,41.2317712,-8.6733107,3,70.0,,,
7840646570,41.1771361,-8.6817422,3,18.0,,,
7840646571,41.1771971,-8.6817484,1,18.0,,,
7842947297,41.1780968,-8.6684278,1,69.0,,,
7842947304,41.1778218,-8.6689548,1,62.0,,,
7842947305,41.1778184,-8.6690523,3,62.0,,,
7842947308,41.1778189,-8.6686968,1,69.0,,,
7842947309,41.1778,-8.6686968,1,69.0,,,
7842947310,41.177829,-8.6684654,1,69.0,,,
7842947311,41.1778066,-8.6684644,1,69.0,,,
7842947312,41.1777548,-8.6687596,1,62.0,,,
7842947313,41.1777472,-8.6690177,3,62.0,,,
7843926652,41.1788401,-8.683365,4,13.0,crossing,,
7843926655,41.1788176,-8.6836736,4,13.0,crossing,,
7843926656,41.1786742,-8.6844877,4,13.0,crossing,,
7843926657,41.1788701,-8.6845124,4,13.0,crossing,,
7843926658,41.1787716,-8.6843565,4,13.0,crossing,,
7843926661,41.1787555,-8.6845918,4,13.0,crossing,,
7843926663,41.178704,-8.6853246,4,13.0,crossing,,
7843926665,41.1786875,-8.6855535,4,13.0,crossing,,
7843926669,41.178443,-8.6892251,4,10.0,crossing,,
7843926670,41.1785277,-8.6893597,4,10.0,crossing,,
7843926673,41.1783382,-8.6893334,4,10.0,crossing,,
7846111731,41.1819658,-8.6871593,4,21.0,crossing,,
7846175826,41.1781584,-8.6697243,3,62.0,,,
7852736144,41.1791193,-8.6740436,3,26.0,,,
7852736156,41.1790358,-8.6731078,3,26.0,,,
7852736167,41.1793457,-8.6695534,3,53.0,,,
7853251777,41.177409,-8.6786776,1,27.0,,,
7853251779,41.1773926,-8.67888,1,27.0,,,
7853251780,41.1773787,-8.679099,1,27.0,,,
7853251781,41.177363,-8.6792963,1,19.0,,,
7853251783,41.1774218,-8.6784784,1,27.0,,,
7856316931,41.1942454,-8.6887039,4,23.0,crossing,,
7856316933,41.1927597,-8.6915082,3,14.0,,,
7856316937,41.1927186,-8.6913295,3,14.0,,,
7858689632,41.2020222,-8.6130545,3,69.0,,,
7859533483,41.1771144,-8.6820426,3,18.0,,,
7859546086,41.1771704,-8.6812665,3,18.0,,,
7861709308,41.1917631,-8.6335033,3,110.0,,,
7861709309,41.1918258,-8.6329713,3,113.0,,,
7861709310,41.1918124,-8.633101,3,113.0,,,
7861709311,41.191783,-8.6333413,4,110.0,crossing,,
7861709313,41.1919415,-8.6333778,3,110.0,,,
7861709315,41.1918617,-8.6329806,3,113.0,,,
7861709316,41.1917501,-8.6329524,3,113.0,,,
7861709317,41.1918877,-8.6329875,1,113.0,,,
7861709321,41.1873123,-8.6382398,1,93.0,,,
7861709325,41.1872178,-8.6381205,4,93.0,,,
7884415723,41.1775772,-8.6693019,1,62.0,,,
7884415724,41.1775771,-8.6693074,1,62.0,,,
7884480058,41.1793727,-8.6742446,3,51.0,,,
7884480059,41.1793317,-8.6742648,3,51.0,,,
7884480062,41.1791011,-8.6758179,4,29.0,crossing,,
7884480063,41.1792021,-8.6746539,3,51.0,,,
7884480064,41.1791646,-8.6743713,3,26.0,,,
7884490109,41.180548,-8.6670249,3,55.0,,,
7884490131,41.1853259,-8.6625669,3,69.0,,,
7884490148,41.1814316,-8.6657335,4,61.0,crossing,,
7886912779,41.188616,-8.6606046,3,80.0,crossing,,
7886912784,41.1901139,-8.6616343,3,79.0,crossing,,
7886987194,41.1912828,-8.6583295,3,84.0,crossing,,
7886987197,41.1913579,-8.658468,3,83.0,crossing,,
7886987198,41.1913834,-8.6579532,3,84.0,crossing,,
7886987202,41.1915143,-8.6579182,4,84.0,crossing,,
7886987203,41.1915952,-8.6579494,3,84.0,crossing,,
7886987215,41.1904313,-8.6553364,3,83.0,crossing,,
7892887308,41.1810186,-8.6587252,3,70.0,crossing,,
7892887309,41.181066,-8.658655,4,70.0,crossing,,
7892984327,41.1810789,-8.6734354,3,51.0,,,
7892984351,41.1830034,-8.6688013,4,67.0,crossing,,
7892984356,41.183126,-8.6688594,3,67.0,,,
7892984359,41.1832395,-8.6690229,3,67.0,,,
7892984361,41.1833411,-8.6685511,4,66.0,crossing,,
7892984362,41.1834616,-8.6687043,4,66.0,crossing,,
7892984363,41.1835091,-8.6687666,1,66.0,,,
7892984364,41.1831563,-8.6684119,4,65.0,crossing,,
7900232307,41.192075,-8.7025049,1,17.0,,,
7900232308,41.1917547,-8.7023401,3,17.0,,,
7900232382,41.1975863,-8.7015505,3,28.0,crossing,,
7900871908,41.1870734,-8.7000262,4,5.0,,,
7900871909,41.1875548,-8.699158,4,8.0,crossing,,
7900871910,41.1874478,-8.6993173,4,1.0,crossing,,
7900871911,41.1876107,-8.6992174,4,8.0,crossing,,
7900871912,41.1875023,-8.6993782,4,8.0,crossing,,
7900871914,41.18849,-8.6977097,1,5.0,,,
7900871917,41.1881177,-8.6983164,4,8.0,crossing,,
7900871918,41.18817,-8.6983847,4,8.0,crossing,,
7900871919,41.188564,-8.6977983,4,5.0,,,
7900871920,41.1885108,-8.6977358,4,5.0,crossing,,
7900871921,41.1887401,-8.6973987,3,5.0,crossing,,
7900871922,41.1887923,-8.697462,3,5.0,crossing,,
7904410584,41.1865566,-8.6932463,3,14.0,,,
7912819068,41.1808521,-8.6543131,1,90.0,,,
7912823189,41.1824127,-8.6565724,1,74.0,,,
7912823190,41.1825904,-8.6556593,1,76.0,,,
7931257496,41.1812234,-8.6915433,4,16.0,crossing,,
7931257498,41.1810849,-8.6917963,4,9.0,crossing,,
7966529540,41.1778559,-8.6701787,3,62.0,,,
7966529542,41.1770948,-8.6701164,3,62.0,,,
8011418426,41.2224566,-8.6242252,1,66.0,,,
8051247292,41.1816727,-8.670517,3,67.0,,,
8051247293,41.1813012,-8.6703221,3,67.0,,,
8051247295,41.1805955,-8.6699906,3,53.0,,,
8051247302,41.1802093,-8.6698277,3,53.0,,,
8051247303,41.180162,-8.6698114,3,53.0,,,
8051247304,41.1804839,-8.669945,3,53.0,,,
8051247305,41.180476,-8.6699786,3,53.0,,,
8051247306,41.1803874,-8.6699048,4,53.0,,,
8051247307,41.1803045,-8.6698709,4,53.0,,,
8051247325,41.1832939,-8.6689452,3,67.0,,,
8051247326,41.183179,-8.6687839,3,67.0,,,
8051247337,41.1830978,-8.6705603,1,67.0,,,
8051247342,41.1822022,-8.6709475,3,61.0,,,
8051247343,41.181859,-8.6709499,3,61.0,,,
8051247361,41.1843692,-8.6694738,4,66.0,crossing,,
8051253527,41.1864547,-8.6682175,1,70.0,,,
8051253528,41.1866007,-8.6678194,3,70.0,,,
8051253554,41.1852906,-8.6679122,3,66.0,crossing,,
8051253571,41.1830457,-8.6734523,3,51.0,,,
8051253585,41.1822654,-8.6730358,1,51.0,,,
8051253593,41.1814504,-8.6730478,3,51.0,,,
8062025799,41.1839161,-8.6863861,4,22.0,crossing,,
8062025801,41.1838649,-8.6865137,4,22.0,crossing,,
8062025802,41.1839322,-8.6865059,4,22.0,crossing,,
8062025815,41.1828249,-8.6890554,4,18.0,crossing,,
8062025839,41.1816362,-8.6919728,4,13.0,crossing,,
8062025841,41.1815344,-8.6922229,4,13.0,crossing,,
8062025847,41.1812001,-8.6930389,4,9.0,crossing,,
8062025849,41.181135,-8.6931904,4,9.0,crossing,,
8062025850,41.1812158,-8.6931717,4,9.0,crossing,,
8062025851,41.1811172,-8.693074,4,9.0,crossing,,
8062336744,41.180013,-8.6610148,4,67.0,crossing,,
8062336756,41.1800359,-8.6601643,3,70.0,,,
8062336760,41.1798031,-8.6593772,4,70.0,crossing,,
8062336761,41.1798744,-8.6593604,4,70.0,crossing,,
8062733361,41.1833242,-8.6535277,4,78.0,crossing,,
8065434105,41.1855131,-8.6943106,4,10.0,crossing,,
8065434110,41.1845584,-8.6935064,4,13.0,crossing,,
8065434111,41.1844873,-8.6935189,4,13.0,crossing,,
8065434112,41.1840424,-8.6942834,4,10.0,crossing,,
8065434131,41.1815907,-8.6906041,4,15.0,,,
8075429983,41.1834442,-8.6809057,5,35.0,crossing,,
8075429986,41.1850135,-8.6808012,4,35.0,crossing,,
8075429987,41.1850679,-8.6808477,4,35.0,crossing,,
8075429988,41.184317,-8.682462,4,37.0,crossing,,
8075429990,41.1836157,-8.6832912,1,37.0,,,
8076135985,41.1853534,-8.6240514,3,95.0,,,
8077446420,41.1856628,-8.6793615,1,36.0,,,
8077878624,41.1825142,-8.6647306,4,61.0,,,
8077878626,41.1834547,-8.6644824,4,69.0,,,
8077878628,41.1808285,-8.6672367,1,55.0,,,
8078376853,41.1988413,-8.6106047,3,88.0,,,
8078376854,41.1988451,-8.6101011,4,87.0,,,
8078376855,41.1988429,-8.6096423,3,87.0,,,
8078376856,41.1990018,-8.6100926,3,87.0,,,
8097031906,41.1810418,-8.6535619,4,79.0,crossing,,
8097719241,41.188531,-8.6866395,1,8.0,,,
8097719247,41.1885128,-8.6855702,1,8.0,,,
8097719254,41.1868186,-8.6924476,1,14.0,,,
8097719272,41.1904745,-8.6945718,4,6.0,,,
8097719273,41.1903339,-8.6944501,4,6.0,,,
8104033893,41.1883165,-8.7034387,4,8.0,crossing,,
8104033894,41.1881869,-8.7033019,4,8.0,crossing,,
8104033895,41.1877341,-8.7029301,4,8.0,crossing,,
8104033897,41.1868626,-8.7020515,1,5.0,,,
8104033900,41.1874261,-8.6992908,1,1.0,crossing,,
8104033901,41.1875332,-8.6991292,1,8.0,crossing,,
8104033903,41.1880977,-8.6982916,1,8.0,,,
8104033904,41.188209,-8.6984355,3,8.0,,,
8104033907,41.1893881,-8.6963863,1,5.0,crossing,,
8104033908,41.1894088,-8.6964099,4,5.0,crossing,,
8104033909,41.1894603,-8.6964686,4,5.0,crossing,,
8104033913,41.1902831,-8.6944258,1,6.0,,,
8104033916,41.191188,-8.6927884,1,-1.0,crossing,,
8104037317,41.1912086,-8.6928088,4,-1.0,crossing,,
8121812949,41.1778379,-8.6705081,3,62.0,,,
8121812950,41.1768163,-8.6704752,3,64.0,,,
8126762074,41.1770882,-8.6693531,3,62.0,,,
8126762082,41.1767309,-8.6693498,3,64.0,,,
8126762083,41.1768498,-8.6686199,3,73.0,,,
8126762085,41.1767571,-8.6687898,3,64.0,,,
8126762097,41.1772868,-8.6692373,1,62.0,,,
8126768819,41.175843,-8.6709645,3,46.0,,,
8126768862,41.1751554,-8.6724709,3,46.0,,,
8126768863,41.1753675,-8.6727749,3,46.0,,,
8128298583,41.175269,-8.6723167,3,46.0,,,
8128298588,41.1754562,-8.6746144,1,29.0,,,
8143361253,41.1847101,-8.6845961,3,28.0,,,
8251709420,41.173789,-8.6868156,3,19.0,,,
8257651160,41.1728569,-8.6744036,4,36.0,crossing,,
8261781485,41.1772731,-8.6592864,4,75.0,,,
8262348874,41.1807615,-8.6675256,3,55.0,,,
8262348875,41.1832604,-8.6648069,1,61.0,,,
8262348881,41.1819702,-8.6662578,3,61.0,,,
8262464731,41.1781565,-8.656205,4,78.0,crossing,,
8262464733,41.1784991,-8.6556263,4,78.0,crossing,,
8262465492,41.180566,-8.6607107,1,67.0,,,
8289894335,41.1843667,-8.6638268,3,69.0,,,
8289894336,41.1844565,-8.6639409,4,69.0,,,
8289894337,41.1845651,-8.6640765,3,69.0,,,
8300342080,41.1797719,-8.6803622,3,23.0,,,
8300342081,41.1790516,-8.6797861,4,19.0,crossing,,
8300342084,41.1789954,-8.6798958,4,19.0,crossing,,
8300397639,41.1794347,-8.6814793,3,30.0,,,
8300397645,41.1791349,-8.679799,3,19.0,,,
8300397646,41.1790009,-8.6797783,3,19.0,,,
8302243184,41.1750474,-8.67355,3,29.0,,,
8302243185,41.1759839,-8.6723093,3,46.0,,,
8302243205,41.1750926,-8.6734902,3,29.0,,,
8303114568,41.1757571,-8.6730862,3,29.0,,,
8303114569,41.1753666,-8.6738916,3,29.0,,,
8303114570,41.1751456,-8.6743413,3,29.0,,,
8303114576,41.1750535,-8.6749813,3,29.0,,,
8303114600,41.1746921,-8.6748552,1,36.0,,,
8303114602,41.1750356,-8.6743349,3,29.0,,,
8303114603,41.1750799,-8.6744082,3,29.0,,,
8303114605,41.1752995,-8.6738344,3,29.0,,,
8303116522,41.1746031,-8.6743416,3,36.0,,,
8303116523,41.1745171,-8.6743414,4,36.0,,,
8303116539,41.1745165,-8.6743005,3,36.0,,,
8303116548,41.1744521,-8.674638,3,36.0,,,
8303116562,41.1739844,-8.6745838,3,36.0,,,
8303116566,41.1739673,-8.6748936,3,36.0,,,
8303116567,41.1739651,-8.674584,3,36.0,,,
8303465727,41.1771545,-8.6727422,3,46.0,,,
8303467640,41.1798549,-8.6768864,3,34.0,,,
8303467643,41.1796422,-8.6760968,3,34.0,,,
8303467662,41.1799894,-8.6777947,4,24.0,,,
8303467663,41.1793773,-8.6777359,1,24.0,,,
8303467666,41.1803709,-8.6780299,3,24.0,,,
8303467692,41.1814473,-8.6782075,3,22.0,,,
8303467694,41.1815371,-8.6776282,3,22.0,,,
8312262105,41.1795432,-8.6811276,3,23.0,,,
8312262108,41.1790847,-8.6808469,3,19.0,,,
8312262113,41.1794692,-8.6810855,3,23.0,,,
8312262115,41.179374,-8.6814467,3,30.0,,,
8312279935,41.1777613,-8.6812688,3,18.0,,,
8317958643,41.1781101,-8.6683503,3,69.0,,,
8317958644,41.1781138,-8.6681383,3,69.0,,,
8317986027,41.1799993,-8.667581,3,55.0,,,
8317986031,41.1799654,-8.6675614,3,55.0,,,
8317986034,41.1800984,-8.6674456,3,55.0,,,
8317986058,41.1799406,-8.6672243,4,55.0,,,
8317986059,41.1800121,-8.6671436,3,55.0,,,
8317986085,41.178389,-8.6692527,3,62.0,,,
8317986091,41.1785344,-8.6683335,4,69.0,,,
8317986093,41.1786948,-8.6681697,4,69.0,,,
8317986097,41.1798065,-8.667288,3,55.0,,,
8317986098,41.179897,-8.6672688,3,55.0,,,
8317986100,41.1798639,-8.6672089,1,55.0,,,
8324374354,41.1781111,-8.6629363,4,76.0,crossing,,
8327121536,41.1792835,-8.6663815,3,68.0,,,
8334090494,41.1912907,-8.6960357,4,13.0,,,
8334096171,41.1938179,-8.6886583,3,23.0,,,
8334096174,41.1941954,-8.6885212,3,23.0,,,
8334114712,41.1879262,-8.6924009,3,0.0,,,
8341860825,41.1850456,-8.6581717,1,75.0,,,
8342795865,41.1811058,-8.6492592,1,82.0,,,
8342795866,41.1810615,-8.6492163,4,82.0,crossing,,
8344748545,41.1812631,-8.6661204,4,61.0,,,
8344748548,41.1813703,-8.6658729,3,61.0,,,
8344748556,41.1810599,-8.6659716,3,68.0,,,
8344748557,41.1811673,-8.666348,1,68.0,,,
8344748633,41.1814117,-8.6662341,1,61.0,,,
8344748645,41.1819383,-8.6671768,1,65.0,,,
8344748654,41.1823601,-8.6676693,4,65.0,crossing,,
8344748657,41.1819476,-8.6666057,3,61.0,,,
8344748668,41.1814593,-8.6654778,3,61.0,,,
8344748669,41.1820814,-8.6658256,1,61.0,,,
8349909549,41.1822486,-8.6656262,3,61.0,,,
8370708964,41.1786187,-8.6587513,4,75.0,crossing,,
8370708965,41.1787376,-8.6587501,4,75.0,crossing,,
8424898502,41.1804156,-8.6689072,3,53.0,,,
8424925658,41.1783105,-8.6683601,3,69.0,,,
8425992202,41.1809526,-8.6711037,1,55.0,,,
8426048629,41.1809997,-8.6707987,3,53.0,,,
8439014003,41.24802,-8.7181546,3,28.0,,,
8445784741,41.1866471,-8.659973,1,79.0,,,
8445784742,41.1866532,-8.6600594,3,79.0,,,
8445784771,41.1869504,-8.6598724,1,79.0,,,
8445784772,41.1869861,-8.6598717,3,79.0,,,
8445784773,41.1869492,-8.659852,1,79.0,,,
8445784801,41.1883207,-8.6574469,1,75.0,,,
8446116461,41.1756175,-8.6733741,3,29.0,,,
8446116467,41.1766188,-8.6734221,3,29.0,,,
8446116468,41.1755629,-8.6734867,3,29.0,,,
8446116472,41.1758867,-8.6736567,3,29.0,,,
8449081547,41.171995,-8.6765176,3,27.0,,,
8449081549,41.1719003,-8.6773809,3,26.0,,,
8449081550,41.171906,-8.6764994,3,27.0,,,
8449081564,41.1729228,-8.6804796,3,18.0,,,
8449081565,41.172943,-8.6802993,3,18.0,,,
8449081569,41.1722651,-8.6798889,3,25.0,,,
8449081616,41.1748822,-8.6808114,3,18.0,,,
8449092419,41.1752206,-8.6808516,3,13.0,,,
8449092424,41.1736149,-8.6806421,3,18.0,,,
8449092426,41.1736252,-8.6804939,3,18.0,,,
8449092428,41.1741221,-8.6807149,3,18.0,,,
8449092452,41.1761789,-8.6809653,3,13.0,,,
8449092490,41.1751993,-8.6809559,3,13.0,,,
8449092492,41.1749053,-8.6812876,3,20.0,,,
8449092493,41.1749272,-8.6809225,3,18.0,,,
8449092496,41.1747368,-8.6810461,4,18.0,crossing,,
8449092511,41.174611,-8.6828743,4,20.0,crossing,,
8449092513,41.17452,-8.6829663,4,20.0,crossing,,
8449092514,41.1740614,-8.6809595,4,18.0,crossing,,
8449092521,41.1739426,-8.6827732,4,20.0,crossing,,
8449245100,41.1745063,-8.6835277,4,25.0,crossing,,
8449245101,41.174435,-8.6835909,4,25.0,crossing,,
8449245102,41.1743896,-8.6842241,4,25.0,crossing,,
8449245103,41.1744479,-8.6842992,4,25.0,crossing,,
8449245109,41.1742105,-8.6848983,1,25.0,,,
8449279920,41.1786041,-8.6854502,4,13.0,crossing,,
8449279926,41.1787986,-8.6854745,4,13.0,crossing,,
8449992876,41.2466768,-8.7214216,3,12.0,,,
8465606247,41.1728916,-8.6744487,1,36.0,,,
8465606249,41.1730352,-8.6743409,1,36.0,,,
8465606250,41.1729786,-8.6744223,1,36.0,,,
8465606251,41.1730006,-8.6743907,4,36.0,crossing,,
8475763497,41.2338059,-8.6950831,3,45.0,,,
8475819160,41.232445,-8.6906897,3,49.0,,,
8475819184,41.2325721,-8.6932291,3,49.0,,,
8475870656,41.2487848,-8.6991845,4,41.0,,,
8475870657,41.2485575,-8.6991097,3,41.0,,,
8484057368,41.2243067,-8.693361,3,32.0,,,
8484057372,41.2257486,-8.6940516,3,34.0,,,
8488882761,41.2666721,-8.7091382,3,38.0,,,
8488882766,41.266752,-8.7087156,3,38.0,,,
8489709041,41.1838671,-8.6803299,4,35.0,crossing,,
8489709043,41.1855851,-8.6783397,4,50.0,crossing,,
8489709060,41.1830893,-8.6795091,4,27.0,crossing,,
8493189824,41.2281895,-8.7088111,3,24.0,,,
8493189837,41.2279703,-8.7079601,3,22.0,,,
8493225642,41.2487747,-8.7125751,3,40.0,,,
8494093382,41.2452984,-8.6980711,3,42.0,,,
8494264076,41.2146857,-8.6675981,3,37.0,,,
8494264080,41.2140603,-8.6686478,3,48.0,,,
8494264090,41.2128671,-8.6689337,3,42.0,,,
8494292719,41.2086469,-8.669901,3,18.0,,,
8494292723,41.2083333,-8.669909,3,18.0,,,
8494292772,41.210627,-8.6706636,3,32.0,,,
8494292797,41.2092768,-8.6719013,3,27.0,,,
8494358462,41.2081057,-8.6709032,3,41.0,,,
8494358473,41.2070235,-8.6710855,3,41.0,,,
8494358510,41.2070297,-8.6721283,3,41.0,,,
8494394923,41.2069479,-8.672713,3,41.0,,,
8494394927,41.2066974,-8.6728396,3,41.0,,,
8494394932,41.2064011,-8.6730128,3,53.0,,,
8494394934,41.2053692,-8.672372,3,44.0,,,
8494394943,41.2041801,-8.6740271,3,30.0,,,
8494394944,41.2041302,-8.6740231,3,13.0,,,
8494394968,41.2052902,-8.6715117,4,44.0,,,
8494394972,41.2053518,-8.6719494,3,44.0,,,
8494394985,41.205817,-8.6712878,3,44.0,,,
8494394989,41.2059496,-8.6710536,3,44.0,,,
8494395009,41.2057366,-8.6704591,3,31.0,,,
8494395011,41.2055673,-8.6706114,4,31.0,,,
8494395020,41.2059017,-8.669652,3,31.0,,,
8494593214,41.2156818,-8.6670853,1,37.0,,,
8494632733,41.2157758,-8.6668747,3,37.0,,,
8494632750,41.2165723,-8.6669004,3,37.0,,,
8494632766,41.2170512,-8.6670957,3,13.0,,,
8494632787,41.2173992,-8.6655234,4,27.0,,,
8494632794,41.2172569,-8.6650811,3,27.0,,,
8494632798,41.2172883,-8.6649204,3,27.0,,,
8494632800,41.2172898,-8.6647729,3,27.0,,,
8494632811,41.2169051,-8.6644628,3,22.0,,,
8494632825,41.2170103,-8.6638053,1,22.0,,,
8494632833,41.2169793,-8.6625163,1,22.0,,,
8494632854,41.2162715,-8.6612578,1,43.0,,,
8494632855,41.2076154,-8.6690037,1,15.0,,,
8494632903,41.2089351,-8.6665292,3,63.0,,,
8494632911,41.2092655,-8.6681335,3,42.0,,,
8494632941,41.2112394,-8.6685163,1,43.0,,,
8494632943,41.2151708,-8.6667426,1,37.0,,,
8494676142,41.2169939,-8.6672096,1,13.0,,,
8494676146,41.2172285,-8.6658151,3,27.0,,,
8496413510,41.1853534,-8.6672771,3,66.0,,,
8499832086,41.1868665,-8.6693912,1,61.0,,,
8503432293,41.1899292,-8.6750296,3,42.0,,,
8503432294,41.1899057,-8.6750296,4,42.0,,,
8503432295,41.189882,-8.6750302,3,42.0,,,
8503465023,41.1899547,-8.6697642,3,69.0,,,
8503465042,41.1900224,-8.6691617,3,69.0,,,
8503465043,41.1900688,-8.6691735,3,69.0,,,
8503465044,41.1901868,-8.6694575,3,69.0,,,
8504123770,41.1897487,-8.6667745,4,73.0,crossing,,
8504123793,41.1878156,-8.6663349,4,73.0,crossing,,
8504123794,41.1877865,-8.6661633,4,73.0,crossing,,
8504123804,41.1873622,-8.6653909,4,71.0,crossing,,
8506346445,41.1833965,-8.6743755,3,46.0,,,
8506346448,41.1835722,-8.6741335,3,46.0,,,
8506346451,41.1840721,-8.6742509,3,46.0,,,
8506346457,41.1840025,-8.6744637,3,46.0,,,
8506346462,41.1845647,-8.6743919,4,46.0,,,
8506346466,41.1846537,-8.6747253,3,46.0,,,
8506346474,41.1839416,-8.6746701,3,46.0,,,
8506689118,41.1785018,-8.6869591,1,13.0,,,
8511029404,41.1865568,-8.663221,3,65.0,,,
8511029408,41.1858123,-8.662194,3,74.0,,,
8515438262,41.229862,-8.7108331,3,28.0,,,
8515493657,41.2360281,-8.7086785,1,37.0,,,
8515505857,41.2524126,-8.7135583,3,34.0,,,
8515505882,41.249439,-8.7103895,3,36.0,,,
8515570880,41.2483362,-8.7136792,1,40.0,,,
8521528513,41.2685206,-8.7141873,3,36.0,,,
8521536354,41.2689278,-8.7106517,3,26.0,,,
8521551758,41.2699671,-8.7125723,3,18.0,,,
8521551764,41.2705221,-8.7131173,1,18.0,,,
8524297397,41.1818848,-8.6621254,1,71.0,,,
8524297412,41.1818954,-8.6641154,3,73.0,,,
8524321018,41.1814465,-8.6620722,3,71.0,,,
8524321020,41.1828649,-8.6633874,4,73.0,crossing,,
8524321021,41.1830408,-8.66345,4,73.0,crossing,,
8524321022,41.1837027,-8.6636668,3,69.0,,,
8524321023,41.1835612,-8.6636191,4,69.0,,,
8524321024,41.1834409,-8.6635803,4,69.0,,,
8524321025,41.183321,-8.6635426,4,73.0,,,
8524321026,41.1831879,-8.663499,4,73.0,,,
8524467720,41.18439,-8.6640061,3,69.0,,,
8524467721,41.1844806,-8.6639736,3,69.0,,,
8524596730,41.183635,-8.6572811,1,75.0,,,
8524596731,41.1838774,-8.6569206,3,75.0,,,
8536557126,41.2544178,-8.7211257,3,9.0,,,
8536557127,41.2544408,-8.7210584,4,9.0,crossing,,
8536557128,41.2544737,-8.7209622,3,9.0,,,
8536557131,41.2545966,-8.7206032,3,13.0,,,
8536557132,41.2542882,-8.7206376,3,13.0,,,
8536557133,41.2545348,-8.7207836,3,13.0,,,
8548656533,41.2421243,-8.697133,1,52.0,,,
8556545740,41.2530314,-8.7013227,3,32.0,,,
8574831511,41.1790526,-8.6741674,3,26.0,,,
8574831512,41.1791329,-8.674414,3,26.0,,,
8574831513,41.1791495,-8.6743015,3,26.0,,,
8574832628,41.1791928,-8.6747717,3,51.0,,,
8574832629,41.1791163,-8.6747673,3,26.0,,,
8574832630,41.1791225,-8.6746456,3,26.0,,,
8574832632,41.1791861,-8.6749441,3,51.0,,,
8574832633,41.1791077,-8.6749368,3,26.0,,,
8574832650,41.1791724,-8.6752997,3,34.0,,,
8574832651,41.1790896,-8.675293,3,29.0,,,
8574832668,41.1794464,-8.6757467,3,34.0,,,
8574832669,41.1794152,-8.6757272,3,34.0,,,
8574832670,41.1791466,-8.6757075,3,29.0,,,
8574832671,41.1791071,-8.6757287,3,29.0,,,
8574832674,41.1794369,-8.6754592,3,34.0,,,
8574832675,41.1794464,-8.6751891,3,34.0,,,
8574832676,41.1794567,-8.6749994,3,51.0,,,
8574832681,41.1795034,-8.6742467,3,51.0,,,
8574832684,41.1794713,-8.6757007,3,34.0,,,
8574832686,41.1795363,-8.6754682,3,34.0,,,
8574832687,41.1800393,-8.675425,1,34.0,,,
8574832690,41.1794797,-8.6754624,4,34.0,,,
8574832691,41.1796456,-8.6754728,3,34.0,,,
8574832712,41.1796449,-8.6752092,3,34.0,,,
8574832714,41.1794892,-8.6751943,4,34.0,,,
8574832715,41.1794991,-8.6750287,4,34.0,,,
8591408421,41.2145069,-8.6562695,3,46.0,,,
8591408428,41.214621,-8.6575799,3,38.0,,,
8596960977,41.2192727,-8.6595722,1,55.0,,,
8596960982,41.2187451,-8.6562746,1,30.0,,,
8596960991,41.2196096,-8.6576314,3,37.0,,,
8596960996,41.2145216,-8.655038,3,47.0,,,
8596961008,41.2121887,-8.6545895,1,51.0,,,
8596971486,41.2164094,-8.6662072,3,47.0,,,
8596971491,41.2156634,-8.6664938,3,47.0,,,
8596971500,41.2155851,-8.6666431,3,47.0,,,
8596971505,41.2057592,-8.6708509,4,44.0,,,
8596971511,41.2038884,-8.6689775,3,23.0,,,
8596974010,41.2152007,-8.6585569,1,36.0,,,
8597000921,41.2048168,-8.6690654,3,31.0,,,
8597000924,41.2047909,-8.6688018,3,31.0,,,
8597000933,41.2053026,-8.6689622,1,31.0,,,
8622312806,41.1821424,-8.6709546,3,61.0,,,
8622312807,41.1825217,-8.6718613,3,61.0,,,
8622312808,41.1816293,-8.6719233,3,61.0,,,
8622409164,41.1798998,-8.6728986,3,55.0,,,
8622409165,41.1799975,-8.6731832,1,51.0,,,
8622409172,41.179242,-8.6729903,1,51.0,,,
8625406399,41.1758283,-8.6763858,1,19.0,,,
8625406400,41.1758323,-8.6762759,3,19.0,,,
8625406402,41.1750859,-8.6763007,1,19.0,,,
8625406403,41.1750896,-8.6762006,3,19.0,,,
8625505315,41.1811708,-8.6754332,3,34.0,,,
8625565318,41.1812553,-8.6745666,3,51.0,,,
8625565319,41.1810619,-8.6742287,3,51.0,,,
8625565322,41.1815011,-8.673937,3,51.0,,,
8625565326,41.1811704,-8.6760905,3,34.0,,,
8625565334,41.1808387,-8.6756211,3,34.0,,,
8625565339,41.1814465,-8.6753826,3,31.0,,,
8625565340,41.181194,-8.6753745,3,34.0,,,
8625565343,41.1816399,-8.6742173,3,51.0,,,
8625565345,41.1812363,-8.6747165,3,51.0,,,
8625565349,41.1818793,-8.6771741,3,22.0,crossing,,
8632320837,41.1821195,-8.6695577,1,67.0,,,
8632320838,41.1827062,-8.6679932,4,65.0,crossing,,
8632320839,41.1824722,-8.668314,3,65.0,,,
8632320840,41.1825383,-8.6684004,1,65.0,,,
8632320845,41.1819077,-8.669117,3,67.0,,,
8632320852,41.1816359,-8.6698202,3,67.0,,,
8632320863,41.1811645,-8.6702085,3,53.0,,,
8632320865,41.180998,-8.6701797,3,53.0,,,
8632320873,41.1814238,-8.6689164,1,67.0,,,
8635764719,41.1813608,-8.6763457,1,31.0,,,
8635764721,41.1818638,-8.6767067,3,31.0,,,
8635764722,41.1816591,-8.6765598,3,31.0,,,
8635764723,41.1817206,-8.6763948,3,31.0,,,
8635764726,41.1814415,-8.6764036,3,31.0,,,
8635764727,41.1815008,-8.6762361,3,31.0,,,
8646950639,41.1807817,-8.6548585,3,90.0,,,
8646950648,41.1817059,-8.6578913,3,74.0,,,
8646950663,41.1824859,-8.6562261,1,76.0,,,
8650846645,41.1790912,-8.6700866,1,62.0,,,
8650846649,41.1785556,-8.671309,1,46.0,,,
8650846654,41.1777389,-8.6730505,3,26.0,,,
8650846655,41.179284,-8.6698696,3,53.0,,,
8668329668,41.206803,-8.6695022,3,15.0,,,
8679909215,41.1792163,-8.6729137,3,55.0,,,
8679909216,41.1790635,-8.6727463,3,46.0,,,
8699646850,41.1936591,-8.6801041,3,20.0,,,
8699646858,41.1948032,-8.6807968,3,39.0,,,
8699646859,41.1937937,-8.6803634,3,39.0,,,
8699646870,41.1975079,-8.6783534,3,58.0,,,
8699646871,41.1978772,-8.6783767,3,58.0,,,
8699646874,41.1980487,-8.6780758,3,26.0,,,
8699646885,41.1978326,-8.6780522,3,58.0,,,
8699646889,41.1976671,-8.6754593,3,58.0,,,
8699646895,41.1989309,-8.676941,3,51.0,,,
8699646898,41.2023766,-8.6756754,1,6.0,,,
8699654236,41.2131229,-8.6687663,3,42.0,,,
8699654239,41.2131437,-8.6684874,1,48.0,,,
8699654246,41.2051465,-8.6682797,3,11.0,,,
8699654251,41.205859,-8.6688967,3,31.0,,,
8699654261,41.2047073,-8.6702665,3,31.0,,,
8699654268,41.2049748,-8.6704946,3,31.0,,,
8699654271,41.2051303,-8.6701183,1,31.0,,,
8699654272,41.2049103,-8.6703434,1,31.0,,,
8699654274,41.2162959,-8.6612631,3,43.0,,,
8700921900,41.193734,-8.6810155,3,20.0,,,
8701568141,41.1963545,-8.6130881,1,101.0,,,
8701568142,41.1964062,-8.6131009,3,101.0,,,
8701568145,41.1994995,-8.6352268,3,88.0,,,
8703563721,41.26676,-8.7159997,3,27.0,,,
8703563722,41.266705,-8.7159802,3,27.0,,,
8703563725,41.266723,-8.7161633,3,27.0,,,
8703563760,41.265278,-8.7252941,1,9.0,,,
8703563777,41.2407162,-8.7139977,3,27.0,,,
8703563787,41.2226737,-8.7010718,3,33.0,,,
8713077247,41.178144,-8.6562491,1,78.0,,,
8713077248,41.1781906,-8.6560845,1,78.0,,,
8713077249,41.1781702,-8.6561564,4,78.0,crossing,,
8713077250,41.1785487,-8.6555632,3,78.0,,,
8713077251,41.1784495,-8.6556932,1,78.0,,,
8713077252,41.1783878,-8.6547277,3,78.0,,,
8713596825,41.206168,-8.63324,3,78.0,,,
8713596826,41.206179,-8.6334849,3,78.0,,,
8713596827,41.2061205,-8.6338376,3,78.0,,,
8713596830,41.2058464,-8.6334614,3,78.0,,,
8713596831,41.205887,-8.6332489,3,78.0,,,
8713596832,41.2063062,-8.6339225,3,87.0,,,
8718163548,41.1985706,-8.678144,3,26.0,,,
8718163559,41.2088509,-8.6652111,3,63.0,,,
8718163568,41.2175948,-8.6654337,1,27.0,,,
8718163569,41.2165467,-8.6659895,3,47.0,,,
8718163573,41.2169671,-8.6647189,3,27.0,,,
8718163596,41.1941288,-8.6791524,3,56.0,,,
8718163601,41.1933799,-8.6796118,3,20.0,,,
8718163602,41.1932578,-8.6797973,3,20.0,,,
8718163603,41.193539,-8.6798196,3,20.0,,,
8718163614,41.1948043,-8.6780775,3,56.0,,,
8718177423,41.1943135,-8.680185,3,39.0,,,
8718177427,41.1944528,-8.680162,3,39.0,,,
8718177449,41.1952418,-8.6799672,4,39.0,,,
8742943884,41.237998,-8.722837,4,5.0,,,
8742943886,41.2379044,-8.7226683,3,5.0,,,
8754160936,41.191087,-8.6293275,3,107.0,,,
8754160942,41.1911945,-8.629274,3,107.0,,,
8754160943,41.1911699,-8.6292802,3,107.0,,,
8754160945,41.1910977,-8.6292071,3,107.0,,,
8754160950,41.1911543,-8.6290875,3,100.0,,,
8754160953,41.19122,-8.6291135,3,100.0,,,
8754160955,41.1912412,-8.6291688,3,107.0,,,
8783875932,41.20729,-8.6695187,4,15.0,,,
8783875933,41.2071386,-8.6691888,1,15.0,,,
8783875937,41.2087485,-8.6684935,3,42.0,,,
8783875939,41.208804,-8.6688367,1,18.0,,,
8783875940,41.2084648,-8.6686299,1,42.0,,,
8783875941,41.2064707,-8.6697746,3,15.0,,,
8783875943,41.2061272,-8.6697363,3,31.0,,,
8783875945,41.2067062,-8.6731441,3,53.0,,,
8783875947,41.2080293,-8.6741202,3,53.0,,,
8783875957,41.2065137,-8.6730613,3,53.0,,,
8785232244,41.1813785,-8.6581552,4,74.0,crossing,,
8785232246,41.1812541,-8.658373,3,75.0,,,
8785232247,41.1812377,-8.6583516,4,70.0,crossing,,
8785232252,41.1810059,-8.6571604,3,79.0,,,
8786727810,41.1739859,-8.6821116,3,20.0,,,
8786727811,41.1745264,-8.6823806,1,20.0,,,
8786727812,41.1743835,-8.682367,1,20.0,,,
8788346792,41.1801865,-8.6540846,4,79.0,crossing,,
8788346797,41.1792804,-8.6540251,3,79.0,,,
8788346798,41.1793254,-8.6542397,1,90.0,,,
8788346803,41.1792916,-8.6542326,1,90.0,,,
8788346814,41.179034,-8.6558746,4,78.0,crossing,,
8788354121,41.1787088,-8.6556013,3,78.0,,,
8789970573,41.1792865,-8.6612143,3,67.0,,,
8789970575,41.1795189,-8.6606639,1,67.0,,,
8789970576,41.1792884,-8.6611575,4,67.0,crossing,,
8789970591,41.1790769,-8.6612898,4,70.0,crossing,,
8789970594,41.1788565,-8.6620027,4,70.0,crossing,,
8789970595,41.1789182,-8.662156,4,70.0,crossing,,
8789970607,41.1787092,-8.6606646,4,70.0,crossing,,
8789970609,41.1786554,-8.6607766,4,70.0,crossing,,
8789976017,41.1783568,-8.6595844,4,75.0,crossing,,
8789976019,41.1783229,-8.6593834,4,75.0,crossing,,
8789976020,41.1782089,-8.6596258,4,75.0,crossing,,
8791507200,41.1790147,-8.6611336,4,70.0,crossing,,
8792580563,41.1779462,-8.6799715,1,19.0,,,
8792580564,41.1772528,-8.6799007,3,19.0,,,
8792580565,41.177288,-8.6794169,3,19.0,,,
8792580566,41.1779829,-8.6794816,1,19.0,,,
8792580573,41.1785581,-8.6804079,1,19.0,,,
8792580574,41.1789692,-8.680446,3,19.0,,,
8796075211,41.1793602,-8.6765728,1,34.0,,,
8796097218,41.1790679,-8.676617,3,29.0,,,
8796097219,41.1788901,-8.6766032,1,29.0,,,
8796097243,41.1790771,-8.6770933,1,27.0,,,
8796097263,41.1781889,-8.6768539,3,29.0,,,
8796097275,41.177463,-8.6759082,1,29.0,,,
8796097276,41.1775887,-8.6759199,1,29.0,,,
8796097331,41.1782662,-8.6765445,1,29.0,,,
8796097332,41.178202,-8.6765434,1,29.0,,,
8796097333,41.1790087,-8.6759643,1,29.0,,,
8796097335,41.1779253,-8.675707,3,29.0,,,
8796097364,41.1789599,-8.6770841,3,27.0,,,
8796097365,41.1788613,-8.6770766,1,29.0,,,
8796415612,41.1782762,-8.6813261,3,18.0,,,
8796415613,41.1779137,-8.6815195,1,18.0,,,
8796415614,41.1779348,-8.6812881,3,18.0,,,
8796445119,41.1781903,-8.6826738,1,18.0,,,
8796445175,41.1787514,-8.6832477,1,18.0,,,
8796445176,41.178848,-8.6832599,4,18.0,,,
8796445177,41.1780313,-8.6833261,1,18.0,,,
8796445178,41.1780217,-8.6834305,3,13.0,,,
8796445179,41.1780661,-8.6833301,1,18.0,,,
8796445180,41.1780566,-8.683435,3,13.0,,,
8796445188,41.1776386,-8.6832788,1,18.0,,,
8796445189,41.1776307,-8.6833797,3,13.0,,,
8796445199,41.1774268,-8.6832386,1,18.0,,,
8796445200,41.1774178,-8.683352,3,13.0,,,
8796445206,41.1773794,-8.6832317,1,18.0,,,
8796445207,41.1773706,-8.6833459,3,13.0,,,
8796445235,41.178293,-8.682313,1,18.0,,,
8796445257,41.1781577,-8.6824914,3,18.0,,,
8796445258,41.1781456,-8.6826657,1,18.0,,,
8796445259,41.1782132,-8.6823033,4,18.0,,,
8796445260,41.1782014,-8.6824953,3,18.0,,,
8796445261,41.1779488,-8.6820649,1,18.0,,,
8796445264,41.1782237,-8.6821335,3,18.0,,,
8816989312,41.1789609,-8.6806206,3,19.0,,,
8816989314,41.179046,-8.6799001,3,19.0,,,
8816989315,41.179056,-8.679691,1,19.0,,,
8817053420,41.1816999,-8.668831,1,67.0,,,
8817053421,41.1817504,-8.6688567,1,67.0,,,
8817053426,41.1816289,-8.6688122,1,67.0,,,
8817053428,41.1816135,-8.6687257,1,65.0,,,
8817053439,41.181704,-8.668641,1,65.0,,,
8817053440,41.1817385,-8.6685887,1,65.0,,,
8817064180,41.1819113,-8.6686392,1,65.0,,,
8817064181,41.1819552,-8.66858,1,65.0,,,
8817249601,41.1811717,-8.6686971,3,55.0,,,
8817249608,41.1809829,-8.6680607,1,55.0,,,
8817249609,41.1809541,-8.667941,1,55.0,,,
8817249610,41.1808955,-8.6675812,1,55.0,,,
8832789237,41.1778285,-8.6835055,1,13.0,,,
8832789238,41.1778371,-8.6834065,3,13.0,,,
8832789270,41.1780055,-8.6849224,1,13.0,,,
8832789271,41.178726,-8.6850136,3,13.0,,,
8833083489,41.1780785,-8.6845002,1,13.0,,,
8833083490,41.1780867,-8.6844132,3,13.0,,,
8833083491,41.177998,-8.6844906,1,13.0,,,
8833083492,41.1780053,-8.6844029,3,13.0,,,
8833085572,41.1771929,-8.6843803,1,13.0,,,
8833085573,41.1771996,-8.6843006,3,13.0,,,
8833085576,41.177076,-8.6846532,1,16.0,,,
8833085577,41.1770425,-8.6850978,1,16.0,,,
8833085578,41.1771986,-8.6846699,1,13.0,,,
8833085579,41.1771665,-8.685111,1,13.0,,,
8833085580,41.1770671,-8.6847753,3,16.0,,,
8833085581,41.1771907,-8.6847899,4,13.0,,,
8833302184,41.1784092,-8.68611,1,13.0,,,
8833324426,41.1781413,-8.6854652,1,13.0,,,
8833324427,41.178147,-8.6853918,3,13.0,,,
8833324428,41.1782523,-8.6854792,1,13.0,,,
8833324429,41.1782574,-8.6854059,3,13.0,,,
8833324432,41.1784053,-8.6854973,1,13.0,,,
8833324433,41.1784103,-8.6854254,3,13.0,,,
8833324439,41.1785956,-8.6857979,1,13.0,,,
8833324440,41.1786694,-8.6858058,3,13.0,,,
8833324441,41.1784409,-8.6858353,1,13.0,,,
8833324442,41.1786652,-8.6858608,3,13.0,,,
8833324450,41.1783908,-8.6863968,3,13.0,,,
8833324500,41.1776929,-8.6857992,1,13.0,,,
8833324503,41.177454,-8.6857484,1,13.0,,,
8833324514,41.1777324,-8.685422,1,13.0,,,
8833324515,41.1777387,-8.6853397,3,13.0,,,
8833324519,41.1773465,-8.6853825,1,13.0,,,
8833324520,41.1773529,-8.6852905,3,13.0,,,
8833324523,41.177267,-8.6861904,1,13.0,,,
8833324524,41.1772603,-8.6862712,3,13.0,,,
8833383873,41.1772591,-8.6852785,3,13.0,,,
8833383874,41.1772418,-8.6856698,1,13.0,,,
8833383879,41.1770522,-8.6853501,1,16.0,,,
8833383880,41.1770587,-8.6852529,3,16.0,,,
8833383881,41.1769578,-8.6861607,1,11.0,,,
8833383882,41.1769545,-8.6862369,3,11.0,,,
8835726319,41.1785313,-8.6864792,3,13.0,,,
8835726320,41.1786514,-8.686976,3,13.0,,,
8835726321,41.1785381,-8.6869632,4,13.0,,,
8835726322,41.1785895,-8.686969,4,13.0,crossing,,
8835726347,41.1770711,-8.6872084,3,11.0,,,
8835726350,41.1771263,-8.6864321,3,13.0,,,
8835726351,41.177138,-8.6862575,3,13.0,,,
8835726356,41.1771139,-8.6865732,3,13.0,,,
8838882345,41.1780918,-8.6877949,1,10.0,,,
8838882347,41.178169,-8.6873406,3,13.0,,,
8838882382,41.1781674,-8.6882462,1,10.0,,,
8838882383,41.1781627,-8.6883407,3,10.0,,,
8838882384,41.1782757,-8.688276,1,10.0,,,
8838882385,41.1782698,-8.6883547,3,10.0,,,
8838928872,41.177337,-8.6881436,1,10.0,,,
8838928873,41.1773311,-8.6882318,3,10.0,,,
8838928890,41.177154,-8.6882086,3,10.0,,,
8838928891,41.1771597,-8.6881227,1,10.0,,,
8838928892,41.1771097,-8.687769,1,10.0,,,
8838928893,41.1770791,-8.6881988,3,9.0,,,
8838928908,41.1769622,-8.6873172,1,11.0,,,
8838928909,41.1769706,-8.6871962,3,11.0,,,
8838928913,41.1770963,-8.6873306,1,13.0,,,
8838928914,41.177104,-8.6872124,3,13.0,,,
8838943619,41.1772977,-8.68735,1,13.0,,,
8838943620,41.1773067,-8.6872368,3,13.0,,,
8838943623,41.1774025,-8.68736,1,13.0,,,
8838943624,41.1774091,-8.6872491,3,13.0,,,
8839046350,41.1780596,-8.6884152,1,10.0,,,
8839046351,41.1780656,-8.688328,3,10.0,,,
8839046352,41.1779295,-8.6883995,1,10.0,,,
8839046353,41.1779347,-8.6883108,3,10.0,,,
8839046354,41.1778071,-8.6883844,1,10.0,,,
8839046355,41.1778115,-8.6882947,3,10.0,,,
8839046377,41.1772216,-8.6891066,1,10.0,,,
8839046378,41.1772149,-8.6891999,3,10.0,,,
8839046394,41.1770356,-8.6883615,1,9.0,,,
8839046395,41.1770479,-8.6881947,3,9.0,,,
8839046396,41.1771907,-8.6883088,1,10.0,,,
8839046397,41.1771987,-8.6882144,3,10.0,,,
8839046416,41.1767205,-8.6885771,1,9.0,,,
8839094517,41.1766432,-8.6885702,3,9.0,,,
8839094520,41.1769207,-8.6882847,1,9.0,,,
8839094521,41.1769271,-8.6881793,3,9.0,,,
8839140732,41.1769741,-8.6896889,1,0.0,,,
8839140733,41.1769205,-8.6897001,1,0.0,,,
8839140738,41.1782993,-8.6900778,1,12.0,,,
8839140739,41.1783751,-8.6900849,3,12.0,,,
8839140740,41.1783399,-8.6894703,1,10.0,,,
8839140741,41.1784199,-8.6894688,4,10.0,crossing,,
8839964699,41.1756957,-8.6897913,1,0.0,,,
8839964700,41.1756887,-8.6898788,3,0.0,,,
8839964707,41.1766499,-8.6900497,1,0.0,,,
8839964708,41.1766592,-8.6899428,1,0.0,,,
8839964709,41.1766551,-8.6899924,4,0.0,crossing,,
8839964710,41.1763957,-8.6900248,1,0.0,,,
8839964711,41.1764053,-8.6899043,1,0.0,,,
8839964712,41.1764007,-8.6899621,4,0.0,crossing,,
8839964713,41.1766093,-8.6898257,1,0.0,,,
8839964714,41.1764695,-8.6898052,1,0.0,,,
8839964715,41.1766423,-8.6893427,1,9.0,,,
8839964716,41.1765113,-8.6893227,1,9.0,,,
8840183717,41.1763415,-8.6891756,1,9.0,,,
8840183718,41.1763554,-8.6890262,1,9.0,,,
8840183719,41.1763492,-8.6890928,4,9.0,crossing,,
8840183720,41.176803,-8.689231,1,9.0,,,
8840183721,41.1768157,-8.6890801,1,9.0,,,
8840183722,41.1768097,-8.6891519,4,9.0,crossing,,
8840183733,41.175561,-8.6897755,1,0.0,,,
8840183734,41.1755562,-8.689863,3,0.0,,,
8840183736,41.1754015,-8.6897531,1,0.0,,,
8840183737,41.175396,-8.6898444,3,0.0,,,
8840183739,41.1752407,-8.689737,1,0.0,,,
8840183740,41.1752343,-8.6898255,3,0.0,,,
8840183741,41.1751888,-8.6897303,1,0.0,,,
8840183742,41.1751827,-8.6898195,3,0.0,,,
8840183764,41.1748711,-8.6894262,1,8.0,,,
8840183786,41.1751572,-8.6891664,1,9.0,,,
8840183787,41.1751691,-8.6889548,3,9.0,,,
8840183793,41.1751643,-8.6890397,3,9.0,,,
8840183796,41.1750749,-8.6890703,1,9.0,,,
8840183802,41.1749261,-8.6896763,1,0.0,,,
8840183814,41.1748589,-8.6893567,1,8.0,,,
8840183815,41.1748407,-8.6893622,1,8.0,,,
8840183816,41.1748551,-8.6893335,1,8.0,,,
8840183817,41.1748372,-8.6893399,1,8.0,,,
8840183818,41.1748516,-8.6893126,1,8.0,,,
8840183819,41.1748343,-8.6893175,1,8.0,,,
8840183825,41.1748654,-8.6890552,1,8.0,,,
8840183826,41.1748586,-8.6890187,1,8.0,,,
8840227322,41.1756886,-8.689114,1,9.0,,,
8840227323,41.1756947,-8.6890163,3,9.0,,,
8840227332,41.1758415,-8.6890334,3,9.0,,,
8840227333,41.1758725,-8.6886553,3,9.0,,,
8840227337,41.1759138,-8.6888316,3,9.0,,,
8840227338,41.1758959,-8.6890398,3,9.0,,,
8840227341,41.1761966,-8.6886993,3,9.0,,,
8840227342,41.1758493,-8.6884702,3,9.0,,,
8840227343,41.1760732,-8.6884981,3,9.0,,,
8840227344,41.175869,-8.6882478,3,9.0,,,
8840227345,41.175521,-8.688207,1,9.0,,,
8840227349,41.1753587,-8.6880984,1,9.0,,,
8840227350,41.1753645,-8.6880038,3,9.0,,,
8840227351,41.1758588,-8.6888232,3,9.0,,,
8841515683,41.1748787,-8.6889963,1,8.0,,,
8841515685,41.1748819,-8.6889211,4,8.0,crossing,,
8841515687,41.1746697,-8.6888104,1,8.0,,,
8841515688,41.1747217,-8.6888149,4,8.0,crossing,,
8841515689,41.1748352,-8.6880152,1,8.0,,,
8841515690,41.1748413,-8.6878729,1,8.0,,,
8841515691,41.1748382,-8.6879442,4,8.0,crossing,,
8841515700,41.1751741,-8.6884125,1,9.0,,,
8841515701,41.1751994,-8.6879861,3,9.0,,,
8841515709,41.1752277,-8.6886218,1,9.0,,,
8841515710,41.1752367,-8.6884713,3,9.0,,,
8841515711,41.1752497,-8.688309,3,9.0,,,
8841515712,41.1752581,-8.6881664,1,9.0,,,
8841541718,41.175083,-8.6886715,1,9.0,,,
8841541721,41.1748873,-8.6888434,3,8.0,,,
8841541742,41.1747694,-8.6869768,1,19.0,,,
8841541743,41.174778,-8.686836,1,19.0,,,
8841541744,41.1747714,-8.6869439,4,19.0,crossing,,
8841541746,41.1768178,-8.6870757,3,11.0,,,
8841541747,41.1766775,-8.6870623,1,11.0,,,
8841541749,41.1768656,-8.6871429,3,11.0,,,
8841541750,41.1768623,-8.6871817,4,11.0,crossing,,
8841541751,41.1766532,-8.6872426,1,11.0,,,
8841541752,41.1766634,-8.6870784,1,11.0,,,
8841541753,41.1767825,-8.6882479,1,9.0,,,
8841541754,41.1767926,-8.688095,1,9.0,,,
8841541755,41.1767882,-8.6881609,4,9.0,crossing,,
8841541756,41.1767482,-8.6880386,1,9.0,,,
8841541757,41.17673,-8.6882935,1,9.0,,,
8841541758,41.1766089,-8.6882814,1,9.0,,,
8841541759,41.1765887,-8.6882519,1,9.0,,,
8841541760,41.1765988,-8.6881147,1,9.0,,,
8841541761,41.1765965,-8.6881376,4,9.0,crossing,,
8841585548,41.1757411,-8.6861727,1,11.0,,,
8841585549,41.1757483,-8.6860889,3,11.0,,,
8841585550,41.1758198,-8.6861836,1,11.0,,,
8841585551,41.1758248,-8.6860984,3,11.0,,,
8841585552,41.1754755,-8.686976,1,11.0,,,
8841585553,41.1753974,-8.6869662,1,11.0,,,
8841585554,41.1754254,-8.6869695,4,11.0,crossing,,
8841585555,41.1755239,-8.6861606,1,11.0,,,
8841585556,41.1754119,-8.6861512,1,11.0,,,
8841585557,41.1754775,-8.6861567,4,11.0,crossing,,
8841691734,41.17568,-8.6860007,1,11.0,,,
8841691735,41.17562,-8.6860723,3,11.0,,,
8841691761,41.1762965,-8.6857347,1,11.0,,,
8841691763,41.176826,-8.6860365,3,11.0,,,
8841691782,41.1766208,-8.6852918,1,16.0,,,
8841691783,41.1766252,-8.6851982,3,16.0,,,
8841691784,41.1765362,-8.6852827,1,16.0,,,
8841691785,41.1765414,-8.6851875,3,16.0,,,
8841691786,41.17647,-8.6852751,1,16.0,,,
8841691787,41.1764756,-8.685179,3,16.0,,,
8841691791,41.1764016,-8.6851695,3,16.0,,,
8841691792,41.1762234,-8.6852453,1,16.0,,,
8841691793,41.1762867,-8.6851548,3,16.0,,,
8841691803,41.1760343,-8.6854863,1,11.0,,,
8841966189,41.1752902,-8.6831839,1,14.0,,,
8841966190,41.1753014,-8.6830699,4,14.0,,,
8841966191,41.175082,-8.6831551,1,14.0,,,
8841966192,41.1750914,-8.6830418,4,14.0,,,
8841966193,41.1746848,-8.6833,1,20.0,,,
8841966194,41.174586,-8.6832893,3,20.0,,,
8841966198,41.1746694,-8.6835499,1,25.0,,,
8841966199,41.1746548,-8.6837829,1,25.0,,,
8841966200,41.1745595,-8.683775,3,25.0,,,
8841966201,41.1746393,-8.684018,1,25.0,,,
8841966202,41.1745467,-8.6840099,3,25.0,,,
8841966210,41.1757039,-8.6849906,1,16.0,,,
8841966211,41.1756961,-8.6850811,3,16.0,,,
8841966212,41.1758645,-8.6850145,1,16.0,,,
8841966213,41.1758585,-8.6851013,3,16.0,,,
8841966214,41.175998,-8.6850355,1,16.0,,,
8841966215,41.1759913,-8.6851178,3,16.0,,,
8841966216,41.1760663,-8.6850457,1,16.0,,,
8841996317,41.1760591,-8.6851262,3,16.0,,,
8841996318,41.1761686,-8.6850613,1,16.0,,,
8841996319,41.1761638,-8.6851393,3,16.0,,,
8841996336,41.1768852,-8.6838942,1,16.0,,,
8841996337,41.1769797,-8.6839075,3,16.0,,,
8841996339,41.1767943,-8.6833694,1,16.0,,,
8841996340,41.1768018,-8.6832706,3,14.0,,,
8841996355,41.1763302,-8.6833087,1,14.0,,,
8841996356,41.1763385,-8.6832086,3,14.0,,,
8841996357,41.1762364,-8.6832964,1,14.0,,,
8841996358,41.1762439,-8.683196,3,14.0,,,
8841996359,41.1760569,-8.6832779,1,14.0,,,
8841996360,41.1760634,-8.6831718,3,14.0,,,
8841996361,41.1759505,-8.6832668,1,14.0,,,
8841996362,41.1759578,-8.6831577,4,14.0,,,
8841996364,41.1757902,-8.68325,1,14.0,,,
8841996365,41.1757984,-8.6831364,3,14.0,,,
8842036392,41.176967,-8.6814126,1,14.0,,,
8842036393,41.1769824,-8.681186,3,13.0,,,
8842036394,41.1768368,-8.6813954,1,14.0,,,
8842036395,41.1768508,-8.6811577,3,13.0,,,
8842036396,41.1766964,-8.6813769,1,14.0,,,
8842036397,41.1767126,-8.6811423,3,13.0,,,
8842036398,41.1765711,-8.6813612,1,14.0,,,
8842036399,41.176584,-8.681128,3,13.0,,,
8842036400,41.1764295,-8.6813435,1,14.0,,,
8842036401,41.1764436,-8.6811109,3,13.0,,,
8842036402,41.1762994,-8.6813272,1,14.0,,,
8842036403,41.1763162,-8.681095,3,13.0,,,
8842041542,41.1766066,-8.6824115,3,14.0,,,
8842041543,41.1768046,-8.6824354,1,14.0,,,
8842041566,41.1769516,-8.6825601,1,14.0,,,
8842041567,41.1770758,-8.6825764,3,14.0,,,
8842041569,41.1769449,-8.6826443,1,14.0,,,
8842041570,41.17707,-8.6826577,3,14.0,,,
8842041572,41.1767023,-8.6831437,1,14.0,,,
8842041573,41.1766949,-8.6832563,3,14.0,,,
8842041576,41.1759844,-8.6830545,1,14.0,,,
8842210980,41.1752826,-8.6811487,3,13.0,,,
8842210981,41.1756141,-8.6823563,1,14.0,,,
8842210982,41.175608,-8.6824549,3,14.0,,,
8842210984,41.1760685,-8.6822513,3,14.0,,,
8842210987,41.1760422,-8.6814796,3,14.0,,,
8842210988,41.1760566,-8.6812408,3,13.0,,,
8842210989,41.1758928,-8.682623,3,14.0,,,
8842210991,41.1759691,-8.682242,3,14.0,,,
8842210993,41.1760685,-8.6810642,3,13.0,,,
8842210994,41.1752948,-8.6809678,3,13.0,,,
8842210995,41.1756251,-8.6818914,1,14.0,,,
8842210996,41.1752322,-8.6818501,3,14.0,,,
8842210997,41.1754071,-8.6816696,1,14.0,,,
8842210998,41.1752463,-8.6816547,3,14.0,,,
8842210999,41.1754194,-8.6814723,1,14.0,,,
8842211000,41.1752607,-8.681454,3,14.0,,,
8842219536,41.1751883,-8.6811409,3,13.0,,,
8842219546,41.1751807,-8.6812525,3,14.0,,,
8842219547,41.1749094,-8.6812193,3,18.0,,,
8842219548,41.1751846,-8.681195,3,13.0,,,
8842219549,41.174913,-8.6811599,4,18.0,,,
8842219578,41.1749181,-8.6810754,3,18.0,,,
8842262621,41.1757676,-8.6830227,1,14.0,,,
8842262622,41.1757575,-8.6831306,3,14.0,,,
8842262623,41.175677,-8.6830102,1,14.0,,,
8842262624,41.1756697,-8.6831189,3,14.0,,,
8842262625,41.1755572,-8.6829962,1,14.0,,,
8842262626,41.1755528,-8.6831033,3,14.0,,,
8842262627,41.1754651,-8.6829867,1,14.0,,,
8842262628,41.1754612,-8.6830912,3,14.0,,,
8842262629,41.1753858,-8.6829786,1,14.0,,,
8842262630,41.1753811,-8.6830805,3,14.0,,,
8842262631,41.1753056,-8.6829709,1,14.0,,,
8842262632,41.1750958,-8.682952,1,14.0,,,
8842262633,41.1751283,-8.6830467,3,14.0,,,
8842262634,41.1751341,-8.6829554,1,14.0,,,
8842262641,41.1747967,-8.682919,1,20.0,,,
8842262642,41.1747913,-8.6830017,3,20.0,,,
8842262643,41.1750478,-8.6829456,1,14.0,,,
8842262644,41.1750409,-8.683035,3,14.0,,,
8842262645,41.174637,-8.6824966,3,20.0,,,
8842262647,41.1750349,-8.682233,1,14.0,,,
8842527574,41.1740066,-8.6808643,1,18.0,,,
8842541435,41.17407,-8.6826356,1,20.0,,,
8842541436,41.1739526,-8.6826239,3,20.0,,,
8842541437,41.1741056,-8.6821236,1,20.0,,,
8842541483,41.1747688,-8.6810498,1,18.0,,,
8842541484,41.1747052,-8.6810424,1,18.0,,,
8842541496,41.1739711,-8.682775,1,20.0,,,
8842541497,41.1739133,-8.6827711,1,20.0,,,
8842541498,41.1740947,-8.6809618,1,18.0,,,
8842541499,41.1740356,-8.6809588,1,18.0,,,
8842541500,41.1746386,-8.6828778,1,20.0,,,
8842541501,41.1745771,-8.6828704,1,20.0,,,
8842541502,41.1745232,-8.6829169,1,20.0,,,
8842541503,41.174518,-8.6829979,1,20.0,,,
8842541882,41.1736086,-8.6823791,1,20.0,,,
8842541889,41.173712,-8.6822783,1,20.0,,,
8842541890,41.1739729,-8.6823111,3,20.0,,,
8842541950,41.1735735,-8.6828056,1,20.0,,,
8842541951,41.1735681,-8.6828791,1,20.0,,,
8844765693,41.1737315,-8.6845707,4,25.0,,,
8844765696,41.1737004,-8.6851057,4,25.0,,,
8844765703,41.1739133,-8.6845913,1,25.0,,,
8844765704,41.1738815,-8.6851281,1,25.0,,,
8844773430,41.1743209,-8.6849721,1,25.0,,,
8844773431,41.1743263,-8.684911,4,25.0,,,
8844773432,41.1744917,-8.6849304,3,25.0,,,
8844773433,41.1743298,-8.6848481,1,25.0,,,
8844773438,41.1737676,-8.685114,3,25.0,,,
8844773476,41.1744498,-8.6842676,1,25.0,,,
8844773479,41.1744165,-8.6842269,1,25.0,,,
8844773482,41.1744598,-8.6835942,1,25.0,,,
8844773515,41.1745036,-8.6835625,1,25.0,,,
8844773516,41.1745084,-8.6834827,1,25.0,,,
8844773517,41.1744048,-8.6835867,1,25.0,,,
8844773518,41.1743601,-8.6842219,1,25.0,,,
8844773519,41.1744458,-8.684333,1,25.0,,,
8844773520,41.174228,-8.6834805,1,25.0,,,
8844773521,41.1741736,-8.6842651,1,25.0,,,
8846037412,41.174071,-8.6862689,3,19.0,,,
8846037413,41.1737331,-8.6862286,3,19.0,,,
8846037414,41.1736843,-8.6861916,4,19.0,crossing,,
8846058779,41.1750224,-8.6866937,1,11.0,,,
8846058780,41.1748958,-8.6866966,1,19.0,,,
8846058781,41.1748495,-8.6866925,3,19.0,,,
8846058783,41.1748914,-8.6867627,1,19.0,,,
8846058784,41.1748461,-8.6867594,3,19.0,,,
8846058785,41.174889,-8.6867989,1,19.0,,,
8846058786,41.1748441,-8.6867964,3,19.0,,,
8846058787,41.1748868,-8.6868326,1,19.0,,,
8846058788,41.1748425,-8.6868279,3,19.0,,,
8846058789,41.1750247,-8.6868943,1,11.0,,,
8846058790,41.1750214,-8.6869741,3,11.0,,,
8846058791,41.1750001,-8.6868914,1,11.0,,,
8846058792,41.1749965,-8.6869712,3,19.0,,,
8846058793,41.1749699,-8.6868879,1,19.0,,,
8846058794,41.1749657,-8.6869676,3,19.0,,,
8846058822,41.175223,-8.6860809,1,11.0,,,
8846058823,41.1754807,-8.686106,3,11.0,,,
8846058824,41.1752323,-8.685942,1,11.0,,,
8846058826,41.1752941,-8.6861904,1,11.0,,,
8846058827,41.1753417,-8.6860925,3,11.0,,,
8846058836,41.1754527,-8.6865432,3,11.0,,,
8846058837,41.1753074,-8.6865106,1,11.0,,,
8846058857,41.1753719,-8.6867934,1,11.0,,,
8846058858,41.1753645,-8.6870132,3,11.0,,,
8846058863,41.1744663,-8.6849877,1,25.0,,,
8846058988,41.1747338,-8.6867869,1,19.0,,,
8846058990,41.1747656,-8.6865637,3,19.0,,,
8846058995,41.1742559,-8.6864568,1,19.0,,,
8846058996,41.1742599,-8.6863404,3,19.0,,,
8846059006,41.1742302,-8.6864554,1,19.0,,,
8846059015,41.1742963,-8.6863565,3,19.0,,,
8846109917,41.1747347,-8.6866252,1,19.0,,,
8846109922,41.1737084,-8.6863707,1,19.0,,,
8846109923,41.1742911,-8.686527,3,19.0,,,
8846109924,41.1746971,-8.6866222,3,19.0,,,
8846109925,41.1740618,-8.6865045,3,19.0,,,
8846109927,41.1738536,-8.6863837,3,19.0,,,
8846109928,41.1738616,-8.6862475,3,19.0,,,
8846109939,41.1737249,-8.6863722,3,19.0,,,
8846109940,41.1746192,-8.6864991,3,19.0,,,
8846109947,41.1736789,-8.6867223,1,19.0,,,
8846109949,41.17368,-8.6862842,1,19.0,,,
8846109950,41.173687,-8.6861358,1,19.0,,,
8846457934,41.1737112,-8.6879022,1,8.0,,,
8846457951,41.1736713,-8.6868521,1,19.0,,,
8846460042,41.1739907,-8.6873517,1,19.0,,,
8846460053,41.174044,-8.688773,1,8.0,,,
8846460087,41.1746699,-8.6874228,1,19.0,,,
8846460088,41.1745822,-8.6886902,1,8.0,,,
8846460089,41.1746362,-8.6879166,3,8.0,,,
8846460118,41.1746004,-8.6872521,1,19.0,,,
8846460119,41.1746121,-8.6870623,1,19.0,,,
8846460121,41.1743682,-8.6881787,1,8.0,,,
8846460122,41.1745151,-8.688195,1,8.0,,,
8846460136,41.1743245,-8.6884985,1,8.0,,,
8846460137,41.1743114,-8.688715,1,8.0,,,
8848033008,41.1735154,-8.6893604,3,8.0,,,
8848154311,41.1781091,-8.6928106,1,4.0,,,
8848154312,41.1739502,-8.6892663,1,8.0,,,
8848154313,41.1793598,-8.6935394,1,9.0,,,
8848154314,41.1781981,-8.6926236,1,4.0,,,
8848154315,41.1772287,-8.6918508,1,4.0,,,
8848154316,41.1772623,-8.6917778,1,4.0,,,
8848170318,41.1748679,-8.6899827,1,0.0,,,
8848170346,41.1771897,-8.6921243,3,4.0,,,
8848170348,41.1779317,-8.6932332,3,4.0,,,
8848170362,41.1797916,-8.6939835,1,0.0,,,
8848170364,41.1798129,-8.6946145,1,0.0,,,
8848170365,41.1795274,-8.6942724,3,0.0,,,
8848170366,41.1798489,-8.6945242,3,0.0,,,
8848170386,41.1796974,-8.6936817,3,9.0,,,
8852429454,41.1740399,-8.6888566,1,8.0,,,
8852429455,41.17398,-8.6891968,1,8.0,,,
8852429512,41.1749275,-8.6897505,1,0.0,,,
8852491458,41.1762818,-8.6903682,1,0.0,,,
8852491459,41.1763512,-8.6903742,1,0.0,,,
8852491471,41.1756027,-8.6902492,1,0.0,,,
8852491472,41.176354,-8.6903308,1,0.0,,,
8852491505,41.1765055,-8.6910272,1,0.0,,,
8852491510,41.1750818,-8.6901055,3,0.0,,,
8852491512,41.1765634,-8.690147,1,0.0,,,
8852491513,41.1764784,-8.6901341,1,0.0,,,
8852513124,41.1762443,-8.6907424,1,0.0,,,
8852513125,41.1762383,-8.6908466,1,0.0,,,
8852513140,41.1760887,-8.6900366,1,0.0,,,
8852513141,41.1760944,-8.6899263,3,0.0,,,
8852513142,41.1760561,-8.690033,1,0.0,,,
8852513143,41.1760632,-8.6899226,3,0.0,,,
8852513148,41.1756229,-8.6902514,3,0.0,,,
8852513149,41.1756371,-8.6899865,1,0.0,,,
8853820854,41.1786627,-8.6929252,3,4.0,,,
8853820861,41.178356,-8.6925776,1,4.0,,,
8853820862,41.1786231,-8.6927865,1,4.0,,,
8853820872,41.1765761,-8.6908529,1,0.0,,,
8853820877,41.1765088,-8.6904461,3,0.0,,,
8853843736,41.1773216,-8.690397,1,12.0,,,
8853843755,41.1774685,-8.6917899,1,4.0,,,
8853843756,41.1774221,-8.69175,1,4.0,,,
8853843757,41.1774474,-8.6917717,4,4.0,crossing,,
8853843789,41.177338,-8.6917144,1,4.0,,,
8853843790,41.1773726,-8.6916407,1,12.0,,,
8853843793,41.1765576,-8.6910942,1,0.0,,,
8853843794,41.1765736,-8.6910607,1,0.0,,,
8853843817,41.1774602,-8.69158,1,12.0,,,
8853843822,41.1777151,-8.6913311,3,12.0,,,
8853900901,41.1778887,-8.6902449,1,12.0,,,
8853900902,41.1778918,-8.6901417,3,12.0,,,
8853900903,41.1777803,-8.6902333,1,12.0,,,
8853900904,41.1777866,-8.690129,3,12.0,,,
8853900905,41.1776769,-8.6902223,1,12.0,,,
8853900906,41.1776847,-8.6901167,3,12.0,,,
8853900907,41.1778406,-8.6911246,4,12.0,,,
8853909833,41.1782131,-8.6904122,1,12.0,,,
8853909835,41.1781895,-8.6902572,1,12.0,,,
8853909838,41.1782733,-8.6904853,1,12.0,,,
8853909839,41.1782498,-8.6904568,4,12.0,crossing,,
8853909840,41.1784585,-8.6904681,1,12.0,,,
8853909841,41.1784245,-8.6905315,1,12.0,,,
8853909842,41.1784789,-8.6902845,1,12.0,,,
8853909843,41.178484,-8.6901723,1,12.0,,,
8853909844,41.178408,-8.6900495,1,12.0,,,
8853909845,41.1783457,-8.6900431,1,12.0,,,
8853909846,41.1783769,-8.6900463,4,12.0,crossing,,
8853909854,41.1781977,-8.6901177,1,12.0,,,
8857016741,41.1780856,-8.6909221,3,12.0,,,
8857016742,41.1780977,-8.6909352,1,12.0,,,
8857016744,41.178198,-8.6905413,3,12.0,,,
8857016749,41.1777085,-8.6915241,3,12.0,,,
8857016752,41.1774779,-8.6917215,3,4.0,,,
8857016756,41.1778986,-8.6912194,5,12.0,,,
8857016792,41.1777225,-8.69154,1,12.0,,,
8857026737,41.1793364,-8.6931179,1,9.0,,,
8857026806,41.1793927,-8.6934673,1,9.0,,,
8857078560,41.1797282,-8.6925452,3,9.0,,,
8857078561,41.1797124,-8.6925431,1,9.0,,,
8857078563,41.1797591,-8.6930023,3,9.0,,,
8857078567,41.1798233,-8.692106,3,9.0,,,
8857078578,41.1799738,-8.6921698,1,9.0,,,
8857078579,41.1797843,-8.6919783,1,9.0,,,
8857078580,41.1798284,-8.6920229,4,9.0,crossing,,
8857078582,41.1798901,-8.6933347,1,9.0,,,
8857078583,41.1796858,-8.6933192,1,9.0,,,
8857078592,41.1791132,-8.6912329,3,12.0,,,
8857078593,41.1791036,-8.6912484,1,12.0,,,
8857078594,41.1793846,-8.6913948,3,16.0,,,
8857078598,41.1788943,-8.6909341,3,12.0,,,
8857086348,41.1797406,-8.6917963,1,9.0,,,
8857086349,41.1797432,-8.6916228,1,16.0,,,
8857902953,41.1800439,-8.6908799,1,16.0,,,
8857902954,41.1798482,-8.6908262,1,16.0,,,
8857902956,41.1797441,-8.6904391,1,16.0,,,
8857902957,41.1797495,-8.6903186,1,16.0,,,
8857902958,41.1801335,-8.6902321,1,16.0,,,
8857902959,41.1798902,-8.6901986,1,16.0,,,
8857902961,41.1796133,-8.6904738,1,16.0,,,
8857902962,41.1796202,-8.6903607,3,16.0,,,
8857902963,41.179572,-8.6904695,1,16.0,,,
8857902964,41.1795784,-8.6903557,3,16.0,,,
8857902973,41.1790302,-8.6910618,3,12.0,,,
8857902974,41.1790764,-8.6905077,3,12.0,,,
8857902980,41.1790722,-8.690558,3,12.0,,,
8857902987,41.1790752,-8.6902953,3,12.0,,,
8857902996,41.1791318,-8.6907556,1,12.0,,,
8857902999,41.1791335,-8.6907329,1,12.0,,,
8857903014,41.1792636,-8.6912811,3,16.0,,,
8857903015,41.1792671,-8.6905102,3,16.0,,,
8857921219,41.1793025,-8.6907279,3,16.0,,,
8857921223,41.179285,-8.6909772,3,16.0,,,
8857921244,41.1790787,-8.6909619,1,12.0,,,
8857921247,41.1790966,-8.6909505,1,12.0,,,
8857921248,41.1791121,-8.6910081,1,12.0,,,
8857921249,41.1791007,-8.690995,1,12.0,,,
8857921250,41.1792444,-8.6910899,1,16.0,,,
8857921251,41.1792423,-8.6911308,1,16.0,,,
8857921252,41.1792346,-8.6910891,1,16.0,,,
8857921253,41.1792324,-8.6911228,1,16.0,,,
8857921254,41.1792226,-8.6910882,1,16.0,,,
8857921255,41.179221,-8.6911135,1,16.0,,,
8857921263,41.1790857,-8.6907836,1,12.0,,,
8857921264,41.1790276,-8.690776,1,12.0,,,
8857921265,41.1790537,-8.6907795,4,12.0,crossing,,
8857921267,41.1793788,-8.6903317,3,16.0,,,
8857921295,41.1797777,-8.6915907,1,16.0,,,
8857921299,41.1799851,-8.6917422,1,9.0,,,
8857921301,41.1799599,-8.6917187,4,9.0,crossing,,
8860126152,41.1798971,-8.6895806,1,17.0,,,
8860126153,41.1799048,-8.6894403,1,17.0,,,
8860126155,41.178524,-8.6894034,1,10.0,,,
8860126156,41.1785319,-8.6893123,1,10.0,,,
8860145718,41.1794507,-8.6902522,1,16.0,,,
8860145719,41.1794473,-8.6903399,3,16.0,,,
8860145725,41.1798892,-8.6898237,1,16.0,,,
8860145726,41.1799552,-8.689833,3,16.0,,,
8860145753,41.1791424,-8.6895508,1,10.0,,,
8860145754,41.179149,-8.6894318,3,10.0,,,
8860145755,41.179204,-8.6895581,1,17.0,,,
8860145756,41.1792108,-8.689439,3,17.0,,,
8860145761,41.1787469,-8.6895032,1,10.0,,,
8860145762,41.1787541,-8.689386,3,10.0,,,
8860145795,41.1789741,-8.6902005,1,12.0,,,
8860145796,41.1789683,-8.6902825,3,12.0,,,
8860145800,41.1786925,-8.6901703,1,12.0,,,
8860145801,41.1786876,-8.6902488,3,12.0,,,
8860145803,41.1786338,-8.6901635,1,12.0,,,
8860145804,41.1786285,-8.6902417,3,12.0,,,
8860145815,41.1784581,-8.6894752,1,10.0,,,
8860145816,41.1783793,-8.689462,1,10.0,,,
8860145817,41.1784187,-8.6894821,3,10.0,,,
8860145839,41.1784731,-8.6897449,1,12.0,,,
8860145840,41.1783998,-8.6897383,3,12.0,,,
8860362458,41.1791958,-8.6884652,3,17.0,,,
8860362459,41.1791259,-8.6894291,3,10.0,,,
8860362462,41.1784784,-8.6886873,3,10.0,,,
8860362463,41.1791721,-8.6887747,3,17.0,,,
8860362468,41.1789295,-8.6884342,3,10.0,,,
8860362469,41.1789079,-8.6887418,3,10.0,,,
8860362477,41.1783975,-8.6892194,1,10.0,,,
8860362478,41.1784748,-8.6892299,1,10.0,,,
8860362479,41.1785354,-8.6884909,1,10.0,,,
8860362480,41.178444,-8.6884769,1,10.0,,,
8860362481,41.1785758,-8.6884547,1,10.0,,,
8860362482,41.1785837,-8.6883251,1,10.0,,,
8860362483,41.1799695,-8.6886029,1,17.0,,,
8860362484,41.1799748,-8.6885177,1,17.0,,,
8860362488,41.1785531,-8.6885511,1,10.0,,,
8860362489,41.1784878,-8.6885447,3,10.0,,,
8860362493,41.1795202,-8.6885921,1,17.0,,,
8860362494,41.1795261,-8.6885036,3,17.0,,,
8860362500,41.1797887,-8.6886704,1,17.0,,,
8860362501,41.1797946,-8.6885348,3,17.0,,,
8860362502,41.1797567,-8.6886674,1,17.0,,,
8860362503,41.179763,-8.6885311,3,17.0,,,
8860362504,41.1797202,-8.688664,1,17.0,,,
8860362505,41.1797256,-8.6885268,3,17.0,,,
8860364839,41.1799565,-8.6888617,1,17.0,,,
8860364840,41.1800201,-8.6888708,3,17.0,,,
8860364848,41.1799566,-8.6890836,1,17.0,,,
8860364849,41.1799366,-8.6893275,1,17.0,,,
8860364880,41.1796577,-8.6894129,1,17.0,,,
8860364881,41.1796524,-8.6894902,3,17.0,,,
8860364892,41.1795944,-8.6892072,3,17.0,,,
8860364895,41.1793163,-8.6892708,3,17.0,,,
8860364898,41.1795863,-8.6893084,3,17.0,,,
8860364906,41.1793126,-8.6893175,3,17.0,,,
8860364907,41.1795827,-8.6893582,3,17.0,,,
8860364908,41.1793217,-8.6892148,3,17.0,,,
8860364909,41.1795904,-8.6892576,3,17.0,,,
8860364910,41.1793266,-8.6891647,3,17.0,,,
8866280220,41.1796809,-8.6884103,1,17.0,,,
8866280221,41.1796754,-8.688521,3,17.0,,,
8866280264,41.1795744,-8.6883992,1,17.0,,,
8866280265,41.1795644,-8.6885081,3,17.0,,,
8866280266,41.1794531,-8.6883876,1,17.0,,,
8866280267,41.1794471,-8.6884944,3,17.0,,,
8866280269,41.179316,-8.6883733,1,17.0,,,
8866280270,41.1793077,-8.6884782,3,17.0,,,
8866280271,41.179258,-8.6883675,1,17.0,,,
8866280272,41.1792508,-8.6884716,3,17.0,,,
8866280275,41.1790481,-8.6883457,1,10.0,,,
8866280276,41.1790427,-8.6884474,3,10.0,,,
8866312584,41.1785936,-8.6880507,1,10.0,,,
8866312585,41.1785199,-8.6880424,3,10.0,,,
8866312603,41.1786313,-8.6878705,1,10.0,,,
8866312604,41.1785314,-8.6878586,3,10.0,,,
8866312605,41.1786449,-8.6876471,1,10.0,,,
8866312606,41.1785452,-8.6876365,3,10.0,,,
8866312607,41.1785574,-8.6882679,1,10.0,,,
8866312608,41.1784566,-8.6882548,1,10.0,,,
8866312609,41.1784171,-8.6884343,1,10.0,,,
8866312610,41.1784247,-8.6883102,1,10.0,,,
8866312612,41.1784947,-8.6873413,3,13.0,,,
8866312614,41.1786299,-8.687275,3,13.0,,,
8866312615,41.1785194,-8.687263,3,13.0,,,
8866357346,41.1792183,-8.6875778,1,17.0,,,
8866357347,41.1792255,-8.6874729,3,18.0,,,
8866357348,41.1793005,-8.6875859,1,17.0,,,
8866357349,41.1793053,-8.6874833,3,18.0,,,
8866357352,41.1797383,-8.6876293,1,17.0,,,
8866357353,41.179746,-8.6875404,3,17.0,,,
8866357354,41.1796803,-8.6876231,1,17.0,,,
8866357355,41.1796868,-8.6875327,4,17.0,,,
8866357359,41.1800512,-8.6876518,1,17.0,,,
8866357360,41.1800591,-8.6875141,1,17.0,,,
8866357361,41.1800784,-8.687486,1,18.0,,,
8866357362,41.1803201,-8.6875141,1,17.0,,,
8866357363,41.1802779,-8.6880616,1,17.0,,,
8866357364,41.1800406,-8.6880254,1,17.0,,,
8867612928,41.1796172,-8.687436,1,18.0,,,
8867612929,41.1796118,-8.687523,3,17.0,,,
8867612930,41.179694,-8.6874455,1,18.0,,,
8867612931,41.1797706,-8.6874555,1,18.0,,,
8867612932,41.1797654,-8.6875429,3,17.0,,,
8867612933,41.1798109,-8.6874612,1,18.0,,,
8867612934,41.1798056,-8.6875481,3,17.0,,,
8867612935,41.1796593,-8.6866477,1,18.0,,,
8867612936,41.1796645,-8.6865577,3,18.0,,,
8867612938,41.1798697,-8.6866737,1,18.0,,,
8867612939,41.1798763,-8.6865851,3,18.0,,,
8867612948,41.1798569,-8.687467,1,18.0,,,
8867612949,41.1798521,-8.6875541,3,17.0,,,
8867612955,41.1799475,-8.687364,1,18.0,,,
8867612956,41.1801302,-8.6873862,3,18.0,,,
8867612958,41.1799942,-8.6873413,1,18.0,,,
8867612959,41.1801324,-8.6873576,3,18.0,,,
8867612963,41.1800767,-8.6873182,1,18.0,,,
8867612964,41.1801348,-8.6873277,3,18.0,,,
8867612965,41.1800884,-8.6871636,1,18.0,,,
8867612966,41.1801471,-8.6871713,3,18.0,,,
8867612967,41.1799571,-8.6871031,1,18.0,,,
8867612968,41.1801501,-8.6871326,3,18.0,,,
8867612979,41.1801005,-8.6870021,1,18.0,,,
8867612980,41.1801596,-8.6870115,3,18.0,,,
8867612981,41.1801464,-8.6867101,1,18.0,,,
8867612982,41.1801569,-8.6865245,1,18.0,,,
8867612983,41.1803775,-8.6867405,1,18.0,,,
8867612984,41.1803977,-8.6865584,1,18.0,,,
8867612985,41.1801235,-8.6866879,1,18.0,,,
8867612986,41.1801367,-8.6865292,1,18.0,,,
8867613000,41.1799344,-8.6868328,1,18.0,,,
8867613001,41.180171,-8.6868664,3,18.0,,,
8867613002,41.1799782,-8.6868085,1,18.0,,,
8867613003,41.1801735,-8.686834,3,18.0,,,
8867666313,41.1790996,-8.6873757,1,13.0,,,
8867666314,41.1790941,-8.6874559,3,13.0,,,
8867666315,41.1791516,-8.6865915,1,13.0,,,
8867666316,41.1791598,-8.6864922,3,13.0,,,
8867666836,41.1789497,-8.6873605,1,13.0,,,
8867666837,41.1789452,-8.6874366,3,13.0,,,
8867666838,41.1787438,-8.6873386,1,13.0,,,
8867666839,41.1787387,-8.6874098,3,13.0,,,
8867666842,41.1788064,-8.6865494,1,13.0,,,
8867666843,41.1788146,-8.6864474,3,13.0,,,
8867666844,41.1788454,-8.6865537,1,13.0,,,
8867666845,41.1788524,-8.6864523,3,13.0,,,
8867666847,41.178933,-8.6865637,1,13.0,,,
8867666848,41.1789416,-8.6864639,3,13.0,,,
8867666852,41.1785651,-8.6865283,3,13.0,,,
8867666853,41.1786808,-8.6865408,3,13.0,,,
8868814823,41.1799907,-8.6861586,1,18.0,,,
8868814824,41.1799589,-8.6865954,3,18.0,,,
8868814833,41.1797035,-8.686229,1,18.0,,,
8868814834,41.1797252,-8.6859189,1,18.0,,,
8868814837,41.1796793,-8.6859142,1,18.0,,,
8868814838,41.179656,-8.6862742,1,18.0,,,
8868814848,41.1794853,-8.6864416,1,18.0,,,
8868814849,41.1794793,-8.6865337,3,18.0,,,
8868814866,41.1799419,-8.6858638,1,18.0,,,
8868814867,41.1799358,-8.6856042,3,18.0,,,
8868814869,41.1797627,-8.6858473,1,18.0,,,
8868814870,41.1797777,-8.6855862,3,18.0,,,
8868814871,41.1794634,-8.685642,1,18.0,,,
8868814872,41.1794705,-8.6855511,3,18.0,,,
8868814873,41.1794206,-8.6856349,1,18.0,,,
8868814874,41.1794257,-8.685546,3,18.0,,,
8868814875,41.1792485,-8.685779,1,18.0,,,
8868814876,41.1792635,-8.6855275,3,18.0,,,
8868814900,41.17902,-8.6862162,1,13.0,,,
8868814902,41.1790189,-8.6864739,3,13.0,,,
8868814908,41.1786276,-8.685547,1,13.0,,,
8868814909,41.1786003,-8.6855116,1,13.0,,,
8868814910,41.178609,-8.6853699,1,13.0,,,
8868814911,41.1786478,-8.6853175,1,13.0,,,
8868814912,41.1787632,-8.6853314,1,13.0,,,
8868814913,41.1787487,-8.6855601,1,13.0,,,
8868814914,41.1787951,-8.6855347,1,13.0,,,
8868814915,41.1788032,-8.6853938,1,13.0,,,
8868814916,41.1802075,-8.6857243,1,18.0,,,
8868814917,41.1802106,-8.6855406,1,18.0,,,
8868814918,41.1801873,-8.6857068,1,18.0,,,
8868814919,41.1801944,-8.6855787,1,18.0,,,
8868814920,41.1804445,-8.6857491,1,18.0,,,
8868814921,41.1804482,-8.685563,1,18.0,,,
8869487796,41.1799523,-8.6855195,1,18.0,,,
8869487797,41.1799475,-8.6856055,3,18.0,,,
8869487805,41.180205,-8.6853903,1,24.0,,,
8869487806,41.1802779,-8.6853993,3,24.0,,,
8869487809,41.180213,-8.6852817,1,24.0,,,
8869487810,41.1802863,-8.6852901,3,24.0,,,
8869517058,41.1796792,-8.6854836,1,18.0,,,
8869517059,41.1796735,-8.6855743,3,18.0,,,
8869517060,41.1798214,-8.6855016,1,18.0,,,
8869517061,41.179817,-8.6855907,3,18.0,,,
8869517062,41.1798834,-8.6855103,1,18.0,,,
8869517063,41.1798779,-8.6855976,3,18.0,,,
8869531628,41.1802289,-8.685058,1,24.0,,,
8869531629,41.180303,-8.6850649,3,24.0,,,
8869531630,41.180234,-8.6849948,1,24.0,,,
8869531631,41.1803078,-8.6850031,3,24.0,,,
8869531634,41.1799992,-8.684733,1,24.0,,,
8869531635,41.1800053,-8.6846436,3,24.0,,,
8869531637,41.1799201,-8.6847241,1,24.0,,,
8869531638,41.1799245,-8.6846343,3,24.0,,,
8869531639,41.179752,-8.6849761,1,24.0,,,
8869531640,41.1797734,-8.6846168,3,24.0,,,
8869531641,41.1796971,-8.6846966,1,24.0,,,
8869531642,41.1797046,-8.6846088,3,24.0,,,
8869531643,41.1795958,-8.6846841,1,24.0,,,
8869531644,41.1796003,-8.6845968,3,24.0,,,
8869531645,41.1795011,-8.6846719,1,24.0,,,
8869531646,41.1795071,-8.684586,3,24.0,,,
8869531649,41.1794007,-8.6846568,1,24.0,,,
8869531650,41.1794061,-8.6845743,3,24.0,,,
8869531655,41.1792371,-8.6846357,1,24.0,,,
8869531656,41.1792415,-8.6845553,3,24.0,,,
8869531657,41.1793119,-8.6846449,1,24.0,,,
8869531658,41.1793162,-8.684564,3,24.0,,,
8869531663,41.1790961,-8.6846206,1,13.0,,,
8869531664,41.1791018,-8.6845392,4,13.0,,,
8869531666,41.1795786,-8.6854697,1,18.0,,,
8869531667,41.179572,-8.6855627,3,18.0,,,
8869531668,41.1794543,-8.685452,1,18.0,,,
8869531669,41.1794463,-8.6855483,3,18.0,,,
8869531670,41.1793436,-8.6854369,1,18.0,,,
8869531671,41.1793356,-8.6855357,3,18.0,,,
8869531672,41.1792469,-8.6854253,1,18.0,,,
8869531673,41.1792407,-8.6855249,3,18.0,,,
8869531676,41.179002,-8.6853946,1,13.0,,,
8869531677,41.1789953,-8.6854969,3,13.0,,,
8869531686,41.1788665,-8.6845694,1,13.0,,,
8869531687,41.178877,-8.6844013,1,13.0,,,
8869531688,41.1788278,-8.6845998,1,13.0,,,
8869531689,41.1786907,-8.6845846,1,13.0,,,
8869531690,41.1786697,-8.6845589,1,13.0,,,
8869531691,41.1786802,-8.6843943,1,13.0,,,
8869531692,41.1787066,-8.6843488,1,13.0,,,
8869531693,41.1788349,-8.6843639,1,13.0,,,
8869531694,41.1802614,-8.6847417,1,24.0,,,
8869531695,41.1802706,-8.6846024,1,24.0,,,
8869531696,41.1802706,-8.684763,1,24.0,,,
8869531697,41.1802844,-8.6845801,1,24.0,,,
8869531698,41.1805437,-8.6847945,1,24.0,,,
8869531699,41.1805567,-8.6846349,1,24.0,,,
8869531700,41.1805511,-8.6847038,4,24.0,crossing,,
8869531701,41.1805131,-8.6847935,1,24.0,,,
8869531702,41.1805315,-8.6846126,1,24.0,,,
8870263684,41.1740757,-8.6808163,3,18.0,,,
8873335704,41.1802904,-8.6840633,1,24.0,,,
8873335705,41.1803769,-8.6840731,3,24.0,,,
8873335714,41.1801576,-8.6838564,1,24.0,,,
8873335715,41.1801681,-8.6836837,3,24.0,,,
8873335716,41.1801851,-8.6838597,1,24.0,,,
8873339917,41.180197,-8.6836868,3,24.0,,,
8873339918,41.1802123,-8.683863,1,24.0,,,
8873339919,41.1802252,-8.6836899,3,24.0,,,
8873339949,41.1798468,-8.6837757,1,24.0,,,
8873339950,41.1798547,-8.6836493,3,24.0,,,
8873339951,41.1797786,-8.6837665,1,24.0,,,
8873339952,41.179784,-8.6836415,3,24.0,,,
8873339956,41.1795238,-8.6837257,1,24.0,,,
8873339957,41.1795302,-8.6836137,3,24.0,,,
8873339958,41.1794704,-8.6837171,1,24.0,,,
8873339959,41.1794755,-8.6836077,3,24.0,,,
8873339961,41.1792579,-8.6836865,1,24.0,,,
8873339962,41.1792625,-8.6835844,3,24.0,,,
8873339964,41.1790957,-8.6836659,1,13.0,,,
8873339965,41.1791006,-8.6835666,3,13.0,,,
8873339966,41.1788936,-8.6837258,1,13.0,,,
8873339967,41.1788148,-8.6837151,3,13.0,,,
8873339969,41.1787573,-8.6836658,1,13.0,,,
8873339970,41.1788895,-8.6836828,1,13.0,,,
8873339971,41.178916,-8.683629,1,13.0,,,
8873339972,41.1789275,-8.6834298,1,13.0,,,
8873339974,41.1789207,-8.6835469,4,13.0,crossing,,
8873339975,41.1789068,-8.6833728,1,13.0,,,
8873339976,41.1787852,-8.6833586,1,13.0,,,
8873339977,41.1787339,-8.6836107,1,13.0,,,
8873339978,41.1787485,-8.6834054,1,13.0,,,
8873339979,41.1787401,-8.6835238,4,13.0,crossing,,
8873339980,41.1803561,-8.6838027,1,24.0,,,
8873339981,41.1805704,-8.6838257,1,24.0,,,
8873339982,41.1805936,-8.6836366,1,24.0,,,
8873339983,41.1803574,-8.6836138,1,24.0,,,
8873339984,41.1806173,-8.6838291,1,24.0,,,
8873339985,41.1806254,-8.6836589,1,24.0,,,
8873339986,41.1803268,-8.683786,1,24.0,,,
8873339987,41.1803349,-8.6836266,1,24.0,,,
8873340003,41.1791094,-8.684426,1,13.0,,,
8873449027,41.179626,-8.681867,1,30.0,,,
8873449028,41.179652,-8.6817832,3,30.0,,,
8873449030,41.1798205,-8.6819697,1,30.0,,,
8873449031,41.1798459,-8.6818879,3,30.0,,,
8873449034,41.1799473,-8.6820366,1,30.0,,,
8873449035,41.1799737,-8.6819569,3,30.0,,,
8873449037,41.1800741,-8.6821035,1,30.0,,,
8873449038,41.1800962,-8.682023,3,30.0,,,
8873449041,41.1802017,-8.6822159,1,30.0,,,
8873449042,41.1803034,-8.6818338,1,30.0,,,
8873449043,41.1801223,-8.682129,1,30.0,,,
8873449044,41.180145,-8.6820494,3,30.0,,,
8873449057,41.1798299,-8.682748,3,30.0,,,
8873449058,41.1796118,-8.6827188,3,30.0,,,
8873449059,41.1796254,-8.6825397,3,30.0,,,
8873449060,41.1798858,-8.6827546,1,30.0,,,
8873449065,41.179458,-8.6825273,1,30.0,,,
8873449075,41.1797245,-8.6829033,1,30.0,,,
8873449076,41.179736,-8.6827355,3,30.0,,,
8873449080,41.179716,-8.6827881,1,30.0,,,
8873449083,41.1789605,-8.6826513,1,18.0,,,
8873449131,41.1789872,-8.6822631,1,18.0,,,
8873449132,41.1789232,-8.6822547,3,18.0,,,
8874623005,41.1803669,-8.6832452,1,30.0,,,
8874623006,41.1804359,-8.6832532,3,30.0,,,
8874623007,41.1803587,-8.6833545,1,24.0,,,
8874623008,41.180428,-8.6833638,3,24.0,,,
8874689119,41.1801452,-8.6835769,1,24.0,,,
8874689120,41.1801374,-8.6836803,3,24.0,,,
8874689121,41.1799288,-8.6835445,1,24.0,,,
8874689122,41.1799202,-8.6836568,3,24.0,,,
8874689123,41.1797122,-8.6835168,1,24.0,,,
8874689124,41.1797023,-8.6836326,3,24.0,,,
8874689134,41.1797536,-8.6832413,1,30.0,,,
8874689135,41.1797486,-8.6833021,1,30.0,,,
8874689136,41.1797509,-8.6832738,3,30.0,,,
8874689138,41.1795798,-8.6832813,1,30.0,,,
8874689161,41.1794362,-8.6834823,1,24.0,,,
8874689162,41.179427,-8.6836022,3,24.0,,,
8874689169,41.1790182,-8.6834325,1,13.0,,,
8874689170,41.1790108,-8.6835565,3,13.0,,,
8874689172,41.178919,-8.6832689,1,18.0,,,
8874689173,41.1789253,-8.6831787,1,18.0,,,
8874689174,41.1788547,-8.68317,3,18.0,,,
8874689176,41.1789304,-8.6830965,1,18.0,,,
8874689177,41.1788608,-8.6830878,3,18.0,,,
8874689178,41.1788941,-8.6826406,3,18.0,,,
8874689191,41.1790171,-8.6818056,1,18.0,,,
8874689192,41.1789082,-8.6817939,1,18.0,,,
8874689193,41.1793141,-8.6813438,1,30.0,,,
8874689194,41.1792335,-8.6816189,1,30.0,,,
8874689195,41.1791309,-8.680981,1,19.0,,,
8874689196,41.1788899,-8.6809598,1,19.0,,,
8874689197,41.1787094,-8.6811695,1,19.0,,,
8874689198,41.1787001,-8.6814561,1,18.0,,,
8874689199,41.1804655,-8.6817463,1,30.0,,,
8874689201,41.1809177,-8.6821985,1,30.0,,,
8874689202,41.1808238,-8.682494,1,30.0,,,
8874689203,41.1806613,-8.6826019,1,30.0,,,
8874689204,41.1804215,-8.6825922,1,30.0,,,
8874757995,41.1791986,-8.6798383,3,23.0,,,
8874757996,41.1791329,-8.6798327,3,19.0,,,
8874758008,41.180217,-8.6805445,3,23.0,,,
8874758009,41.1802873,-8.6808273,1,23.0,,,
8874774728,41.1803655,-8.6805225,1,23.0,,,
8874774729,41.1803268,-8.6803836,1,23.0,,,
8874774746,41.1798225,-8.6810058,1,23.0,,,
8874774748,41.1805651,-8.6812793,3,30.0,,,
8874823374,41.1797317,-8.6815564,1,30.0,,,
8874823375,41.1797119,-8.6816231,3,30.0,,,
8874823396,41.1799512,-8.6817467,3,30.0,,,
8874823397,41.1800505,-8.6813979,1,30.0,,,
8874823398,41.1798594,-8.6816976,3,30.0,,,
8874823399,41.1799619,-8.6813545,1,30.0,,,
8874823400,41.1800458,-8.681796,3,30.0,,,
8874823408,41.180177,-8.6813368,1,30.0,,,
8874831845,41.1804967,-8.6815306,1,30.0,,,
8874831846,41.1805471,-8.6815355,3,30.0,,,
8877960174,41.179738,-8.6796414,1,23.0,,,
8877960176,41.1799445,-8.6795328,1,23.0,,,
8877960177,41.1800008,-8.6794826,3,23.0,,,
8877960178,41.1799978,-8.6796419,1,23.0,,,
8877960179,41.180075,-8.6795848,3,23.0,,,
8877960182,41.1801119,-8.6798574,1,23.0,,,
8877960183,41.1801993,-8.6797877,3,23.0,,,
8877960184,41.1801364,-8.6799186,1,23.0,,,
8877960185,41.1802254,-8.6798515,3,23.0,,,
8877960187,41.1806228,-8.6799346,1,23.0,,,
8877960188,41.1806105,-8.6800198,1,23.0,,,
8877960189,41.1802599,-8.6796075,1,23.0,,,
8877960190,41.1801246,-8.6797499,1,23.0,,,
8877960206,41.1808866,-8.6801694,1,23.0,,,
8877960207,41.1806036,-8.6800889,1,23.0,,,
8877960209,41.1809113,-8.6801685,1,23.0,,,
8877960210,41.1808154,-8.6806941,1,23.0,,,
8877960213,41.180539,-8.6808374,1,23.0,,,
8878201874,41.1792186,-8.6793852,1,23.0,,,
8878201875,41.1791565,-8.6793814,3,19.0,,,
8878201876,41.1792224,-8.6792907,1,23.0,,,
8878201877,41.1791613,-8.6792876,3,19.0,,,
8878201878,41.1792245,-8.6792317,1,23.0,,,
8878201879,41.1791865,-8.6789457,3,24.0,,,
8878201882,41.1793357,-8.6790939,1,24.0,,,
8878201884,41.1795764,-8.6791046,1,24.0,,,
8878201885,41.1796006,-8.6790677,3,24.0,,,
8878201886,41.1796746,-8.6791936,1,23.0,,,
8878201887,41.1797779,-8.6791011,1,24.0,,,
8878201890,41.1797,-8.6791662,4,24.0,crossing,,
8878201891,41.1798387,-8.6793681,1,23.0,,,
8878201894,41.1791815,-8.6799182,1,23.0,,,
8878201895,41.1789428,-8.6798907,1,19.0,,,
8878201896,41.1788888,-8.6806143,1,19.0,,,
8878201897,41.1788949,-8.6804986,1,19.0,,,
8878201898,41.1789664,-8.6805055,3,19.0,,,
8878201899,41.1789079,-8.6801994,1,19.0,,,
8878201900,41.1789812,-8.6802048,3,19.0,,,
8878201901,41.1789121,-8.6801253,1,19.0,,,
8878201902,41.1789845,-8.6801313,3,19.0,,,
8878201903,41.1789279,-8.6797993,1,19.0,,,
8878201904,41.1789995,-8.6798083,3,19.0,,,
8878201905,41.1789616,-8.6791434,1,27.0,,,
8878201906,41.179034,-8.6791509,3,27.0,,,
8878201907,41.1789719,-8.6789879,1,27.0,,,
8878201908,41.1790422,-8.6789953,3,27.0,,,
8878201909,41.1789791,-8.6788907,1,27.0,,,
8878201910,41.1790475,-8.6788966,3,27.0,,,
8878201911,41.1787277,-8.6782867,1,27.0,,,
8878201912,41.1787801,-8.6781991,3,27.0,,,
8878228472,41.1786639,-8.6780811,3,27.0,,,
8878228473,41.1785847,-8.6782335,3,27.0,,,
8878228474,41.1785305,-8.6781838,3,27.0,,,
8878228475,41.1786112,-8.6780287,3,27.0,,,
8878228476,41.1783769,-8.6781518,1,27.0,,,
8878228477,41.1785041,-8.6779223,3,27.0,,,
8878228478,41.1784058,-8.6778247,3,27.0,,,
8878228479,41.1782815,-8.6780557,1,27.0,,,
8878228480,41.1782937,-8.6777133,3,27.0,,,
8878228481,41.1781962,-8.6778841,1,27.0,,,
8878228482,41.1782,-8.6776202,3,27.0,,,
8878228483,41.1780732,-8.6778458,1,27.0,,,
8878228484,41.1780905,-8.6775093,3,27.0,,,
8878228485,41.1780175,-8.6776328,3,27.0,,,
8878228493,41.1785653,-8.6783417,1,27.0,,,
8878228494,41.178486,-8.6782617,1,27.0,,,
8878228555,41.1781752,-8.6810252,1,19.0,,,
8878228557,41.1783942,-8.6812068,3,19.0,,,
8878228558,41.1780688,-8.6809483,1,19.0,,,
8878228559,41.1780498,-8.6811748,3,19.0,,,
8878228560,41.177903,-8.6809283,1,19.0,,,
8878228561,41.1778886,-8.6811598,3,19.0,,,
8878228562,41.1777325,-8.680906,1,19.0,,,
8878228563,41.1777183,-8.681144,3,19.0,,,
8878228564,41.1775714,-8.6808845,1,19.0,,,
8878228565,41.1775582,-8.6811291,3,19.0,,,
8878228566,41.1773038,-8.6802085,1,19.0,,,
8878228567,41.1772311,-8.6801983,3,19.0,,,
8878228568,41.1773151,-8.6800223,1,19.0,,,
8878228569,41.1772446,-8.6800133,3,19.0,,,
8878228570,41.1772495,-8.6808202,1,19.0,,,
8878228571,41.1771356,-8.6808085,1,19.0,,,
8878228582,41.1773966,-8.6812902,1,18.0,,,
8878228583,41.1774128,-8.6810344,1,19.0,,,
8878228586,41.1773351,-8.6798461,1,19.0,,,
8878228587,41.1772574,-8.6798372,3,19.0,,,
8878228588,41.177341,-8.6797302,1,19.0,,,
8878228589,41.1772657,-8.679724,3,19.0,,,
8878228590,41.1773462,-8.6796338,1,19.0,,,
8878228591,41.1772731,-8.6796222,3,19.0,,,
8878228592,41.177353,-8.6795119,1,19.0,,,
8878228593,41.1772817,-8.6795035,3,19.0,,,
8878228594,41.1772975,-8.6792864,3,19.0,,,
8878228595,41.1773116,-8.6790929,3,27.0,,,
8878228596,41.177328,-8.6788682,3,27.0,,,
8878228597,41.1773426,-8.6786685,3,27.0,,,
8878228598,41.1773587,-8.6784703,3,27.0,,,
8878228599,41.1774349,-8.6782965,1,27.0,,,
8878228600,41.1773718,-8.6782866,3,27.0,,,
8878228601,41.1779635,-8.6777355,1,27.0,,,
8879992955,41.1760606,-8.6745961,1,29.0,,,
8879992957,41.1759898,-8.6749366,3,29.0,,,
8879992959,41.1757811,-8.6746716,1,29.0,,,
8879992996,41.1761981,-8.6739899,3,29.0,,,
8879992997,41.1754645,-8.6742633,3,29.0,,,
8879993002,41.1782906,-8.6735351,1,26.0,,,
8879993005,41.1767522,-8.6737846,1,29.0,,,
8879993006,41.1764245,-8.6749348,1,29.0,,,
8879993007,41.1778617,-8.6746887,3,26.0,,,
8879993011,41.1783811,-8.6736448,1,26.0,,,
8879993012,41.1755134,-8.6742451,4,29.0,,,
8882708796,41.1817068,-8.6593662,4,75.0,crossing,,
8882708798,41.1820646,-8.6598054,4,75.0,crossing,,
8882800530,41.1858717,-8.6606184,3,74.0,,,
8882800537,41.1859766,-8.6606797,3,74.0,,,
8882800570,41.1865353,-8.6543829,3,85.0,,,
8897704162,41.1899907,-8.6747992,3,56.0,,,
8902027848,41.1737294,-8.6790438,1,21.0,,,
8902027849,41.1737021,-8.6794631,3,18.0,,,
8902027850,41.173278,-8.6794166,1,18.0,,,
8902027851,41.1736462,-8.6802074,3,18.0,,,
8902027854,41.1740515,-8.6799807,1,18.0,,,
8999626461,41.1810055,-8.6947984,1,0.0,,,
8999626463,41.1805396,-8.6947059,4,0.0,,,
8999626501,41.1840189,-8.696191,1,4.0,,,
8999626502,41.1841285,-8.6959741,3,4.0,,,
9001245913,41.1889133,-8.686753,1,8.0,,,
9001245956,41.1888766,-8.6865067,1,8.0,,,
9001661884,41.1906072,-8.6860392,1,2.0,,,
9001661885,41.1944499,-8.6825731,1,5.0,,,
9001661888,41.1914682,-8.6872829,3,2.0,,,
9001661891,41.1913559,-8.6871671,3,2.0,,,
9001661892,41.1941968,-8.6823158,1,5.0,,,
9001661894,41.1938058,-8.6819182,1,5.0,,,
9001661895,41.1916451,-8.6874651,3,2.0,,,
9001661896,41.1939877,-8.6821031,1,5.0,,,
9001661910,41.1926903,-8.6820068,1,2.0,,,
9001662929,41.1910291,-8.6866531,1,2.0,,,
9001662954,41.1906445,-8.6823512,4,10.0,crossing,,
9001662955,41.1901847,-8.6824904,1,10.0,,,
9001662956,41.1903309,-8.6824715,4,10.0,crossing,,
9002044047,41.1949699,-8.6819629,1,5.0,,,
9002044051,41.1956858,-8.6823065,1,5.0,,,
9002044059,41.1955685,-8.6824066,3,5.0,,,
9002044060,41.1952816,-8.6821968,3,5.0,,,
9002319863,41.2024346,-8.6803265,1,34.0,,,
9002319865,41.2023975,-8.6802649,1,34.0,,,
9002319866,41.2023613,-8.6802135,1,34.0,,,
9002319869,41.2023284,-8.6801495,1,34.0,,,
9002319871,41.202465,-8.680376,1,34.0,,,
9002319873,41.2022935,-8.6800911,1,34.0,,,
9002319874,41.2021551,-8.6798627,1,34.0,,,
9002319875,41.2021303,-8.6798218,1,34.0,,,
9002319878,41.2020832,-8.6797832,1,34.0,,,
9002319880,41.2020523,-8.6797322,1,8.0,,,
9002319882,41.2020324,-8.6796602,1,8.0,,,
9004112593,41.1771844,-8.7011935,3,0.0,,,
9004112598,41.1773154,-8.7016748,1,0.0,,,
9004126063,41.1768966,-8.702561,1,0.0,,,
9004126067,41.1767517,-8.7025748,1,0.0,,,
9004126095,41.1766771,-8.7024462,3,0.0,,,
9004126102,41.1778776,-8.7055584,1,0.0,,,
9004126133,41.1775414,-8.7008355,1,0.0,,,
9004126134,41.1773869,-8.7006659,3,0.0,,,
9004126146,41.1767121,-8.7024737,1,0.0,,,
9004405544,41.1904255,-8.6939757,1,6.0,,,
9004405613,41.193924,-8.6880226,1,23.0,,,
9004405617,41.1937472,-8.6885627,1,1.0,,,
9004405743,41.1940701,-8.6880543,1,23.0,,,
9004405744,41.1943281,-8.6882991,3,23.0,,,
9004405757,41.1939077,-8.688285,1,23.0,,,
9004405758,41.1938836,-8.6883268,4,23.0,crossing,,
9004405759,41.193779,-8.6885078,4,23.0,crossing,,
9004551555,41.1905762,-8.6962394,4,13.0,,,
9004551566,41.1873254,-8.6924992,3,14.0,,,
9004551567,41.1873865,-8.692423,3,14.0,,,
9004551568,41.1870791,-8.6919496,3,14.0,,,
9004551600,41.1874199,-8.6991685,1,1.0,,,
9004551601,41.1873573,-8.6990933,1,1.0,,,
9004551616,41.1874962,-8.699185,1,1.0,,,
9004555218,41.1875729,-8.6989809,1,8.0,,,
9004555219,41.1875724,-8.6989454,1,8.0,,,
9004555220,41.1874915,-8.6988455,1,1.0,,,
9004555305,41.1864668,-8.6995682,1,1.0,,,
9004555306,41.1865169,-8.6996238,1,1.0,,,
9004555307,41.1863571,-8.6994551,1,1.0,,,
9004555308,41.1863278,-8.6994216,1,1.0,,,
9004671034,41.1855609,-8.7039033,1,4.0,,,
9004671035,41.185658,-8.703723,1,4.0,,,
9004671041,41.1866259,-8.7039712,1,4.0,,,
9004671042,41.1863469,-8.7036795,3,4.0,,,
9004671045,41.1860489,-8.7032565,1,4.0,,,
9004671046,41.1860104,-8.7033185,1,4.0,,,
9004671132,41.1861287,-8.7028492,1,4.0,,,
9004671138,41.1862024,-8.7030135,1,4.0,,,
9004671142,41.1857636,-8.7034571,3,4.0,,,
9004671143,41.1860981,-8.7029085,3,4.0,,,
9004671179,41.1864518,-8.7032512,1,4.0,,,
9004671184,41.1870317,-8.7030036,3,4.0,,,
9004671186,41.1873283,-8.7029796,3,4.0,,,
9004671194,41.1875713,-8.7031891,1,8.0,,,
9004858206,41.1870364,-8.7018535,3,5.0,,,
9004879439,41.1871821,-8.7033108,1,4.0,,,
9004879455,41.1877741,-8.7028237,1,8.0,,,
9004879456,41.1879524,-8.7029617,1,8.0,,,
9004879457,41.1882207,-8.70324,1,8.0,,,
9004879458,41.1883479,-8.7033849,1,8.0,,,
9004879460,41.1894272,-8.704489,1,0.0,,,
9004879523,41.1876169,-8.7041038,1,8.0,,,
9004879525,41.1876776,-8.7040919,3,8.0,,,
9004879526,41.1876466,-8.7040564,1,8.0,,,
9004879527,41.1877612,-8.704185,3,0.0,,,
9004879529,41.1876639,-8.7039617,1,8.0,,,
9004879532,41.1875783,-8.7038657,3,8.0,,,
9004879534,41.1873094,-8.7031198,3,4.0,,,
9004879535,41.1877501,-8.7035969,3,8.0,,,
9004879536,41.1874325,-8.7032531,3,4.0,,,
9004879538,41.1878337,-8.7038087,1,8.0,,,
9004879544,41.1881427,-8.7035545,3,8.0,,,
9004879546,41.187903,-8.7036684,1,8.0,,,
9004879646,41.187271,-8.7050164,3,-2.0,,,
9004879648,41.187543,-8.7045306,3,0.0,,,
9004879652,41.1873209,-8.7038354,1,4.0,,,
9004879654,41.1871815,-8.7045152,1,-2.0,,,
9004879655,41.1867007,-8.7040053,1,4.0,,,
9004879656,41.187006,-8.7043291,3,-2.0,,,
9005134876,41.1803634,-8.6948362,1,0.0,,,
9005134878,41.1806083,-8.694221,4,0.0,crossing,,
9005134889,41.1802347,-8.6946914,3,0.0,,,
9005134913,41.1799465,-8.6960311,1,3.0,,,
9005134914,41.1802474,-8.6954587,1,0.0,,,
9005265133,41.1864934,-8.7062754,3,0.0,,,
9005265136,41.1859134,-8.7070161,1,0.0,,,
9005265141,41.1862341,-8.7069592,1,0.0,,,
9005265142,41.1864561,-8.7065348,3,0.0,,,
9005265145,41.1860004,-8.7070878,1,0.0,,,
9005265209,41.1847457,-8.7101685,3,4.0,,,
9005265212,41.1836,-8.7111266,3,2.0,,,
9005265228,41.1838578,-8.7101824,3,4.0,,,
9005265229,41.1838028,-8.7098068,1,4.0,,,
9005265235,41.1818918,-8.7106799,3,-1.0,,,
9005265238,41.1821289,-8.7106199,3,-1.0,,,
9005265239,41.1820067,-8.7106509,3,-1.0,,,
9005265242,41.1818477,-8.7103163,1,0.0,,,
9005265247,41.1836652,-8.7102312,3,4.0,,,
9005265250,41.1838966,-8.7101717,3,4.0,,,
9005265377,41.1804149,-8.7109329,4,0.0,,,
9005265382,41.1807074,-8.7111971,3,0.0,,,
9005265384,41.1807258,-8.7108865,3,0.0,,,
9006520807,41.1808539,-8.7113012,3,0.0,,,
9006521751,41.1790099,-8.7102815,1,1.0,,,
9006521754,41.1791477,-8.7105648,3,0.0,,,
9006521755,41.1791971,-8.7103592,3,0.0,,,
9006521822,41.1782658,-8.7085035,1,1.0,,,
9006521842,41.1795978,-8.7105255,1,0.0,,,
9006574467,41.1728068,-8.7079401,1,0.0,,,
9006574485,41.1748235,-8.7087775,3,0.0,,,
9006574491,41.1753797,-8.7084047,3,2.0,,,
9006574492,41.1749355,-8.7083276,3,0.0,,,
9006574496,41.174723,-8.7082329,3,0.0,,,
9051368283,41.210531,-8.6217795,1,40.0,,,
9051368284,41.2102368,-8.6221426,1,39.0,,,
9051368289,41.2091158,-8.62153,1,39.0,,,
9051368294,41.2097747,-8.6218561,1,39.0,,,
9051368296,41.2090737,-8.6215108,1,39.0,,,
9071751760,41.2052005,-8.6147395,1,39.0,,,
9074354892,41.2247371,-8.6803248,3,59.0,,,
9115713445,41.2238765,-8.6312976,1,45.0,,,
9115745831,41.2018458,-8.6710668,1,66.0,,,
9115745832,41.2022039,-8.6712364,3,16.0,,,
9115755283,41.1995784,-8.6580835,1,75.0,,,
9115755294,41.200228,-8.657189,3,59.0,,,
9115906922,41.2056845,-8.640415,3,93.0,,,
9115906923,41.2049097,-8.6414438,3,93.0,,,
9115906924,41.2053309,-8.6416134,3,93.0,,,
9115986789,41.2008508,-8.6974424,3,43.0,,,
9115986790,41.2008246,-8.6990342,1,37.0,,,
9116513411,41.1954946,-8.6115767,1,98.0,,,
9116513412,41.1955329,-8.6121475,3,98.0,,,
9116513413,41.1955886,-8.6121404,3,98.0,,,
9116513414,41.1956022,-8.6123297,3,98.0,,,
9116513415,41.1958616,-8.6121057,3,100.0,,,
9116543140,41.196226,-8.6109702,3,100.0,,,
9116543144,41.1960819,-8.6104215,3,100.0,,,
9116549025,41.1958269,-8.612297,3,98.0,,,
9119079420,41.1890614,-8.6143957,3,83.0,,,
9127259252,41.186908,-8.685477,4,20.0,,,
9127259255,41.1829926,-8.6838738,4,23.0,,,
9127259256,41.1827787,-8.6843412,4,23.0,,,
9134146589,41.2000572,-8.6874517,3,34.0,,,
9134857546,41.203985,-8.633641,3,73.0,,,
9134857547,41.2043711,-8.6336145,3,78.0,,,
9134857564,41.2043819,-8.633811,3,78.0,,,
9134857573,41.2039951,-8.6338442,3,73.0,,,
9134857574,41.2038517,-8.6338618,3,73.0,,,
9134857575,41.2038284,-8.6333462,3,73.0,,,
9134857576,41.2039173,-8.6338578,3,73.0,,,
9134857577,41.2039031,-8.6333426,3,73.0,,,
9134857587,41.2036805,-8.63652,3,78.0,,,
9135037425,41.2238589,-8.6321098,3,45.0,,,
9135037426,41.2235789,-8.6321801,1,45.0,,,
9135037427,41.2240017,-8.632074,3,45.0,,,
9135056449,41.2004006,-8.6260539,3,70.0,,,
9135056456,41.1996353,-8.625162,3,75.0,,,
9182475089,41.191579,-8.6203012,4,80.0,crossing,,
9182475956,41.1912189,-8.6241576,4,93.0,crossing,,
9192985925,41.1897198,-8.6594121,4,83.0,crossing,,
9223668090,41.1919134,-8.6333714,4,110.0,crossing,,
9223668094,41.1848341,-8.6323303,4,90.0,crossing,,
9223668095,41.1848286,-8.6324913,4,90.0,crossing,,
9223668096,41.1858443,-8.6315224,4,93.0,crossing,,
9223668097,41.1853059,-8.6314009,4,90.0,crossing,,
9223668098,41.1860617,-8.6305247,4,95.0,crossing,,
9223668099,41.1827403,-8.6347337,4,79.0,,,
9223668100,41.1826579,-8.6347205,4,79.0,,,
9223668101,41.1824139,-8.6346854,4,79.0,,,
9223668102,41.1823376,-8.6346723,4,79.0,,,
9223668103,41.1828118,-8.632893,4,83.0,,,
9223668104,41.1828828,-8.6329032,4,83.0,,,
9223668105,41.1829049,-8.6324691,4,83.0,crossing,,
9223668106,41.1831391,-8.6329366,4,83.0,,,
9223668107,41.183219,-8.6329486,4,83.0,,,
9223668108,41.1844102,-8.6309592,4,91.0,,,
9223668112,41.1872176,-8.6380102,3,93.0,,,
9223668113,41.1915021,-8.6381002,3,97.0,,,
9256671447,41.1826854,-8.6668493,3,65.0,,,
9256671448,41.1825592,-8.6668529,3,65.0,,,
9256671449,41.1827048,-8.6665585,3,61.0,,,
9256671461,41.1827454,-8.666754,3,65.0,,,
9256671462,41.1825466,-8.6665468,3,61.0,,,
9256671463,41.1824873,-8.666717,3,65.0,,,
9256671466,41.1840847,-8.668321,3,66.0,,,
9268022017,41.1808216,-8.654144,1,79.0,,,
9269046344,41.1793433,-8.6540602,3,79.0,,,
9308517040,41.2100108,-8.6239723,3,52.0,,,
9346308081,41.1900121,-8.6747836,3,56.0,,,
9376306384,41.1911928,-8.6529575,3,86.0,,,
9379982667,41.1864312,-8.678137,3,50.0,,,
9379982668,41.1863515,-8.6783368,3,50.0,,,
9379982670,41.1862229,-8.6781301,3,50.0,,,
9379982675,41.1867235,-8.6775812,4,50.0,crossing,,
9379982677,41.1865787,-8.6774669,4,50.0,crossing,,
9380385120,41.2183386,-8.6744498,3,67.0,,,
9407444005,41.1818673,-8.6684816,1,65.0,,,
9407460347,41.1829733,-8.6661896,1,61.0,turning_circle,,
9407460387,41.1846707,-8.6688191,1,66.0,,,
9407460391,41.1849792,-8.6690328,3,66.0,,,
9407460398,41.1845857,-8.6690586,3,66.0,,,
9407460407,41.1846303,-8.6678569,1,66.0,,,
9407460408,41.1845617,-8.6678439,1,66.0,,,
9407460409,41.1846323,-8.6678351,1,66.0,,,
9407460410,41.1845625,-8.6678238,1,66.0,,,
9407460411,41.1846336,-8.6678202,1,66.0,,,
9407460412,41.1845641,-8.6678079,1,66.0,,,
9407460413,41.1845235,-8.6678429,1,66.0,,,
9407460416,41.1849716,-8.6672267,3,66.0,,,
9407460419,41.1851152,-8.6679301,1,66.0,,,
9407460420,41.1851864,-8.6679413,1,66.0,,,
9407460421,41.185117,-8.667908,1,66.0,,,
9407460422,41.1851864,-8.667917,1,66.0,,,
9407460423,41.185119,-8.6678846,1,66.0,,,
9407460424,41.1851904,-8.6678948,1,66.0,,,
9415541937,41.1889978,-8.6258081,3,101.0,,,
9425342183,41.1836301,-8.6659195,1,63.0,,,
9425342194,41.1843153,-8.6660288,1,63.0,,,
9440543343,41.2059198,-8.6821806,3,46.0,,,
9448354933,41.1850481,-8.6763739,3,35.0,,,
9448354943,41.1840924,-8.6774273,1,36.0,,,
9448354945,41.1841055,-8.677321,4,36.0,crossing,,
9448354946,41.1841035,-8.6770101,1,35.0,,,
9448354948,41.1844487,-8.6772201,1,36.0,,,
9448354949,41.1839622,-8.6770007,1,35.0,,,
9448354950,41.1839067,-8.676998,1,35.0,,,
9448354951,41.1839252,-8.6769989,4,35.0,crossing,,
9448354952,41.1838229,-8.6769444,1,35.0,,,
9448354953,41.1837018,-8.6769779,1,35.0,,,
9448354954,41.1837209,-8.6769726,4,35.0,crossing,,
9448354955,41.1835878,-8.6772086,1,36.0,,,
9448354956,41.1835504,-8.6772461,1,36.0,,,
9448354957,41.1835672,-8.6772293,4,36.0,crossing,,
9448354958,41.1839416,-8.6776566,1,36.0,,,
9448354959,41.1837593,-8.6776672,1,36.0,,,
9448354960,41.1837762,-8.6776662,4,36.0,crossing,,
9448354999,41.1846162,-8.6775466,1,36.0,,,
9448355013,41.1847044,-8.6775994,1,36.0,,,
9448355014,41.1846568,-8.6775721,4,36.0,crossing,,
9448355015,41.1841858,-8.6770599,3,35.0,,,
9448355088,41.1838755,-8.67766,4,36.0,crossing,,
9450845678,41.1851327,-8.6780362,1,36.0,,,
9450845679,41.1851876,-8.6778719,1,36.0,,,
9450845680,41.1851577,-8.6779615,4,36.0,crossing,,
9450845682,41.1850443,-8.6781739,1,36.0,,,
9450845685,41.1851028,-8.6782086,1,36.0,,,
9450845691,41.1853357,-8.6784506,1,36.0,,,
9450845693,41.1853036,-8.6785865,1,36.0,,,
9450845694,41.1851546,-8.6780489,1,36.0,,,
9450845695,41.1850976,-8.6780143,1,36.0,,,
9450845696,41.185608,-8.6783517,1,50.0,,,
9450845697,41.1855575,-8.6783253,1,50.0,,,
9450884982,41.1839933,-8.6787322,1,36.0,,,
9450884983,41.1846459,-8.6786633,1,36.0,,,
9450884985,41.1844607,-8.6791821,3,35.0,,,
9450884986,41.1846019,-8.6791404,1,36.0,,,
9450884990,41.184577,-8.679155,1,36.0,,,
9450884991,41.1850261,-8.6795096,3,35.0,,,
9450884996,41.1850507,-8.6793028,1,35.0,,,
9450885000,41.1850552,-8.6793379,1,35.0,,,
9450885005,41.1851723,-8.6791422,1,36.0,,,
9450885008,41.1850093,-8.6797781,3,35.0,,,
9450885016,41.1841417,-8.6799779,1,35.0,,,
9450885017,41.1841558,-8.6798973,1,35.0,,,
9450885018,41.184888,-8.6799846,1,35.0,,,
9450885019,41.1849448,-8.6800234,1,35.0,,,
9450885020,41.1852646,-8.6790492,1,36.0,,,
9450885021,41.18532,-8.6790918,1,36.0,,,
9450885056,41.1849484,-8.678117,1,36.0,,,
9450885057,41.1849826,-8.6780041,1,36.0,,,
9450885058,41.1849653,-8.6785599,1,36.0,,,
9450885059,41.1848622,-8.6788596,1,36.0,,,
9450885066,41.1834516,-8.6789777,1,36.0,,,
9450885070,41.1841761,-8.6791753,1,35.0,,,
9450885071,41.1834679,-8.6786396,3,36.0,,,
9450885072,41.1839324,-8.6789906,3,36.0,,,
9450885121,41.1832292,-8.6791909,3,27.0,,,
9450885129,41.1835567,-8.6790566,1,36.0,,,
9450885179,41.1836897,-8.6794365,3,35.0,,,
9450885182,41.1839185,-8.6796967,1,35.0,,,
9451179525,41.1850283,-8.677684,1,36.0,,,
9451179526,41.1851262,-8.6777399,1,36.0,,,
9451179550,41.1849974,-8.6766447,3,35.0,,,
9451179551,41.1853006,-8.6770111,3,35.0,,,
9451179552,41.1854199,-8.6771077,1,50.0,,,
9451179553,41.1851958,-8.677313,1,36.0,,,
9451179603,41.1858533,-8.677981,1,50.0,,,
9451179613,41.185931,-8.6780306,3,50.0,,,
9451179619,41.1859492,-8.6775103,1,50.0,,,
9451179643,41.1862462,-8.6780684,3,50.0,,,
9451179644,41.1861127,-8.6779877,3,50.0,,,
9451179645,41.1862207,-8.6776967,3,50.0,,,
9451179646,41.1861602,-8.6780164,3,50.0,,,
9451179648,41.1864321,-8.6775715,3,50.0,,,
9451179652,41.1862637,-8.6777239,3,50.0,,,
9451179706,41.1859561,-8.6783895,1,50.0,,,
9451179711,41.1865115,-8.6772481,1,50.0,,,
9451179716,41.1865655,-8.6771051,1,50.0,,,
9451179717,41.1864577,-8.6774275,1,50.0,,,
9451179720,41.1866446,-8.67769,1,50.0,,,
9451179721,41.1866524,-8.6776302,4,50.0,crossing,,
9451179723,41.1867491,-8.6775931,1,50.0,,,
9451179724,41.1864917,-8.6782598,1,50.0,,,
9451179725,41.1864372,-8.6783824,1,50.0,,,
9451179726,41.1864725,-8.6783031,4,50.0,crossing,,
9451179727,41.1864507,-8.6783521,4,50.0,crossing,,
9451179728,41.186186,-8.6787163,1,50.0,,,
9451179734,41.1859456,-8.678424,4,50.0,crossing,,
9451179741,41.1857766,-8.679459,4,36.0,crossing,,
9451179742,41.1857953,-8.6794748,1,36.0,,,
9451264953,41.1835839,-8.6802275,4,35.0,,,
9451284136,41.1835366,-8.6802766,1,35.0,,,
9451284137,41.1835779,-8.6801829,3,35.0,,,
9451284138,41.1836176,-8.680118,4,35.0,,,
9451284140,41.183681,-8.6797432,1,35.0,,,
9451284141,41.1832925,-8.6796628,1,27.0,,,
9451284142,41.1831438,-8.6795477,4,27.0,,,
9451284143,41.1830658,-8.6794926,1,27.0,,,
9451284188,41.1838957,-8.6803533,1,35.0,,,
9451284189,41.1838509,-8.6803188,3,35.0,,,
9451284202,41.1831209,-8.6795315,4,27.0,,,
9451284203,41.1835939,-8.6801951,4,35.0,,,
9451284213,41.1828654,-8.6802961,1,27.0,,,
9451284215,41.1828892,-8.6802479,4,27.0,crossing,,
9451284217,41.1833491,-8.680651,1,35.0,,,
9451284218,41.183366,-8.6806109,5,35.0,crossing,,
9451284228,41.1831307,-8.6770913,1,22.0,,,
9451284240,41.1809964,-8.6799821,3,23.0,,,
9451284241,41.1827904,-8.6774105,4,22.0,,,
9451284242,41.182058,-8.6790671,1,22.0,,,
9451284251,41.181728,-8.6788445,3,22.0,,,
9451284254,41.1817584,-8.6789734,3,22.0,,,
9451284262,41.1819035,-8.6784465,3,22.0,,,
9451284273,41.1822399,-8.678622,1,22.0,,,
9451284281,41.181497,-8.6789913,1,22.0,,,
9451284287,41.181671,-8.6791237,1,22.0,,,
9451284294,41.1812165,-8.679896,1,23.0,,,
9451284299,41.1816521,-8.6793018,1,27.0,,,
9451284302,41.1814337,-8.6798158,1,27.0,,,
9451284303,41.181837,-8.6790803,3,22.0,,,
9451284305,41.1814738,-8.6797528,3,27.0,,,
9451284306,41.1815279,-8.6797929,3,27.0,,,
9451284309,41.1811982,-8.6799418,3,23.0,,,
9451284318,41.1814658,-8.6799335,3,27.0,,,
9451284322,41.1817637,-8.6800865,3,27.0,,,
9451284374,41.1821048,-8.6798579,1,27.0,,,
9451284404,41.1827121,-8.6793988,1,27.0,,,
9451284405,41.1829932,-8.6787383,3,22.0,,,
9451284480,41.1816832,-8.6786454,1,22.0,,,
9451284489,41.1824381,-8.6801052,1,27.0,,,
9451284502,41.1825649,-8.6801433,3,27.0,,,
9451284503,41.1827844,-8.6803135,1,27.0,,,
9451284504,41.1827475,-8.6802887,4,27.0,crossing,,
9451284519,41.182892,-8.6796439,3,27.0,,,
9451284520,41.1826504,-8.6802096,4,27.0,crossing,,
9451284535,41.1826945,-8.680244,4,27.0,,,
9451284536,41.1827267,-8.6802691,4,27.0,,,
9453526402,41.1828765,-8.6783912,1,22.0,,,
9453543830,41.1828032,-8.6782539,3,22.0,,,
9453543999,41.1820585,-8.678107,3,22.0,,,
9453544000,41.1829683,-8.6787954,3,22.0,,,
9455004035,41.1854867,-8.6800236,3,36.0,,,
9455004041,41.1868306,-8.6810965,1,36.0,,,
9455004092,41.1863045,-8.6809571,3,36.0,,,
9455004094,41.1862203,-8.6816349,3,29.0,,,
9455004095,41.1857489,-8.6838609,3,26.0,,,
9455004109,41.1847736,-8.681507,4,37.0,,,
9455004110,41.1846999,-8.6814505,4,37.0,crossing,,
9455004111,41.1843609,-8.6824962,3,37.0,,,
9455004113,41.1840935,-8.6831031,3,37.0,,,
9455021718,41.1837386,-8.6840122,1,28.0,,,
9455021719,41.1838509,-8.6837734,4,28.0,crossing,,
9455021720,41.1837713,-8.6839428,4,28.0,crossing,,
9455021733,41.1847561,-8.6814935,4,37.0,crossing,,
9455254315,41.1847893,-8.681627,1,37.0,,,
9455261817,41.1848803,-8.6814226,3,37.0,,,
9455261818,41.184811,-8.6813704,3,37.0,,,
9455261819,41.1848999,-8.6813787,3,37.0,,,
9455261822,41.1850899,-8.6808682,4,35.0,,,
9455261828,41.1854878,-8.6816113,1,29.0,,,
9455261833,41.185705,-8.6812163,3,36.0,,,
9455261834,41.1850754,-8.682368,3,37.0,,,
9455261855,41.1855173,-8.6801285,3,36.0,,,
9455261856,41.1857917,-8.6804261,4,36.0,,,
9455261857,41.1848461,-8.6813968,4,37.0,,,
9455261858,41.1848676,-8.681353,4,37.0,,,
9455261859,41.1855557,-8.6800615,1,36.0,,,
9455261860,41.1855415,-8.6800862,4,36.0,crossing,,
9455261861,41.1862087,-8.6808982,3,36.0,,,
9455261862,41.1862487,-8.6808421,1,36.0,,,
9455261863,41.1862286,-8.6808702,4,36.0,crossing,,
9455261864,41.186227,-8.6811037,3,36.0,,,
9455261865,41.1862724,-8.6811287,1,36.0,,,
9455261866,41.1862487,-8.6811156,4,36.0,crossing,,
9455261872,41.1846589,-8.6817894,3,37.0,,,
9455261885,41.1854339,-8.6801737,3,36.0,,,
9455261886,41.1853073,-8.680069,1,35.0,,,
9455261887,41.1853617,-8.680114,4,35.0,crossing,,
9455676532,41.1837114,-8.6834011,4,28.0,,,
9455676546,41.1836402,-8.6834604,4,28.0,,,
9455676550,41.1836262,-8.6833031,5,37.0,,,
9456255773,41.1840668,-8.6821412,1,37.0,,,
9456255774,41.1842795,-8.6816371,3,37.0,,,
9456255775,41.1844445,-8.6814189,3,37.0,,,
9456255780,41.1843989,-8.6813846,3,37.0,,,
9456255798,41.1834546,-8.6817805,1,37.0,,,
9456255809,41.1836535,-8.6821179,1,37.0,,,
9456290923,41.1835945,-8.6820285,4,37.0,,,
9456290924,41.1834846,-8.6819397,1,37.0,,,
9456290930,41.1829078,-8.6819675,1,24.0,,,
9456290933,41.1832214,-8.6822094,1,24.0,,,
9456290934,41.1830248,-8.6820503,3,24.0,,,
9456290963,41.1833888,-8.6808592,1,35.0,,,
9456290968,41.1840709,-8.681138,4,35.0,crossing,,
9456290983,41.1830628,-8.6819605,3,24.0,,,
9456290985,41.1839328,-8.682636,4,37.0,,,
9456290986,41.1835079,-8.6823084,1,37.0,,,
9456291023,41.1836184,-8.6821198,3,37.0,,,
9456587720,41.182281,-8.6828878,1,24.0,,,
9456587722,41.1821993,-8.6829065,1,24.0,,,
9456587725,41.1836872,-8.6840215,1,28.0,,,
9456587726,41.1834385,-8.6839194,3,28.0,,,
9456587756,41.1826776,-8.683824,3,23.0,,,
9456587757,41.1833348,-8.6846367,1,28.0,,,
9456587758,41.183175,-8.6844622,4,23.0,crossing,,
9456587759,41.1828322,-8.6850582,1,23.0,,,
9456587760,41.1828331,-8.6851423,1,23.0,,,
9456587761,41.1828867,-8.68521,1,23.0,,,
9456587762,41.1829892,-8.6852082,1,23.0,,,
9456587763,41.1829348,-8.6852176,1,23.0,,,
9456587764,41.1823223,-8.6844855,1,23.0,,,
9456587765,41.1822046,-8.684377,1,23.0,,,
9456587766,41.1821413,-8.6843011,1,23.0,,,
9456587767,41.1821602,-8.6843251,4,23.0,crossing,,
9456587769,41.1821231,-8.6831553,4,24.0,crossing,,
9483553466,41.1877928,-8.6311746,1,102.0,,,
9545074130,41.2190708,-8.6626818,3,47.0,,,
9545074133,41.2187023,-8.6626968,3,22.0,,,
9545074158,41.2186007,-8.6621675,3,35.0,,,
9545074160,41.2180702,-8.6622723,1,35.0,,,
9545074184,41.2195646,-8.6618894,3,74.0,,,
9545074239,41.2198502,-8.6620942,1,74.0,,,
9560892652,41.2011323,-8.6171134,3,54.0,crossing,,
9560892658,41.1982942,-8.6180309,1,55.0,,,
9560892664,41.1987006,-8.6178967,3,55.0,,,
9560892669,41.1983617,-8.6201892,1,52.0,,,
9560892670,41.1979037,-8.6201893,1,63.0,,,
9560892671,41.1983637,-8.6203022,1,52.0,,,
9560892672,41.1979054,-8.6203149,1,63.0,,,
9560892714,41.1987671,-8.6201427,3,52.0,,,
9560966213,41.2196477,-8.6293923,1,39.0,,,
9561185491,41.1907523,-8.697044,3,13.0,,,
9561185497,41.1909197,-8.696719,4,13.0,crossing,,
9571190609,41.196387,-8.6859151,3,24.0,,,
9573976973,41.1903161,-8.6986667,3,18.0,,,
9573976975,41.190122,-8.6986395,1,18.0,,,
9573976999,41.1890224,-8.6980927,3,8.0,,,
9573978434,41.1903944,-8.698007,3,18.0,,,
9573978436,41.1904093,-8.6983734,3,18.0,,,
9573978438,41.1903566,-8.6986688,3,18.0,,,
9573978440,41.1903016,-8.699026,3,18.0,,,
9573978441,41.1902863,-8.6994239,1,18.0,,,
9573978444,41.1904222,-8.6979983,3,18.0,,,
9573978456,41.1902509,-8.6983791,1,18.0,,,
9573978458,41.1914406,-8.6989202,1,18.0,,,
9573978459,41.1914286,-8.6990066,3,18.0,,,
9573978460,41.1914368,-8.6989477,4,18.0,,,
9573978524,41.2043749,-8.6968993,3,38.0,,,
9578028298,41.1863376,-8.6354155,1,88.0,,,
9578062635,41.1873507,-8.5993974,3,106.0,,,
9578062636,41.1873446,-8.5991717,1,106.0,,,
9578062738,41.1865541,-8.6342388,3,88.0,,,
9578062739,41.1873122,-8.6343568,3,88.0,,,
9660650412,41.2350802,-8.7122789,1,31.0,,,
9677872564,41.1921471,-8.696647,1,26.0,,,
9685819155,41.1877507,-8.6775242,1,40.0,,,
9685819156,41.1877072,-8.6777362,1,40.0,,,
9688619114,41.2017499,-8.6394613,3,86.0,,,
9708397530,41.1828039,-8.6185239,4,97.0,,,
9708957640,41.2348782,-8.641092,1,33.0,,,
9710588937,41.1890506,-8.6970746,3,5.0,,,
9710588941,41.1888851,-8.6973236,3,5.0,,,
9710592746,41.2138869,-8.6826896,3,54.0,,,
9710592749,41.2134135,-8.6832981,3,54.0,,,
9710981838,41.1915689,-8.6931672,4,-1.0,,,
9711067350,41.1933046,-8.6967127,3,26.0,,,
9711174601,41.1914012,-8.6929227,3,-1.0,crossing,,
9711174602,41.1913552,-8.6930022,3,-1.0,crossing,,
9711174621,41.1939272,-8.6891183,1,23.0,,,
9711371711,41.1899869,-8.704817,1,1.0,,,
9722318993,41.1874552,-8.6914336,3,14.0,,,
9722318994,41.1875813,-8.6908437,1,5.0,,,
9722318996,41.18741,-8.6915155,3,14.0,,,
9722318997,41.1876281,-8.6911201,3,5.0,,,
9722318998,41.1879848,-8.6913083,1,5.0,,,
9722319001,41.1872751,-8.6912999,1,14.0,,,
9756596111,41.1827379,-8.6933546,1,13.0,,,
9756596112,41.1827923,-8.6932433,3,13.0,,,
9757485341,41.1815213,-8.6923855,1,13.0,,,
9757485342,41.1814794,-8.6923571,3,13.0,,,
9757485409,41.1815067,-8.6937285,1,13.0,,,
9757485410,41.181604,-8.6935472,3,13.0,,,
9757485411,41.1814887,-8.6937127,1,13.0,,,
9757485412,41.181586,-8.6935298,3,13.0,,,
9768510791,41.2194128,-8.6979304,1,37.0,,,
9768561342,41.2274325,-8.679572,3,59.0,,,
9768561348,41.2275016,-8.6794804,3,59.0,,,
9768575780,41.2283669,-8.6924935,3,41.0,,,
9768575781,41.2287967,-8.692967,1,41.0,,,
9768578746,41.2426283,-8.7233876,3,6.0,,,
9768578747,41.2429745,-8.7234062,3,6.0,,,
9768578748,41.2428332,-8.723394,3,6.0,,,
9768578758,41.2425952,-8.7236796,1,6.0,,,
9768669314,41.1962746,-8.6306062,1,82.0,,,
9768783519,41.2017771,-8.6972748,3,43.0,,,
9768783520,41.2017517,-8.6978477,3,43.0,,,
9768783527,41.2019158,-8.6979159,3,43.0,,,
9768783532,41.201638,-8.6972038,3,43.0,,,
9768783533,41.2014695,-8.6971739,3,43.0,,,
9768847562,41.2231351,-8.632337,1,45.0,,,
9768847569,41.2026066,-8.608983,3,70.0,,,
9768847578,41.2026833,-8.6100438,1,70.0,,,
9772961091,41.1774138,-8.6905647,1,12.0,,,
9773138966,41.1771894,-8.6913883,1,12.0,,,
9809583144,41.1919621,-8.6527693,1,87.0,,,
9809583176,41.1916459,-8.6519673,1,86.0,,,
9809583210,41.1915318,-8.6519435,3,86.0,,,
9809585349,41.1913118,-8.6529351,3,86.0,,,
9809585350,41.1913831,-8.6527321,1,86.0,,,
9809585351,41.1915635,-8.6528599,1,86.0,,,
9809585352,41.1914818,-8.6530817,3,86.0,,,
9809585355,41.1913384,-8.6523962,1,86.0,,,
9809585356,41.1912195,-8.6523827,3,86.0,,,
9809585359,41.1918807,-8.6516034,1,89.0,,,
9809585383,41.1913345,-8.6525679,1,86.0,,,
9809585384,41.1912729,-8.6525658,1,86.0,,,
9809585385,41.1913405,-8.6523171,1,86.0,,,
9809585386,41.1912793,-8.6523166,1,86.0,,,
9809585405,41.1912733,-8.6526149,1,86.0,,,
9809585406,41.1911723,-8.6525545,1,86.0,,,
9809585407,41.1914098,-8.652973,1,86.0,,,
9809585408,41.1913674,-8.6529408,1,86.0,,,
9809585409,41.1913304,-8.6530348,1,86.0,,,
9809585410,41.191355,-8.6529723,4,86.0,crossing,,
9809585421,41.1916046,-8.6514082,1,86.0,,,
9809585422,41.1916318,-8.6514764,1,86.0,,,
9809585423,41.1915671,-8.651624,1,86.0,,,
9809585424,41.1914588,-8.6517073,3,86.0,,,
9817705415,41.1862807,-8.6930475,4,14.0,,,
9817705416,41.1862593,-8.6930856,3,14.0,crossing,,
9817708442,41.18716,-8.6917952,3,14.0,,,
9832933647,41.1845345,-8.6963618,3,4.0,,,
9832933649,41.1855947,-8.6960416,1,5.0,,,
9832999047,41.1847437,-8.6965263,1,4.0,,,
9832999048,41.184699,-8.6966021,1,4.0,,,
9832999049,41.1847203,-8.696566,4,4.0,crossing,,
9832999108,41.1847557,-8.6959624,3,4.0,,,
9833138141,41.185133,-8.6954382,1,10.0,,,
9833138142,41.1850686,-8.6955523,1,10.0,,,
9833138143,41.1849845,-8.6952848,1,10.0,,,
9833138144,41.1849189,-8.6953957,1,10.0,,,
9833138149,41.1840929,-8.6944368,1,10.0,,,
9833138150,41.1840386,-8.6945216,1,10.0,,,
9833138153,41.1839307,-8.6942863,1,10.0,,,
9833138154,41.1838782,-8.694375,1,10.0,,,
9833138158,41.1833773,-8.693879,1,10.0,,,
9833138161,41.1832604,-8.6936302,1,13.0,,,
9833138162,41.1832067,-8.6937285,1,13.0,,,
9833138165,41.1816658,-8.6920012,1,13.0,,,
9833138166,41.1816147,-8.6919532,1,13.0,,,
9833138167,41.1817004,-8.6920931,1,13.0,,,
9833138168,41.1816396,-8.6922357,1,13.0,,,
9833138171,41.1815537,-8.6919822,1,13.0,,,
9833138172,41.1814988,-8.6921026,1,13.0,,,
9833138173,41.1811118,-8.691523,1,16.0,,,
9833138174,41.1810474,-8.6916466,1,16.0,,,
9833138177,41.1802185,-8.69068,1,16.0,,,
9833138178,41.1801636,-8.6907751,1,16.0,,,
9833146275,41.1842877,-8.6955048,1,10.0,,,
9836725194,41.180768,-8.6937603,1,0.0,,,
9836725195,41.1805623,-8.694091,1,0.0,,,
9836732950,41.1800857,-8.6935465,1,9.0,,,
9836732955,41.1801582,-8.6939427,3,0.0,,,
9836732961,41.1801867,-8.693706,3,9.0,,,
9836732962,41.1801914,-8.6936499,3,9.0,,,
9836732963,41.1806486,-8.6941216,1,0.0,,,
9836732964,41.180811,-8.6941484,1,0.0,,,
9836732965,41.1807431,-8.6940971,1,0.0,,,
9836732974,41.1811578,-8.6932124,1,9.0,,,
9836732975,41.181118,-8.6931739,3,9.0,,,
9836732976,41.181229,-8.6931423,1,9.0,,,
9836732977,41.1811999,-8.6932074,1,9.0,,,
9836732978,41.1812229,-8.693058,1,9.0,,,
9836732979,41.18119,-8.6930295,1,9.0,,,
9836732980,41.1811295,-8.6930407,1,9.0,,,
9836732981,41.1811059,-8.6931043,3,9.0,,,
9836732983,41.1806325,-8.6926967,3,9.0,,,
9836732991,41.1806894,-8.6927018,3,9.0,,,
9836732992,41.1807103,-8.6926626,1,9.0,,,
9836732993,41.1807021,-8.692678,4,9.0,crossing,,
9836732994,41.1805776,-8.6926429,1,9.0,,,
9836732995,41.1806068,-8.6926709,4,9.0,crossing,,
9846198906,41.1801579,-8.6932289,1,9.0,,,
9846198907,41.1802562,-8.6933093,3,9.0,,,
9846219756,41.1805553,-8.6925724,1,9.0,,,
9846219757,41.1805775,-8.6925338,1,9.0,,,
9846219758,41.1805678,-8.6925506,4,9.0,crossing,,
9846219796,41.180027,-8.6920601,1,9.0,,,
9846219797,41.180049,-8.692022,1,9.0,,,
9846555315,41.2239351,-8.6344066,3,50.0,,,
9846630523,41.2237273,-8.6354313,1,46.0,,,
9846630530,41.224617,-8.6335644,1,50.0,,,
9846630534,41.2243083,-8.6346641,3,50.0,,,
9846630537,41.2246816,-8.6349592,1,50.0,,,
9846630542,41.2248591,-8.6340848,1,50.0,,,
9846630560,41.2238685,-8.6362198,1,46.0,,,
9864964881,41.1804446,-8.6514679,1,85.0,,,
9864964885,41.179759,-8.6515085,3,85.0,,,
9865163206,41.1866439,-8.6110617,1,99.0,,,
9865202383,41.2042626,-8.6949491,3,40.0,,,
9865202395,41.2040878,-8.6964217,1,37.0,,,
9865249138,41.1882888,-8.6582574,3,75.0,,,
9865305610,41.2000588,-8.6286865,1,65.0,,,
9865313117,41.1988837,-8.6302653,4,73.0,,,
9865313118,41.1990285,-8.6305909,1,73.0,,,
9865313119,41.2002202,-8.629467,1,75.0,,,
9865313120,41.2001089,-8.6292163,3,75.0,,,
9865313121,41.2003887,-8.6294778,1,75.0,,,
9865313122,41.2002358,-8.6291077,3,65.0,,,
9865313123,41.2003697,-8.628993,3,65.0,,,
9865313127,41.1986329,-8.6309047,1,73.0,,,
9865496605,41.2002066,-8.6926235,3,32.0,,,
9865496606,41.1999669,-8.6937281,3,37.0,,,
9867372208,41.2255085,-8.7160152,1,5.0,,,
9867372212,41.2252266,-8.7163512,3,5.0,,,
9870790642,41.1936436,-8.6884842,1,1.0,crossing,,
9870790643,41.1936109,-8.6884463,1,1.0,crossing,,
9881464274,41.1812774,-8.6927619,1,13.0,,,
9881464275,41.1813036,-8.6927863,3,13.0,,,
9881487710,41.1814356,-8.6923782,1,13.0,,,
9881487711,41.1814629,-8.6923976,3,13.0,,,
9881590008,41.1815654,-8.6922503,1,13.0,,,
9881590009,41.1815124,-8.6922033,1,13.0,,,
9881590010,41.1811098,-8.6918221,1,9.0,,,
9881590011,41.1810622,-8.6917728,1,9.0,,,
9883177575,41.18049,-8.6911612,1,16.0,,,
9883177576,41.1805464,-8.6910621,3,16.0,,,
9883177578,41.1802775,-8.6909543,1,16.0,,,
9883177579,41.1803344,-8.6908562,3,16.0,,,
9883177587,41.1804192,-8.6910922,1,16.0,,,
9883177589,41.1800069,-8.6915743,1,16.0,,,
9883177603,41.1805321,-8.6912022,1,16.0,,,
9883177604,41.1805854,-8.6910999,3,16.0,,,
9883177605,41.1805871,-8.6912557,1,16.0,,,
9883177606,41.1806419,-8.6911548,3,16.0,,,
9883177628,41.1808796,-8.692041,1,9.0,,,
9883177629,41.1809274,-8.692085,3,9.0,,,
9883177630,41.1808895,-8.6920226,1,9.0,,,
9883177631,41.1809376,-8.6920663,3,9.0,,,
9883177649,41.1808003,-8.6921873,1,9.0,,,
9883177650,41.1808464,-8.6922335,3,9.0,,,
9883177652,41.1807163,-8.6923427,1,9.0,,,
9883177653,41.1807611,-8.6923898,3,9.0,,,
9883177654,41.1807009,-8.6923713,1,9.0,,,
9883177655,41.1807458,-8.6924179,3,9.0,,,
9883177656,41.1806876,-8.692396,1,9.0,,,
9883177657,41.1807323,-8.6924426,3,9.0,,,
9883177671,41.1805065,-8.6923787,1,9.0,,,
9883177672,41.1804671,-8.6924554,3,9.0,,,
9883177673,41.1804607,-8.6923357,1,9.0,,,
9883177674,41.1804203,-8.6924112,3,9.0,,,
9883177675,41.1804446,-8.6923206,1,9.0,,,
9883177676,41.1804043,-8.692396,3,9.0,,,
9883177687,41.1801611,-8.6920547,1,9.0,,,
9883177688,41.1801232,-8.6921239,3,9.0,,,
9883177689,41.1801297,-8.6920252,1,9.0,,,
9883177690,41.1800932,-8.6920947,3,9.0,,,
9883602057,41.1806365,-8.6910293,1,16.0,,,
9883602058,41.1805959,-8.6911102,3,16.0,,,
9883602059,41.1806581,-8.6910507,1,16.0,,,
9883602060,41.1806171,-8.6911308,3,16.0,,,
9883602098,41.1806987,-8.6905921,1,16.0,,,
9883602099,41.1807052,-8.6904954,3,16.0,,,
9883602126,41.1810655,-8.6906355,1,16.0,,,
9883602127,41.1810721,-8.6905404,3,16.0,,,
9883602172,41.1812423,-8.6909119,1,16.0,,,
9883602173,41.1814571,-8.6911145,3,15.0,,,
9883602174,41.1810822,-8.6912155,1,16.0,,,
9883602175,41.1812944,-8.6914131,4,15.0,,,
9883602176,41.1812673,-8.6906593,1,15.0,,,
9883602177,41.1812713,-8.6905649,3,15.0,,,
9883602185,41.1812131,-8.6908061,1,16.0,,,
9883602187,41.1812409,-8.6905611,3,16.0,,,
9883602188,41.1811762,-8.6906486,1,16.0,,,
9883602189,41.1811825,-8.690554,3,16.0,,,
9883811740,41.1818,-8.6906045,1,15.0,,,
9883811741,41.1817628,-8.6907033,1,15.0,,,
9883811742,41.1816894,-8.6907872,1,15.0,,,
9883811743,41.1816253,-8.6907304,1,15.0,,,
9883811744,41.1815881,-8.6906452,1,15.0,,,
9883811745,41.1815946,-8.6905452,1,15.0,,,
9883811746,41.1816924,-8.6905218,1,15.0,,,
9883811747,41.1817767,-8.6905303,1,15.0,,,
9883811748,41.1811962,-8.6915173,1,16.0,,,
9883811749,41.1812427,-8.6915618,1,16.0,,,
9883811751,41.1820884,-8.6908111,1,15.0,,,
9883811752,41.1821302,-8.690853,1,15.0,,,
9883811753,41.1820772,-8.6909827,1,15.0,,,
9883811754,41.1820345,-8.6909382,1,15.0,,,
9883811755,41.1820214,-8.6909012,1,15.0,,,
9883811756,41.1820558,-8.6908209,1,15.0,,,
9883811757,41.1821395,-8.6909234,1,15.0,,,
9883811758,41.18212,-8.6909741,1,15.0,,,
9883811763,41.181791,-8.6898291,4,15.0,,,
9883811768,41.181751,-8.6897133,3,15.0,,,
9883811769,41.1817437,-8.6898238,3,15.0,,,
9883811772,41.1818588,-8.6897245,3,15.0,,,
9883811773,41.1818518,-8.6898358,3,15.0,,,
9883811778,41.1823837,-8.6900615,3,15.0,,,
9883811782,41.1824618,-8.6901384,3,15.0,,,
9883811787,41.1844275,-8.6919706,3,13.0,,,
9883811788,41.1843799,-8.6920664,3,13.0,,,
9883811806,41.187272,-8.6938664,3,10.0,,,
9883811809,41.1870379,-8.6938665,3,10.0,,,
9883811810,41.1870428,-8.6939599,3,10.0,,,
9883811813,41.1860537,-8.693598,3,14.0,,,
9883811814,41.1860085,-8.6936804,3,14.0,,,
9883953856,41.1814576,-8.6916053,1,15.0,,,
9883953857,41.1812724,-8.6914534,4,15.0,,,
9883953883,41.18167,-8.6908547,1,15.0,,,
9883953884,41.1816171,-8.690821,3,15.0,,,
9883953886,41.1815002,-8.6911836,1,15.0,,,
9883953887,41.1814426,-8.6911412,3,15.0,,,
9883953892,41.1816533,-8.691834,1,13.0,,,
9883953893,41.1816833,-8.6918589,3,13.0,,,
9883953894,41.1817948,-8.691489,1,15.0,,,
9883953895,41.181826,-8.6915137,3,15.0,,,
9883953897,41.181968,-8.6910668,1,15.0,,,
9883953898,41.1820006,-8.6910911,3,15.0,,,
9884964996,41.1835906,-8.6911534,3,16.0,,,
9884965000,41.1841168,-8.6916663,3,16.0,,,
9887548814,41.1817448,-8.6920908,1,13.0,,,
9887548816,41.1818447,-8.6915971,1,15.0,,,
9887584017,41.181766,-8.6921112,1,13.0,,,
9887584018,41.1817278,-8.6922094,3,13.0,,,
9887584073,41.1821302,-8.692461,1,13.0,,,
9887584074,41.1820777,-8.6925492,3,13.0,,,
9887584086,41.1825876,-8.6921822,1,13.0,,,
9887584088,41.1823244,-8.6927889,3,13.0,,,
9887584094,41.1822838,-8.6926086,1,13.0,,,
9887584095,41.1822331,-8.6927002,3,13.0,,,
9887584097,41.1824459,-8.6927643,1,13.0,,,
9887584098,41.1827291,-8.6923022,1,13.0,,,
9890230230,41.1821623,-8.6912136,1,15.0,,,
9890230231,41.1822409,-8.6910681,3,15.0,,,
9892928945,41.2152218,-8.6311501,3,63.0,,,
9892928947,41.2154515,-8.6305569,1,63.0,,,
9892928948,41.2150216,-8.6309837,3,63.0,,,
9892928950,41.2154596,-8.6298864,1,63.0,,,
9892928951,41.2151079,-8.6310555,3,63.0,,,
9892928956,41.2154293,-8.6301144,3,63.0,,,
9892928958,41.2156855,-8.6297308,1,63.0,,,
9892928959,41.215964,-8.6304711,1,63.0,,,
9906297576,41.2101682,-8.6299249,1,82.0,,,
9909670699,41.1913676,-8.6929741,3,-1.0,,,
9931439833,41.1830647,-8.6919313,3,13.0,,,
9931439834,41.1829081,-8.6921748,1,13.0,,,
9931439835,41.1831853,-8.6920572,3,13.0,,,
9931439837,41.1828949,-8.6922904,1,13.0,,,
9931439843,41.1832438,-8.692185,1,13.0,,,
9931439844,41.1832684,-8.6921439,3,13.0,,,
9931439845,41.183315,-8.6922288,1,13.0,,,
9931439846,41.1833443,-8.6921724,1,13.0,,,
9931439860,41.1833603,-8.6923081,1,13.0,,,
9931439861,41.1833821,-8.6922645,3,13.0,,,
9931439884,41.1834966,-8.6929116,1,13.0,,,
9931439885,41.183509,-8.6929409,3,13.0,,,
9931439886,41.1835225,-8.6928243,1,13.0,,,
9931439887,41.1835571,-8.6929031,3,13.0,,,
9931439895,41.1832031,-8.6928579,1,13.0,,,
9931439896,41.1831387,-8.6929074,3,13.0,,,
9931439905,41.1829702,-8.6925036,1,13.0,,,
9931439906,41.1829485,-8.6925233,3,13.0,,,
9931439907,41.1829112,-8.6924575,1,13.0,,,
9931439908,41.1829895,-8.6926546,1,13.0,,,
9931439909,41.183001,-8.6926293,3,13.0,,,
9931439915,41.183509,-8.6925709,1,13.0,,,
9931439916,41.1835726,-8.6924643,3,13.0,,,
9931894122,41.1836246,-8.6928863,1,13.0,,,
9931894123,41.1836135,-8.6928589,3,13.0,,,
9931894126,41.1836117,-8.6930602,1,13.0,,,
9931894127,41.1835296,-8.6929247,3,13.0,,,
9931894128,41.1834922,-8.6929948,1,13.0,,,
9931894129,41.1834746,-8.6929679,3,13.0,,,
9931894151,41.1833905,-8.6935162,1,13.0,,,
9931894152,41.1834294,-8.6935576,3,13.0,,,
9931894153,41.1834579,-8.6934026,1,13.0,,,
9931894154,41.1834952,-8.6934453,3,13.0,,,
9931894166,41.1833715,-8.6936195,1,13.0,,,
9931894167,41.1834028,-8.693653,1,13.0,,,
9931894168,41.1833848,-8.6936337,4,13.0,crossing,,
9931894169,41.1838308,-8.6927759,1,13.0,,,
9931894170,41.1838669,-8.6927182,1,13.0,,,
9931894171,41.1838267,-8.6928269,1,13.0,,,
9931894172,41.1838631,-8.6928671,1,13.0,,,
9931894173,41.1839024,-8.6928725,1,13.0,,,
9931894174,41.1839438,-8.6928034,1,13.0,,,
9932374086,41.2188726,-8.6943151,3,39.0,,,
9932374088,41.2185886,-8.6941031,3,41.0,,,
9932374093,41.2187391,-8.6943875,4,41.0,,,
9932374099,41.2187941,-8.6939519,3,39.0,,,
9932374101,41.2188998,-8.6940703,3,39.0,,,
9932374107,41.2181828,-8.6955637,3,41.0,,,
9932374114,41.2178123,-8.69709,3,41.0,,,
9932374116,41.2176517,-8.6971295,3,41.0,,,
9932380040,41.2186362,-8.6943297,3,41.0,,,
9934180070,41.1832209,-8.6938477,1,9.0,,,
9934180071,41.1832745,-8.6939047,1,9.0,,,
9934180072,41.1832448,-8.6938731,4,9.0,crossing,,
9934180073,41.1828155,-8.6945531,1,9.0,,,
9934180074,41.1828629,-8.6946019,1,9.0,,,
9934180075,41.1828155,-8.6947482,1,9.0,,,
9934180076,41.1828507,-8.6946873,1,9.0,,,
9934180077,41.1827513,-8.6945877,1,9.0,,,
9934180078,41.1827084,-8.6946629,1,9.0,,,
9934180079,41.1833816,-8.6953012,1,10.0,,,
9934180080,41.1834198,-8.6952341,1,10.0,,,
9934180081,41.1834871,-8.6952361,1,10.0,,,
9934180082,41.1835391,-8.695289,1,10.0,,,
9934180083,41.1835068,-8.6952561,4,10.0,crossing,,
9934180084,41.1839032,-8.6944942,1,10.0,,,
9934180085,41.1839552,-8.6945409,1,10.0,,,
9934180086,41.1839256,-8.6945142,4,10.0,crossing,,
9934180087,41.1850898,-8.693962,3,10.0,,,
9934180088,41.1845389,-8.6935364,1,13.0,,,
9934180089,41.1845782,-8.6934761,1,13.0,,,
9934180090,41.1840615,-8.6943035,1,10.0,,,
9934180091,41.1840221,-8.694262,1,10.0,,,
9934180244,41.1836309,-8.6935221,1,13.0,,,
9934180257,41.1835298,-8.6938195,1,10.0,,,
9934180258,41.1834805,-8.6939117,3,10.0,,,
9934180269,41.1841544,-8.6939942,1,10.0,,,
9934180270,41.1841891,-8.6940314,3,10.0,,,
9934180294,41.1837238,-8.6931128,1,13.0,,,
9934180295,41.1837028,-8.6930906,3,13.0,,,
9934180317,41.1842352,-8.6932435,1,13.0,,,
9934180318,41.1842662,-8.6931972,3,13.0,,,
9934180319,41.1839964,-8.6935291,1,13.0,,,
9934180320,41.1842206,-8.6931486,3,13.0,,,
9934180333,41.1843138,-8.6937255,1,13.0,,,
9934180334,41.1843465,-8.6937609,3,10.0,,,
9934180339,41.1843236,-8.6938003,3,10.0,,,
9934180340,41.1840781,-8.6935642,1,13.0,,,
9934180347,41.1839025,-8.694106,1,10.0,,,
9934180348,41.1838209,-8.6942422,3,10.0,,,
9934180370,41.1839655,-8.6928771,3,13.0,,,
9934180373,41.1837461,-8.6932176,1,13.0,,,
9934180374,41.1844705,-8.6935001,1,13.0,,,
9934180375,41.1845007,-8.693534,1,13.0,,,
9936243379,41.1948647,-8.5969022,3,84.0,,,
9936243386,41.1958872,-8.5968224,1,61.0,,,
9936251777,41.1960643,-8.5967445,3,61.0,,,
9936251780,41.1960401,-8.5972187,3,61.0,,,
9936251787,41.1947775,-8.5974419,3,84.0,,,
9936251797,41.1933752,-8.5969744,3,86.0,,,
9936262968,41.205749,-8.6291187,1,59.0,,,
9936283179,41.1911031,-8.5956959,3,103.0,,,
9936288414,41.1937141,-8.600523,3,75.0,,,
9936292350,41.1910308,-8.5957773,3,103.0,,,
9936292351,41.1907525,-8.5956242,3,103.0,,,
9936297520,41.1929037,-8.6013365,3,75.0,,,
9936297525,41.1943488,-8.6016375,3,84.0,,,
9936306632,41.1892267,-8.6076002,1,94.0,,,
9936306636,41.1880882,-8.6072053,1,94.0,,,
9938135503,41.2026634,-8.6292762,3,73.0,,,
9938135506,41.2029538,-8.6294202,1,73.0,,,
9967535689,41.1858652,-8.6055248,3,104.0,,,
9985806393,41.2182435,-8.6932089,3,42.0,,,
10008335461,41.1983224,-8.6103933,3,87.0,,,
10008335468,41.1983889,-8.61031,3,87.0,,,
10008335470,41.1984194,-8.6104193,3,88.0,,,
10020696666,41.1727788,-8.6798257,3,25.0,,,
10020696713,41.1727956,-8.6800711,1,25.0,,,
10020701521,41.1723033,-8.6799679,1,25.0,,,
10020701568,41.1729532,-8.6802172,3,18.0,,,
10020701570,41.1721594,-8.6783912,3,26.0,,,
10020701583,41.1722123,-8.6801311,3,25.0,,,
10020701616,41.1729148,-8.680131,3,25.0,,,
10020701638,41.1728894,-8.6802855,3,25.0,,,
10020701642,41.1727662,-8.6801315,1,25.0,,,
10020701670,41.1730363,-8.6805068,3,18.0,,,
10024023734,41.1875398,-8.6928038,3,0.0,,,
10024040948,41.1901057,-8.6958593,3,13.0,,,
10024040951,41.1901044,-8.6959481,3,13.0,,,
10031311588,41.2009185,-8.673844,1,36.0,,,
10031311726,41.2034941,-8.6736488,1,13.0,,,
10031311745,41.2043996,-8.6757595,3,50.0,,,
10031311746,41.2043611,-8.6759668,3,50.0,,,
10031331382,41.1994699,-8.6743464,3,57.0,,,
10031331385,41.1991839,-8.6754148,1,51.0,,,
10031331449,41.1993266,-8.6705099,3,55.0,,,
10031331452,41.1986823,-8.6707354,3,55.0,,,
10031331456,41.1980735,-8.6701093,1,55.0,,,
10031331458,41.1984834,-8.6697516,1,55.0,,,
10031331459,41.198211,-8.6714215,3,60.0,,,
10031331462,41.1980552,-8.6706012,1,55.0,,,
10033273955,41.2051753,-8.6783748,3,51.0,,,
10033273956,41.2046099,-8.6783043,1,51.0,,,
10033273960,41.2044943,-8.6788855,1,51.0,,,
10033273961,41.2045574,-8.6788942,3,51.0,,,
10033273976,41.2016487,-8.6826387,3,19.0,,,
10033273977,41.200273,-8.6838722,3,27.0,,,
10033274063,41.1987982,-8.6842367,1,21.0,,,
10033274131,41.1994553,-8.6841096,3,21.0,,,
10033274152,41.1988031,-8.6839586,3,21.0,,,
10033274154,41.1988289,-8.6836818,3,21.0,,,
10033274164,41.2000265,-8.6829429,3,19.0,,,
10033274170,41.2001081,-8.6831362,3,19.0,mini_roundabout,,
10035056031,41.2042072,-8.6882275,3,43.0,,,
10035056041,41.2021902,-8.6882409,1,36.0,,,
10035056042,41.2030458,-8.6877179,1,36.0,,,
10035056046,41.204032,-8.6875606,3,36.0,,,
10035056135,41.197783,-8.6837256,1,12.0,,,
10035056136,41.1979243,-8.6835727,1,21.0,,,
10035056137,41.1978181,-8.6836876,4,12.0,crossing,,
10036763646,41.1985397,-8.6832401,3,12.0,,,
10036763651,41.1980823,-8.6831552,1,12.0,,,
10036763652,41.1982318,-8.6830381,1,12.0,,,
10036771636,41.1990986,-8.6842831,3,21.0,,,
10036771653,41.1989898,-8.684052,1,21.0,,,
10036771656,41.1988821,-8.6838315,3,21.0,,,
10036771750,41.1989763,-8.6833318,1,12.0,,,
10036771791,41.1987792,-8.6831361,1,12.0,,,
10036771792,41.1987388,-8.6830719,3,12.0,,,
10036771862,41.1994584,-8.6830393,3,12.0,,,
10036771863,41.1995883,-8.6829636,3,12.0,,,
10036771868,41.1994557,-8.6826921,3,12.0,,,
10036771873,41.1983939,-8.6829768,1,12.0,,,
10036771874,41.1993167,-8.684177,3,21.0,,,
10036771876,41.1995184,-8.6837559,1,21.0,,,
10036771879,41.1995955,-8.6838761,1,21.0,,,
10036771881,41.1993191,-8.6840642,3,21.0,,,
10036771882,41.199499,-8.6837762,3,21.0,,,
10036771941,41.2000194,-8.6832294,1,19.0,,,
10114038975,41.2222917,-8.6404681,3,58.0,,,
10114038977,41.2221105,-8.6397954,3,58.0,,,
10114038978,41.222053,-8.640223,3,58.0,,,
10114038979,41.2222137,-8.6399079,3,58.0,,,
10114038987,41.2222761,-8.6405748,3,58.0,,,
10114038992,41.2225339,-8.6390153,3,67.0,crossing,,
10114038995,41.2222194,-8.6392855,3,67.0,,,
10114038996,41.2221236,-8.6394858,3,67.0,,,
10114038997,41.2221303,-8.6395397,3,67.0,,,
10114039000,41.2224359,-8.6395523,3,67.0,,,
10114039001,41.2223321,-8.640192,3,58.0,,,
10114039004,41.2220381,-8.6397119,3,58.0,,,
10114039012,41.2223486,-8.6387371,3,67.0,,,
10114078124,41.222345,-8.6390199,1,67.0,,,
10114078147,41.217239,-8.6407218,3,61.0,,,
10114078151,41.2164876,-8.6409265,3,65.0,,,
10114078158,41.2172575,-8.6409336,3,61.0,,,
10114078159,41.2164979,-8.6410345,3,65.0,,,
10114078161,41.2175308,-8.6406758,3,61.0,,,
10114078164,41.217908,-8.6406241,3,61.0,,,
10114078175,41.2080103,-8.6475799,3,82.0,,,
10114078178,41.2078141,-8.6478801,3,82.0,,,
10114078184,41.2079478,-8.6475155,3,82.0,,,
10114078189,41.2083867,-8.6467082,3,64.0,,,
10114078190,41.2077485,-8.6477189,3,82.0,,,
10114078200,41.2085752,-8.6471898,3,64.0,,,
10114078201,41.2083494,-8.6469805,3,64.0,,,
10114093322,41.2010193,-8.6494491,3,91.0,,,
10114093323,41.2010605,-8.6495449,3,91.0,,,
10121743224,41.1937523,-8.6327964,3,100.0,,,
10121743227,41.1938767,-8.6328182,3,100.0,,,
10121743228,41.1940372,-8.6328222,3,100.0,,,
10121743229,41.1940867,-8.6328249,1,100.0,,,
10121743230,41.1940372,-8.6330046,3,100.0,,,
10121743231,41.1940766,-8.6330046,1,100.0,,,
10121743232,41.1938747,-8.6330006,3,100.0,,,
10121743233,41.1938757,-8.6330583,1,100.0,,,
10124851082,41.1962655,-8.632892,3,87.0,,,
10124851086,41.1960997,-8.6327349,3,87.0,,,
10124851087,41.1960757,-8.6324689,3,87.0,,,
10124851088,41.1955444,-8.6326395,1,100.0,,,
10129689616,41.2330525,-8.7051641,3,29.0,,,
10139514094,41.1980596,-8.7102904,3,13.0,,,
10139538431,41.1883929,-8.6752518,3,46.0,,,
10139538432,41.1884696,-8.6755199,3,46.0,,,
10144845385,41.1998999,-8.6335571,3,88.0,,,
10144845387,41.1997657,-8.6318459,1,86.0,,,
10152691766,41.2009318,-8.631552,1,84.0,,,
10152691770,41.2007179,-8.6313036,3,84.0,,,
10158320535,41.1952505,-8.6038052,4,97.0,crossing,,
10158320536,41.1951584,-8.6039465,4,97.0,crossing,,
10158320537,41.1951553,-8.6038288,4,97.0,crossing,,
10159744528,41.202603,-8.6312281,3,73.0,,,
10162586862,41.1858356,-8.6892419,4,15.0,crossing,,
10175456291,41.1797522,-8.6641698,1,65.0,,,
10175456299,41.1801687,-8.6653817,1,68.0,,,
10175456303,41.180838,-8.6643244,3,65.0,,,
10175456306,41.1804622,-8.664436,1,65.0,,,
10177278984,41.191164,-8.6242865,4,93.0,crossing,,
10177927563,41.1828583,-8.6719324,1,61.0,,,
10179016473,41.1910092,-8.6270754,3,97.0,,,
10179016490,41.1934977,-8.6265266,1,88.0,,,
10205081085,41.1885559,-8.6263994,3,101.0,,,
10205136386,41.1909407,-8.6243878,3,93.0,,,
10205136389,41.1908868,-8.6240688,1,93.0,,,
10205136459,41.1915126,-8.6230563,3,93.0,,,
10208331322,41.1900501,-8.6222041,1,87.0,,,
10208331328,41.189707,-8.6228934,1,87.0,,,
10208331354,41.1880615,-8.6244271,3,100.0,,,
10208331356,41.1889784,-8.623255,1,100.0,,,
10220597130,41.1868125,-8.6241615,3,100.0,,,
10220597135,41.1872088,-8.6245375,1,100.0,,,
10220597140,41.1865599,-8.6243095,3,100.0,,,
10221872818,41.1893002,-8.7048103,1,0.0,,,
10221872819,41.1893204,-8.7047593,3,0.0,,,
10221872826,41.1883697,-8.7045474,1,0.0,,,
10222483679,41.1881172,-8.6232309,1,100.0,,,
10225393187,41.2013432,-8.6735832,3,36.0,,,
10225393189,41.2012703,-8.6730583,3,36.0,,,
10234472028,41.1903013,-8.6394389,4,97.0,crossing,,
10235476459,41.1884718,-8.6482731,3,92.0,,,
10246635364,41.1972765,-8.6648939,3,72.0,,,
10250678456,41.1833497,-8.6677118,3,66.0,,,
10250678461,41.1834306,-8.6675825,3,66.0,,,
10254084157,41.1868095,-8.6934632,3,14.0,,,
10254084158,41.187221,-8.6926702,3,14.0,,,
10254084159,41.1873443,-8.6934266,4,14.0,,,
10254084160,41.1869961,-8.6931038,4,14.0,,,
10254084161,41.1869072,-8.6930213,3,14.0,,,
10254084162,41.1868203,-8.6931917,3,14.0,,,
10254084163,41.186874,-8.6932401,3,14.0,,,
10254084164,41.1869606,-8.6930708,3,14.0,,,
10254084165,41.1870462,-8.6928986,3,14.0,,,
10254084166,41.186992,-8.692851,3,14.0,,,
10254084168,41.1871003,-8.6929009,4,14.0,,,
10254084170,41.1868897,-8.693311,4,14.0,,,
10254084172,41.1872279,-8.6933187,4,14.0,,,
10254084176,41.1866762,-8.6928071,4,14.0,,,
10273494003,41.1874766,-8.6924198,3,14.0,,,
10273494006,41.1877116,-8.6926872,3,0.0,,,
10273508824,41.1877904,-8.6923813,4,0.0,crossing,,
10273508825,41.1877367,-8.6925946,4,0.0,crossing,,
10273508831,41.1880545,-8.6930822,3,0.0,,,
10273508832,41.1877815,-8.6929249,3,0.0,,,
10273508833,41.1878373,-8.692959,4,0.0,crossing,,
10273508834,41.1879117,-8.6930036,4,0.0,crossing,,
10273508837,41.187599,-8.6930482,3,0.0,,,
10273508839,41.1875913,-8.6929576,3,0.0,,,
10278155389,41.2159602,-8.6545191,1,42.0,,,
10278155390,41.2159091,-8.6543557,3,42.0,,,
10278155391,41.2155677,-8.6541851,1,42.0,,,
10278155407,41.216835,-8.6543094,1,30.0,,,
10278186615,41.2159381,-8.6544484,3,42.0,,,
10278186616,41.2160223,-8.6544015,3,42.0,,,
10278186685,41.2160649,-8.6544098,3,42.0,,,
10296603552,41.1941951,-8.6711421,3,58.0,,,
10296743274,41.1983225,-8.66602,3,73.0,crossing,,
10296771543,41.2009685,-8.6695215,1,42.0,,,
10296771545,41.2016144,-8.6696464,3,42.0,,,
10296795768,41.2083537,-8.6553857,3,64.0,,,
10296795769,41.2090545,-8.655659,1,64.0,,,
10296799643,41.2152992,-8.6575161,1,38.0,,,
10296799644,41.2158851,-8.6569138,3,38.0,,,
10296814170,41.2148707,-8.6696625,3,53.0,,,
10542399494,41.2487034,-8.7214334,3,11.0,,,
10542399495,41.2482249,-8.7215929,1,11.0,,,
10542617392,41.201202,-8.6238706,1,62.0,,,
10543620148,41.1866031,-8.6437563,3,94.0,,,
10543626671,41.1826902,-8.6548636,1,76.0,,,
10543626673,41.1832758,-8.6549692,1,76.0,,,
10577322851,41.1949962,-8.6567631,1,82.0,,,
10577337132,41.2016719,-8.6488582,1,91.0,,,
10577337133,41.2018426,-8.6478613,3,95.0,,,
10577723926,41.1922035,-8.6473888,3,101.0,,,
10577723927,41.1921269,-8.6469181,1,101.0,,,
10577728385,41.1912961,-8.6490276,3,94.0,,,
10577728394,41.19422,-8.6510609,1,90.0,,,
10577749199,41.1945931,-8.6297086,1,98.0,,,
10582667574,41.1811115,-8.6942335,3,0.0,,,
10582667581,41.1811574,-8.6942059,3,0.0,,,
10582667707,41.1861149,-8.6961246,1,5.0,,,
10582667711,41.1859757,-8.6959596,3,5.0,,,
10582667712,41.186201,-8.6956224,4,10.0,,,
10582667717,41.1864163,-8.6930417,3,14.0,,,
10582667720,41.1875385,-8.692826,1,0.0,,,
10582667721,41.1875288,-8.6928387,4,0.0,,,
10582667724,41.1868458,-8.6923955,1,14.0,,,
10584380104,41.2181474,-8.7148833,3,0.0,,,
10584398561,41.2080376,-8.7155899,1,0.0,,,
10584398562,41.2080224,-8.7155285,4,0.0,,,
10584398564,41.207942,-8.7150742,3,0.0,,,
10584398566,41.2101387,-8.7145889,3,0.0,,,
10584398567,41.2100675,-8.7145544,3,6.0,,,
10584398571,41.2055552,-8.7160658,1,2.0,,,
10584430109,41.2191261,-8.7144317,3,8.0,,,
10584430111,41.2236483,-8.7161262,1,7.0,,,
10584430112,41.2265353,-8.7174898,1,2.0,,,
10584430113,41.2266232,-8.7174874,3,2.0,,,
10584430119,41.2264993,-8.7169134,3,2.0,,,
10584430120,41.2294981,-8.720398,3,3.0,,,
10584430124,41.2304141,-8.720599,3,3.0,,,
10584430126,41.2312011,-8.7209334,3,0.0,,,
10584430128,41.2310715,-8.7209,3,0.0,,,
10584430132,41.2307208,-8.7208095,3,3.0,,,
10584430135,41.2307616,-8.7205091,3,3.0,,,
10584430137,41.2305893,-8.7204129,3,3.0,,,
10584430139,41.2309147,-8.719561,3,3.0,,,
10584430142,41.2308755,-8.7204181,3,3.0,,,
10584430144,41.2309256,-8.7200543,3,3.0,,,
10584430145,41.2306502,-8.7199813,3,3.0,,,
10584492238,41.2336343,-8.7221326,3,4.0,,,
10584492241,41.2338025,-8.7224081,3,4.0,,,
10584492246,41.2351346,-8.7224983,1,4.0,,,
10584492247,41.2358058,-8.7232833,3,0.0,,,
10584492248,41.2358412,-8.7240646,1,0.0,,,
10584492253,41.2407549,-8.7263307,1,1.0,,,
10584492254,41.24083,-8.7260636,4,1.0,,,
10584492255,41.2408722,-8.7258468,3,1.0,,,
10584492256,41.2405437,-8.7261648,1,1.0,,,
10584492258,41.2419443,-8.7268907,1,2.0,,,
10584492259,41.2451556,-8.7253118,1,0.0,,,
10584901176,41.2492402,-8.7241879,4,0.0,,,
10584901177,41.2492841,-8.7244782,1,0.0,,,
10584979331,41.2490956,-8.7246598,1,0.0,,,
10584979333,41.2488949,-8.7233204,4,0.0,crossing,,
10584979335,41.2557282,-8.7220053,4,9.0,crossing,,
10584979344,41.2545913,-8.7213488,4,9.0,,,
10584979356,41.2633584,-8.7263993,3,4.0,,,
10592551614,41.194485,-8.6355097,3,111.0,,,
10592556244,41.2011963,-8.6388154,4,86.0,,,
10630219882,41.1804734,-8.690467,3,16.0,,,
10630219886,41.180361,-8.6904532,3,16.0,,,
10630219889,41.1808476,-8.6904187,1,16.0,,,
10630219890,41.1808412,-8.6905121,3,16.0,,,
10630219891,41.1809176,-8.6904274,1,16.0,,,
10630219892,41.1809093,-8.6905204,3,16.0,,,
10630219895,41.1811022,-8.6904504,1,16.0,,,
10630219896,41.1810957,-8.6905433,3,16.0,,,
10630266907,41.181407,-8.6904884,1,15.0,,,
10630266908,41.1814,-8.6905807,3,15.0,,,
10630266909,41.1814469,-8.6904934,1,15.0,,,
10630266910,41.1814425,-8.6905859,3,15.0,,,
10630266911,41.1815281,-8.6905035,1,15.0,,,
10630266912,41.1815236,-8.6905958,3,15.0,,,
10630266913,41.1815609,-8.6905076,1,15.0,,,
10630266914,41.1815556,-8.6905997,3,15.0,,,
10630266979,41.1802674,-8.6904939,1,16.0,,,
10630266980,41.1802745,-8.6903684,1,16.0,,,
10633058123,41.1828092,-8.6908546,1,15.0,,,
10633058189,41.1824363,-8.691197,1,15.0,,,
10633058190,41.18239,-8.6912687,1,15.0,,,
10657562322,41.2178447,-8.6466742,1,23.0,,,
10657562359,41.2206839,-8.6515542,4,32.0,,,
10657562375,41.2170529,-8.65805,3,30.0,,,
10657562386,41.2182166,-8.6687013,1,13.0,,,
10657562387,41.2181571,-8.6691362,4,44.0,,,
10661066749,41.2025945,-8.6097823,1,70.0,,,
10676105923,41.2141684,-8.6669722,1,48.0,,,
10676105927,41.2132664,-8.6664009,3,57.0,,,
10676105928,41.2132803,-8.6662493,3,57.0,,,
10676105963,41.2129981,-8.667042,1,48.0,,,
10676105964,41.2127156,-8.6666611,1,57.0,,,
10676105993,41.2111095,-8.6671707,1,43.0,,,
10676142109,41.2200256,-8.6673806,3,26.0,,,
10676142117,41.2188014,-8.670116,3,44.0,,,
10676142118,41.2186021,-8.6700913,1,44.0,,,
10676142124,41.216894,-8.6687264,3,13.0,,,
10676142138,41.2169659,-8.6683967,1,13.0,,,
10676142139,41.2168407,-8.668976,3,44.0,,,
10676142315,41.2193966,-8.6651774,3,32.0,,,
10676142352,41.2182492,-8.661027,3,35.0,,,
10676142360,41.2173363,-8.6625086,3,22.0,,,
10676142361,41.2185879,-8.6624692,3,35.0,,,
10676142366,41.2177071,-8.6628444,3,22.0,,,
10676142367,41.2177025,-8.6629646,1,22.0,,,
10676142373,41.2173618,-8.6626288,1,22.0,,,
10699501000,41.2204585,-8.7048926,3,23.0,,,
10699501001,41.2204224,-8.7042612,4,23.0,,,
10701585839,41.1816564,-8.6359341,1,81.0,,,
10701585840,41.1813461,-8.6362379,3,81.0,,,
10701592126,41.2197541,-8.6990577,1,37.0,,,
10702558310,41.1950599,-8.6648244,1,77.0,,,
10702591848,41.1968206,-8.6626312,1,76.0,,,
10702591849,41.1964361,-8.6631781,3,76.0,,,
10702619216,41.1995081,-8.6656269,3,73.0,,,
10702619218,41.1987508,-8.6657769,3,73.0,,,
10702619221,41.1984979,-8.6662384,3,73.0,,,
10702619223,41.1987872,-8.6656215,3,73.0,,,
10702619224,41.1994748,-8.6658231,3,73.0,,,
10702619226,41.2000191,-8.6595007,3,67.0,,,
10703014592,41.2012483,-8.6617719,3,74.0,,,
10703014593,41.2011415,-8.6617528,3,74.0,,,
10704364402,41.2155084,-8.6932625,3,42.0,,,
10704407718,41.2154205,-8.6930563,3,42.0,,,
10704407719,41.2144646,-8.6932604,3,44.0,,,
10704407720,41.2152491,-8.6926539,3,42.0,,,
10704407721,41.2136252,-8.6923911,3,44.0,,,
10704407722,41.213818,-8.692236,1,44.0,,,
10704407723,41.2139106,-8.6924601,1,44.0,,,
10704407724,41.2137367,-8.6925717,3,44.0,,,
10704407730,41.2160249,-8.6914233,1,43.0,,,
10704407733,41.2165617,-8.692094,3,42.0,,,
10707703323,41.2137838,-8.684151,4,48.0,,,
10707703325,41.2138285,-8.6839086,4,48.0,crossing,,
10707703329,41.2139121,-8.6841564,4,48.0,,,
10707703335,41.2133539,-8.6837853,4,48.0,,,
10707703336,41.2133524,-8.683964,4,48.0,crossing,,
10707703337,41.2133508,-8.6841451,4,48.0,crossing,,
10707703338,41.2133492,-8.6843275,4,48.0,crossing,,
10707703339,41.2143597,-8.6838106,4,48.0,crossing,,
10707703340,41.2143582,-8.683987,4,48.0,crossing,,
10707703341,41.2143566,-8.6841625,4,48.0,crossing,,
10707703342,41.214355,-8.6843419,4,48.0,crossing,,
10707703344,41.2134898,-8.6834996,4,48.0,,,
10707703347,41.2135226,-8.6832841,4,54.0,crossing,,
10707703348,41.2135156,-8.6834249,4,48.0,crossing,,
10707703351,41.2143376,-8.68334,4,48.0,crossing,,
10707703352,41.2143362,-8.6834408,4,48.0,crossing,,
10712493355,41.1860533,-8.5983264,1,106.0,,,
10712493356,41.187661,-8.5984032,3,102.0,,,
10717595960,41.2013217,-8.636248,3,80.0,,,
10717595961,41.2016879,-8.6362072,1,80.0,,,
10719520036,41.1834432,-8.6483821,3,90.0,,,
10722405534,41.1794974,-8.6551584,3,90.0,,,
10723140600,41.2449252,-8.7105478,3,32.0,,,
10723140604,41.2458985,-8.7112231,1,29.0,,,
10723147639,41.1982336,-8.6661404,3,73.0,,,
10723147641,41.1963607,-8.6657478,3,72.0,,,
10723147642,41.1976715,-8.6654056,3,72.0,,,
10723147643,41.1980617,-8.6648829,3,73.0,,,
10723147651,41.1986285,-8.665214,3,73.0,,,
10723154082,41.2208234,-8.6852618,3,50.0,,,
10723154086,41.2222252,-8.6848008,3,51.0,,,
10723165804,41.2363678,-8.6986372,3,36.0,,,
10723188580,41.2278053,-8.6982667,3,30.0,,,
10723188598,41.2270119,-8.6987052,3,29.0,,,
10723188599,41.2272793,-8.6977885,3,32.0,,,
10723198405,41.2365466,-8.6972103,3,40.0,,,
10723198406,41.2355442,-8.6969554,1,40.0,,,
10723198407,41.2372698,-8.697398,1,40.0,,,
10723226035,41.2396352,-8.7249845,1,7.0,,,
10723226036,41.2404743,-8.7256873,1,1.0,,,
10723226037,41.2405018,-8.7253252,3,1.0,,,
10723226038,41.2406213,-8.7253511,3,1.0,,,
10723226626,41.2370899,-8.7231671,3,0.0,,,
10734879838,41.2272209,-8.7179467,1,8.0,,,
10734879839,41.2277384,-8.7179002,1,8.0,,,
10734879842,41.2277176,-8.7188159,1,9.0,,,
10734879843,41.2271193,-8.7183815,1,8.0,,,
10734879846,41.2308224,-8.7195436,4,3.0,crossing,,
10734879848,41.2309391,-8.7195664,3,3.0,,,
10734879859,41.2304383,-8.7204364,3,3.0,,,
10734879867,41.2295103,-8.7203144,4,3.0,crossing,,
10734879869,41.2294648,-8.7193816,4,3.0,crossing,,
10734879870,41.2299287,-8.7205452,3,3.0,,,
10734879873,41.229946,-8.7204266,4,3.0,crossing,,
10734879874,41.2299557,-8.7203552,3,3.0,,,
10743541773,41.2204528,-8.667655,1,26.0,,,
10743541778,41.2207921,-8.6687726,3,44.0,,,
10743541779,41.2209633,-8.6691302,1,39.0,,,
10743541784,41.2210339,-8.6738335,1,58.0,,,
10743541792,41.2208341,-8.6705511,1,39.0,,,
10743541793,41.2204493,-8.6710869,3,54.0,,,
10790642371,41.1811395,-8.6560239,4,90.0,,,
10790642372,41.1810935,-8.6563926,3,79.0,,,
10790642376,41.1808594,-8.6565944,3,79.0,,,
10790642378,41.1805766,-8.6561682,3,90.0,,,
10790642383,41.1800335,-8.6558305,3,90.0,,,
10790642387,41.1800217,-8.6556427,3,90.0,,,
10790642388,41.1797803,-8.6555887,3,90.0,,,
10790642390,41.1798144,-8.6553057,3,90.0,,,
10790642392,41.1804813,-8.6549788,3,90.0,,,
10790642393,41.1810558,-8.6551036,3,90.0,,,
10790642399,41.1804511,-8.6546187,3,90.0,,,
10790671107,41.1812289,-8.655574,3,90.0,,,
10790671109,41.1812874,-8.6551079,3,76.0,,,
10790671117,41.1809233,-8.6561089,3,90.0,,,
10828125190,41.1783237,-8.654692,4,78.0,crossing,,
10828125196,41.1793321,-8.652259,3,79.0,traffic_signals,,
10828191057,41.1793988,-8.6523535,1,79.0,,,
10828191058,41.1792874,-8.6525045,3,79.0,,,
10828191060,41.1792227,-8.6524598,4,79.0,crossing,,
10832146238,41.1814119,-8.6488337,4,85.0,crossing,,
10866193744,41.1960378,-8.6109912,4,100.0,,,
10869485588,41.1826232,-8.6524999,3,78.0,,,
10869485589,41.1826834,-8.6524053,3,78.0,,,
10911423828,41.1912032,-8.6163196,3,89.0,,,
10911423829,41.1916809,-8.6173507,3,83.0,,,
10911423833,41.1914657,-8.6162402,3,89.0,,,
10911423834,41.1911008,-8.6163312,3,89.0,,,
10911591019,41.1906171,-8.6111137,3,97.0,,,
10911591020,41.1905592,-8.6111271,1,97.0,,,
10911591021,41.1903494,-8.6117591,1,97.0,,,
10913690382,41.2193614,-8.6771379,1,64.0,,,
10913690387,41.2193792,-8.6781219,3,64.0,,,
10943491243,41.2240082,-8.6835138,3,50.0,,,
10943491250,41.2240025,-8.6844966,1,50.0,,,
10961488038,41.2228203,-8.623933,3,66.0,,,
10961488047,41.2227567,-8.6238926,3,66.0,,,
10970596535,41.2593257,-8.7198542,3,13.0,,,
10970596537,41.2593476,-8.7200978,3,13.0,,,
10970596542,41.2592935,-8.7195193,3,13.0,,,
11008018858,41.242926,-8.725389,3,2.0,crossing,,
11008018869,41.2429971,-8.7226804,3,8.0,crossing,,
11008018871,41.2430712,-8.7229046,3,8.0,,,
11008018874,41.2432543,-8.7227106,3,8.0,,,
11010139005,41.237043,-8.7231685,4,0.0,crossing,,
11010139011,41.2366151,-8.7231556,4,0.0,crossing,,
11028522860,41.1812659,-8.6571342,4,74.0,,,
11028522865,41.18157,-8.6571089,3,74.0,,,
11028522866,41.1815101,-8.6568824,3,74.0,,,
11028522873,41.1815372,-8.6569805,4,74.0,crossing,,
11028926763,41.1785635,-8.6539914,1,83.0,,,
11037197633,41.1775032,-8.657932,1,73.0,,,
11037197634,41.1775137,-8.6577078,1,73.0,,,
11057625397,41.2008765,-8.6944867,3,39.0,,,
11057625400,41.2000527,-8.6936375,3,32.0,,,
11057706364,41.2006151,-8.6949947,3,39.0,,,
11057706367,41.2007606,-8.6943766,3,39.0,,,
11057706368,41.2008084,-8.694619,4,39.0,,,
11057706369,41.2006923,-8.6945095,4,39.0,,,
11057706377,41.2004453,-8.6947285,3,39.0,,,
11057706379,41.200556,-8.6947748,3,39.0,,,
11057706380,41.2004987,-8.6945651,3,39.0,,,
11057757105,41.2011485,-8.6940999,3,39.0,,,
11057757109,41.2008843,-8.6942882,1,39.0,,,
11057775314,41.2072789,-8.6881419,3,40.0,,,
11079614658,41.26488,-8.7274256,3,0.0,,,
11079614659,41.2649914,-8.7269976,3,9.0,,,
11079614660,41.2645944,-8.727145,3,0.0,,,
11079614661,41.264755,-8.7268762,3,9.0,,,
11079614663,41.2645041,-8.7270634,3,4.0,,,
11079614664,41.2637745,-8.7266671,3,4.0,,,
11079614665,41.2640128,-8.7258707,3,4.0,,,
11079614669,41.2635867,-8.725645,3,4.0,,,
11167750959,41.1769264,-8.686299,3,11.0,,,
11167750961,41.177076,-8.6871429,4,11.0,,,
11167751101,41.1798426,-8.6768413,3,34.0,,,
11167751103,41.1801312,-8.6767329,1,34.0,,,
11168434254,41.2192047,-8.6685422,1,26.0,,,
11168434261,41.2181657,-8.674524,3,67.0,,,
11168434299,41.2184999,-8.6753927,3,64.0,,,
11168434302,41.2181952,-8.6757405,1,64.0,,,
11168434515,41.2162366,-8.6774196,1,60.0,,,
11168434519,41.2160895,-8.6768317,3,65.0,,,
11168434637,41.2183728,-8.6723328,1,49.0,,,
11168434729,41.2218268,-8.6671507,3,30.0,,,
11168434732,41.2219306,-8.6670384,3,30.0,,,
11168434733,41.2222716,-8.6669878,1,30.0,,,
11168434734,41.2219508,-8.6670166,3,30.0,,,
11168434735,41.2217622,-8.6672205,1,30.0,,,
11168434763,41.2216629,-8.6666222,3,33.0,,,
11168434768,41.2213279,-8.6655132,3,33.0,,,
11168434774,41.2220033,-8.6657873,4,33.0,,,
11168434783,41.2224859,-8.6650861,1,33.0,,,
11168434794,41.222034,-8.6651096,4,33.0,,,
11168434796,41.2224728,-8.6652665,1,33.0,,,
11168434805,41.2219586,-8.6668667,4,30.0,,,
11168434830,41.2217163,-8.6639066,1,58.0,,,
11168434839,41.2201279,-8.6623667,3,74.0,,,
11168434840,41.2200095,-8.6618306,3,74.0,,,
11168434841,41.2201406,-8.6618165,3,74.0,,,
11168434851,41.2207817,-8.6613122,3,74.0,,,
11168434864,41.2203731,-8.6620586,3,74.0,,,
11168434866,41.2207257,-8.6618856,3,74.0,,,
11168434870,41.2215559,-8.6634131,3,58.0,,,
11208425731,41.1977696,-8.6652719,3,72.0,,,
11208427039,41.1975806,-8.6647761,3,72.0,,,
11208427042,41.1978664,-8.665143,3,72.0,,,
11208427043,41.1979654,-8.6650111,3,73.0,,,
11208427044,41.1977553,-8.6647332,3,72.0,,,
11208427079,41.1964493,-8.6925725,1,23.0,,,
11212272651,41.1928324,-8.6822384,3,2.0,,,
11212272656,41.1906805,-8.686161,1,2.0,,,
11212272697,41.1922514,-8.6821404,1,2.0,,,
11212272712,41.1902014,-8.6855919,1,2.0,,,
11212272718,41.1923251,-8.6822237,3,2.0,,,
11212279081,41.1932315,-8.681865,1,2.0,,,
11212279085,41.1924822,-8.6820692,1,2.0,,,
11212279090,41.1931038,-8.6818984,1,2.0,,,
11212279094,41.1911512,-8.6818732,1,10.0,,,
11212279099,41.1919323,-8.6810256,1,20.0,,,
11228656122,41.2097375,-8.679114,3,55.0,,,
11228656129,41.2103514,-8.6779507,1,55.0,,,
11228656130,41.2101264,-8.6776179,3,55.0,,,
11228758172,41.2070558,-8.6845301,1,47.0,,,
11228758175,41.2138149,-8.6855213,1,48.0,,,
11228758176,41.2138149,-8.6858167,3,48.0,,,
11228758185,41.2054404,-8.6851336,1,42.0,,,
11228758246,41.2103521,-8.6833027,3,51.0,,,
11228758247,41.2101843,-8.682265,3,51.0,,,
11228758249,41.2103647,-8.6822717,3,51.0,,,
11228758250,41.2101902,-8.6822043,3,51.0,,,
11228758252,41.2103639,-8.6822207,3,51.0,,,
11228758253,41.2101995,-8.6821634,3,51.0,,,
11228758255,41.2103634,-8.6821839,3,51.0,,,
11228758256,41.210185,-8.6823321,3,51.0,,,
11228758308,41.2091278,-8.6812995,3,51.0,,,
11228758309,41.2089506,-8.6811782,3,51.0,,,
11228758310,41.2090328,-8.6814248,3,51.0,,,
11228758354,41.2065144,-8.686816,3,39.0,,,
11228758370,41.2067026,-8.688949,3,40.0,,,
11228758373,41.2100432,-8.6856452,3,49.0,,,
11228758374,41.2098404,-8.6895461,3,46.0,,,
11228758375,41.209627,-8.6895423,4,46.0,,,
11228758377,41.2094867,-8.689169,3,46.0,,,
11228758378,41.2079916,-8.6895092,3,40.0,,,
11228758379,41.2074934,-8.6882877,3,40.0,,,
11228758380,41.208454,-8.6883784,3,46.0,,,
11228758386,41.2073826,-8.6856804,4,39.0,crossing,,
11228758391,41.2076223,-8.6857778,4,39.0,crossing,,
11228758393,41.2100442,-8.6859477,3,49.0,,,
11228758401,41.2111159,-8.6870952,4,51.0,crossing,,
11228758404,41.211091,-8.6888724,4,46.0,crossing,,
11228758419,41.2076863,-8.6855285,3,39.0,,,
11228758422,41.2077496,-8.6850776,3,47.0,,,
11228758423,41.2077784,-8.6851205,4,47.0,crossing,,
11228758424,41.2080718,-8.6856369,4,39.0,crossing,,
11228758425,41.2105557,-8.6843488,3,47.0,,,
11228758426,41.210994,-8.6852564,3,47.0,,,
11228758429,41.2109334,-8.6852567,4,47.0,crossing,,
11228758430,41.2105406,-8.6844429,4,47.0,crossing,,
11228758431,41.210388,-8.6839883,3,53.0,,,
11228758432,41.2095095,-8.6840851,3,53.0,,,
11228758434,41.20855,-8.684346,4,53.0,crossing,,
11228758435,41.2085119,-8.6842588,4,53.0,crossing,,
11228758437,41.2076737,-8.6852396,3,47.0,,,
11228758462,41.2081257,-8.6847942,4,47.0,,,
11228758465,41.2076104,-8.6852771,4,47.0,crossing,,
11228758467,41.2072752,-8.6857545,3,39.0,,,
11228758470,41.2069327,-8.6860965,3,39.0,,,
11228758472,41.2067399,-8.6865907,3,39.0,,,
11228758492,41.2069286,-8.688992,3,40.0,,,
11228758503,41.2083492,-8.6894929,3,46.0,,,
11228758510,41.2110809,-8.689226,3,46.0,,,
11228758520,41.2095402,-8.6891683,4,46.0,crossing,,
11228758521,41.2094933,-8.6884616,3,46.0,,,
11228758522,41.2094833,-8.6895405,3,46.0,,,
11228758523,41.2089082,-8.6883925,4,46.0,crossing,,
11228758524,41.208906,-8.6885081,3,46.0,,,
11228758525,41.2089127,-8.6881291,1,46.0,,,
11228758542,41.2094927,-8.6885262,4,46.0,crossing,,
11228758543,41.209491,-8.6887157,4,46.0,crossing,,
11228758544,41.2094892,-8.6889008,4,46.0,crossing,,
11228758545,41.2094874,-8.6890911,4,46.0,crossing,,
11228758546,41.2094856,-8.689287,4,46.0,crossing,,
11228758547,41.2111217,-8.6892428,4,46.0,crossing,,
11228758548,41.2112264,-8.6892401,4,46.0,crossing,,
11228758584,41.2105002,-8.6863922,1,51.0,,,
11228758585,41.2105007,-8.6859624,4,51.0,crossing,,
11228758586,41.2043404,-8.6875716,3,43.0,,,
11228758600,41.2072588,-8.6857083,4,39.0,crossing,,
11228758617,41.2095024,-8.6883956,1,46.0,,,
11228758628,41.2073861,-8.6881451,3,40.0,,,
11228758631,41.2079224,-8.6880545,1,40.0,,,
11228758632,41.2070531,-8.6880261,4,40.0,crossing,,
11228758654,41.2111633,-8.6870078,3,51.0,,,
11228758659,41.2111386,-8.68899,3,46.0,,,
11228758666,41.2097336,-8.6895445,4,46.0,crossing,,
11228758667,41.209735,-8.6892595,1,46.0,,,
11228758668,41.2097329,-8.689614,3,39.0,,,
11228758669,41.2079093,-8.6895002,4,40.0,crossing,,
11228758670,41.2078039,-8.6895764,3,40.0,,,
11228758671,41.2099168,-8.6895472,4,46.0,crossing,,
11228758672,41.2096245,-8.6896117,4,39.0,crossing,,
11228758673,41.2095387,-8.6895405,4,46.0,crossing,,
11228758676,41.2068802,-8.6890174,4,40.0,crossing,,
11228797004,41.199908,-8.6925028,4,37.0,crossing,,
11240866133,41.1913368,-8.6212585,1,87.0,,,
11240866134,41.1917795,-8.6209106,3,81.0,,,
11240868387,41.1948424,-8.6198357,1,72.0,,,
11240877979,41.1970799,-8.6221173,1,58.0,,,
11240880816,41.2084376,-8.6509162,1,63.0,,,
11240888832,41.2125724,-8.6409117,1,69.0,,,
11240898203,41.2199387,-8.6463439,3,25.0,,,
11240898221,41.2221949,-8.6483908,1,45.0,,,
11240898299,41.2240834,-8.6474648,1,44.0,,,
11240911286,41.2186024,-8.6314221,1,61.0,,,
11240920083,41.2105271,-8.6330833,3,85.0,,,
11240920086,41.2106843,-8.6318903,1,85.0,,,
11240923000,41.2089174,-8.6367511,3,90.0,,,
11240923002,41.2088448,-8.6357495,1,90.0,,,
11240939410,41.2222693,-8.6322554,1,63.0,,,
11240939413,41.2224878,-8.632631,1,63.0,,,
11240945416,41.2289241,-8.6427273,1,70.0,,,
11240945417,41.2291216,-8.6420381,3,70.0,,,
11240974245,41.2175408,-8.6574489,1,30.0,,,
11240979034,41.2252601,-8.6726634,1,66.0,,,
11240987838,41.2155335,-8.6838018,3,55.0,,,
11240987840,41.2155111,-8.6858463,3,50.0,,,
11240987842,41.215537,-8.6834889,3,55.0,,,
11241018985,41.2222411,-8.6863832,1,49.0,,,
11241064047,41.2263203,-8.6917531,1,39.0,,,
11241089347,41.2134601,-8.7000653,3,36.0,,,
11241089348,41.2143359,-8.6998723,1,36.0,,,
11241089349,41.216934,-8.7011826,1,33.0,,,
11241089365,41.2144609,-8.7024534,3,32.0,,,
11241089368,41.2143933,-8.7011772,1,36.0,,,
11241104707,41.240184,-8.7220433,3,12.0,,,
11241104713,41.2384296,-8.720548,1,8.0,,,
11241311010,41.2447764,-8.7011318,1,40.0,,,
11241313609,41.2411489,-8.6990523,1,46.0,,,
11241313885,41.2475232,-8.7028397,1,40.0,,,
11241314748,41.241445,-8.6985925,1,46.0,,,
11241319111,41.2492016,-8.7039131,3,38.0,,,
11241319113,41.2485669,-8.7036826,1,38.0,,,
11241320747,41.2492895,-8.70002,1,40.0,,,
11241321539,41.2532683,-8.7048563,3,29.0,,,
11241321547,41.2541706,-8.7050654,1,25.0,,,
11242263032,41.1948036,-8.6616323,3,78.0,,,
11242267538,41.1944424,-8.6612978,3,78.0,,,
11242267543,41.1946439,-8.6615869,3,78.0,,,
11245638031,41.247728,-8.7211697,1,12.0,,,
11245707304,41.2534051,-8.7186401,3,22.0,,,
11245707306,41.2535138,-8.7180159,3,22.0,,,
11245707309,41.2542028,-8.7190795,1,13.0,,,
11245791789,41.2669092,-8.7157784,3,27.0,,,
11245806657,41.2674784,-8.7250175,3,7.0,,,
11245806658,41.2670702,-8.7250818,1,7.0,,,
11245806659,41.2675442,-8.7256607,3,7.0,,,
11245806660,41.2671265,-8.7256499,1,7.0,,,
11245822753,41.2143009,-8.6484383,3,55.0,,,
11245822762,41.2175284,-8.651154,1,29.0,,,
11245825785,41.2540725,-8.6888431,3,54.0,,,
11245825786,41.2536992,-8.6880017,1,54.0,,,
11245840942,41.252926,-8.7098297,1,29.0,,,
11245840944,41.2540437,-8.7100869,3,29.0,,,
11245840945,41.2549342,-8.7087203,1,23.0,,,
11245840949,41.2544631,-8.7094599,3,23.0,,,
11245840950,41.25466,-8.7069212,3,29.0,,,
11245840953,41.2499924,-8.7030824,1,38.0,,,
11245840954,41.2459507,-8.7052637,3,37.0,,,
11245840955,41.2458665,-8.7052637,4,37.0,,,
11245840956,41.2455238,-8.7052637,1,37.0,,,
11245840957,41.2455238,-8.7048939,1,37.0,,,
11245840958,41.245797,-8.7050118,3,37.0,,,
11245840959,41.2425943,-8.7004083,1,42.0,,,
11273310048,41.2648687,-8.7164517,3,28.0,,,
11273310089,41.2643042,-8.7198173,1,18.0,,,
11358639591,41.1796834,-8.6542098,1,90.0,,,
11358639598,41.1796017,-8.6541963,1,90.0,,,
11358639630,41.1822762,-8.6567526,1,74.0,,,
11358639653,41.1787652,-8.6535412,3,83.0,,,
11358639662,41.1787614,-8.6556591,3,78.0,,,
11358639665,41.1786821,-8.6557453,3,78.0,,,
11358641700,41.1790714,-8.6558719,3,78.0,,,
11358641702,41.179078,-8.6559644,3,78.0,,,
11358641710,41.1793991,-8.6565079,3,79.0,,,
11358641724,41.1794122,-8.6563839,1,79.0,,,
11358641725,41.1791568,-8.6557738,1,78.0,,,
11358641726,41.1790703,-8.6558931,3,78.0,,,
11358641727,41.1791393,-8.6559077,1,78.0,,,
11358641728,41.1791662,-8.6560827,1,78.0,,,
11358641729,41.1791793,-8.6559589,1,90.0,,,
11358641730,41.1791355,-8.6553582,3,78.0,,,
11358641731,41.1792083,-8.6553759,1,90.0,,,
11358641732,41.1791314,-8.6553814,3,78.0,,,
11358641733,41.1792051,-8.6554005,1,90.0,,,
11358641734,41.1791552,-8.6552656,3,78.0,,,
11358641735,41.1792207,-8.6552821,1,90.0,,,
11358641737,41.1792738,-8.654875,1,90.0,,,
11358641739,41.1792822,-8.654811,1,90.0,,,
11358641741,41.1793181,-8.6547983,1,90.0,,,
11358641765,41.1790157,-8.6557185,3,78.0,,,
11358641766,41.1791598,-8.6557502,1,78.0,,,
11358641768,41.1791424,-8.6558844,1,78.0,,,
11358641769,41.1791305,-8.6559753,1,78.0,,,
11358641927,41.1795931,-8.6569235,4,79.0,crossing,,
11358641957,41.180821,-8.657041,3,79.0,,,
11358641958,41.1806125,-8.6569883,3,79.0,,,
11358641962,41.180762,-8.6569532,4,79.0,crossing,,
11358641965,41.1806973,-8.6569376,4,79.0,crossing,,
11358641967,41.1807992,-8.6571981,1,79.0,,,
11358641968,41.1808192,-8.6573537,1,79.0,,,
11358641997,41.1796623,-8.6566775,4,79.0,crossing,,
11358642001,41.1800237,-8.6567843,3,79.0,,,
11358642006,41.1801687,-8.6568805,3,79.0,,,
11358642013,41.1799891,-8.6568383,3,79.0,,,
11358642015,41.1800561,-8.6567927,4,79.0,crossing,,
11358642016,41.1801208,-8.6568101,4,79.0,crossing,,
11358642018,41.1806725,-8.6569316,3,79.0,,,
11358642031,41.1814337,-8.6581104,4,74.0,crossing,,
11358642088,41.1808886,-8.6569677,3,79.0,,,
11358642094,41.1800496,-8.6565283,1,79.0,,,
11358642103,41.1812451,-8.6561392,1,90.0,,,
11358642109,41.1793075,-8.6563702,3,79.0,,,
11358642110,41.1793708,-8.6563746,1,79.0,,,
11358642115,41.180718,-8.6566803,1,79.0,,,
11358747320,41.1811442,-8.6547473,3,90.0,,,
11358747334,41.1795555,-8.6552049,3,90.0,,,
11358747335,41.1798229,-8.6552648,3,90.0,,,
11358747342,41.1813544,-8.6552831,1,76.0,,,
11358747354,41.1809373,-8.6545911,1,90.0,,,
11358747364,41.1817275,-8.6553272,3,76.0,,,
11358747365,41.181538,-8.6552596,4,76.0,,,
11358747366,41.1815786,-8.6552741,5,76.0,crossing,,
11358747367,41.1813625,-8.6552201,1,76.0,,,
11358747368,41.1813656,-8.6551961,1,76.0,,,
11358793476,41.1814661,-8.6571544,3,74.0,,,
11358793477,41.1808915,-8.6545809,1,90.0,,,
11358793478,41.1809181,-8.654587,1,90.0,,,
11358793483,41.1810083,-8.6541734,1,90.0,,,
11358793491,41.1813187,-8.6555625,1,76.0,,,
11358793503,41.1815951,-8.654499,3,76.0,,,
11358793504,41.1810896,-8.6543765,3,90.0,,,
11358793508,41.1815342,-8.6552337,3,76.0,,,
11358793509,41.1815292,-8.6553683,3,76.0,,,
11358807895,41.1824273,-8.6558857,3,76.0,,,
11358807900,41.181688,-8.6555494,3,76.0,,,
11358807919,41.1823694,-8.6561876,4,76.0,,,
11358807955,41.1829676,-8.6536102,1,78.0,,,
11358843725,41.1808486,-8.6543413,4,90.0,,,
11358843729,41.1801704,-8.6542005,3,90.0,,,
11358843730,41.1792433,-8.6551104,1,90.0,,,
11358843733,41.1793629,-8.6542847,3,90.0,,,
11358843740,41.1792444,-8.6548652,3,90.0,,,
11358843741,41.179255,-8.6548032,3,90.0,,,
11358843742,41.179263,-8.6547566,3,90.0,,,
11358846963,41.1818422,-8.6541201,4,78.0,crossing,,
11358846969,41.1816253,-8.6542577,3,76.0,,,
11358846973,41.1818333,-8.6539366,4,78.0,crossing,,
11358846974,41.1818249,-8.6539965,4,78.0,crossing,,
11358846975,41.1818085,-8.6541131,3,78.0,,,
11358846979,41.1809666,-8.6543487,3,90.0,,,
11358846980,41.1809216,-8.6543459,3,90.0,,,
11358846985,41.1809798,-8.6540812,3,79.0,,,
11358846987,41.1809968,-8.6541072,3,79.0,,,
11358846989,41.1809885,-8.6541698,4,90.0,crossing,,
11358846990,41.1809771,-8.6542646,4,90.0,crossing,,
11360038759,41.1797685,-8.6542549,3,90.0,,,
11360038760,41.1797944,-8.6542615,1,90.0,,,
11360038761,41.1797749,-8.6542046,3,90.0,,,
11360038762,41.1797643,-8.6542885,1,90.0,,,
11360038763,41.1797541,-8.6542106,3,90.0,,,
11360038764,41.1797449,-8.654284,1,90.0,,,
11360039678,41.1794776,-8.6579804,1,79.0,,,
11360039684,41.1808069,-8.6571692,3,79.0,,,
11360039752,41.1810789,-8.6584955,3,70.0,,,
11360039754,41.1810982,-8.658608,3,70.0,,,
11360039760,41.1810629,-8.6585181,4,70.0,crossing,,
11360039765,41.1815296,-8.6579763,1,74.0,,,
11360039766,41.1827738,-8.6598283,3,75.0,,,
11360039772,41.1824321,-8.6601384,3,75.0,,,
11360039780,41.1828556,-8.6607326,1,71.0,,,
11360039786,41.1829271,-8.6605595,3,71.0,,,
11360039787,41.1827741,-8.6604351,3,71.0,,,
11360039890,41.1815546,-8.6584098,4,75.0,,,
11360039896,41.181729,-8.659336,3,75.0,,,
11360039943,41.1815818,-8.6591537,3,75.0,,,
11360039983,41.181731,-8.6593952,3,75.0,,,
11360039986,41.182024,-8.6589714,4,75.0,,,
11360039987,41.1819984,-8.6589558,4,75.0,crossing,,
11360039988,41.1823466,-8.6584519,3,75.0,,,
11360039994,41.1824326,-8.6600366,3,75.0,,,
11360039995,41.1817913,-8.6592513,3,75.0,,,
11360039997,41.1818116,-8.6592763,4,75.0,crossing,,
11360040019,41.1814723,-8.6571838,1,74.0,,,
11360040136,41.1831558,-8.658149,1,74.0,,,
11360040168,41.1808199,-8.6573641,3,79.0,,,
11360040181,41.1807568,-8.6573972,4,79.0,,,
11360040187,41.1813907,-8.6589741,4,75.0,crossing,,
11360217250,41.1809055,-8.6631056,3,65.0,,,
11360252868,41.1820439,-8.6533801,3,78.0,,,
11360271070,41.1819424,-8.6533566,4,78.0,crossing,,
11360271073,41.1818445,-8.6538513,3,78.0,,,
11360271074,41.1810274,-8.6536719,3,79.0,,,
11360271087,41.1818735,-8.6536294,3,78.0,,,
11360271088,41.1810581,-8.6534459,3,79.0,,,
11360271089,41.1811522,-8.6527804,1,79.0,,,
11360271094,41.1819095,-8.6533544,3,78.0,,,
11360271098,41.1802065,-8.6539335,3,79.0,,,
11360271109,41.1800887,-8.6536634,3,79.0,,,
11360271133,41.1808635,-8.6540901,3,79.0,,,
11360271134,41.1809962,-8.6530092,3,79.0,,,
11360271135,41.1809451,-8.6534252,4,79.0,crossing,,
11360271148,41.1801951,-8.6528961,3,79.0,,,
11360271149,41.1799196,-8.65362,3,79.0,,,
11360271151,41.1800228,-8.6528585,3,79.0,,,
11360271152,41.1794171,-8.6527039,3,79.0,,,
11360271153,41.1793132,-8.6534731,3,79.0,,,
11360271156,41.1792244,-8.6527521,1,79.0,,,
11360271157,41.1793025,-8.6527502,4,79.0,,,
11360271159,41.1793194,-8.6534269,3,79.0,,,
11360271165,41.1811164,-8.653036,4,79.0,,,
11360271166,41.1818588,-8.6537421,4,78.0,crossing,,
11360586269,41.1807073,-8.6545001,1,90.0,,,
11360586270,41.1807202,-8.6543972,3,90.0,,,
11360586271,41.18038,-8.6544639,1,90.0,,,
11360586272,41.1804084,-8.6542512,3,90.0,,,
11360586273,41.1802801,-8.6544404,1,90.0,,,
11360586274,41.1803089,-8.65423,3,90.0,,,
11360586275,41.1803827,-8.6544432,3,90.0,,,
11360586277,41.1803134,-8.6544483,1,90.0,,,
11360586291,41.1807817,-8.654411,1,90.0,,,
11360586293,41.1807072,-8.6543382,1,90.0,,,
11360586303,41.1824266,-8.6556139,3,76.0,,,
11360586304,41.1817202,-8.6553683,3,76.0,,,
11360586305,41.1820395,-8.6545918,3,76.0,,,
11360586306,41.1820716,-8.6543634,3,76.0,,,
11360586315,41.1819417,-8.6541426,3,78.0,,,
11360586320,41.1820959,-8.6533253,3,78.0,,,
11360586321,41.1828205,-8.6534831,3,78.0,,,
11360586322,41.1828374,-8.6534962,3,78.0,,,
11360586331,41.1826584,-8.6544143,3,76.0,,,
11360586332,41.1827036,-8.6544278,3,76.0,,,
11360586333,41.1825921,-8.6547473,3,76.0,,,
11360586334,41.182644,-8.6547605,3,76.0,,,
11360586343,41.1827479,-8.6539553,4,78.0,crossing,,
11360586344,41.1819914,-8.653772,4,78.0,crossing,,
11360586370,41.1824777,-8.6556263,3,76.0,,,
11360586492,41.1792764,-8.6563237,4,79.0,crossing,,
11360586495,41.1792056,-8.6562992,3,79.0,,,
11365202360,41.1839514,-8.6575774,1,75.0,,,
11365202364,41.1833498,-8.6577997,3,75.0,,,
11371471686,41.2000963,-8.6223472,3,59.0,,,
11371472930,41.2002292,-8.6224083,3,59.0,,,
11371478983,41.1902172,-8.6948092,3,6.0,,,
11398719763,41.1842676,-8.6941164,1,10.0,,,
11398719765,41.1842391,-8.6939455,3,10.0,,,
11398782418,41.1845533,-8.6949535,3,10.0,,,
11403546433,41.1851142,-8.6953233,1,10.0,,,
11403546434,41.1850865,-8.6952994,1,10.0,,,
11403546435,41.1850996,-8.6953107,4,10.0,crossing,,
11403546439,41.1855236,-8.69429,1,10.0,,,
11403546440,41.1855003,-8.6943358,1,10.0,,,
11403615753,41.1856345,-8.6943709,1,10.0,,,
11403615754,41.1856079,-8.6944273,1,10.0,,,
11403615801,41.1857522,-8.695342,1,10.0,,,
11403615802,41.1857274,-8.6955756,3,10.0,,,
11403615806,41.1858794,-8.6952481,1,10.0,,,
11403615831,41.1861989,-8.6953457,1,10.0,,,
11403615832,41.1863387,-8.6954217,4,10.0,crossing,,
11403625967,41.1858069,-8.6955835,3,10.0,,,
11403625968,41.1857601,-8.6959379,3,5.0,,,
11405433711,41.1837848,-8.6920649,1,13.0,,,
11405433712,41.1836118,-8.6925054,3,13.0,,,
11405433840,41.1831308,-8.6916228,1,15.0,,,
11405433841,41.1829749,-8.6918375,3,13.0,,,
11405433887,41.183891,-8.6920585,1,13.0,,,
11405433889,41.1837689,-8.6921068,3,13.0,,,
11405541248,41.1845173,-8.692991,1,13.0,,,
11405541249,41.1843301,-8.6932652,3,13.0,crossing,,
11405541264,41.1842223,-8.692651,1,13.0,,,
11405541265,41.1840436,-8.6929602,3,13.0,,,
11405740930,41.1850622,-8.6934234,1,13.0,,,
11405740931,41.1848714,-8.6937747,3,10.0,,,
11405740941,41.1851068,-8.6935448,1,13.0,,,
11405740943,41.1849176,-8.6938143,3,10.0,,,
11405740946,41.1850785,-8.6927744,3,13.0,,,
11405740947,41.1849015,-8.6930764,1,13.0,,,
11405741097,41.1852941,-8.6940562,1,10.0,,,
11405741098,41.1852668,-8.6941078,3,10.0,,,
11406038629,41.1869762,-8.6944299,1,10.0,,,
11406038631,41.1869614,-8.6944564,4,10.0,crossing,,
11406038643,41.1865066,-8.6948678,1,10.0,,,
11406038646,41.1866857,-8.6948825,1,10.0,,,
11406334897,41.1860529,-8.6945315,1,10.0,,,
11406334898,41.1860307,-8.6945998,3,10.0,,,
11406334923,41.1858302,-8.6939602,1,10.0,,,
11406334924,41.1858066,-8.6939382,3,10.0,,,
11406334933,41.1861477,-8.6945765,1,10.0,,,
11406334934,41.1861288,-8.6946482,3,10.0,,,
11406334935,41.1863281,-8.6947475,3,10.0,,,
11406334957,41.1863514,-8.694673,1,10.0,,,
11406334960,41.1862298,-8.6946985,3,10.0,,,
11406334962,41.186254,-8.6946268,1,10.0,,,
11406334978,41.1858337,-8.6944277,1,10.0,,,
11406334979,41.1858149,-8.6944945,3,10.0,,,
11406335003,41.1869288,-8.6946502,3,10.0,,,
11406335007,41.1865273,-8.6945402,1,10.0,,,
11406335045,41.1868803,-8.6945975,4,10.0,crossing,,
11407306808,41.1876703,-8.6931071,3,0.0,,,
11407306809,41.1877119,-8.6930913,3,0.0,,,
11407306812,41.1872722,-8.6936847,3,14.0,,,
11407306813,41.1873459,-8.6937502,3,10.0,,,
11407306861,41.1863646,-8.6931641,1,14.0,,,
11407306863,41.1863495,-8.6928608,1,14.0,,,
11407306864,41.1864576,-8.6929614,3,14.0,,,
11407306865,41.1862005,-8.6930196,1,14.0,,,
11407306866,41.1862243,-8.6929743,1,14.0,,,
11407306867,41.1862149,-8.6929923,4,14.0,crossing,,
11407989041,41.1853143,-8.6928688,3,13.0,,,
11407989044,41.1854028,-8.6928276,1,13.0,,,
11407989045,41.185363,-8.6927879,3,13.0,,,
11407989046,41.1853746,-8.6927684,1,13.0,,,
11408293107,41.1849323,-8.6924875,3,13.0,,,
11408293108,41.1850612,-8.6922611,1,13.0,,,
11408293154,41.1847749,-8.6917086,3,13.0,,,
11408293155,41.1846888,-8.6918595,1,13.0,,,
11408293166,41.1845283,-8.6918144,1,13.0,,,
11408293167,41.1844782,-8.6917687,3,13.0,,,
11408309270,41.1848364,-8.6918274,1,13.0,,,
11408309273,41.1850655,-8.6920329,1,13.0,,,
11408309274,41.185091,-8.6919848,3,13.0,,,
11409557979,41.1846477,-8.6915643,1,16.0,,,
11409557980,41.1846297,-8.6915988,1,16.0,,,
11409557981,41.1846363,-8.691586,4,16.0,crossing,,
11409557982,41.1845963,-8.6915951,1,16.0,,,
11409557983,41.1845612,-8.691562,1,16.0,,,
11409557984,41.1846313,-8.6915184,1,16.0,,,
11409557985,41.1845946,-8.6914869,1,16.0,,,
11409557986,41.1845511,-8.6914651,1,16.0,,,
11409557987,41.1845256,-8.6915154,1,16.0,,,
11409557988,41.1846115,-8.6915014,4,16.0,crossing,,
11409558024,41.1841791,-8.6913283,1,16.0,,,
11409558025,41.1842356,-8.691223,3,16.0,,,
11409558034,41.1833968,-8.6910708,3,16.0,,,
11409558058,41.1837462,-8.6908472,1,16.0,,,
11409558059,41.1837688,-8.6908049,3,16.0,,,
11409558060,41.1838242,-8.6909171,1,16.0,,,
11409558061,41.1838476,-8.6908755,3,16.0,,,
11409558063,41.1839568,-8.6910356,1,16.0,,,
11409558064,41.1839792,-8.6909934,4,16.0,,,
11409558065,41.1840474,-8.6911168,1,16.0,,,
11409653945,41.1828425,-8.6890679,1,18.0,,,
11409653946,41.1828004,-8.6890382,1,18.0,,,
11409653947,41.1829068,-8.6889703,1,18.0,,,
11409653948,41.1828828,-8.6890533,1,18.0,,,
11409653949,41.1829019,-8.6889213,1,18.0,,,
11409653950,41.1828692,-8.6888504,1,18.0,,,
11409687915,41.1830797,-8.6893899,3,18.0,,,
11409687916,41.1830172,-8.6894399,1,18.0,,,
11409687917,41.1830763,-8.6894777,1,18.0,,,
11409687918,41.1831086,-8.6894506,3,18.0,,,
11409687923,41.1827838,-8.6894054,1,18.0,,,
11409687924,41.1827061,-8.6893466,3,18.0,,,
11409687959,41.1834662,-8.6902965,1,16.0,,,
11409687960,41.183493,-8.6902573,3,16.0,,,
11409687967,41.1835318,-8.6904344,1,16.0,,,
11409687968,41.1835564,-8.690391,3,16.0,,,
11409687971,41.1834868,-8.6906273,1,16.0,,,
11409687972,41.1835906,-8.6904632,3,16.0,,,
11410787183,41.181872,-8.6889311,1,18.0,,,
11410787184,41.1818166,-8.6889228,1,18.0,,,
11410787185,41.1819658,-8.6888582,1,18.0,,,
11410787186,41.1819721,-8.688765,1,18.0,,,
11410787231,41.1825175,-8.689697,1,15.0,,,
11410787232,41.1825522,-8.6897239,3,15.0,,,
11410787233,41.1825581,-8.6895986,1,15.0,,,
11410787234,41.1825927,-8.6896246,3,15.0,,,
11410787235,41.1826153,-8.6894599,1,18.0,,,
11410787236,41.1826494,-8.6894856,3,18.0,,,
11410787237,41.1826417,-8.6893957,1,18.0,,,
11410787238,41.182675,-8.6894229,3,18.0,,,
11410787239,41.1827124,-8.6893311,3,18.0,,,
11410787240,41.1826792,-8.6893049,1,18.0,,,
11410865375,41.1818875,-8.6892727,1,18.0,,,
11410865376,41.1818269,-8.6892671,3,18.0,,,
11410865395,41.1823752,-8.6888675,3,18.0,,,
11410865396,41.1823684,-8.6889561,1,18.0,,,
11410865397,41.1824879,-8.6889705,1,18.0,,,
11410865398,41.1824939,-8.6888822,3,18.0,,,
11410865416,41.1818897,-8.6886901,1,18.0,,,
11410865417,41.1818352,-8.6886821,1,18.0,,,
11410865418,41.1817918,-8.6887424,1,18.0,,,
11410865419,41.1817832,-8.6888531,1,18.0,,,
11410865420,41.1817875,-8.6887943,4,18.0,crossing,,
11412737746,41.1815987,-8.6888699,1,18.0,,,
11412737747,41.1816041,-8.6887718,3,18.0,,,
11412737748,41.1815183,-8.68886,1,18.0,,,
11412737749,41.1815252,-8.6887622,3,18.0,,,
11412737750,41.1814702,-8.6888541,1,18.0,,,
11412737751,41.1814773,-8.6887563,3,18.0,,,
11412737752,41.181423,-8.6888483,1,18.0,,,
11412737753,41.1814292,-8.6887504,3,18.0,,,
11412737754,41.1805997,-8.6887471,1,17.0,,,
11412737755,41.1806061,-8.6886512,3,17.0,,,
11412737756,41.1804664,-8.6887307,1,17.0,,,
11412737757,41.180472,-8.6886351,3,17.0,,,
11412761803,41.18117,-8.6890679,1,17.0,,,
11412761804,41.1811921,-8.6887214,3,17.0,,,
11412761833,41.1803046,-8.6891061,1,17.0,,,
11412761834,41.1801694,-8.6890857,3,17.0,,,
11412761842,41.1802048,-8.6891116,1,17.0,,,
11412761843,41.1801797,-8.6893608,1,17.0,,,
11413686949,41.1819354,-8.687949,1,18.0,,,
11413686950,41.1818791,-8.6879422,1,18.0,,,
11413686951,41.1819139,-8.6879466,4,18.0,crossing,,
11413686952,41.1818842,-8.6877335,1,18.0,,,
11413686953,41.1819487,-8.6877416,1,18.0,,,
11413686954,41.1819829,-8.6878817,1,18.0,,,
11413686955,41.181987,-8.6878185,1,18.0,,,
11413686956,41.1819849,-8.6878494,4,18.0,crossing,,
11413686957,41.1818637,-8.6877593,1,18.0,,,
11413686958,41.1818545,-8.6878946,1,18.0,,,
11413686959,41.1818588,-8.6878319,4,18.0,crossing,,
11413686960,41.180326,-8.6877029,1,17.0,,,
11413686961,41.1803316,-8.6875839,1,17.0,,,
11413690722,41.1819276,-8.687739,4,18.0,crossing,,
11413690753,41.1804326,-8.688536,1,17.0,,,
11413690754,41.1804246,-8.6886294,3,17.0,,,
11413690788,41.1809924,-8.6878148,1,17.0,,,
11413690789,41.1809984,-8.687717,3,17.0,,,
11413690801,41.1811806,-8.6878379,1,17.0,,,
11413690802,41.1811875,-8.6877422,3,17.0,,,
11413690836,41.1816825,-8.6878994,1,18.0,,,
11413690838,41.1816029,-8.6878896,1,18.0,,,
11413690839,41.1816089,-8.6877985,3,18.0,,,
11413690954,41.1805701,-8.6885528,1,17.0,,,
11413690955,41.1805625,-8.688646,3,17.0,,,
11413690965,41.1807505,-8.688575,1,17.0,,,
11413690966,41.1807433,-8.6886676,3,17.0,,,
11413690967,41.1806796,-8.6885663,1,17.0,,,
11413690968,41.1806722,-8.6886591,3,17.0,,,
11413690989,41.1808109,-8.6885824,1,17.0,,,
11413690990,41.1808026,-8.6886747,3,17.0,,,
11413690991,41.1808746,-8.6885902,1,17.0,,,
11413690992,41.1808667,-8.6886824,3,17.0,,,
11413691077,41.1811257,-8.688621,1,17.0,,,
11413691078,41.1811189,-8.6887126,3,17.0,,,
11415342674,41.1823836,-8.6879868,3,18.0,,,
11415342675,41.1823068,-8.6878855,3,18.0,,,
11415342768,41.1823028,-8.6879645,1,18.0,,,
11415346775,41.181959,-8.6882959,1,18.0,,,
11415346776,41.1818914,-8.6882883,3,18.0,,,
11415346777,41.1819558,-8.6883421,1,18.0,,,
11415346778,41.1818882,-8.6883362,3,18.0,,,
11415346782,41.1819807,-8.6887187,1,18.0,,,
11415346783,41.1819755,-8.6888143,3,18.0,,,
11415346785,41.182079,-8.6887307,1,18.0,,,
11415346786,41.1820698,-8.6888268,3,18.0,,,
11415346788,41.1821802,-8.688743,1,18.0,,,
11415346789,41.1821712,-8.6888403,3,18.0,,,
11415346790,41.1822363,-8.688849,3,18.0,,,
11415346791,41.1822428,-8.6887676,1,18.0,,,
11415346808,41.1827017,-8.6887347,1,18.0,,,
11415346810,41.1827372,-8.6886811,3,18.0,,,
11415346811,41.1826506,-8.6886775,1,18.0,,,
11415346813,41.1826854,-8.6885795,3,18.0,,,
11415346814,41.1825888,-8.688575,1,18.0,,,
11415346816,41.1826278,-8.6884663,3,18.0,,,
11415346818,41.1825719,-8.6883565,3,18.0,,,
11415350846,41.1820663,-8.687077,1,21.0,,,
11415350847,41.1820723,-8.686962,1,21.0,,,
11415350848,41.1820043,-8.6871647,1,21.0,,,
11415350849,41.1819422,-8.6871559,1,21.0,,,
11415399522,41.1821103,-8.6875499,1,18.0,,,
11415399523,41.1819414,-8.6875293,3,18.0,,,
11415399553,41.1823831,-8.6878041,1,18.0,,,
11415399554,41.1823263,-8.6878992,3,18.0,,,
11415531761,41.1769107,-8.6880938,1,9.0,,,
11415531762,41.176903,-8.6881761,3,9.0,,,
11415687954,41.1825934,-8.6875231,1,18.0,,,
11415687955,41.1825634,-8.6874954,1,21.0,,,
11415687956,41.1825761,-8.6875071,4,18.0,crossing,,
11415687957,41.1831274,-8.6881825,1,18.0,,,
11415687958,41.1830929,-8.6882379,1,18.0,,,
11415687959,41.1832043,-8.6882431,1,18.0,,,
11415687960,41.1831509,-8.6881756,1,18.0,,,
11415687961,41.1831404,-8.688366,1,18.0,,,
11415687962,41.1830981,-8.6883219,1,18.0,,,
11415699332,41.1826459,-8.6883858,1,18.0,,,
11415699333,41.1826054,-8.6884224,3,18.0,,,
11415699334,41.1826125,-8.6883215,1,18.0,,,
11415699335,41.1824213,-8.6879519,1,18.0,,,
11415699450,41.1832075,-8.6883055,1,18.0,,,
11415699451,41.1831764,-8.6883829,1,18.0,,,
11415699452,41.1833376,-8.6877266,1,18.0,,,
11415699453,41.1833743,-8.6877552,1,18.0,,,
11418078629,41.1839078,-8.6891359,1,18.0,,,
11418078630,41.1838718,-8.6891997,1,18.0,,,
11418078631,41.1842071,-8.6894957,1,18.0,,,
11418078632,41.1841741,-8.6895436,1,18.0,,,
11418078633,41.1850379,-8.6905658,1,16.0,,,
11418078634,41.1849972,-8.690523,1,16.0,,,
11418078635,41.1850131,-8.6905397,4,16.0,crossing,,
11418120715,41.1834261,-8.6890319,1,18.0,,,
11418120717,41.1836049,-8.6888101,3,18.0,,,
11418120727,41.1836874,-8.6889071,3,18.0,,,
11418120728,41.1835255,-8.6891362,1,18.0,,,
11418173120,41.1840435,-8.6894334,1,18.0,,,
11418173121,41.1840822,-8.6893751,3,18.0,,,
11418173124,41.1839041,-8.6892689,1,18.0,,,
11418173125,41.1839426,-8.6892136,3,18.0,,,
11418173126,41.1837735,-8.6891148,1,18.0,,,
11418173127,41.1838121,-8.6890541,3,18.0,,,
11418173133,41.1831503,-8.6884008,1,18.0,,,
11418173134,41.1831106,-8.6883707,3,18.0,,,
11418173138,41.183023,-8.6887121,1,18.0,,,
11418173139,41.1829805,-8.6886818,3,18.0,,,
11418173143,41.1829943,-8.6890977,1,18.0,,,
11418173144,41.1829577,-8.6891284,3,18.0,,,
11418173146,41.1832518,-8.6896381,1,15.0,,,
11418173147,41.183215,-8.6896707,3,15.0,,,
11418677427,41.1840814,-8.6894784,1,18.0,,,
11418677428,41.1841211,-8.6894201,3,18.0,,,
11418677437,41.1843281,-8.689664,3,16.0,,,
11418677439,41.1843647,-8.6898154,1,16.0,,,
11418677440,41.1844054,-8.6897561,3,16.0,,,
11418677441,41.1844109,-8.6898704,1,16.0,,,
11418677442,41.1844523,-8.6898119,3,16.0,,,
11418677443,41.1844422,-8.6899075,1,16.0,,,
11418677444,41.1844819,-8.6898472,3,16.0,,,
11418677445,41.1844886,-8.6899627,1,16.0,,,
11418677446,41.1845283,-8.6899025,3,16.0,,,
11418677448,41.1846059,-8.6901023,1,16.0,,,
11418677449,41.1846439,-8.6900403,3,16.0,,,
11418677454,41.1848149,-8.6903509,1,16.0,,,
11418677455,41.1848552,-8.6902921,3,16.0,,,
11418686663,41.184735,-8.6911126,1,16.0,,,
11418686664,41.1847649,-8.6911342,3,16.0,,,
11418686667,41.1844949,-8.6914588,3,16.0,,,
11418686668,41.1845094,-8.6914352,1,16.0,,,
11418686675,41.1848316,-8.6909743,3,16.0,,,
11418686677,41.1845184,-8.6907397,3,16.0,,,
11418686678,41.1845473,-8.6906538,1,16.0,,,
11418686680,41.1844645,-8.6907046,1,16.0,,,
11418686811,41.183741,-8.6906828,1,16.0,,,
11418686812,41.1837121,-8.6907139,3,16.0,,,
11418686815,41.1839922,-8.6909712,1,16.0,,,
11418686820,41.1841016,-8.69107,1,16.0,,,
11418686821,41.1840904,-8.691093,3,16.0,,,
11418686824,41.1842801,-8.6912311,1,16.0,,,
11418686825,41.1842682,-8.6912527,3,16.0,,,
11420725988,41.1850839,-8.6905305,1,16.0,,,
11420725989,41.1850534,-8.6905755,1,16.0,,,
11420725990,41.1850667,-8.6904985,1,16.0,,,
11420725991,41.1850284,-8.6904522,1,16.0,,,
11420725992,41.1849886,-8.6904966,1,16.0,,,
11420725993,41.1850147,-8.6904496,1,16.0,,,
11420725994,41.1850418,-8.6904684,4,16.0,crossing,,
11420725995,41.1852179,-8.6908116,1,16.0,,,
11420725996,41.1851811,-8.6907698,1,16.0,,,
11420725997,41.1852022,-8.6907938,4,16.0,crossing,,
11420726030,41.1850091,-8.6908555,1,16.0,,,
11420726031,41.1851482,-8.6909504,3,16.0,,,
11420726032,41.1850653,-8.6910432,1,16.0,,,
11420726033,41.1851102,-8.6909244,3,16.0,,,
11420726043,41.1850807,-8.691146,3,16.0,,,
11420726045,41.1849799,-8.6911317,1,16.0,,,
11420726055,41.184958,-8.6912049,1,16.0,,,
11420726056,41.1850421,-8.6912579,3,16.0,,,
11420726060,41.1848959,-8.6913328,1,16.0,,,
11420726061,41.1849958,-8.6913922,3,16.0,,,
11420726080,41.1848693,-8.691493,1,16.0,,,
11420726081,41.1849402,-8.6915534,3,16.0,,,
11446187529,41.1825797,-8.6590363,3,75.0,,,
11446631464,41.1860382,-8.6921357,1,14.0,,,
11446631488,41.1856767,-8.6913624,1,14.0,,,
11446631489,41.1857107,-8.6913109,3,14.0,,,
11446631491,41.1857767,-8.6914805,1,14.0,,,
11446631492,41.1858122,-8.6914292,3,14.0,,,
11446631634,41.1851475,-8.6915802,1,16.0,,,
11446631635,41.1849769,-8.6914469,3,16.0,,,
11446631636,41.1850879,-8.6916146,1,16.0,,,
11446631639,41.184936,-8.6915657,3,16.0,,,
11446631695,41.1852672,-8.6913996,1,16.0,,,
11446631699,41.1850593,-8.6912081,3,16.0,,,
11455375513,41.1874754,-8.6929015,4,14.0,crossing,,
11455375516,41.1868414,-8.6934039,4,14.0,,,
11455375517,41.1873141,-8.6933986,4,14.0,,,
11455375518,41.1871528,-8.6927992,4,14.0,,,
11455375519,41.1874079,-8.6930249,3,14.0,,,
11455375520,41.1873864,-8.693464,3,14.0,,,
11455379970,41.1867265,-8.6918116,1,14.0,,,
11455379971,41.1866311,-8.6922191,3,14.0,,,
11455379972,41.1867708,-8.6919906,3,14.0,,,
11455379973,41.1866138,-8.6919296,3,14.0,,,
11455379974,41.1868231,-8.6918915,3,14.0,,,
11455379975,41.1866136,-8.6918021,3,14.0,,,
11455379981,41.1866927,-8.6919602,4,14.0,,,
11455379982,41.1867189,-8.6918451,4,14.0,,,
11455379983,41.1866135,-8.6917761,1,14.0,,,
11455379987,41.1869868,-8.6915965,4,14.0,crossing,,
11455379990,41.187183,-8.691531,4,14.0,crossing,,
11455379991,41.1872725,-8.6915814,3,14.0,,,
11455380001,41.1878612,-8.6920972,4,0.0,,,
11455380008,41.188043,-8.6921811,4,0.0,crossing,,
11455380011,41.188034,-8.6931462,1,0.0,,,
11455380014,41.1882535,-8.6919704,1,0.0,,,
11455380016,41.1882872,-8.6923034,3,0.0,,,
11455380017,41.1881374,-8.6928224,4,0.0,crossing,,
11455380028,41.1880897,-8.6907203,1,5.0,,,
11455380030,41.1879629,-8.6921437,3,0.0,,,
11455380038,41.1881953,-8.6865984,3,8.0,,,
11455380041,41.1867971,-8.6924844,3,14.0,,,
11455384251,41.1867731,-8.6914928,1,14.0,,,
11455384252,41.1868463,-8.6913634,3,14.0,,,
11457563657,41.1865819,-8.6927201,3,14.0,,,
11457563662,41.1866627,-8.6924274,1,14.0,,,
11457563663,41.1867113,-8.692469,3,14.0,,,
11463114279,41.1865301,-8.6909619,3,14.0,,,
11463114311,41.1865306,-8.6909244,4,14.0,,,
11463114312,41.186536,-8.6905141,4,14.0,,,
11463114498,41.1859998,-8.6907668,1,14.0,,,
11463114499,41.1859839,-8.6907581,3,14.0,,,
11463114500,41.1859763,-8.6909964,1,14.0,,,
11463114501,41.1859134,-8.6909911,3,14.0,,,
11463114502,41.1859412,-8.6912183,1,14.0,,,
11463114503,41.1858534,-8.6911895,3,14.0,,,
11463114504,41.1860606,-8.690949,1,14.0,,,
11463114505,41.1861055,-8.690742,3,14.0,,,
11466818191,41.1858152,-8.6913765,1,14.0,,,
11466818192,41.1857711,-8.6913248,1,14.0,,,
11466818193,41.1858016,-8.6913606,4,14.0,crossing,,
11466818194,41.1854372,-8.6909367,1,14.0,,,
11466818195,41.1853978,-8.6908885,1,16.0,,,
11466818196,41.1854228,-8.690921,4,14.0,crossing,,
11466818226,41.1858169,-8.6913918,1,14.0,,,
11466818227,41.1857887,-8.6914324,1,14.0,,,
11466818228,41.1858003,-8.6914156,4,14.0,crossing,,
11466834192,41.1859161,-8.6909823,3,14.0,,,
11466834194,41.1857949,-8.6909831,1,14.0,,,
11466834195,41.1858442,-8.6910908,1,14.0,,,
11466834196,41.185878,-8.691108,3,14.0,,,
11466834197,41.1859331,-8.690798,1,14.0,,,
11466834198,41.1859662,-8.6908169,3,14.0,,,
11467013627,41.1851188,-8.6903969,1,16.0,,,
11467013628,41.1850853,-8.6903753,3,16.0,,,
11467013629,41.1853674,-8.6901348,1,16.0,,,
11467013630,41.1852694,-8.6900431,3,16.0,,,
11467013631,41.1854258,-8.689874,1,14.0,,,
11467013632,41.1854059,-8.6898502,3,16.0,,,
11467013633,41.1857011,-8.6901093,3,14.0,,,
11467013634,41.1856147,-8.6900644,1,14.0,,,
11467013635,41.1856513,-8.6902367,1,14.0,,,
11467013636,41.1856818,-8.6902593,3,14.0,,,
11467013637,41.1856292,-8.6902929,1,14.0,,,
11467013638,41.1856598,-8.6903154,3,14.0,,,
11467013639,41.1855497,-8.6904954,1,14.0,,,
11467013640,41.1855835,-8.6905103,3,14.0,,,
11467013641,41.1854978,-8.6906276,1,14.0,,,
11467013642,41.1855305,-8.6906457,3,14.0,,,
11467013643,41.1854764,-8.6906821,1,14.0,,,
11467013644,41.1855097,-8.690699,3,14.0,,,
11470035393,41.1847544,-8.6876945,3,18.0,,,
11470035394,41.1845001,-8.6871136,1,22.0,,,
11470035395,41.1844686,-8.6870887,1,22.0,,,
11470035396,41.184449,-8.6872902,1,22.0,,,
11470035397,41.1844763,-8.6872449,1,22.0,,,
11470035398,41.185043,-8.6881339,1,18.0,,,
11470035399,41.1850711,-8.6880943,1,18.0,,,
11470035400,41.1858254,-8.689255,1,15.0,,,
11470035401,41.185851,-8.6892222,1,15.0,,,
11470035402,41.1860819,-8.6895325,1,15.0,,,
11470035403,41.1860572,-8.6894894,1,15.0,,,
11470035404,41.1838379,-8.6864862,1,22.0,,,
11470035405,41.1838908,-8.6865394,1,22.0,,,
11470035406,41.1839411,-8.686416,1,22.0,,,
11470035407,41.1838857,-8.6863515,1,22.0,,,
11470035408,41.1838192,-8.6864092,1,22.0,,,
11470035409,41.1838482,-8.6863515,1,22.0,,,
11470035410,41.1839223,-8.6865304,1,22.0,,,
11470035411,41.1839411,-8.686484,1,22.0,,,
11470035412,41.1860691,-8.6895102,4,15.0,crossing,,
11470035678,41.1839218,-8.6879864,1,18.0,,,
11470035680,41.1834285,-8.6875721,3,18.0,,,
11470035810,41.1841177,-8.6883324,1,18.0,,,
11470035822,41.1839097,-8.6887975,3,18.0,,,
11470035873,41.1834562,-8.6885786,1,18.0,,,
11470035874,41.1834341,-8.6886091,3,18.0,,,
11470035875,41.1834172,-8.688533,1,18.0,,,
11470035876,41.1833961,-8.6885644,3,18.0,,,
11470035983,41.1843019,-8.6895751,1,18.0,,,
11470035984,41.1842786,-8.689605,3,16.0,,,
11470058418,41.181763,-8.6902115,3,15.0,,,
11470160114,41.1834587,-8.6874987,3,22.0,,,
11470160116,41.1838746,-8.6876481,1,18.0,,,
11470160120,41.1835685,-8.6873703,1,22.0,,,
11470160121,41.1835245,-8.6873389,3,22.0,,,
11470160161,41.183998,-8.6866694,1,22.0,,,
11470160162,41.184025,-8.6866381,3,22.0,,,
11470160174,41.1840279,-8.6867118,1,22.0,,,
11470160175,41.1840536,-8.6866789,3,22.0,,,
11470160179,41.1841257,-8.6867816,3,22.0,,,
11470160180,41.1839075,-8.6871948,1,22.0,,,
11470160423,41.1842682,-8.6870523,1,22.0,,,
11470160424,41.1842928,-8.6870197,3,22.0,,,
11470160427,41.1843576,-8.687179,1,22.0,,,
11470160428,41.1843789,-8.6871424,3,22.0,,,
11470160430,41.1844309,-8.6872829,1,22.0,,,
11470160431,41.1844509,-8.6872461,3,22.0,,,
11470160434,41.184539,-8.6875417,1,18.0,,,
11470160435,41.1845936,-8.687457,3,22.0,,,
11470160439,41.1847074,-8.6877609,1,18.0,,,
11470160440,41.1847899,-8.6877917,1,18.0,,,
11470160441,41.1848084,-8.6877701,3,18.0,,,
11470160442,41.1848118,-8.687877,1,18.0,,,
11470160443,41.184848,-8.6878255,3,18.0,,,
11470160449,41.1848845,-8.6880166,1,18.0,,,
11470160450,41.1849345,-8.6879467,3,18.0,,,
11470160451,41.1849368,-8.6881846,1,18.0,,,
11470160452,41.1850182,-8.6880638,3,18.0,,,
11470160461,41.1851219,-8.6883492,1,18.0,,,
11470160462,41.1851701,-8.6882815,3,18.0,,,
11470160463,41.185148,-8.6883859,1,18.0,,,
11470160464,41.1851962,-8.6883191,3,18.0,,,
11470960245,41.1844454,-8.6894932,1,18.0,,,
11470960248,41.1845598,-8.6895829,1,18.0,,,
11470960249,41.1844277,-8.6897826,3,16.0,,,
11470960258,41.1849017,-8.6895522,1,18.0,,,
11470960259,41.1846067,-8.689996,3,16.0,,,
11470960324,41.1848919,-8.690278,1,16.0,,,
11470960325,41.1848705,-8.6903104,3,16.0,,,
11470960433,41.1854691,-8.6897173,1,14.0,,,
11470960434,41.1854884,-8.6897423,3,14.0,,,
11470960458,41.1857148,-8.6894013,1,15.0,,,
11470960459,41.1857304,-8.6894244,3,15.0,,,
11470960461,41.1851721,-8.690117,1,16.0,,,
11470960462,41.1852004,-8.6901541,3,16.0,,,
11470960465,41.185462,-8.6895874,1,14.0,,,
11470960466,41.1855329,-8.6896839,3,14.0,,,
11470960467,41.1855712,-8.6895861,1,14.0,,,
11470960468,41.1855881,-8.6896114,3,14.0,,,
11470960469,41.1856798,-8.6894463,1,15.0,,,
11470960470,41.1856961,-8.6894695,3,15.0,,,
11470960504,41.1855102,-8.6887723,3,15.0,,,
11470960506,41.1853153,-8.689083,1,18.0,,,
11470960576,41.1852668,-8.6885926,1,18.0,,,
11470960577,41.185329,-8.6885108,3,18.0,,,
11470960578,41.1853203,-8.688656,1,18.0,,,
11470960579,41.1853744,-8.6885762,3,18.0,,,
11470960580,41.1854089,-8.6886733,1,18.0,,,
11470960581,41.1854246,-8.6886487,3,15.0,,,
11470960582,41.1854593,-8.6887462,1,15.0,,,
11470960583,41.1854759,-8.6887227,3,15.0,,,
11470960584,41.1856086,-8.6889619,1,15.0,,,
11470960585,41.185626,-8.6889394,3,15.0,,,
11470960587,41.1856807,-8.6890661,1,15.0,,,
11470960588,41.185699,-8.6890447,3,15.0,,,
11476003577,41.1888949,-8.63127,1,104.0,,,
11476003579,41.1885007,-8.6311893,3,102.0,,,
11476003580,41.1885444,-8.6311991,3,102.0,,,
11476003582,41.1882019,-8.6309313,1,102.0,,,
11476008192,41.1862889,-8.616931,1,82.0,,,
11476008194,41.1863457,-8.6163014,3,87.0,,,
11532559513,41.1925087,-8.6719837,3,57.0,,,
11532559519,41.1932034,-8.6725612,1,57.0,,,
11532559550,41.1920658,-8.6708708,1,57.0,,,
11532559552,41.192671,-8.6706885,4,62.0,,,
11532559553,41.1923954,-8.6719915,3,57.0,,,
11532559554,41.1923843,-8.6715255,3,57.0,,,
11532559555,41.1924726,-8.6715207,3,57.0,,,
11532559556,41.1924909,-8.6719849,3,57.0,,,
11532559557,41.1921345,-8.671539,1,57.0,,,
11532559558,41.192637,-8.6715118,3,57.0,,,
11532559560,41.1935528,-8.6714821,1,57.0,,,
11532559562,41.1926879,-8.6711157,3,57.0,,,
11532559568,41.1933289,-8.6711172,3,57.0,,,
11532605169,41.1933428,-8.6714992,3,57.0,,,
11532605171,41.1937254,-8.6713689,1,57.0,,,
11532605174,41.1934595,-8.671109,3,57.0,,,
11532605186,41.1926848,-8.6710365,3,57.0,,,
11532605190,41.1929775,-8.6711416,3,57.0,,,
11532605211,41.1923008,-8.6718993,1,57.0,,,
11532605212,41.1923931,-8.6718954,3,57.0,,,
11532605253,41.1921009,-8.670605,1,62.0,,,
11532605256,41.1923852,-8.6705315,1,62.0,,,
11532605260,41.1923444,-8.6701737,3,62.0,,,
11532605336,41.1903376,-8.6745068,3,56.0,,,
11532605337,41.1903355,-8.6743512,3,56.0,,,
11532605338,41.1902997,-8.6745079,3,56.0,,,
11532605339,41.1902987,-8.6743516,3,56.0,,,
11532605340,41.1902415,-8.6745096,3,56.0,,,
11532605341,41.1902405,-8.6743523,3,56.0,,,
11532605342,41.1902012,-8.6745108,3,56.0,,,
11532605343,41.1902002,-8.6743528,3,56.0,,,
11532605344,41.1901594,-8.6743533,3,56.0,,,
11536466263,41.19093,-8.6746513,3,56.0,,,
11536466264,41.1909194,-8.6744047,3,56.0,,,
11536466265,41.1914435,-8.6743824,1,56.0,,,
11536470481,41.1905065,-8.6746824,3,56.0,,,
11571526581,41.1861864,-8.6301312,3,95.0,,,
11571526582,41.1866277,-8.6287509,1,104.0,,,
11571526588,41.1863386,-8.6287214,1,104.0,,,
11571526589,41.1864183,-8.6289554,3,104.0,,,
11571526591,41.1864249,-8.62975,3,95.0,,,
11571526592,41.1864339,-8.6293115,3,95.0,,,
11571526594,41.1868424,-8.6300347,3,95.0,,,
11571526595,41.1867945,-8.6303974,1,95.0,,,
11586576850,41.199277,-8.689156,3,25.0,,,
11586613819,41.1990991,-8.6890758,1,25.0,,,
11586723288,41.1988524,-8.6874446,1,18.0,,,
11586749237,41.1989175,-8.6895311,1,25.0,,,
11627301069,41.1868162,-8.5974381,1,117.0,,,
11627301070,41.1861833,-8.5974733,3,117.0,,,
11627301072,41.1861771,-8.5969936,1,117.0,,,
11627301095,41.1861688,-8.5979555,3,106.0,,,
11627301142,41.1879304,-8.5973968,1,107.0,,,
11685719984,41.1948718,-8.6382144,4,101.0,,,
11685719985,41.1945706,-8.6382392,3,101.0,,,
11762192761,41.1897963,-8.6667948,1,73.0,,,
11762192762,41.1897185,-8.6667613,1,73.0,,,
11762192765,41.1899777,-8.6661361,1,73.0,,,
11762192766,41.1898837,-8.6661136,1,73.0,,,
11762192767,41.1901999,-8.6661812,1,73.0,,,
11762192768,41.1902369,-8.6662612,1,73.0,,,
11762212269,41.1904319,-8.6661436,1,73.0,,,
11762212270,41.1903819,-8.6660377,1,73.0,,,
11762212271,41.1904018,-8.66608,4,73.0,crossing,,
11762212272,41.1896261,-8.6648653,1,73.0,,,
11762212273,41.1895243,-8.6649022,1,73.0,,,
11762212274,41.1894934,-8.6648346,1,73.0,,,
11762212275,41.1894872,-8.6646931,1,73.0,,,
11762212276,41.1894873,-8.6647614,4,73.0,crossing,,
11762212278,41.189893,-8.6634004,1,76.0,,,
11762212279,41.1896524,-8.6637919,1,76.0,,,
11762212280,41.1898298,-8.6638513,1,76.0,,,
11769596354,41.2276806,-8.6932091,3,41.0,crossing,,
11769631000,41.2266741,-8.6908069,3,41.0,,,
11769631001,41.2272183,-8.6909733,3,48.0,,,
11769683773,41.2286157,-8.6890926,3,54.0,,,
11769690176,41.2266591,-8.6913547,3,41.0,,,
11771449374,41.179811,-8.6594211,3,70.0,,,
11867386130,41.1835901,-8.6304263,3,91.0,,,
11867386131,41.1837284,-8.6304477,3,91.0,,,
11867386133,41.1836332,-8.6293722,4,91.0,,,
11867386135,41.1837568,-8.6293924,3,91.0,,,
11880927811,41.1795256,-8.6592695,1,70.0,,,
11880927812,41.1796831,-8.6593835,3,70.0,,,
11896721572,41.1824257,-8.6665196,4,61.0,crossing,,
11896721573,41.1823885,-8.6666046,4,61.0,crossing,,
11896721608,41.1824421,-8.666482,1,61.0,,,
11896721609,41.1823722,-8.666642,1,61.0,,,
11896721617,41.1825199,-8.6669875,4,65.0,crossing,,
11896721619,41.1825471,-8.6670059,1,65.0,,,
11896721620,41.1824926,-8.6669691,1,65.0,,,
11896721630,41.182266,-8.6674764,1,65.0,,,
11896721631,41.1822516,-8.6673975,1,65.0,,,
11896721632,41.1823416,-8.6676474,1,65.0,,,
11896721633,41.182383,-8.6676964,1,65.0,,,
11896721634,41.1827295,-8.6680229,1,65.0,,,
11896721635,41.1826881,-8.6679703,1,65.0,,,
11896721636,41.1831885,-8.6683685,1,65.0,,,
11896721637,41.1831273,-8.668451,1,65.0,,,
11896721642,41.182868,-8.666336,3,61.0,,,
11896721644,41.1829713,-8.6663971,1,61.0,,,
11896721645,41.1829259,-8.6664637,1,61.0,,,
11896721646,41.1829483,-8.6664309,4,61.0,crossing,,
11896721647,41.1828089,-8.6664891,1,61.0,,,
11896721648,41.1827587,-8.6664288,1,61.0,,,
11896721649,41.1827806,-8.6664551,4,61.0,crossing,,
11896721651,41.1827706,-8.6669474,4,65.0,crossing,,
11896721672,41.1835624,-8.6681298,1,66.0,,,
11896721673,41.1834633,-8.6680155,1,66.0,,,
11896721674,41.1835059,-8.6680646,4,66.0,crossing,,
11896721675,41.1830621,-8.6688168,1,67.0,,,
11896721676,41.1831038,-8.6687327,1,65.0,,,
11896721677,41.1830263,-8.6688403,1,67.0,,,
11896721678,41.1829797,-8.6687609,1,67.0,,,
11896721679,41.1842892,-8.6692651,1,66.0,,,
11896721680,41.1843557,-8.6692756,1,66.0,,,
11896721681,41.1843621,-8.6695577,1,66.0,,,
11896721682,41.1843748,-8.6694083,1,66.0,,,
11896721691,41.1858036,-8.6658971,1,71.0,,,
11896721692,41.185426,-8.6663915,1,71.0,,,
11896721693,41.1855367,-8.6669149,3,70.0,,,
11896721696,41.1851865,-8.6666509,4,63.0,crossing,,
11896721699,41.1853366,-8.6669808,3,66.0,,,
11896721700,41.185155,-8.6672494,3,66.0,,,
11896721701,41.1852832,-8.6669205,3,66.0,,,
11896721702,41.1853362,-8.6668408,3,66.0,,,
11896721713,41.1855535,-8.6679482,3,70.0,crossing,,
11896721717,41.1855363,-8.6688898,3,61.0,crossing,,
11896721719,41.1855601,-8.6640891,3,65.0,,,
11896721720,41.186129,-8.6631524,3,65.0,,,
11896721721,41.1866082,-8.6637563,3,65.0,,,
11896721724,41.186442,-8.6648732,3,71.0,,,
11896721725,41.1870673,-8.6638707,3,65.0,,,
11896721734,41.1869569,-8.663515,3,65.0,,,
11896721738,41.1868898,-8.6636903,3,65.0,,,
11896721739,41.1867045,-8.6635552,3,65.0,,,
11896721742,41.1868082,-8.663376,3,65.0,,,
11896721743,41.1868363,-8.6633735,3,65.0,,,
11896721745,41.1868656,-8.6637025,3,65.0,,,
11896721748,41.1867234,-8.6636332,3,65.0,,,
11896721880,41.1862333,-8.6630753,1,65.0,,,
11896721881,41.186095,-8.6629806,1,65.0,,,
11896721889,41.1873647,-8.66503,1,71.0,,,
11896721890,41.1872893,-8.6650482,1,71.0,,,
11896721891,41.1874195,-8.6651483,1,71.0,,,
11896721892,41.1873975,-8.6650373,1,71.0,,,
11896721893,41.1873044,-8.6653558,1,71.0,,,
11896721894,41.1872989,-8.6652393,1,71.0,,,
11896721895,41.1874058,-8.6653812,1,71.0,,,
11896721896,41.1873318,-8.6653976,1,71.0,,,
11896721897,41.1877619,-8.6661347,1,73.0,,,
11896721898,41.1878276,-8.6662112,1,73.0,,,
11896721899,41.1878386,-8.6662931,1,73.0,,,
11896721901,41.1856721,-8.6624024,1,74.0,,,
11896721902,41.1855873,-8.6625342,1,65.0,,,
11896721903,41.1851721,-8.6624132,1,75.0,,,
11896721905,41.185101,-8.6622451,1,75.0,,,
11896721906,41.1851246,-8.6620423,1,75.0,,,
11896727179,41.182845,-8.6668457,1,65.0,,,
11896727180,41.1827478,-8.6669785,1,65.0,,,
11896727181,41.1828206,-8.666879,4,65.0,crossing,,
11896727183,41.1811,-8.6648827,1,68.0,,,
11898329595,41.1804347,-8.6865941,1,18.0,,,
11898329596,41.1804271,-8.6866962,1,18.0,,,
11898371136,41.18056,-8.6875586,1,17.0,,,
11898371137,41.1805526,-8.6876547,3,17.0,,,
11898371155,41.1808764,-8.6875965,1,17.0,,,
11898371156,41.1808676,-8.6876987,3,17.0,,,
11925038806,41.2485497,-8.6905423,1,45.0,,,
11925038809,41.2487739,-8.6907414,3,45.0,,,
11925038813,41.2497129,-8.6912677,3,45.0,,,
11925038821,41.2345295,-8.7062377,1,41.0,,,
11927102716,41.2050586,-8.6146959,3,39.0,,,
11933875228,41.194576,-8.6559683,3,80.0,,,
11944763080,41.1807464,-8.6867938,1,18.0,,,
11944763081,41.1807531,-8.6866893,3,18.0,,,
11944763136,41.1814123,-8.6868769,1,21.0,,,
11944763137,41.1814213,-8.686769,3,21.0,,,
11944763172,41.1816395,-8.6869052,1,21.0,,,
11944763173,41.1816468,-8.6867958,3,21.0,,,
11944763178,41.1817617,-8.6873711,1,21.0,,,
11944763179,41.1819504,-8.6873918,3,21.0,,,
11944763220,41.181552,-8.6873584,1,21.0,,,
11944763221,41.181525,-8.6877873,3,18.0,,,
11948640281,41.1963109,-8.6867702,3,24.0,,,
11948640284,41.1960347,-8.6875483,3,18.0,,,
11980955040,41.1794253,-8.6799217,3,23.0,,,
12036023597,41.2013945,-8.7005631,3,30.0,,,
12036023598,41.2005065,-8.7005071,3,30.0,,,
12036023611,41.2004575,-8.7004206,3,30.0,,,
12036406470,41.1859294,-8.6026688,3,114.0,,,
12068398567,41.2174035,-8.6646068,1,27.0,,,
12068406470,41.2177281,-8.6615998,1,35.0,,,
12080278718,41.2190814,-8.6239018,4,48.0,crossing,,
12080278720,41.2194153,-8.6238364,4,48.0,crossing,,
12080278722,41.2191681,-8.62419,4,48.0,crossing,,
12090607927,41.1801943,-8.6907202,4,16.0,crossing,,
12090607928,41.1810813,-8.6915816,4,16.0,crossing,,
12090607929,41.1815353,-8.6920225,4,13.0,crossing,,
12090607930,41.1816733,-8.6921566,4,13.0,crossing,,
12090607931,41.1832362,-8.6936744,4,13.0,crossing,,
12090607932,41.1834033,-8.6938367,4,10.0,crossing,,
12090607933,41.1839072,-8.694326,4,10.0,crossing,,
12090607934,41.1840654,-8.6944797,4,10.0,crossing,,
12090607935,41.1849516,-8.6953404,4,10.0,crossing,,
12090607936,41.1851044,-8.6954888,4,10.0,crossing,,
12090607937,41.1856236,-8.6959931,4,5.0,crossing,,
12090607938,41.1857197,-8.6960864,3,5.0,,,
12090607943,41.1855608,-8.695932,3,5.0,,,
12090607956,41.1829536,-8.6933999,3,13.0,,,
12095166926,41.2123982,-8.6613603,1,63.0,,,
12097768286,41.1977085,-8.6643631,3,76.0,crossing,,
12097768287,41.1976981,-8.6644794,3,76.0,crossing,,
12097768288,41.1978508,-8.6644903,3,76.0,,,
12097768289,41.1978379,-8.6643536,3,76.0,crossing,,
12105310927,41.1901602,-8.635961,4,92.0,crossing,,
12105310929,41.1899867,-8.6359778,4,92.0,crossing,,
12105310930,41.1900685,-8.6360434,4,92.0,crossing,,
12105310931,41.1899744,-8.6356878,4,92.0,crossing,,
12105310932,41.190057,-8.6357464,4,92.0,crossing,,
12105310933,41.1898873,-8.6357629,4,92.0,crossing,,
12110601407,41.1852765,-8.6956559,3,10.0,,,
12127854169,41.2052689,-8.6824335,3,46.0,,,
12127854177,41.2057886,-8.6822726,1,46.0,,,
12127854178,41.2057282,-8.6820776,1,46.0,,,
12127854179,41.2057461,-8.6821353,4,46.0,crossing,,
12127854180,41.2057728,-8.6822216,4,46.0,crossing,,
12127854197,41.2062388,-8.6806499,3,40.0,,,
12127854198,41.2061294,-8.6802643,1,40.0,,,
12127879022,41.2077258,-8.6793136,1,45.0,,,
12127879023,41.2076675,-8.6792409,1,45.0,,,
12127879024,41.2076854,-8.6792632,4,45.0,crossing,,
12127879025,41.2077125,-8.679297,4,45.0,crossing,,
12127902065,41.210508,-8.6594331,1,58.0,,,
12127902066,41.2103783,-8.6594142,1,64.0,,,
12127902067,41.2104162,-8.6594197,4,64.0,crossing,,
12127902068,41.2104775,-8.6594287,4,58.0,crossing,,
12127902079,41.2103268,-8.6584957,3,64.0,,,
12127902082,41.2104973,-8.6586669,3,58.0,,,
12127902087,41.2105486,-8.6589059,1,58.0,,,
12127902088,41.2104187,-8.6588896,1,58.0,,,
12127902089,41.2104482,-8.6588933,4,58.0,crossing,,
12127903803,41.2090579,-8.658168,3,67.0,,,
12127906733,41.2067377,-8.6858621,1,39.0,,,
12127906734,41.2074697,-8.6854088,3,47.0,,,
12127906735,41.2073499,-8.6851715,1,47.0,,,
12127906736,41.2085736,-8.6844004,3,53.0,,,
12127906737,41.2084929,-8.6842108,1,53.0,,,
12127906738,41.2104076,-8.6832459,1,51.0,,,
12128031508,41.2114966,-8.6832998,3,48.0,,,
12128031510,41.2135045,-8.6832351,1,54.0,,,
12128031513,41.2139527,-8.6829123,1,54.0,,,
12128031514,41.2138028,-8.6829037,1,54.0,,,
12128031515,41.2138396,-8.6829058,4,54.0,crossing,,
12128031516,41.2139129,-8.68291,4,54.0,crossing,,
12128031518,41.2143381,-8.6832959,1,54.0,,,
12128031520,41.214076,-8.6835029,3,48.0,,,
12128031522,41.2140766,-8.6832345,3,54.0,,,
12128031529,41.2139739,-8.6830926,3,54.0,,,
12128031530,41.2137832,-8.6830772,3,54.0,,,
12128031539,41.2136598,-8.6832208,3,54.0,,,
12128031540,41.2136543,-8.6835003,3,48.0,,,
12128031541,41.2138124,-8.6836702,3,48.0,,,
12128031563,41.213882,-8.6839108,4,48.0,crossing,,
12128149303,41.2170763,-8.6875768,1,42.0,,,
12128149304,41.2169154,-8.6876535,1,42.0,,,
12128149305,41.2169452,-8.6876393,4,42.0,crossing,,
12128149306,41.2170267,-8.6876005,4,42.0,crossing,,
12128149310,41.2179717,-8.6895534,3,42.0,,,
12128149312,41.2181167,-8.6895223,3,42.0,,,
12128149320,41.2172592,-8.6913089,3,41.0,,,
12128149321,41.2169196,-8.686328,1,46.0,,,
12128149322,41.216762,-8.6863218,1,46.0,,,
12128149323,41.2167957,-8.6863231,4,46.0,crossing,,
12128149324,41.2168847,-8.6863256,4,46.0,crossing,,
12128149332,41.2169519,-8.6841657,1,49.0,,,
12128149334,41.2168261,-8.6841619,4,49.0,crossing,,
12128149335,41.2169065,-8.6841643,4,49.0,crossing,,
12128149339,41.2167606,-8.6837744,3,49.0,,,
12128149341,41.2166635,-8.6836396,3,55.0,,,
12128149346,41.2169955,-8.6837634,3,49.0,,,
12128149368,41.2163755,-8.6833817,1,55.0,,,
12128149370,41.2163744,-8.683433,4,55.0,crossing,,
12128149371,41.2163734,-8.6835298,4,55.0,crossing,,
12128149372,41.2169329,-8.6855444,1,46.0,,,
12128149374,41.2168069,-8.6855419,4,46.0,crossing,,
12128149375,41.2168926,-8.6855436,4,46.0,crossing,,
12128149379,41.2165563,-8.6860381,1,50.0,,,
12128149381,41.2165561,-8.6858698,4,50.0,crossing,,
12128149382,41.2165562,-8.685979,4,50.0,crossing,,
12128149385,41.2134279,-8.6809484,3,63.0,,,
12128149396,41.2134877,-8.6803633,3,63.0,,,
12128149398,41.2135961,-8.6811564,3,63.0,,,
12128156802,41.2135835,-8.6808312,3,63.0,,,
12128156805,41.2131837,-8.6806046,3,63.0,,,
12128156806,41.2132998,-8.6803828,3,63.0,,,
12128166612,41.2136148,-8.6805342,3,63.0,,,
12128166615,41.2136759,-8.6803906,1,63.0,,,
12128166617,41.2135619,-8.6802615,1,63.0,,,
12128166618,41.2135854,-8.6802988,4,63.0,crossing,,
12128166619,41.2136479,-8.68037,4,63.0,crossing,,
12128166620,41.213622,-8.6809905,1,63.0,,,
12128166622,41.2134925,-8.6810759,1,63.0,,,
12128166623,41.2135171,-8.6810429,4,63.0,crossing,,
12128166624,41.213587,-8.680998,4,63.0,crossing,,
12128166625,41.2131087,-8.6804442,1,63.0,,,
12128166627,41.2132044,-8.6803051,1,63.0,,,
12128166628,41.213192,-8.680345,4,63.0,crossing,,
12128166629,41.2131427,-8.680419,4,63.0,crossing,,
12128166650,41.214778,-8.6788878,1,60.0,,,
12128166652,41.2146686,-8.6788194,1,60.0,,,
12128166653,41.2146902,-8.6788477,4,60.0,crossing,,
12128166667,41.2147452,-8.6792698,3,54.0,,,
12128166668,41.2145125,-8.6789876,3,57.0,,,
12128166675,41.2145906,-8.6789403,3,60.0,,,
12128166686,41.2147462,-8.6790394,3,60.0,,,
12128166688,41.2144528,-8.6791455,3,57.0,,,
12128166692,41.214436,-8.6794213,1,63.0,,,
12128166694,41.2143627,-8.6792818,1,63.0,,,
12128166695,41.2143805,-8.6792973,4,63.0,crossing,,
12128166696,41.2144313,-8.6793866,4,63.0,crossing,,
12128169003,41.2086788,-8.6807726,3,51.0,,,
12129511275,41.2103874,-8.6841254,3,53.0,,,
12129511291,41.2111192,-8.6860974,3,51.0,,,
12129511299,41.2111962,-8.6855079,3,51.0,,,
12129808601,41.2112719,-8.6855155,3,51.0,,,
12129808602,41.211003,-8.6856932,3,51.0,,,
12129808605,41.2109956,-8.6859136,3,51.0,,,
12129808608,41.2113212,-8.6860929,3,51.0,,,
12129808609,41.2114246,-8.6859558,3,51.0,,,
12129808610,41.2114269,-8.6856829,3,51.0,,,
12129808611,41.2113458,-8.6854195,4,51.0,crossing,,
12129808612,41.2116465,-8.6859354,1,51.0,,,
12129808614,41.2116465,-8.6857652,4,51.0,crossing,,
12129808615,41.2116465,-8.6858725,4,51.0,crossing,,
12129808616,41.213586,-8.6859754,1,48.0,,,
12129808618,41.2135867,-8.6858125,4,48.0,crossing,,
12129808619,41.2135863,-8.6859145,4,48.0,crossing,,
12129808620,41.2142063,-8.6859949,1,48.0,,,
12129808622,41.214206,-8.6858244,4,48.0,crossing,,
12129808623,41.2142062,-8.685928,4,48.0,crossing,,
12129808624,41.2112652,-8.6892268,1,46.0,,,
12129808625,41.2061227,-8.6869406,3,38.0,,,
12129808627,41.2059794,-8.6866377,1,38.0,,,
12129808780,41.2204996,-8.7053856,3,23.0,,,
12129808790,41.2217702,-8.7054219,1,23.0,,,
12129808807,41.2244149,-8.6925337,3,32.0,,,
12129808814,41.224402,-8.6831359,1,58.0,,,
12129808815,41.2243474,-8.6830482,4,58.0,crossing,,
12129808816,41.2243251,-8.6830143,1,58.0,,,
12129808824,41.2233377,-8.6838098,3,50.0,,,
12129808825,41.2236069,-8.6840048,3,50.0,,,
12129808827,41.2233796,-8.6843101,3,50.0,,,
12129808840,41.2231977,-8.6841703,3,50.0,,,
12129808841,41.2232936,-8.6844495,1,50.0,,,
12129808842,41.2231382,-8.6843176,1,50.0,,,
12129808843,41.2231671,-8.6843421,4,50.0,crossing,,
12129808844,41.2232483,-8.684411,4,50.0,crossing,,
12129808846,41.2231814,-8.6841109,3,50.0,,,
12129808847,41.2232367,-8.683877,3,50.0,,,
12129808850,41.2234883,-8.6838724,3,50.0,,,
12129808853,41.2235505,-8.6840899,3,50.0,,,
12129808854,41.2236831,-8.6839562,1,50.0,,,
12129808855,41.2236216,-8.6838068,1,50.0,,,
12129808856,41.2236345,-8.6838381,4,50.0,crossing,,
12129808857,41.2236692,-8.6839226,4,50.0,crossing,,
12130981998,41.2236287,-8.6860539,3,52.0,,,
12131025801,41.2236854,-8.6860156,3,52.0,,,
12131025804,41.2225194,-8.6852895,1,51.0,,,
12131025805,41.2224474,-8.6851769,1,51.0,,,
12131025806,41.2224649,-8.6852042,4,51.0,crossing,,
12131025807,41.2225006,-8.68526,4,51.0,crossing,,
12131025810,41.2219769,-8.6859137,1,49.0,,,
12131025811,41.2219058,-8.6858013,1,49.0,,,
12131025812,41.2219224,-8.6858275,4,49.0,crossing,,
12131025813,41.2204483,-8.6876737,1,41.0,,,
12131025814,41.2203695,-8.6875613,1,41.0,,,
12131025815,41.2203887,-8.6875886,4,41.0,crossing,,
12131025817,41.2192094,-8.6890694,1,41.0,,,
12131025818,41.2191353,-8.6889602,1,41.0,,,
12131025824,41.2174645,-8.6970482,1,41.0,,,
12131025825,41.2174585,-8.6968416,1,41.0,,,
12131025826,41.2174597,-8.6968833,4,41.0,crossing,,
12131025827,41.2174628,-8.6969881,4,41.0,crossing,,
12131025835,41.2175689,-8.6970429,3,41.0,,,
12131025847,41.2177076,-8.6971419,4,41.0,,,
12131025850,41.2177571,-8.6967202,4,41.0,,,
12131025852,41.2178426,-8.6968086,3,41.0,,,
12131025854,41.2176425,-8.6967262,3,41.0,,,
12131025855,41.2175649,-8.696819,3,41.0,,,
12131025857,41.2178961,-8.6966655,1,41.0,,,
12131025858,41.2177267,-8.6965293,1,41.0,,,
12131025859,41.2177465,-8.6965453,4,41.0,crossing,,
12131025860,41.217808,-8.6965947,4,41.0,crossing,,
12131025861,41.2178644,-8.69664,4,41.0,crossing,,
12131025863,41.2183803,-8.695574,1,41.0,,,
12131025864,41.2182059,-8.6954431,1,41.0,,,
12131025866,41.2182281,-8.6954597,4,41.0,crossing,,
12131025867,41.2182882,-8.6955049,4,41.0,crossing,,
12131025868,41.2183491,-8.6955507,4,41.0,crossing,,
12131025899,41.226744,-8.6824142,1,54.0,,,
12131025914,41.2275879,-8.6794485,1,59.0,,,
12131025915,41.2275092,-8.6793413,1,59.0,,,
12131025916,41.2275258,-8.6793639,4,59.0,crossing,,
12131025917,41.227559,-8.6794122,4,59.0,crossing,,
12131025918,41.2294406,-8.676867,1,71.0,,,
12131025919,41.2293554,-8.6767672,1,71.0,,,
12131025920,41.2294158,-8.676838,4,71.0,crossing,,
12131025921,41.2293789,-8.6767947,4,71.0,crossing,,
12131025925,41.2308563,-8.6747619,1,69.0,,,
12131025926,41.2307804,-8.6745944,1,69.0,,,
12131025948,41.2304406,-8.6754209,1,71.0,,,
12131025949,41.2303642,-8.6753182,1,71.0,,,
12131025950,41.2303837,-8.6753444,4,71.0,crossing,,
12131025951,41.230418,-8.6753905,4,71.0,crossing,,
12134335365,41.2186173,-8.6936272,3,42.0,,,
12134335371,41.218436,-8.693073,3,42.0,,,
12134335376,41.2181815,-8.6928178,3,42.0,,,
12134335385,41.2186793,-8.6939638,4,41.0,,,
12134335392,41.2188381,-8.6943535,3,39.0,,,
12139419863,41.1870047,-8.6307183,4,95.0,crossing,,
12147682310,41.1863058,-8.6602395,1,79.0,,,
12147682311,41.1863136,-8.660003,1,79.0,,,
12147682312,41.1863126,-8.6600337,5,79.0,crossing,,
12147682315,41.1863079,-8.6601774,4,79.0,crossing,,
12156404549,41.2072669,-8.7157909,3,0.0,,,
12161595237,41.1851477,-8.6666021,3,63.0,crossing,,
12163125466,41.1902678,-8.6395406,1,97.0,,,
12163125467,41.190089,-8.6395566,1,97.0,,,
12163125468,41.1902393,-8.6393282,1,97.0,,,
12163125469,41.190089,-8.6393327,1,97.0,,,
12163125470,41.190114,-8.639332,4,97.0,crossing,,
12163125471,41.1900544,-8.6395165,1,97.0,,,
12163125472,41.1900492,-8.6394154,1,97.0,,,
12163125473,41.1903024,-8.6395061,1,97.0,,,
12163125474,41.1903007,-8.6394016,1,97.0,,,
12163125479,41.1894941,-8.6394216,1,95.0,,,
12163125480,41.1894086,-8.6394273,1,95.0,,,
12163125481,41.1892703,-8.6397454,1,104.0,,,
12163125482,41.1892314,-8.6395548,1,95.0,,,
12163125483,41.1892388,-8.6395911,4,104.0,crossing,,
12163125484,41.1892633,-8.6397046,4,104.0,crossing,,
12163125485,41.1896574,-8.6395778,1,97.0,,,
12163125488,41.1883959,-8.6400221,1,104.0,,,
12163125489,41.1883647,-8.6398591,1,104.0,,,
12163125490,41.188372,-8.6398972,4,104.0,crossing,,
12163125491,41.188388,-8.6399812,4,104.0,crossing,,
12163125492,41.187048,-8.6404902,1,95.0,,,
12163125493,41.1870169,-8.6403352,1,95.0,,,
12163125494,41.1870238,-8.6403696,4,95.0,crossing,,
12163125495,41.187041,-8.6404554,4,95.0,crossing,,
12163125496,41.1871819,-8.6405051,1,95.0,,,
12163125497,41.187118,-8.6405281,1,95.0,,,
12163125498,41.187154,-8.6405151,4,95.0,crossing,,
12163125499,41.1871905,-8.6402089,1,95.0,,,
12163125500,41.1871231,-8.6402318,1,95.0,,,
12163189601,41.1871447,-8.6402245,4,95.0,crossing,,
12163189602,41.1861452,-8.6425581,1,89.0,,,
12163189603,41.1860915,-8.6425899,1,89.0,,,
12163189604,41.1861178,-8.6425743,4,89.0,crossing,,
12163189605,41.1868445,-8.6443412,1,94.0,,,
12163189606,41.1872187,-8.6448987,1,94.0,,,
12163189607,41.1871444,-8.6449619,1,94.0,,,
12163189608,41.1872861,-8.6449998,1,94.0,,,
12163189609,41.1872567,-8.6449114,1,94.0,,,
12163189610,41.1872317,-8.645087,1,94.0,,,
12163189611,41.1871599,-8.6451582,1,94.0,,,
12163189612,41.1865501,-8.6435368,1,89.0,,,
12163189613,41.1864984,-8.6435752,1,89.0,,,
12163189614,41.1864695,-8.6433427,1,89.0,,,
12163189615,41.1864192,-8.6433852,1,89.0,,,
12163189616,41.1864454,-8.6433631,4,89.0,crossing,,
12163189617,41.1863386,-8.6433771,1,89.0,,,
12163189618,41.1863158,-8.6433064,1,89.0,,,
12163189619,41.1863241,-8.643332,4,89.0,crossing,,
12163189621,41.1844723,-8.6417724,1,90.0,,,
12163189622,41.184442,-8.6418136,4,90.0,crossing,,
12163189623,41.1844869,-8.641623,1,92.0,,,
12163189624,41.1844571,-8.6415462,1,92.0,,,
12163189628,41.1865251,-8.6435554,4,89.0,crossing,,
12163202014,41.1899116,-8.636805,1,92.0,,,
12163202015,41.1899071,-8.6367183,1,92.0,,,
12163202016,41.1899091,-8.6367575,4,92.0,crossing,,
12163202017,41.1901617,-8.6360224,1,92.0,,,
12163202018,41.1901587,-8.6358994,1,92.0,,,
12163202019,41.1901049,-8.6360727,1,92.0,,,
12163202020,41.1899516,-8.6359497,1,92.0,,,
12163202021,41.19009,-8.6357698,1,92.0,,,
12163202022,41.1899278,-8.6356547,1,92.0,,,
12163202023,41.1898909,-8.6358108,1,92.0,,,
12163202024,41.189882,-8.6356931,1,92.0,,,
12163202025,41.1907415,-8.6364171,1,92.0,,,
12163202026,41.1906383,-8.6362876,1,92.0,,,
12163202027,41.1906913,-8.6363542,4,92.0,crossing,,
12163202028,41.1906715,-8.6365969,1,92.0,,,
12163202029,41.1907552,-8.636475,1,92.0,,,
12163202030,41.1907239,-8.6365206,4,92.0,crossing,,
12163202031,41.1901501,-8.6331451,1,103.0,,,
12163202032,41.1900143,-8.6331132,1,103.0,,,
12163202033,41.1900583,-8.6331236,4,103.0,crossing,,
12163202034,41.1902049,-8.6329179,1,103.0,,,
12163202035,41.1900788,-8.632882,1,103.0,,,
12163202036,41.1900933,-8.6328861,4,103.0,crossing,,
12163202037,41.1901544,-8.6329035,4,103.0,crossing,,
12163202038,41.1902161,-8.6330843,1,103.0,,,
12163202039,41.1902289,-8.6329906,1,103.0,,,
12163202040,41.1902228,-8.6330352,4,103.0,crossing,,
12163202041,41.1900001,-8.6330365,1,103.0,,,
12163202042,41.1900158,-8.6329278,1,103.0,,,
12163202043,41.1900088,-8.6329761,4,103.0,crossing,,
12163202050,41.1903372,-8.6319916,1,103.0,,,
12163202051,41.1903465,-8.631926,4,103.0,crossing,,
12163202052,41.1903029,-8.6320734,1,103.0,,,
12163202053,41.190197,-8.6320453,1,103.0,,,
12163202054,41.1902128,-8.6320495,4,103.0,crossing,,
12163202055,41.190273,-8.6320655,4,103.0,crossing,,
12163202056,41.1903656,-8.6316939,3,103.0,,,
12163202057,41.1902535,-8.6316577,1,103.0,,,
12163202058,41.1902313,-8.6315692,1,103.0,,,
12163202059,41.1902474,-8.6314485,1,103.0,,,
12163202060,41.1902412,-8.6314951,4,103.0,crossing,,
12163202061,41.190311,-8.6310984,1,107.0,,,
12163202062,41.1903413,-8.6310099,1,107.0,,,
12163202063,41.1903237,-8.6310612,4,107.0,crossing,,
12163202064,41.1904018,-8.6309764,1,107.0,,,
12163202065,41.1905704,-8.6308155,1,107.0,,,
12163202066,41.1906007,-8.6307337,1,107.0,,,
12163202067,41.1912476,-8.6315531,1,103.0,,,
12163202069,41.1913919,-8.6318387,1,103.0,,,
12163202070,41.1913627,-8.6318639,4,103.0,crossing,,
12163202071,41.1913062,-8.6319141,3,103.0,,,
12163202072,41.1913525,-8.6320157,1,103.0,,,
12163202073,41.1913383,-8.6319845,4,103.0,crossing,,
12163202074,41.190857,-8.6300068,1,107.0,,,
12163202075,41.1907964,-8.6299692,1,107.0,,,
12163202076,41.1908217,-8.6299849,4,107.0,crossing,,
12163202077,41.1908116,-8.6297573,1,107.0,,,
12163202078,41.1907783,-8.6298297,1,107.0,,,
12163202088,41.1913282,-8.6293128,1,107.0,,,
12163202089,41.1912674,-8.629339,1,107.0,,,
12163202090,41.191297,-8.6293263,4,107.0,crossing,,
12163202091,41.1914469,-8.6297444,1,107.0,,,
12163202092,41.1913929,-8.6297636,1,107.0,,,
12163202093,41.1914235,-8.6297527,4,107.0,crossing,,
12163202094,41.1915123,-8.6298899,1,107.0,,,
12163202095,41.1914842,-8.6297848,1,107.0,,,
12163202096,41.1914959,-8.6298284,4,107.0,crossing,,
12163202097,41.1916287,-8.6303609,1,107.0,,,
12163202098,41.1915716,-8.6303842,1,107.0,,,
12163202099,41.1915935,-8.6303752,4,107.0,crossing,,
12163202100,41.1911069,-8.6293714,1,107.0,,,
12163209401,41.1910438,-8.6293289,1,107.0,,,
12163209402,41.1910772,-8.6293514,4,107.0,crossing,,
12163209403,41.1911624,-8.6289034,1,100.0,,,
12163209404,41.1912202,-8.6288862,1,100.0,,,
12163209405,41.1911927,-8.6288944,4,100.0,crossing,,
12163209406,41.1911214,-8.6289044,1,100.0,,,
12163209407,41.1910985,-8.628961,1,100.0,,,
12163209408,41.1911084,-8.6289367,4,100.0,crossing,,
12163209409,41.1907952,-8.629793,4,107.0,crossing,,
12163209410,41.1910239,-8.6268366,1,97.0,,,
12163209411,41.1909677,-8.6268437,1,97.0,,,
12163209412,41.1912534,-8.6241687,1,93.0,,,
12163209413,41.1911868,-8.6241472,1,93.0,,,
12163209414,41.1911697,-8.6243725,1,93.0,,,
12163209415,41.1911596,-8.6242183,1,93.0,,,
12163209416,41.1915421,-8.6231602,1,93.0,,,
12163209417,41.1914845,-8.62314,1,93.0,,,
12163209418,41.1915026,-8.6231464,4,93.0,crossing,,
12163209419,41.1915754,-8.6228584,1,87.0,,,
12163209420,41.191531,-8.6227793,1,87.0,,,
12163209421,41.1916117,-8.6203358,1,80.0,,,
12163209422,41.1915481,-8.6202661,1,80.0,,,
12163209423,41.1914553,-8.6203009,1,80.0,,,
12163209424,41.1913866,-8.6203881,1,80.0,,,
12163209425,41.1912222,-8.6315737,4,103.0,crossing,,
12163209426,41.1914219,-8.6203475,4,80.0,crossing,,
12163326505,41.1721557,-8.6802308,1,25.0,,,
12163326509,41.1740295,-8.6806264,1,18.0,,,
12163326510,41.1740223,-8.680701,4,18.0,crossing,,
12163326511,41.1740118,-8.6808101,4,18.0,crossing,,
12163453968,41.2032774,-8.6299649,1,73.0,,,
12163453969,41.2035042,-8.6299103,3,73.0,,,
12163453970,41.2034894,-8.6298208,3,73.0,,,
12163453971,41.2017778,-8.6304168,3,75.0,,,
12163453972,41.2016028,-8.629376,3,75.0,,,
12163453990,41.1973832,-8.6281407,3,85.0,,,
12163453991,41.1972677,-8.628105,3,85.0,,,
12163492333,41.2183959,-8.6745041,3,67.0,,,
12183735918,41.1906254,-8.6962778,3,13.0,,,
12183776599,41.1907611,-8.6965908,3,13.0,,,
12183776600,41.1907472,-8.6966742,4,13.0,,,
12183835104,41.190606,-8.6979552,4,18.0,crossing,,
12183835106,41.190595,-8.6994846,4,18.0,crossing,,
12183835107,41.1905554,-8.7009373,4,16.0,crossing,,
12183835109,41.1905194,-8.701905,4,16.0,crossing,,
12183835110,41.1904694,-8.7033888,4,17.0,crossing,,
12192987966,41.2164693,-8.6611424,3,43.0,,,
12192987967,41.2166497,-8.6610125,1,43.0,,,
12192987998,41.2136333,-8.6557058,1,47.0,,,
12193004502,41.2138876,-8.6561792,3,47.0,,,
12193004503,41.2130189,-8.6558814,1,47.0,,,
12193004512,41.2186946,-8.6623328,3,35.0,,,
12193004543,41.2081722,-8.6561859,1,69.0,,,
12291306346,41.1977096,-8.6654554,3,72.0,crossing,,
12291306347,41.1974666,-8.6657751,3,72.0,,,
12291306349,41.1968853,-8.6664357,3,72.0,,,
12291306350,41.1971818,-8.6660427,3,72.0,,,
12291306351,41.1967068,-8.6654294,4,72.0,,,
12291306352,41.1977339,-8.6661351,3,72.0,,,
12291306353,41.1979066,-8.6659044,1,72.0,,,
12291306354,41.1972009,-8.6668435,3,73.0,,,
12291306355,41.1976388,-8.6660084,3,72.0,,,
12291306356,41.1971045,-8.6667208,3,73.0,,,
12291327608,41.1955166,-8.6602239,3,80.0,,,
12291327625,41.1949491,-8.6607066,3,78.0,,,
12291327634,41.1945857,-8.6613539,3,78.0,,,
12291327635,41.1946159,-8.6613506,3,78.0,,,
12291327641,41.1946996,-8.6614537,3,78.0,,,
12291327645,41.1945155,-8.6614722,3,78.0,,,
12291327650,41.1946143,-8.6615962,3,78.0,,,
12291327675,41.192787,-8.6569117,3,87.0,,,
12291327677,41.1929236,-8.6570681,1,87.0,,,
12291327678,41.1928356,-8.6568679,3,87.0,,,
12291327679,41.192839,-8.6566332,1,87.0,,,
12291327683,41.1920673,-8.6626443,4,80.0,crossing,,
12291327688,41.1919878,-8.6624047,4,83.0,crossing,,
12291327752,41.1961091,-8.665306,1,72.0,,,
12291327753,41.1964122,-8.6657003,3,72.0,,,
12291327754,41.1963577,-8.6649664,1,72.0,,,
12291327755,41.1962898,-8.665059,1,72.0,,,
12291327756,41.1966294,-8.6655006,3,72.0,,,
12331635677,41.194869,-8.6422866,3,108.0,,,
12331635679,41.1949325,-8.6416092,3,108.0,,,
12331635681,41.1948747,-8.6416039,3,108.0,,,
12331635682,41.1951807,-8.6416322,3,108.0,,,
12331635683,41.1952758,-8.6414369,3,108.0,,,
12355671984,41.1945177,-8.6614551,3,78.0,,,
12355671985,41.1946995,-8.6614647,3,78.0,,,
12400117886,41.1841084,-8.681053,3,35.0,,,
12400117887,41.1837297,-8.6807697,3,35.0,,,
12400117889,41.1834015,-8.6805397,3,35.0,,,
12400117890,41.1834621,-8.6805188,4,35.0,,,
12400117892,41.1836843,-8.6807357,4,35.0,,,
12400117898,41.1844302,-8.6814857,3,37.0,,,
12400120109,41.1849619,-8.6807537,1,35.0,,,
12400120110,41.1846349,-8.6814043,1,37.0,,,
12400120111,41.184593,-8.6814392,1,37.0,,,
12400120131,41.1848013,-8.6815292,3,37.0,,,
12400120133,41.1848841,-8.6813661,4,37.0,,,
12400120134,41.1848624,-8.6814091,4,37.0,,,
12400120135,41.1847819,-8.6815672,4,37.0,,,
12400120136,41.184764,-8.6816088,4,37.0,,,
12400120137,41.1847204,-8.6817064,3,37.0,,,
12400120144,41.1849503,-8.6842897,3,28.0,,,
12400120145,41.1846152,-8.6841104,4,28.0,,,
12400120154,41.1838784,-8.6836433,3,28.0,,,
12400120155,41.1838867,-8.683705,3,28.0,,,
12400120158,41.1829265,-8.6835054,3,23.0,,,
12400120160,41.1836358,-8.6832067,3,37.0,,,
12400120165,41.1830093,-8.6820779,3,24.0,,,
12400120166,41.1829192,-8.6822725,3,24.0,,,
12400120167,41.1828958,-8.6823339,3,24.0,,,
12400120168,41.1824608,-8.6829667,3,24.0,,,
12400120171,41.183846,-8.6833188,3,37.0,,,
12400120172,41.1838765,-8.6832488,3,37.0,,,
12400120173,41.1839263,-8.6831344,3,37.0,,,
12400120174,41.1841692,-8.6825762,3,37.0,,,
12400120176,41.1840892,-8.68276,3,37.0,,,
12400120177,41.1837761,-8.6834796,3,28.0,,,
12400120178,41.1837417,-8.6835585,3,28.0,,,
12400120179,41.1839767,-8.6830186,4,37.0,,,
12400120180,41.184418,-8.6814758,4,37.0,,,
12400120181,41.1840419,-8.6812012,3,35.0,,,
12400120182,41.1836734,-8.6809242,3,35.0,,,
12400120183,41.1835146,-8.680965,3,35.0,,,
12400120192,41.1839935,-8.6811648,4,35.0,,,
12400120194,41.1843743,-8.6814407,4,37.0,,,
12400120197,41.1845456,-8.6817098,3,37.0,,,
12400120200,41.1842433,-8.6824071,3,37.0,,,
12400120202,41.1836161,-8.6835811,3,28.0,,,
12400120205,41.183538,-8.6836195,3,28.0,,,
12400120206,41.1835802,-8.683642,3,28.0,,,
12400120207,41.1836589,-8.6833255,3,37.0,,,
12400120208,41.1835743,-8.6834991,4,28.0,,,
12400120209,41.1836357,-8.6833094,3,37.0,,,
12400120210,41.1836087,-8.6833174,1,37.0,,,
12435615723,41.2114314,-8.6149208,3,78.0,,,
12435615724,41.2118332,-8.6152117,3,78.0,,,
12435615725,41.2113663,-8.6150575,3,78.0,,,
12435615726,41.2117905,-8.6153579,3,78.0,,,
12435615727,41.2113011,-8.6151943,3,78.0,,,
12435615728,41.2117478,-8.615504,3,78.0,,,
12435615729,41.211705,-8.6156503,3,78.0,,,
12435615730,41.211236,-8.615331,3,78.0,,,
12435615731,41.2116623,-8.6157964,3,78.0,,,
12435615732,41.2111708,-8.6154677,3,78.0,,,
12435615736,41.2116196,-8.6159425,3,78.0,,,
12435615737,41.2111057,-8.6156045,3,78.0,,,
12435615767,41.2115463,-8.6146665,3,78.0,,,
12435615768,41.211999,-8.6149321,3,78.0,,,
12435615769,41.2120512,-8.6149627,3,78.0,,,
12435615770,41.2121034,-8.6149934,3,78.0,,,
12435615771,41.2121557,-8.615024,3,78.0,,,
12435615772,41.2119272,-8.61489,4,78.0,,,
12435615773,41.2122079,-8.6150546,3,78.0,,,
12435615775,41.212247,-8.6151281,3,78.0,,,
12435615776,41.2123238,-8.615279,3,78.0,,,
12435615779,41.2121725,-8.6142903,3,80.0,,,
12435615780,41.2122333,-8.6143066,3,80.0,,,
12435615781,41.2122942,-8.614323,3,80.0,,,
12435615782,41.212355,-8.6143393,3,80.0,,,
12435615783,41.2124159,-8.6143556,3,80.0,,,
12435615784,41.2124767,-8.6143719,3,80.0,,,
12435615785,41.2125985,-8.6144046,3,87.0,,,
12439682077,41.1771334,-8.6863244,4,13.0,,,
12447421220,41.2601036,-8.7238629,3,0.0,,,
12448331819,41.1921644,-8.662534,1,80.0,,,
12448331820,41.1921828,-8.6623822,1,83.0,,,
12448331821,41.1921037,-8.6626554,1,80.0,,,
12448331822,41.1920387,-8.6626356,1,80.0,,,
12448331824,41.1921336,-8.6623075,1,83.0,,,
12448331825,41.1920756,-8.66229,1,83.0,,,
12448331826,41.1919746,-8.6625048,1,80.0,,,
12448331827,41.1919966,-8.6623378,1,83.0,,,
12448331831,41.1805667,-8.6526151,1,79.0,,,
12448331832,41.1804861,-8.6525922,1,79.0,,,
12448331833,41.1805239,-8.6526029,4,79.0,crossing,,
12448331840,41.1831723,-8.6528097,3,78.0,,,
12448331841,41.1830545,-8.6525311,1,78.0,,,
12448331843,41.1831047,-8.6525619,4,78.0,crossing,,
12448331844,41.1830834,-8.6525522,4,78.0,crossing,,
12448331846,41.1830194,-8.6525487,1,78.0,,,
12448331848,41.1830293,-8.6527017,4,78.0,crossing,,
12448331853,41.1833055,-8.6535746,1,78.0,,,
12448331864,41.1835001,-8.6509754,3,84.0,,,
12448331865,41.1833752,-8.6509269,1,84.0,,,
12448331874,41.1826753,-8.6466971,1,85.0,,,
12448331875,41.1825728,-8.646874,1,85.0,,,
12448331876,41.182874,-8.6462312,1,85.0,,,
12448331877,41.1828415,-8.6463047,1,85.0,,,
12448331878,41.1828567,-8.6462705,4,85.0,crossing,,
12448331879,41.1827484,-8.6463759,1,85.0,,,
12448331885,41.1813815,-8.6488945,1,85.0,,,
12448331886,41.1814374,-8.6487852,1,85.0,,,
12448331890,41.1834465,-8.6531563,4,82.0,crossing,,
12452903892,41.2602001,-8.7237197,4,0.0,crossing,,
12452903893,41.2601772,-8.7236081,3,0.0,,,
12452903894,41.2598146,-8.7238612,3,0.0,,,
12452903895,41.2598976,-8.7238583,4,0.0,crossing,,
12452903896,41.2605381,-8.7240522,3,8.0,,,
12452903898,41.2602535,-8.7238808,3,0.0,,,
12465215627,41.1781341,-8.6628882,1,76.0,,,
12469915989,41.2033018,-8.6158336,3,59.0,,,
12469915990,41.2032218,-8.6159638,3,59.0,,,
12469918184,41.1917527,-8.6199758,3,77.0,,,
12469918187,41.1916804,-8.6201323,3,77.0,,,
12469918198,41.1953831,-8.619687,3,72.0,,,
12469918237,41.1933694,-8.6176795,3,83.0,,,
12469918239,41.1935081,-8.6175071,3,83.0,,,
12469918285,41.1970411,-8.6185954,1,79.0,turning_circle,,
12469918306,41.1975584,-8.6162766,3,98.0,,,
12469918324,41.1984442,-8.6150529,1,75.0,,,
12469918335,41.1991808,-8.6176018,3,55.0,,,
12469918356,41.1997338,-8.6110356,1,88.0,,,
12531531705,41.2177055,-8.6972974,4,41.0,,,
12563428102,41.1961709,-8.6307309,3,82.0,,,
12568244836,41.1936254,-8.6085835,1,104.0,,,
12568244837,41.1936973,-8.608618,1,104.0,,,
12568244838,41.1936531,-8.6085967,4,104.0,crossing,,
12568244839,41.1934856,-8.6095736,1,104.0,,,
12568244840,41.1933165,-8.6095399,1,104.0,,,
12568244841,41.1933544,-8.6095475,4,104.0,crossing,,
12568244842,41.1934017,-8.6100691,1,104.0,,,
12568244843,41.1932699,-8.6100407,1,104.0,,,
12568244844,41.1933431,-8.6104424,1,107.0,,,
12568244845,41.1932339,-8.6104265,1,107.0,,,
12568244846,41.193258,-8.61043,4,107.0,crossing,,
12568244847,41.1932326,-8.6114546,1,107.0,,,
12568244848,41.1932406,-8.6113414,1,107.0,,,
12568244849,41.1930741,-8.6114617,1,107.0,,,
12568244850,41.1930728,-8.6113679,1,107.0,,,
12568244851,41.193182,-8.611536,1,107.0,,,
12568244852,41.1931141,-8.6115166,1,107.0,,,
12568244853,41.1932153,-8.6113131,1,107.0,,,
12568244854,41.193134,-8.6112936,1,107.0,,,
12568244860,41.1952944,-8.6039018,1,97.0,,,
12568244861,41.1952457,-8.6039881,1,97.0,,,
12568244862,41.195288,-8.6038386,1,97.0,,,
12568244863,41.1952225,-8.6037801,1,97.0,,,
12568244864,41.1951819,-8.6039734,1,97.0,,,
12568244865,41.1951321,-8.6039164,1,97.0,,,
12568244866,41.1951726,-8.603804,1,97.0,,,
12568244867,41.1951332,-8.6038602,1,97.0,,,
12616267058,41.2645784,-8.7256363,3,4.0,,,
12616267059,41.2644458,-8.7261008,3,4.0,,,
12621197899,41.2218143,-8.6258161,1,63.0,,,
12651180327,41.1827784,-8.6543751,1,76.0,,,
12651180328,41.1834687,-8.654928,1,81.0,,,
12651180376,41.1831855,-8.6580544,3,74.0,,,
12651180377,41.1832519,-8.6578615,3,74.0,,,
12651180378,41.1835961,-8.6583751,3,73.0,,,
12651180383,41.183229,-8.6581593,3,74.0,,,
12651180389,41.1828333,-8.6573605,3,74.0,,,
12651180390,41.183837,-8.6569713,3,75.0,,,
12651180392,41.1837169,-8.6571708,3,75.0,,,
12651180394,41.1840819,-8.6573289,3,75.0,,,
12651180395,41.1839603,-8.6575046,3,75.0,,,
12651180396,41.1838128,-8.6573023,3,75.0,,,
12651180397,41.1837517,-8.6573772,1,75.0,,,
12651180407,41.1843864,-8.6612908,3,75.0,,,
12651180416,41.1844377,-8.6611025,3,75.0,,,
12651180417,41.1845225,-8.6609934,3,75.0,,,
12651180418,41.1844137,-8.6609381,3,75.0,,,
12651180512,41.1867254,-8.6636434,3,65.0,,,
12651705418,41.1860488,-8.6601465,3,79.0,,,
12655907752,41.2038849,-8.6377489,3,88.0,,,
12671087564,41.1801815,-8.654817,3,90.0,,,
12673080532,41.1980547,-8.610352,3,87.0,,,
12673080536,41.1983915,-8.6102424,3,87.0,,,
12673080559,41.1980555,-8.6051681,3,85.0,,,
12673080561,41.197923,-8.6054697,3,85.0,,,
12673080562,41.1977431,-8.605314,3,95.0,,,
12673080570,41.1980415,-8.6053678,3,85.0,,,
12673087816,41.198767,-8.6092943,3,87.0,,,
12673087817,41.1985594,-8.6089684,3,87.0,,,
12673087823,41.1985984,-8.609303,3,87.0,,,
12673092840,41.1973277,-8.612714,3,101.0,,,
12673092844,41.1973976,-8.6126485,4,101.0,crossing,,
12673092845,41.197365,-8.6126472,1,101.0,,,
12673092847,41.197458,-8.6126142,1,101.0,,,
12673092848,41.197448,-8.6126286,4,101.0,crossing,,
12673092859,41.1918881,-8.6106531,3,107.0,,,
12673092860,41.1921049,-8.6106067,1,107.0,,,
12673149532,41.1901284,-8.6238912,3,93.0,,,
12673149534,41.189675,-8.6233764,1,93.0,turning_circle,,
12673149539,41.1889222,-8.6255847,1,101.0,,,
12673149540,41.1888798,-8.6256341,4,101.0,crossing,,
12673149541,41.1888337,-8.6257075,4,101.0,crossing,,
12673149550,41.1836506,-8.6312734,1,90.0,,,
12673219241,41.1800915,-8.6549001,3,90.0,,,
12673279994,41.1886252,-8.6481781,3,92.0,,,
12673279998,41.188454,-8.6481345,3,92.0,,,
12673284502,41.1911301,-8.6529064,3,86.0,,,
12673290228,41.1922325,-8.668627,1,68.0,,,
12673290230,41.1920222,-8.6685508,1,68.0,,,
12673290231,41.1920522,-8.6685528,4,68.0,crossing,,
12673290232,41.192182,-8.6685988,4,68.0,crossing,,
12673290234,41.1920582,-8.6691284,1,62.0,,,
12673290235,41.1919499,-8.6690637,1,62.0,,,
12673290236,41.1920307,-8.6691119,4,62.0,crossing,,
12673290237,41.1919808,-8.6690825,4,62.0,crossing,,
12673290238,41.1920807,-8.6695496,1,62.0,,,
12673290239,41.1921346,-8.6694126,1,62.0,,,
12673290240,41.192106,-8.6694854,4,62.0,crossing,,
12673290241,41.1922983,-8.6696258,3,62.0,,,
12673290256,41.1924345,-8.669828,3,62.0,,,
12673290259,41.1931204,-8.6705546,1,62.0,,,
12673290260,41.1931998,-8.6703482,1,62.0,,,
12673290261,41.1931856,-8.6703851,4,62.0,crossing,,
12673290262,41.1931491,-8.6704801,4,62.0,crossing,,
12673291857,41.1925877,-8.6676138,1,68.0,,,
12673291860,41.1924738,-8.6673849,1,68.0,,,
12673291861,41.1924845,-8.6674229,4,68.0,crossing,,
12673291862,41.1936029,-8.6673004,1,68.0,,,
12673291863,41.1936072,-8.6669721,1,68.0,,,
12673291864,41.1936067,-8.6670126,4,68.0,crossing,,
12673291865,41.1936037,-8.6672355,4,68.0,crossing,,
12673291866,41.1946906,-8.6673133,1,73.0,,,
12673291867,41.1946531,-8.6669945,1,73.0,,,
12673291868,41.1946562,-8.6670213,4,73.0,crossing,,
12673291869,41.1946695,-8.6671339,4,73.0,crossing,,
12673291870,41.1946843,-8.6672595,4,73.0,crossing,,
12673335621,41.193641,-8.6709281,1,57.0,,,
12673335622,41.1937225,-8.670725,1,62.0,,,
12673335623,41.1937079,-8.6707614,4,62.0,crossing,,
12673335624,41.1936712,-8.6708529,4,57.0,crossing,,
12673335627,41.1940344,-8.6724196,1,58.0,,,
12673357928,41.1919686,-8.6694702,3,62.0,,,
12673369506,41.1977217,-8.6612234,1,76.0,,,
12673369507,41.1978808,-8.6611073,1,76.0,,,
12673369508,41.1977636,-8.6611928,4,76.0,crossing,,
12673369509,41.1989141,-8.6595609,1,81.0,,,
12673369510,41.1988251,-8.6594554,1,81.0,,,
12673369511,41.1988542,-8.6594917,4,81.0,crossing,,
12673369513,41.1993239,-8.6587542,1,81.0,,,
12673369514,41.1992244,-8.6586947,1,81.0,,,
12673369515,41.2006147,-8.6574008,1,59.0,turning_circle,,
12673369522,41.2006389,-8.6525204,1,76.0,,,
12673369524,41.2007697,-8.6522275,1,76.0,,,
12673369525,41.2007331,-8.652293,4,76.0,crossing,,
12673369526,41.2006582,-8.6524635,4,76.0,crossing,,
12673369538,41.200674,-8.652051,3,85.0,,,
12673369539,41.2006558,-8.6519079,3,85.0,,,
12673369542,41.2004022,-8.6516256,3,85.0,,,
12673369543,41.2004821,-8.6524426,3,76.0,,,
12673369544,41.2003642,-8.6524794,3,76.0,,,
12673369545,41.2000667,-8.6522558,3,76.0,,,
12673369547,41.200114,-8.6515818,1,85.0,,,
12673369549,41.1999333,-8.6518548,1,83.0,,,
12673369550,41.2000856,-8.6516333,4,85.0,crossing,,
12673369551,41.1999649,-8.6518156,4,83.0,crossing,,
12673369552,41.2006884,-8.6516715,1,85.0,,,
12673369554,41.2005151,-8.651527,1,85.0,,,
12673369555,41.2005352,-8.6515524,4,85.0,crossing,,
12673369556,41.2002152,-8.6525826,1,76.0,,,
12673369557,41.200061,-8.6524547,1,76.0,,,
12673369558,41.2001806,-8.6525539,4,76.0,crossing,,
12673972316,41.1797381,-8.6547135,1,90.0,,,
12674045303,41.17975,-8.6549511,5,90.0,,,
12674045306,41.1800552,-8.6564425,6,79.0,,,
12674045320,41.1802773,-8.6552295,1,90.0,,,
12674045322,41.1803493,-8.6551613,1,90.0,,,
12674191218,41.1812857,-8.6550419,3,76.0,,,
12674191269,41.1803407,-8.6551116,1,90.0,,,
12674191270,41.1798945,-8.6558791,1,90.0,,,
12674191277,41.1795196,-8.655197,3,90.0,,,
12674191278,41.1794403,-8.6557972,3,90.0,,,
12674191279,41.1796254,-8.655661,3,90.0,,,
12674191282,41.1796699,-8.6552305,3,90.0,,,
12674191284,41.1794027,-8.6551715,3,90.0,,,
12674191288,41.1801863,-8.6560782,3,90.0,,,
12674191289,41.1801494,-8.6563555,1,79.0,,,
12674191290,41.1811592,-8.6558099,3,90.0,,,
12674191291,41.1809684,-8.6557669,3,90.0,,,
12674191292,41.1812331,-8.6555405,3,90.0,,,
12674191293,41.1810052,-8.6554877,3,90.0,,,
12674191294,41.1812648,-8.6552879,3,76.0,,,
12674191295,41.1811169,-8.6552531,1,90.0,,,
12674191296,41.1811471,-8.6550788,1,90.0,,,
12674191297,41.1810992,-8.6547368,3,90.0,,,
12674269020,41.1803128,-8.6551958,1,90.0,,,
12674305636,41.1798872,-8.6555115,3,90.0,,,
12674305637,41.1802712,-8.6549974,3,90.0,,,
12674305638,41.1801886,-8.6550739,3,90.0,,,
12674305639,41.1802296,-8.6550359,3,90.0,,,
12674305641,41.1801148,-8.6562851,3,79.0,,,
12674305642,41.1801377,-8.6562494,3,90.0,,,
12674305643,41.1810707,-8.6557695,4,90.0,,,
12674305645,41.181061,-8.6549295,3,90.0,,,
12674305653,41.1809616,-8.6564352,4,79.0,,,
12674305666,41.1802256,-8.6547044,3,90.0,,,
12674305667,41.1799654,-8.6549886,3,90.0,,,
12674305668,41.1800025,-8.6547687,3,90.0,,,
12674305670,41.1800987,-8.6547901,3,90.0,,,
12674305671,41.1800678,-8.65482,3,90.0,,,
12674305672,41.1800554,-8.6548322,3,90.0,,,
12674305673,41.1801772,-8.6550646,3,90.0,,,
12674305674,41.1802673,-8.654984,3,90.0,,,
12674305675,41.1801475,-8.6547414,3,90.0,,,
12674310108,41.179952,-8.6550412,3,90.0,,,
12674310129,41.1810233,-8.6565777,3,79.0,,,
12674310131,41.1809164,-8.6548931,3,90.0,,,
12674310136,41.1800641,-8.6560866,3,90.0,,,
12674343558,41.1818016,-8.6546648,3,76.0,,,
12674358170,41.1816155,-8.6577757,3,74.0,,,
12674358183,41.1809803,-8.6564917,3,79.0,,,
12674358186,41.1810343,-8.6549232,3,90.0,,,
12674358191,41.1802318,-8.6549108,3,90.0,,,
12674358193,41.1801418,-8.6549939,3,90.0,,,
12674359531,41.1809042,-8.6544801,3,90.0,,,
12677487071,41.1797446,-8.654458,3,90.0,,,
12677487074,41.1803781,-8.6552056,3,90.0,,,
12677487075,41.1808893,-8.6565641,3,79.0,,,
12677487077,41.1798793,-8.655643,3,90.0,,,
12677487079,41.1797762,-8.6553535,3,90.0,,,
12677487080,41.1798913,-8.654493,3,90.0,,,
12677487081,41.1793504,-8.6551264,3,90.0,,,
12677487084,41.1795163,-8.6561568,3,90.0,,,
12677487085,41.1793336,-8.6552538,3,90.0,,,
12677487086,41.179914,-8.6553846,3,90.0,,,
12677487087,41.1796338,-8.6553214,3,90.0,,,
12677487090,41.1811647,-8.6547971,3,90.0,,,
12677487091,41.1808474,-8.6550049,3,90.0,,,
12677487093,41.1808863,-8.6547306,3,90.0,,,
12677487094,41.1807434,-8.6546965,3,90.0,,,
12677487095,41.1805975,-8.6546616,3,90.0,,,
12677487096,41.1804559,-8.6546278,3,90.0,,,
12677487097,41.1800739,-8.6553115,4,90.0,,,
12677487098,41.1800084,-8.6557816,3,90.0,,,
12677487099,41.180212,-8.6553453,3,90.0,,,
12677487100,41.180147,-8.6558133,3,90.0,,,
12677520901,41.1798651,-8.6557489,3,90.0,,,
12677520902,41.1802917,-8.6558463,3,90.0,,,
12677520903,41.1799286,-8.655276,3,90.0,,,
12677520904,41.1800292,-8.654526,3,90.0,,,
12677520905,41.1797888,-8.6563175,3,79.0,,,
12677520906,41.1802153,-8.6564131,3,79.0,,,
12677520907,41.1803545,-8.6553802,4,90.0,,,
12677520908,41.1804955,-8.6554147,4,90.0,,,
12677520909,41.180356,-8.6564446,3,79.0,,,
12677520910,41.1804991,-8.6564767,3,79.0,,,
12677520911,41.18064,-8.6554501,4,90.0,,,
12677520912,41.1807795,-8.6554842,4,90.0,,,
12677520913,41.1806345,-8.656507,3,79.0,,,
12677520914,41.1807811,-8.6565399,3,79.0,,,
12677520915,41.1809224,-8.6555192,4,90.0,,,
12677520916,41.1810612,-8.6555532,4,90.0,,,
12677520918,41.1796503,-8.6562865,4,79.0,,,
12677520924,41.1811994,-8.655587,4,90.0,,,
12677520926,41.1795985,-8.6544231,4,90.0,,,
12677578371,41.1802352,-8.6551703,3,90.0,,,
12677578373,41.1803869,-8.6551404,3,90.0,,,
12677578375,41.1801192,-8.6545475,3,90.0,,,
12677578376,41.1801381,-8.6548576,4,90.0,,,
12677578378,41.1802486,-8.6550624,3,90.0,,,
12677578386,41.1808703,-8.6548436,3,90.0,,,
12677578388,41.1810738,-8.6547754,3,90.0,,,
12677578389,41.1809156,-8.6548543,3,90.0,,,
12677578390,41.1809124,-8.6550208,3,90.0,,,
12677578391,41.1809107,-8.6548893,3,90.0,,,
12677578399,41.1810205,-8.6558644,3,90.0,,,
12677652205,41.1811025,-8.6565231,3,79.0,,,
12677662843,41.179486,-8.6552881,3,90.0,,,
12677662844,41.1793701,-8.6561227,3,90.0,,,
12677662864,41.1800897,-8.656385,3,79.0,,,
12677662871,41.1803272,-8.6545971,3,90.0,,,
12677662872,41.1803338,-8.6545463,1,90.0,,,
12677662876,41.1796734,-8.6549555,3,90.0,,,
12677662877,41.1798249,-8.6549891,3,90.0,,,
12677662878,41.1797476,-8.6549717,3,90.0,,,
12677662895,41.1797332,-8.6555104,3,90.0,,,
12677672113,41.1798499,-8.6558624,3,90.0,,,
12677672119,41.1800973,-8.656166,3,90.0,,,
12681478493,41.1801702,-8.6545607,3,90.0,,,
12681478495,41.1802917,-8.654768,3,90.0,,,
12681478496,41.1803152,-8.6545953,3,90.0,,,
12681478500,41.1808178,-8.6562668,3,79.0,,,
12681482001,41.179842,-8.6559214,4,90.0,,,
12681482002,41.1799218,-8.6553355,3,90.0,,,
12681482003,41.1797855,-8.6563358,3,79.0,,,
12681482004,41.1796424,-8.6563021,3,79.0,,,
12681482005,41.1796992,-8.655888,3,90.0,,,
12681482006,41.1801984,-8.6554083,3,90.0,,,
12681482007,41.1801202,-8.6559865,3,90.0,,,
12681482008,41.1802659,-8.6560206,4,90.0,,,
12681482009,41.1799872,-8.6559554,4,90.0,,,
12681482010,41.1804092,-8.6560549,3,90.0,,,
12681482011,41.1800621,-8.6553725,4,90.0,,,
12681482012,41.1800822,-8.6552158,3,90.0,,,
12681482013,41.1795157,-8.6561451,3,90.0,,,
12681482015,41.1798871,-8.6544932,3,90.0,,,
12681482016,41.1798511,-8.6547639,4,90.0,,,
12681482017,41.179706,-8.6547251,3,90.0,,,
12681482018,41.179992,-8.6548016,3,90.0,,,
12681482019,41.1800288,-8.654527,3,90.0,,,
12681482020,41.179941,-8.6551824,3,90.0,,,
12681482021,41.1797802,-8.6552983,4,90.0,,,
12681482023,41.1803658,-8.6552829,3,90.0,,,
12681482024,41.1803437,-8.6554466,4,90.0,,,
12681482025,41.1804545,-8.6546286,3,90.0,,,
12681482026,41.1802125,-8.6564144,3,79.0,,,
12681482027,41.1804851,-8.6554838,4,90.0,,,
12681482028,41.1805944,-8.6546619,3,90.0,,,
12681482029,41.1803569,-8.6564479,3,79.0,,,
12681482030,41.1806253,-8.6555207,4,90.0,,,
12681482031,41.1807379,-8.6546962,3,90.0,,,
12681482032,41.1804943,-8.6564797,3,79.0,,,
12681482033,41.1806363,-8.6565126,3,79.0,,,
12681482034,41.1807675,-8.6555581,4,90.0,,,
12681482035,41.1808814,-8.6547304,3,90.0,,,
12681482036,41.1809079,-8.6555951,4,90.0,,,
12681482037,41.1808433,-8.6550077,3,90.0,,,
12681482039,41.1807803,-8.6565459,3,79.0,,,
12681482040,41.1811632,-8.6547976,3,90.0,,,
12681482041,41.1810519,-8.655633,4,90.0,,,
12681482042,41.1809616,-8.6563041,3,79.0,,,
12681482044,41.1811897,-8.6556693,4,90.0,,,
12681482047,41.1795948,-8.6544217,3,90.0,,,
12681482048,41.1795063,-8.6550754,3,90.0,,,
12681482049,41.1808901,-8.6565641,3,79.0,,,
12681482050,41.1799364,-8.6563505,4,79.0,,,
12681482053,41.1794965,-8.6552237,3,90.0,,,
12681482054,41.1793835,-8.6560181,3,90.0,,,
12681482056,41.1796338,-8.6552597,4,90.0,,,
12681482057,41.1797439,-8.654459,3,90.0,,,
12681482058,41.1796511,-8.6551116,3,90.0,,,
12681482060,41.179453,-8.655062,3,90.0,,,
12681482061,41.1794325,-8.6552069,3,90.0,,,
12681482063,41.1793394,-8.6551861,3,90.0,,,
12681554094,41.1803333,-8.6545462,1,90.0,,,
12681554100,41.1810632,-8.6549314,1,90.0,,,
12681588104,41.1809695,-8.6564044,1,79.0,,,
12681588109,41.1809702,-8.6564513,1,79.0,,,
12681593968,41.1798942,-8.6555381,3,90.0,,,
12681593969,41.1795866,-8.6556136,3,90.0,,,
12681593971,41.1803026,-8.6550767,3,90.0,,,
12681593974,41.1802935,-8.6551448,3,90.0,,,
12681593976,41.1803829,-8.6551667,3,90.0,,,
12681593977,41.1803258,-8.6545979,3,90.0,,,
12681593978,41.1811366,-8.654997,3,90.0,,,
12681593980,41.1810206,-8.6558654,3,90.0,,,
12681593984,41.1800907,-8.6563862,4,79.0,,,
12681593986,41.1796436,-8.6556275,3,90.0,,,
12681593993,41.180251,-8.6550641,3,90.0,,,
12681622405,41.1798039,-8.6554992,1,90.0,,,
12681622412,41.1802261,-8.6550073,1,90.0,,,
12681647694,41.1799896,-8.6547149,3,90.0,,,
12681647695,41.1800114,-8.6546951,3,90.0,,,
12681647698,41.1798608,-8.6544852,3,90.0,,,
12681657616,41.1798333,-8.6547577,3,90.0,,,
12682144321,41.1795839,-8.6556759,3,90.0,,,
12682144324,41.1800267,-8.6561116,3,90.0,,,
12682144327,41.1796527,-8.6555616,3,90.0,,,
12682144329,41.1796166,-8.6553849,3,90.0,,,
12682144331,41.1800885,-8.6563734,3,79.0,,,
12682144332,41.1794861,-8.6552654,4,90.0,,,
12682144333,41.1793391,-8.6552317,3,90.0,,,
12682144334,41.179628,-8.6552981,3,90.0,,,
12682144335,41.1796002,-8.6544222,3,90.0,,,
12682144336,41.1794081,-8.6558408,3,90.0,,,
12682144341,41.1792374,-8.6559883,3,90.0,,,
12682144371,41.1804587,-8.6556968,3,90.0,,,
12682144372,41.1803584,-8.656436,3,79.0,,,
12682144373,41.1803172,-8.6556615,3,90.0,,,
12682144374,41.1806009,-8.6557322,3,90.0,,,
12682144375,41.1803687,-8.6552894,3,90.0,,,
12682144376,41.1802145,-8.6564028,3,79.0,,,
12682144378,41.1804989,-8.6564684,3,79.0,,,
12682144379,41.1807246,-8.6558745,3,90.0,,,
12682144380,41.1806399,-8.656501,3,79.0,,,
12682144381,41.1808672,-8.655908,3,90.0,,,
12682144382,41.180784,-8.6565342,5,79.0,,,
12682144383,41.1805857,-8.6558419,3,90.0,,,
12682144385,41.1802033,-8.6564002,3,79.0,,,
12682144391,41.1801081,-8.6563785,3,79.0,,,
12682171209,41.1796759,-8.6549583,3,90.0,,,
12682171210,41.1795872,-8.655615,3,90.0,,,
12682171212,41.1796758,-8.655493,3,90.0,,,
12682171232,41.1794859,-8.6552671,4,90.0,,,
12682171233,41.1793319,-8.6552306,3,90.0,,,
12682171234,41.1796296,-8.6553012,3,90.0,,,
12682171235,41.1796002,-8.6544204,3,90.0,,,
12682171236,41.1794098,-8.6558309,3,90.0,,,
12682334560,41.1820701,-8.6595456,3,75.0,,,
12682334561,41.1821757,-8.6591338,4,75.0,,,
12682334562,41.1822736,-8.6592546,4,75.0,,,
12682334563,41.1817544,-8.6586141,4,75.0,,,
12682334567,41.1818526,-8.6587351,3,75.0,,,
12682334568,41.1820929,-8.658394,3,75.0,,,
12682334569,41.1823731,-8.6593773,3,75.0,,,
12682334570,41.1826135,-8.6590346,3,75.0,,,
12682334572,41.1825975,-8.6590574,4,75.0,crossing,,
12682334576,41.1821754,-8.658536,4,75.0,crossing,,
12682334577,41.1821907,-8.6585143,3,75.0,,,
12682334578,41.1819508,-8.6588563,3,75.0,,,
12682334579,41.1820137,-8.6589339,3,75.0,,,
12682334583,41.1819286,-8.6592252,3,75.0,,,
12682334584,41.1820776,-8.6590128,4,75.0,,,
12682334585,41.1818735,-8.6593036,3,75.0,,,
12682334586,41.1823022,-8.6586929,4,75.0,crossing,,
12682334587,41.1823178,-8.6586707,3,75.0,,,
12682334588,41.1824157,-8.6587912,3,75.0,,,
12682334589,41.1823999,-8.6588138,4,75.0,crossing,,
12682334591,41.1825149,-8.6589132,3,75.0,,,
12682334592,41.1824987,-8.6589361,4,75.0,crossing,,
12682334593,41.1824717,-8.6594991,4,75.0,,,
12682334594,41.1826837,-8.6591981,1,75.0,,,
12682334595,41.1822677,-8.6597887,3,75.0,,,
12682389812,41.1815266,-8.6582633,3,74.0,,,
12682389814,41.1814524,-8.6583512,3,75.0,,,
12682389815,41.1814064,-8.6582977,1,74.0,,,
12682389819,41.1813465,-8.6586694,3,75.0,,,
12682389820,41.181257,-8.658559,3,75.0,,,
12682389822,41.1819936,-8.6582717,3,74.0,,,
12682389823,41.1814454,-8.6587915,3,75.0,,,
12682389824,41.181656,-8.6584902,4,75.0,,,
12682389825,41.1825699,-8.6596202,4,75.0,,,
12682389826,41.1826383,-8.6597045,1,75.0,,,
12682389827,41.1827987,-8.6592955,4,75.0,crossing,,
12682389829,41.1823934,-8.6598742,1,75.0,,,
12682389830,41.1818416,-8.6592644,1,75.0,,,
12682389832,41.1826392,-8.6597851,1,75.0,,,
12682389853,41.1814248,-8.6583204,4,74.0,crossing,,
12682389854,41.1814625,-8.6588125,4,75.0,crossing,,
12682389855,41.1813631,-8.6586899,4,75.0,crossing,,
12682389856,41.1815957,-8.6583502,4,75.0,crossing,,
12682389857,41.1816713,-8.6585116,4,75.0,crossing,,
12682389858,41.1818693,-8.6587558,4,75.0,crossing,,
12682389859,41.1817707,-8.6586342,4,75.0,crossing,,
12682389860,41.1820779,-8.6584153,4,75.0,crossing,,
12682389861,41.1820597,-8.6589907,4,75.0,crossing,,
12682389862,41.1819675,-8.6588769,4,75.0,crossing,,
12682389863,41.1819096,-8.6592017,4,75.0,crossing,,
12682389864,41.1818865,-8.659285,4,75.0,crossing,,
12682389865,41.1821599,-8.6591144,4,75.0,crossing,,
12682389866,41.1822565,-8.6592335,4,75.0,crossing,,
12682389867,41.1820831,-8.6595277,4,75.0,crossing,,
12682389868,41.1823559,-8.6593561,4,75.0,crossing,,
12682389869,41.1824553,-8.6594788,4,75.0,crossing,,
12682389870,41.1822807,-8.6597704,4,75.0,crossing,,
12682389871,41.1825542,-8.6596008,4,75.0,crossing,,
12682389872,41.1827269,-8.6593992,4,75.0,crossing,,
12682389888,41.1814781,-8.6583141,4,74.0,crossing,,
12682389889,41.1816393,-8.658514,4,75.0,crossing,,
12682389891,41.1817388,-8.6586364,4,75.0,crossing,,
12682389892,41.1820624,-8.6590345,4,75.0,crossing,,
12682389894,41.1821606,-8.6591554,4,75.0,crossing,,
12682389896,41.1822585,-8.659276,4,75.0,crossing,,
12682389897,41.1824569,-8.6595201,4,75.0,crossing,,
12682389898,41.1825551,-8.659641,4,75.0,crossing,,
12682389901,41.18103,-8.6577146,3,79.0,,,
12682389902,41.1808305,-8.6579986,3,79.0,,,
12682389903,41.1811281,-8.6578356,3,79.0,,,
12682389904,41.1809298,-8.6581193,3,79.0,,,
12682389905,41.1812263,-8.6579567,3,79.0,,,
12682389906,41.1810289,-8.6582423,3,79.0,,,
12682389911,41.1814531,-8.6582841,3,74.0,,,
12682389912,41.1813086,-8.6581001,3,74.0,,,
12682389913,41.1827102,-8.659379,3,75.0,,,
12682389915,41.1825395,-8.6596217,4,75.0,,,
12682389916,41.1823635,-8.659872,3,75.0,,,
12682389917,41.1827825,-8.6592763,3,75.0,,,
12682389918,41.1826815,-8.6591568,3,75.0,,,
12682389919,41.1822644,-8.6597504,3,75.0,,,
12682389920,41.1824405,-8.6594999,4,75.0,,,
12682389921,41.182341,-8.6593774,4,75.0,,,
12682389922,41.1821659,-8.6596281,3,75.0,,,
12682389923,41.1820667,-8.6595078,3,75.0,,,
12682389924,41.1824813,-8.6589145,3,75.0,,,
12682389925,41.1822414,-8.6592549,4,75.0,,,
12682389926,41.1818974,-8.6581925,3,74.0,,,
12682389927,41.1816555,-8.658534,4,75.0,,,
12682389928,41.1814492,-8.6588346,3,75.0,,,
12682389929,41.1813488,-8.6587109,3,75.0,,,
12682389932,41.18176,-8.6586625,3,75.0,,,
12682389933,41.1819955,-8.6583134,3,74.0,,,
12682389934,41.1817551,-8.6586565,3,75.0,,,
12682389935,41.1818538,-8.6587779,3,75.0,,,
12682389936,41.1820938,-8.658435,3,75.0,,,
12682389940,41.1819521,-8.6588988,3,75.0,,,
12682389941,41.1821928,-8.6585576,3,75.0,,,
12682389942,41.1823828,-8.6587927,3,75.0,,,
12682389943,41.1819677,-8.6593864,3,75.0,,,
12682389944,41.1821449,-8.6591361,4,75.0,,,
12682389945,41.1820443,-8.6590123,4,75.0,,,
12682389946,41.182286,-8.6586729,3,75.0,,,
12682389950,41.1826391,-8.6597443,4,75.0,,,
12685130027,41.1803245,-8.6239631,1,94.0,,,
12690764542,41.1793207,-8.6524864,4,79.0,crossing,,
12690810815,41.1821299,-8.6530102,1,78.0,,,
12690810816,41.1818535,-8.6529263,1,78.0,,,
12690810817,41.1817828,-8.6529102,1,78.0,,,
12690810818,41.1818034,-8.6529148,4,78.0,crossing,,
12690810819,41.1810887,-8.6510506,3,85.0,,,
12690810820,41.1810924,-8.6511717,1,85.0,,,
12690810821,41.1810005,-8.6510765,1,85.0,,,
12690810823,41.1831777,-8.6519241,1,83.0,,,
12690810824,41.1827891,-8.6544561,1,76.0,,,
12690810825,41.1827265,-8.6547847,1,76.0,,,
12690810826,41.1801159,-8.6603974,1,70.0,,,
12690810827,41.1799652,-8.6604655,1,67.0,,,
12690810828,41.1800266,-8.6611456,1,67.0,,,
12690810829,41.1800034,-8.6609222,1,67.0,,,
12690810830,41.1807572,-8.6634165,1,65.0,,,
12690810831,41.1806061,-8.6634936,1,65.0,,,
12690810832,41.1806553,-8.6630394,1,65.0,,,
12690810833,41.1804971,-8.6631212,1,65.0,,,
12690810834,41.1807335,-8.6630873,1,65.0,,,
12690810835,41.180795,-8.6633185,1,65.0,,,
12690810836,41.1793197,-8.6611595,1,67.0,,,
12690810837,41.1792625,-8.6611559,1,67.0,,,
12690810838,41.1791519,-8.6613223,1,70.0,,,
12690810839,41.1790374,-8.6612727,1,70.0,,,
12690810840,41.1790307,-8.6610851,1,70.0,,,
12690810841,41.1789921,-8.6612019,1,70.0,,,
12690810842,41.1789401,-8.6621009,1,70.0,,,
12690810843,41.1789042,-8.6621911,1,70.0,,,
12690810844,41.1789268,-8.6620407,1,70.0,,,
12690810845,41.1788189,-8.6619823,1,70.0,,,
12690810846,41.1780411,-8.6611506,1,70.0,,,
12690810847,41.1779678,-8.661117,1,70.0,,,
12690810848,41.1787566,-8.6606527,1,70.0,,,
12690810849,41.1786731,-8.6606737,1,70.0,,,
12690810850,41.1786688,-8.6608467,1,70.0,,,
12690810851,41.1786486,-8.6607405,1,70.0,,,
12690810852,41.178324,-8.6596562,1,75.0,,,
12690810853,41.1783831,-8.6595268,1,75.0,,,
12690810854,41.1783634,-8.6594159,1,75.0,,,
12690810855,41.1782961,-8.6593619,1,75.0,,,
12690810856,41.1781837,-8.6593943,1,75.0,,,
12690810857,41.1781315,-8.6595083,1,75.0,,,
12690810858,41.178259,-8.6596624,1,75.0,,,
12690810859,41.1781639,-8.659593,1,75.0,,,
12690810860,41.1787579,-8.6587077,1,75.0,,,
12690810861,41.1787115,-8.6588047,1,75.0,,,
12690810862,41.178671,-8.6588001,1,75.0,,,
12690810863,41.1785852,-8.65872,1,75.0,,,
12690810865,41.1809028,-8.6658646,1,68.0,,,
12690810866,41.1820761,-8.6661851,1,61.0,,,
12726041901,41.1842151,-8.6369682,3,84.0,,,
12726041912,41.1842389,-8.6348965,3,88.0,,,
12755645158,41.2258934,-8.6238891,3,88.0,,,
12757986623,41.2243241,-8.6202111,4,71.0,crossing,,
12760108689,41.2229098,-8.6239194,1,66.0,,,
12760114301,41.2232578,-8.6246443,3,89.0,,,
12760114320,41.2258125,-8.6243383,3,88.0,,,
12760114329,41.2259387,-8.6242412,1,88.0,,,
12760620454,41.2237095,-8.6253616,3,75.0,,,
12760620457,41.223295,-8.6247629,3,89.0,,,
12760620458,41.2257852,-8.6244543,3,88.0,,,
12760798417,41.2189006,-8.626691,3,56.0,,,
12760798418,41.2189407,-8.6267448,3,56.0,,,
12760798419,41.2187295,-8.6265695,3,40.0,,,
12760798420,41.2188808,-8.6266594,3,56.0,,,
12760798423,41.2187657,-8.6266353,3,56.0,,,
12760798430,41.2185139,-8.6265046,3,40.0,,,
12760798432,41.2185106,-8.6265736,3,40.0,,,
12760798434,41.2184924,-8.6266449,3,40.0,,,
12760798436,41.2184707,-8.6267032,3,40.0,,,
12760798439,41.2187295,-8.6263792,3,40.0,,,
12760798448,41.2185119,-8.6263902,3,40.0,,,
12760798455,41.2184479,-8.626756,3,40.0,,,
12760798759,41.2218321,-8.6258277,4,63.0,,,
12760798809,41.2212892,-8.6259236,3,63.0,,,
12760798810,41.2213676,-8.6258382,1,63.0,,,
12760798811,41.2211461,-8.6257061,3,63.0,,,
12760798812,41.2212278,-8.6256152,1,63.0,,,
12760798813,41.2200145,-8.626007,1,56.0,,,
12760798817,41.221126,-8.6256755,3,63.0,,,
12760798818,41.2212291,-8.6251534,1,63.0,,,
12760799090,41.2226183,-8.6264875,3,63.0,,,
12760799139,41.2237367,-8.6259608,3,75.0,,,
12760799147,41.2236646,-8.6257555,1,75.0,,,
12760799162,41.2233519,-8.6261773,3,75.0,,,
12762405610,41.2190902,-8.6239009,3,48.0,,,
12762405611,41.2191732,-8.6241814,3,48.0,,,
12762405626,41.2175854,-8.6266842,1,40.0,,,
12762405679,41.2178091,-8.6260648,1,40.0,,,
12762405833,41.2192029,-8.624229,3,48.0,,,
12762405834,41.2204015,-8.6237695,1,48.0,,,
12762405861,41.2194443,-8.6238898,3,48.0,,,
12762405867,41.2193673,-8.6240657,3,48.0,,,
12762405870,41.219325,-8.6241276,3,48.0,,,
12762405878,41.2190582,-8.6244502,1,48.0,,,
12762405883,41.2191541,-8.6239593,3,48.0,,,
12762405886,41.2192473,-8.6241094,3,48.0,,,
12762405889,41.2192161,-8.6238652,3,48.0,,,
12762406005,41.2193173,-8.6242211,1,48.0,,,
12762406029,41.2194537,-8.6240142,1,48.0,,,
12762944857,41.2239212,-8.6208298,3,71.0,,,
12762944858,41.224289,-8.6201771,3,71.0,,,
12763352265,41.2219429,-8.6238959,3,66.0,,,
12763407183,41.2179447,-8.6240121,1,38.0,,,
12763407188,41.2190763,-8.6238398,3,48.0,,,
12766660564,41.2165585,-8.6857618,3,50.0,,,
12766660565,41.2116491,-8.6856546,3,51.0,,,
12766660566,41.2105443,-8.68375,3,47.0,,,
12766660582,41.2104846,-8.6840379,3,47.0,,,
12766660597,41.2131278,-8.6857023,4,48.0,,,
12766660599,41.2138149,-8.6857073,4,48.0,,,
12766660600,41.2138728,-8.685708,4,48.0,,,
12766660602,41.2135884,-8.6857063,3,48.0,,,
12766660604,41.2142048,-8.685711,3,48.0,,,
12766660606,41.2145668,-8.6857195,4,48.0,,,
12766660612,41.2155122,-8.6857358,4,50.0,,,
12766660613,41.2163172,-8.6857585,4,50.0,,,
12766660635,41.2167444,-8.684158,3,49.0,,,
12766660636,41.216369,-8.6836462,3,55.0,,,
12766660637,41.2143411,-8.6835674,4,48.0,,,
12766660641,41.2155357,-8.6836091,4,55.0,,,
12766660643,41.2159827,-8.6836293,4,55.0,crossing,,
12766660658,41.2167264,-8.6855453,3,46.0,,,
12766660664,41.2617215,-8.7236474,1,8.0,,,
12766660665,41.2620764,-8.7238363,3,8.0,,,
12787246657,41.1950642,-8.6148074,1,97.0,,,
12810531467,41.1979723,-8.6013331,3,77.0,,,
12810531471,41.1985742,-8.6011954,3,77.0,,,
12812414850,41.1846157,-8.6162416,1,96.0,,,
12812414851,41.1843428,-8.6160228,3,96.0,,,
12813107686,41.2011608,-8.6183878,3,54.0,,,
12824743445,41.2003453,-8.6055773,3,77.0,,,
12824743446,41.2003868,-8.6053511,3,77.0,,,
12847487361,41.1934766,-8.609328,3,104.0,,,
12847487365,41.194774,-8.6100824,3,103.0,,,
12872497320,41.1942894,-8.6358004,3,111.0,,,
12886748128,41.1854767,-8.6833037,3,29.0,,,
12886748129,41.1855977,-8.682961,3,29.0,,,
12886748130,41.1857355,-8.6825708,3,29.0,,,
12886748131,41.1861201,-8.6814813,3,29.0,,,
12886748132,41.1822989,-8.6810802,3,27.0,,,
12886748137,41.1821271,-8.6811565,3,27.0,,,
12886748138,41.181621,-8.6805912,3,27.0,,,
12886748140,41.1813552,-8.6810453,3,27.0,,,
12886748141,41.1817416,-8.6815345,3,24.0,,,
12886748142,41.1820175,-8.6810342,3,27.0,,,
12886748143,41.1822277,-8.6812654,3,24.0,,,
12886748144,41.1814427,-8.6811561,3,27.0,,,
12886748145,41.1817351,-8.6807187,3,27.0,,,
12886748146,41.1815504,-8.6812925,3,24.0,,,
12886748147,41.18184,-8.6808359,3,27.0,,,
12886748148,41.1816402,-8.6814062,3,24.0,,,
12886748149,41.1819324,-8.6809391,3,27.0,,,
12886748150,41.1816837,-8.6805124,3,27.0,,,
12886748151,41.181732,-8.680557,3,27.0,,,
12886748152,41.1817786,-8.6804671,3,27.0,,,
12887327643,41.192686,-8.7059875,3,12.0,,,
12925930540,41.2522725,-8.7052626,3,29.0,,,
12925930550,41.2518064,-8.7057712,1,34.0,,,
12974667952,41.2310066,-8.7135288,1,16.0,,,
12974667958,41.2320823,-8.7156569,3,14.0,,,
13004121298,41.2315842,-8.7151763,3,14.0,,,
13063214691,41.2457057,-8.7223062,3,11.0,,,
13063214692,41.2460015,-8.7223485,1,12.0,,,
13063214693,41.2455617,-8.7222856,3,11.0,,,
13073352810,41.183674,-8.6189414,3,86.0,,,
13073352820,41.1841312,-8.6195167,1,86.0,,,
13113400011,41.1943231,-8.6085543,3,103.0,,,
13113400015,41.1941669,-8.6089466,3,103.0,,,
13116227647,41.2042665,-8.6405324,3,93.0,,,
13116227650,41.2042288,-8.6398981,3,93.0,,,
13116227654,41.2045732,-8.6401603,3,93.0,,,
13116227656,41.204283,-8.6397179,3,93.0,,,
13124268908,41.1921383,-8.6337247,3,110.0,,,
13124268911,41.1926624,-8.6342661,3,110.0,,,
13140140273,41.1952293,-8.6345182,3,104.0,,,
13140140274,41.1949523,-8.6349993,3,104.0,,,
13140140275,41.1949426,-8.6345312,3,104.0,,,
13140140276,41.1944452,-8.6346915,3,104.0,,,
13140140277,41.1949454,-8.6346646,3,104.0,,,
13140140278,41.1947227,-8.6342403,3,104.0,,,
13140140279,41.1947349,-8.6346759,3,104.0,,,
13140140280,41.1947311,-8.6345409,3,104.0,,,
13164581653,41.1814429,-8.6339369,1,79.0,,,
13164581654,41.180558,-8.6348435,3,78.0,,,
13173809287,41.1870601,-8.6798435,3,36.0,crossing,,
13173809289,41.1869814,-8.6796225,3,36.0,,,
13173809291,41.1873017,-8.6796017,3,36.0,,,
13173809292,41.1872251,-8.6793476,3,36.0,,,
13173809296,41.1871443,-8.6799697,1,36.0,,,
13173809300,41.187186,-8.6803758,3,36.0,,,
13173838601,41.1867178,-8.6790167,3,50.0,,,
13173838612,41.1883344,-8.6792741,3,32.0,,,
13173838614,41.1881253,-8.6791725,3,32.0,,,
13173838616,41.1878705,-8.6790487,3,40.0,,,
13173838617,41.1866618,-8.6775565,3,50.0,,,
13189585133,41.1864964,-8.6438516,1,94.0,,,
13189585134,41.1863521,-8.6434741,1,89.0,,,
13189585136,41.1864875,-8.6438283,3,94.0,,,
13189585137,41.1865323,-8.6437967,1,94.0,,,
13189585138,41.1864017,-8.643604,4,89.0,,,
13189585139,41.1859684,-8.6436767,1,89.0,,,
13189585149,41.1869011,-8.6442033,1,94.0,,,
13190459266,41.1855918,-8.6437146,1,89.0,,,
13190459267,41.1855965,-8.6437289,4,89.0,crossing,,
13190872152,41.1879439,-8.6448236,1,99.0,,,
13190872153,41.187939,-8.6447737,4,99.0,,,
13190872154,41.1879342,-8.6447247,1,99.0,,,
13190872155,41.1879783,-8.6448528,1,99.0,,,
13190872156,41.1880056,-8.6448503,4,99.0,,,
13190872157,41.1880476,-8.6448495,1,99.0,,,
13190872158,41.1880369,-8.6443882,1,99.0,,,
13190872159,41.18806,-8.6443327,4,99.0,,,
13190872160,41.1880816,-8.6442828,1,99.0,,,
13190872161,41.1881969,-8.6442451,1,99.0,,,
13190872162,41.1882129,-8.6442754,4,99.0,,,
13190872163,41.188236,-8.6443121,1,99.0,,,
13190872164,41.1876255,-8.6441818,1,99.0,,,
13190872165,41.1876293,-8.6441412,4,99.0,,,
13190872166,41.1876356,-8.6440852,1,99.0,,,
13190872167,41.1875103,-8.6440291,1,99.0,,,
13190872168,41.1875472,-8.6440298,4,99.0,,,
13190872169,41.1876029,-8.6440291,1,99.0,,,
13190872195,41.1881037,-8.6460382,1,98.0,,,
13190872196,41.1881369,-8.646031,4,98.0,,,
13190872197,41.1881584,-8.6460254,1,98.0,,,
13190885801,41.1867252,-8.6455365,1,94.0,,,
13190885802,41.1866932,-8.6454842,4,94.0,,,
13190885803,41.1866724,-8.6454507,1,94.0,,,
13190885804,41.1866089,-8.6456974,1,94.0,,,
13190885805,41.1866588,-8.6456478,4,94.0,,,
13190885806,41.1866953,-8.6456166,1,94.0,,,
13190885807,41.1864729,-8.6458212,1,94.0,,,
13190885808,41.186439,-8.6457567,4,94.0,,,
13190885809,41.1864238,-8.6457283,1,94.0,,,
13194655587,41.1857273,-8.6145695,3,96.0,,,
13194655589,41.1859512,-8.6143997,3,96.0,,,
13194658823,41.1852546,-8.6172215,3,88.0,,,
13194658824,41.185255,-8.6169026,3,88.0,,,
13194658825,41.1859671,-8.6168716,3,82.0,,,
13194658827,41.1853732,-8.6168147,1,88.0,,,
13194658829,41.1853854,-8.6176694,3,88.0,,,
13194658833,41.1893151,-8.6127905,1,83.0,,,
13194658843,41.1901999,-8.6139026,3,90.0,,,
13194658844,41.1892739,-8.6137591,1,83.0,,,
13194658845,41.1889221,-8.6139345,3,83.0,,,
13194658846,41.1892233,-8.6135557,1,83.0,,,
13195375337,41.1759652,-8.6708042,1,64.0,,,
13195409621,41.1765172,-8.6692271,4,64.0,crossing,,
13195409622,41.1783018,-8.6903595,3,12.0,,,
13195409623,41.1783541,-8.6903602,3,12.0,,,
13195409624,41.1782827,-8.6901984,3,12.0,,,
13195409625,41.1783733,-8.6901569,3,12.0,,,
13195409626,41.1784824,-8.6902298,4,12.0,crossing,,
13195409627,41.1783982,-8.6902204,3,12.0,,,
13195409647,41.1783371,-8.68936,1,10.0,,,
13195409648,41.1783394,-8.6893061,1,10.0,,,
13195409651,41.1766687,-8.6889825,1,9.0,,,
13195409652,41.1765466,-8.6889611,1,9.0,,,
13233264597,41.1970528,-8.6735752,3,63.0,,,
13233280902,41.196802,-8.673289,3,63.0,,,
13256799105,41.1951509,-8.6395756,3,101.0,,,
13265297917,41.1837729,-8.6245978,3,95.0,,,
13265297918,41.1834311,-8.6247647,1,95.0,,,
13265297919,41.1836018,-8.6247952,3,95.0,,,
13265297920,41.1835716,-8.6251896,3,94.0,,,
13283658829,41.2205097,-8.6142103,4,93.0,crossing,,
13283658830,41.2204748,-8.6142023,1,93.0,,,
13283658831,41.2205545,-8.6142207,1,93.0,,,
13300504672,41.1935791,-8.6198954,3,77.0,,,
13300504676,41.1938571,-8.6195696,3,72.0,,,
13300559281,41.1937022,-8.6199821,1,77.0,,,
13302274480,41.1911337,-8.661324,1,79.0,,,
13302285597,41.1921744,-8.6610593,3,83.0,,,
13307299877,41.2023445,-8.6707401,3,23.0,,,
13307299878,41.2020048,-8.6705793,1,42.0,,,
13308477967,41.192497,-8.667709,3,68.0,,,
13309564743,41.1989644,-8.6267341,1,75.0,,,
13309564744,41.1989689,-8.6261073,3,75.0,,,
13314985623,41.1869103,-8.679424,3,36.0,crossing,,
13315315143,41.1805669,-8.6799601,3,23.0,,,
13315379815,41.1858178,-8.6806561,3,36.0,,,
13322582873,41.1881752,-8.6344965,3,94.0,,,
13325026104,41.2658702,-8.7201822,1,19.0,,,
13325026683,41.2649247,-8.7164438,3,28.0,,,
13326718793,41.1789833,-8.6741942,3,26.0,,,
13326718794,41.1789264,-8.6738174,1,26.0,,,
13326746625,41.1799843,-8.6527248,1,79.0,,,
13326746628,41.1800139,-8.6525461,3,79.0,,,
13326753779,41.1827809,-8.6715024,3,61.0,,,
13326753781,41.1831781,-8.6716957,3,61.0,,,
13326753782,41.183122,-8.671815,3,61.0,,,
13326758122,41.1797743,-8.6733185,1,51.0,,,
13326758123,41.1795592,-8.6732983,3,51.0,,,
13327118852,41.2232871,-8.6520655,1,26.0,,,
13327193578,41.1997767,-8.6556547,3,72.0,,,
13327193580,41.1984771,-8.6560387,3,72.0,,,
13328253557,41.213723,-8.671784,1,63.0,,,
13328260623,41.2570325,-8.7095617,3,24.0,,,
13328260624,41.2574505,-8.7096582,1,24.0,,,
13328374952,41.2233715,-8.6944444,3,32.0,,,
13328374953,41.223566,-8.6939431,1,32.0,,,
13328815653,41.2262702,-8.6995877,3,29.0,,,
13331185325,41.2181556,-8.6140866,1,90.0,,,
13331478236,41.2303874,-8.6861936,1,60.0,,,
13331989260,41.2475866,-8.7023096,3,40.0,,,
13331989265,41.2483513,-8.7027107,1,38.0,,,
13332452291,41.2348992,-8.713586,1,23.0,,,
13332541013,41.1967766,-8.6915527,3,18.0,,,
13347820719,41.2679908,-8.715962,1,27.0,,,
13347820720,41.2676401,-8.715973,3,27.0,,,
13347820721,41.2675292,-8.7169611,1,21.0,,,
13347820945,41.2690871,-8.7036469,3,47.0,,,
13347820957,41.2702029,-8.7035097,1,47.0,,,
13357370426,41.1817303,-8.6588007,3,75.0,,,
13357370429,41.1818524,-8.6591681,3,75.0,,,
13357370432,41.181673,-8.6590062,3,75.0,,,
13365802047,41.179144,-8.6973511,3,0.0,,,
13365802065,41.1802231,-8.6952084,4,0.0,,,
13370766450,41.2034905,-8.6176586,1,42.0,,,
13370766456,41.2037953,-8.6164089,3,59.0,,,
13381299308,41.2132692,-8.6136772,1,87.0,,,
13381299310,41.21358,-8.6137768,1,87.0,,,
13381299313,41.2154468,-8.6143025,1,91.0,,,
13381299315,41.2156382,-8.6142881,1,91.0,,,
13381834801,41.2133602,-8.6138163,1,87.0,,,
13381834802,41.2134364,-8.6138378,1,87.0,,,
13381834863,41.2119546,-8.6134397,3,80.0,,,
13381834865,41.2120985,-8.6134568,3,80.0,,,
13381834867,41.2119692,-8.6133642,3,80.0,,,
13381834868,41.2121014,-8.6133814,3,80.0,,,
13381834869,41.2119886,-8.613264,3,80.0,,,
13381834870,41.2121158,-8.6133109,3,80.0,,,
13381834871,41.211995,-8.6132307,1,80.0,,,
13381834875,41.2119385,-8.6133468,1,80.0,,,
13381834886,41.2113139,-8.6161096,1,78.0,,,
13381834893,41.212499,-8.6155558,1,78.0,,,
13381834910,41.2142013,-8.6145419,1,87.0,,,
13381916624,41.2080118,-8.6689778,1,15.0,,,
13384676778,41.2226111,-8.697114,3,42.0,,,
13384676781,41.2227379,-8.6980224,1,35.0,,,
13409129854,41.1834602,-8.6362919,3,84.0,,,
13409129857,41.1829938,-8.6367788,4,81.0,,,
13409129858,41.1831119,-8.6366555,4,81.0,,,
13409129859,41.1835565,-8.6374142,3,84.0,,,
13409129860,41.1836855,-8.6372948,3,84.0,,,
13409129861,41.1832271,-8.6365352,4,81.0,,,
13409129862,41.182977,-8.6360958,1,81.0,,,
13409129863,41.182875,-8.636246,1,81.0,,,
13409129864,41.182768,-8.6363841,1,81.0,,,
13409129865,41.1832071,-8.6358423,1,81.0,,,
13409129866,41.1838078,-8.6371816,3,84.0,,,
13409129867,41.1833407,-8.6364167,4,84.0,,,
13409129868,41.1830893,-8.6359737,1,81.0,,,
13411496819,41.1795165,-8.677023,1,34.0,,,
13411496820,41.1793823,-8.6770116,1,34.0,,,
13411496873,41.182187,-8.69048,1,15.0,,,
13450332755,41.2101759,-8.6233938,1,52.0,,,
13450332756,41.2101324,-8.6233799,1,52.0,,,
13450332757,41.2101542,-8.6235276,1,52.0,,,
13450332758,41.2101084,-8.6235103,1,52.0,,,
13450332778,41.2098851,-8.6245536,1,52.0,,,
13450332779,41.2098684,-8.6245843,1,52.0,,,
13450332780,41.2098616,-8.6247812,1,52.0,,,
13450332781,41.2098472,-8.6248107,1,52.0,,,
13450339027,41.2095416,-8.6232755,1,52.0,,,
13450339028,41.2095239,-8.6232688,1,52.0,,,
13450339154,41.2100431,-8.6232131,1,52.0,,,
13450339155,41.2100336,-8.623256,1,52.0,,,
13450339156,41.2099726,-8.6232351,1,52.0,,,
13450339157,41.209982,-8.6231888,1,52.0,,,
13450339158,41.2099666,-8.6232277,1,52.0,,,
13450339159,41.2099417,-8.6232188,1,52.0,,,
13450339172,41.2098254,-8.6235567,1,52.0,,,
13450339177,41.2098411,-8.6235933,1,52.0,,,
13457081683,41.1948772,-8.6191822,3,72.0,,,
13463847038,41.1799384,-8.6593529,3,70.0,,,
13463847039,41.1819842,-8.6594066,3,75.0,,,
13463847040,41.1818803,-8.6581714,3,74.0,,,
13469599443,41.1959199,-8.6193152,3,63.0,,,
13469599444,41.1958423,-8.6188087,3,63.0,,,
13469599445,41.1962887,-8.6192265,3,63.0,,,
13469599446,41.1962207,-8.6187178,3,79.0,,,
13472183766,41.1973002,-8.6989481,3,27.0,,,
13472183768,41.1910674,-8.7049444,3,1.0,,,
13472183769,41.1916672,-8.7049645,1,12.0,,,
13477757098,41.2163634,-8.6543135,3,42.0,,,
13528672432,41.1851057,-8.6495394,1,90.0,,,
13528672433,41.1861121,-8.6497587,3,89.0,,,
13545720891,41.2100692,-8.7137148,1,6.0,,,
13545789384,41.1824208,-8.6899751,3,15.0,,,
13545789388,41.1764113,-8.6909675,3,0.0,,,
13545789389,41.1762309,-8.6911493,1,0.0,,,
13545849415,41.1774078,-8.6811135,4,19.0,crossing,,
13545849416,41.1774004,-8.6812298,4,19.0,crossing,,
13545849417,41.1771843,-8.6808135,4,19.0,crossing,,
13545849421,41.1773946,-8.6770326,4,29.0,crossing,,
13545849422,41.1774593,-8.6769731,4,29.0,crossing,,
13545849424,41.1774473,-8.6771974,4,27.0,crossing,,
13545849425,41.1776279,-8.6771504,4,27.0,crossing,,
13545858788,41.1748393,-8.6868892,4,19.0,crossing,,
13545858789,41.1748221,-8.6868866,1,19.0,,,
13545858790,41.1749109,-8.6869,1,19.0,,,
13545858791,41.1747882,-8.6870226,1,19.0,,,
13545858792,41.1748953,-8.6870348,1,19.0,,,
13545858793,41.1748315,-8.6870275,4,19.0,crossing,,
13545858794,41.1749109,-8.6869215,1,19.0,,,
13545858795,41.1749066,-8.6869984,1,19.0,,,
13545858796,41.1749087,-8.6869609,4,19.0,crossing,,
13545928131,41.240683,-8.7245624,1,7.0,,,
13545928132,41.2406148,-8.7246192,4,7.0,crossing,,
13545928133,41.2406563,-8.7245589,4,7.0,crossing,,
13545928134,41.2407233,-8.7247457,1,7.0,,,
13545928136,41.2607401,-8.7243116,1,8.0,,,
13545928137,41.2607855,-8.7241104,1,8.0,,,
13546981738,41.1984631,-8.6869311,3,18.0,,,
13568615174,41.2406058,-8.7246694,1,7.0,,,
13647897975,41.1831396,-8.6179704,3,97.0,,,
13647897978,41.1828943,-8.618366,3,97.0,,,
13647954424,41.1847739,-8.6154505,1,96.0,,,
13687255145,41.1883323,-8.6883115,3,3.0,,,
13687255148,41.1882639,-8.6883094,4,3.0,,,
13691855644,41.192102,-8.6191554,3,77.0,,,
13709913662,41.194692,-8.6182428,3,82.0,,,
13709913663,41.1948097,-8.6191523,3,72.0,,,
13715310031,41.1867918,-8.6939092,3,10.0,,,
13715310032,41.1864545,-8.6933835,3,14.0,,,
13726954864,41.1736598,-8.6858506,3,19.0,,,
13726954865,41.1748461,-8.6859754,1,19.0,,,
13852195177,41.1792774,-8.6565642,3,79.0,,,
13865435983,41.190603,-8.6961552,1,13.0,,,
